ZAMAN,KAYNAK,ANA_0_DURUM,ANA_1_IRT,ANA_2_HIZ,ANA_3_SIC,ANA_4_NEM,ANA_5_EN,ANA_6_BOY,ANA_7_PITCH,ANA_8_ROLL,ANA_9_YAW,ANA_10_BASMS,ANA_11_BASBMP,ANA_12_BASTOP,ANA_13,ANA_14,ANA_15,ANA_16,ANA_17,ANA_18,ANA_19,ANA_20_IVMEX,ANA_21_IVMEY,ANA_22_IVMEZ,ANA_23,ANA_24,ANA_25,ANA_26,GOREV_0_DURUM,GOREV_1_EN,GOREV_2_BOY,GOREV_3_IVMEX,GOREV_4_IVMEY,GOREV_5_IVMEZ,GOREV_6_FILTREX,GOREV_7_FILTREY,GOREV_8_FILTREZ
"06:19:23.416","GOREV","","","","","","","","","","","","","","","","","","","","","","","","","","","","-0.79","-29.85","-6.61","-5.61","-67.30","0.10","0.000000","0.000000","",""
"06:19:23.519","GOREV","","","","","","","","","","","","","","","","","","","","","","","","","","","","2.56","-45.66","-7.09","-4.08","-68.52","0.26","0.000000","0.000000","",""
"06:19:23.689","GOREV","","","","","","","","","","","","","","","","","","","","","","","","","","","","4.33","-55.11","-7.61","-4.33","-68.91","0.69","0.000000","0.000000","",""
"06:19:23.838","GOREV","","","","","","","","","","","","","","","","","","","","","","","","","","","","4.87","-61.13","-8.91","-3.48","-69.52","0.42","0.000000","0.000000","",""
"06:19:24.000","GOREV","","","","","","","","","","","","","","","","","","","","","","","","","","","","3.65","-64.83","-11.58","-3.10","-69.22","-1.59","0.000000","0.000000","",""
"06:19:24.160","GOREV","","","","","","","","","","","","","","","","","","","","","","","","","","","","4.72","-66.71","-13.81","-0.55","-71.42","-2.94","0.000000","0.000000","",""
"06:19:24.329","GOREV","","","","","","","","","","","","","","","","","","","","","","","","","","","","4.49","-68.06","-15.66","-2.20","-70.95","-4.28","0.000000","0.000000","",""
"06:19:24.498","GOREV","","","","","","","","","","","","","","","","","","","","","","","","","","","","6.22","-66.73","-16.60","-4.27","-72.77","-4.51","0.000000","0.000000","",""
"06:19:24.666","GOREV","","","","","","","","","","","","","","","","","","","","","","","","","","","","8.24","-66.15","-17.15","-1.08","-72.57","-3.96","0.000000","0.000000","",""
"06:19:24.840","GOREV","","","","","","","","","","","","","","","","","","","","","","","","","","","","7.95","-66.23","-18.29","-1.56","-71.57","-4.32","0.000000","0.000000","",""
"06:19:24.996","GOREV","","","","","","","","","","","","","","","","","","","","","","","","","","","","7.39","-65.36","-20.01","-2.08","-71.18","-4.81","0.000000","0.000000","",""
"06:19:25.169","GOREV","","","","","","","","","","","","","","","","","","","","","","","","","","","","7.43","-65.24","-21.42","-1.90","-71.39","-5.18","0.000000","0.000000","",""
"06:19:25.344","GOREV","","","","","","","","","","","","","","","","","","","","","","","","","","","","6.36","-64.79","-25.57","2.49","-68.75","-7.92","0.000000","0.000000","",""
"06:19:25.509","GOREV","","","","","","","","","","","","","","","","","","","","","","","","","","","","6.53","-64.86","-28.75","0.79","-70.89","-10.14","0.000000","0.000000","",""
"06:19:25.668","GOREV","","","","","","","","","","","","","","","","","","","","","","","","","","","","6.16","-64.97","-32.51","2.29","-68.26","-12.95","0.000000","0.000000","",""
"06:19:25.833","GOREV","","","","","","","","","","","","","","","","","","","","","","","","","","","","8.59","-63.40","-34.74","0.27","-71.58","-14.19","0.000000","0.000000","",""
"06:19:26.002","GOREV","","","","","","","","","","","","","","","","","","","","","","","","","","","","11.34","-63.55","-33.99","1.27","-70.07","-12.81","0.000000","0.000000","",""
"06:19:26.176","GOREV","","","","","","","","","","","","","","","","","","","","","","","","","","","","12.07","-62.97","-33.53","0.75","-72.19","-11.41","0.000000","0.000000","",""
"06:19:26.343","GOREV","","","","","","","","","","","","","","","","","","","","","","","","","","","","12.29","-63.15","-33.13","-0.50","-72.37","-10.04","0.000000","0.000000","",""
"06:19:26.509","GOREV","","","","","","","","","","","","","","","","","","","","","","","","","","","","11.72","-63.32","-33.34","-1.23","-72.27","-9.43","0.000000","0.000000","",""
"06:19:26.676","GOREV","","","","","","","","","","","","","","","","","","","","","","","","","","","","10.44","-63.48","-34.13","-0.22","-71.77","-9.23","0.000000","0.000000","",""
"06:19:26.852","GOREV","","","","","","","","","","","","","","","","","","","","","","","","","","","","9.36","-64.01","-34.70","-0.71","-72.75","-8.90","0.000000","0.000000","",""
"06:19:27.011","GOREV","","","","","","","","","","","","","","","","","","","","","","","","","","","","8.56","-64.09","-34.76","-1.81","-72.44","-8.12","0.000000","0.000000","",""
"06:19:27.184","GOREV","","","","","","","","","","","","","","","","","","","","","","","","","","","","7.46","-63.39","-35.49","-2.43","-71.87","-7.77","0.000000","0.000000","",""
"06:19:27.349","GOREV","","","","","","","","","","","","","","","","","","","","","","","","","","","","6.72","-62.34","-36.99","-1.43","-70.57","-7.85","0.000000","0.000000","",""
"06:19:27.515","GOREV","","","","","","","","","","","","","","","","","","","","","","","","","","","","7.85","-62.27","-38.53","-2.31","-71.60","-8.33","0.000000","0.000000","",""
"06:19:27.681","GOREV","","","","","","","","","","","","","","","","","","","","","","","","","","","","9.00","-62.72","-38.66","-2.46","-70.70","-8.01","0.000000","0.000000","",""
"06:19:27.852","GOREV","","","","","","","","","","","","","","","","","","","","","","","","","","","","8.05","-63.37","-39.50","0.77","-71.53","-8.32","0.000000","0.000000","",""
"06:19:28.014","GOREV","","","","","","","","","","","","","","","","","","","","","","","","","","","","8.76","-64.17","-41.56","3.91","-72.89","-9.01","0.000000","0.000000","",""
"06:19:28.189","GOREV","","","","","","","","","","","","","","","","","","","","","","","","","","","","11.17","-66.50","-41.97","3.93","-74.93","-8.68","0.000000","0.000000","",""
"06:19:28.370","GOREV","","","","","","","","","","","","","","","","","","","","","","","","","","","","13.46","-68.94","-41.52","3.43","-78.02","-8.01","0.000000","0.000000","",""
"06:19:28.525","GOREV","","","","","","","","","","","","","","","","","","","","","","","","","","","","13.13","-72.02","-41.26","4.40","-78.87","-7.86","0.000000","0.000000","",""
"06:19:28.685","GOREV","","","","","","","","","","","","","","","","","","","","","","","","","","","","11.13","-74.46","-41.53","4.97","-81.22","-7.95","0.000000","0.000000","",""
"06:19:28.854","GOREV","","","","","","","","","","","","","","","","","","","","","","","","","","","","8.28","-75.22","-41.84","4.61","-81.38","-7.62","0.000000","0.000000","",""
"06:19:29.024","GOREV","","","","","","","","","","","","","","","","","","","","","","","","","","","","7.69","-74.92","-42.87","6.04","-81.67","-7.59","0.000000","0.000000","",""
"06:19:29.186","GOREV","","","","","","","","","","","","","","","","","","","","","","","","","","","","8.22","-74.33","-43.98","4.15","-80.53","-7.55","0.000000","0.000000","",""
"06:19:29.352","GOREV","","","","","","","","","","","","","","","","","","","","","","","","","","","","9.53","-72.89","-45.32","6.41","-79.19","-7.50","0.000000","0.000000","",""
"06:19:29.532","GOREV","","","","","","","","","","","","","","","","","","","","","","","","","","","","12.09","-71.56","-46.15","6.13","-78.31","-6.91","0.000000","0.000000","",""
"06:19:29.685","GOREV","","","","","","","","","","","","","","","","","","","","","","","","","","","","14.26","-70.49","-46.21","5.69","-79.26","-5.80","0.000000","0.000000","",""
"06:19:29.851","GOREV","","","","","","","","","","","","","","","","","","","","","","","","","","","","13.78","-70.49","-45.49","4.06","-78.75","-4.16","0.000000","0.000000","",""
"06:19:30.042","GOREV","","","","","","","","","","","","","","","","","","","","","","","","","","","","11.79","-70.81","-45.17","5.36","-77.16","-2.92","0.000000","0.000000","",""
"06:19:30.189","GOREV","","","","","","","","","","","","","","","","","","","","","","","","","","","","8.36","-71.00","-45.24","3.50","-79.31","-1.96","0.000000","0.000000","",""
"06:19:30.353","GOREV","","","","","","","","","","","","","","","","","","","","","","","","","","","","6.99","-69.82","-45.15","1.90","-77.76","-0.53","0.000000","0.000000","",""
"06:19:30.519","GOREV","","","","","","","","","","","","","","","","","","","","","","","","","","","","7.70","-69.09","-45.53","1.66","-77.13","0.42","0.000000","0.000000","",""
"06:19:30.691","GOREV","","","","","","","","","","","","","","","","","","","","","","","","","","","","8.05","-68.28","-45.61","1.63","-75.55","1.71","0.000000","0.000000","",""
"06:19:30.892","GOREV","","","","","","","","","","","","","","","","","","","","","","","","","","","","7.37","-65.53","-45.22","-0.79","-75.07","3.93","0.000000","0.000000","",""
"06:19:31.021","GOREV","","","","","","","","","","","","","","","","","","","","","","","","","","","","5.90","-65.67","-43.79","-3.66","-79.36","6.21","0.000000","0.000000","",""
"06:19:31.228","GOREV","","","","","","","","","","","","","","","","","","","","","","","","","","","","4.96","-68.64","-41.68","-3.01","-80.05","8.84","0.000000","0.000000","",""
"06:19:31.359","GOREV","","","","","","","","","","","","","","","","","","","","","","","","","","","","11.15","-64.09","-31.31","-5.18","-80.59","20.69","0.000000","0.000000","",""
"06:19:31.527","GOREV","","","","","","","","","","","","","","","","","","","","","","","","","","","","9.30","-66.61","-25.74","-11.67","-75.37","25.98","0.000000","0.000000","",""
"06:19:31.694","GOREV","","","","","","","","","","","","","","","","","","","","","","","","","","","","3.50","-65.49","-24.64","-13.29","-76.08","26.92","0.000000","0.000000","",""
"06:19:31.862","GOREV","","","","","","","","","","","","","","","","","","","","","","","","","","","","-2.76","-63.59","-24.49","-11.54","-75.17","27.84","0.000000","0.000000","",""
"06:19:32.029","GOREV","","","","","","","","","","","","","","","","","","","","","","","","","","","","-6.43","-62.18","-25.15","-9.40","-76.70","28.79","0.000000","0.000000","",""
"06:19:32.205","GOREV","","","","","","","","","","","","","","","","","","","","","","","","","","","","-7.41","-62.71","-25.43","-10.28","-76.13","29.52","0.000000","0.000000","",""
"06:19:32.371","GOREV","","","","","","","","","","","","","","","","","","","","","","","","","","","","-7.64","-63.20","-25.84","-9.83","-76.11","30.00","0.000000","0.000000","",""
"06:19:32.536","GOREV","","","","","","","","","","","","","","","","","","","","","","","","","","","","-15.58","-69.43","-31.79","-9.75","-82.43","23.78","0.000000","0.000000","",""
"06:19:32.715","GOREV","","","","","","","","","","","","","","","","","","","","","","","","","","","","-23.83","-65.68","-42.01","-2.24","-78.19","18.39","0.000000","0.000000","",""
"06:19:32.874","GOREV","","","","","","","","","","","","","","","","","","","","","","","","","","","","-11.39","-66.93","-44.45","-4.18","-77.06","16.30","0.000000","0.000000","",""
"06:19:33.044","GOREV","","","","","","","","","","","","","","","","","","","","","","","","","","","","-2.48","-63.77","-44.47","-10.80","-76.72","18.12","0.000000","0.000000","",""
"06:19:33.208","GOREV","","","","","","","","","","","","","","","","","","","","","","","","","","","","12.97","-55.90","-29.56","-8.28","-79.88","35.38","0.000000","0.000000","",""
"06:19:33.390","GOREV","","","","","","","","","","","","","","","","","","","","","","","","","","","","12.63","-66.76","-19.12","-10.36","-77.27","42.65","0.000000","0.000000","",""
"06:19:33.547","GOREV","","","","","","","","","","","","","","","","","","","","","","","","","","","","3.22","-66.91","-18.33","-12.78","-78.17","42.61","0.000000","0.000000","",""
"06:19:33.714","GOREV","","","","","","","","","","","","","","","","","","","","","","","","","","","","-3.09","-61.75","-20.24","-12.39","-77.24","43.42","0.000000","0.000000","",""
"06:19:33.883","GOREV","","","","","","","","","","","","","","","","","","","","","","","","","","","","-16.18","-66.84","-25.08","-12.08","-81.05","39.21","0.000000","0.000000","",""
"06:19:34.075","GOREV","","","","","","","","","","","","","","","","","","","","","","","","","","","","-18.98","-61.69","-37.99","-4.81","-83.79","31.05","0.000000","0.000000","",""
"06:19:34.224","GOREV","","","","","","","","","","","","","","","","","","","","","","","","","","","","-16.28","-67.17","-45.09","-4.06","-80.18","24.95","0.000000","0.000000","",""
"06:19:34.389","GOREV","","","","","","","","","","","","","","","","","","","","","","","","","","","","-1.62","-66.78","-46.26","-5.01","-76.17","24.63","0.000000","0.000000","",""
"06:19:34.561","GOREV","","","","","","","","","","","","","","","","","","","","","","","","","","","","5.83","-65.64","-45.87","-2.46","-75.38","26.22","0.000000","0.000000","",""
"06:19:34.724","GOREV","","","","","","","","","","","","","","","","","","","","","","","","","","","","7.34","-64.70","-46.45","-4.41","-75.24","26.87","0.000000","0.000000","",""
"06:19:34.895","GOREV","","","","","","","","","","","","","","","","","","","","","","","","","","","","12.11","-65.58","-44.16","-3.14","-79.39","29.70","0.000000","0.000000","",""
"06:19:35.073","GOREV","","","","","","","","","","","","","","","","","","","","","","","","","","","","10.52","-66.18","-43.33","-4.97","-78.58","31.16","0.000000","0.000000","",""
"06:19:35.238","GOREV","","","","","","","","","","","","","","","","","","","","","","","","","","","","7.83","-66.50","-43.30","-4.76","-78.85","32.17","0.000000","0.000000","",""
"06:19:35.400","GOREV","","","","","","","","","","","","","","","","","","","","","","","","","","","","5.73","-66.03","-43.05","-4.74","-76.72","33.78","0.000000","0.000000","",""
"06:19:35.567","GOREV","","","","","","","","","","","","","","","","","","","","","","","","","","","","3.54","-65.46","-42.99","-5.93","-77.09","35.05","0.000000","0.000000","",""
"06:19:35.730","GOREV","","","","","","","","","","","","","","","","","","","","","","","","","","","","0.94","-65.12","-43.01","-5.13","-75.79","36.16","0.000000","0.000000","",""
"06:19:35.902","GOREV","","","","","","","","","","","","","","","","","","","","","","","","","","","","-1.13","-65.44","-43.14","-6.29","-77.04","36.87","0.000000","0.000000","",""
"06:19:36.067","GOREV","","","","","","","","","","","","","","","","","","","","","","","","","","","","-2.16","-64.35","-43.40","-7.11","-76.05","37.97","0.000000","0.000000","",""
"06:19:36.233","GOREV","","","","","","","","","","","","","","","","","","","","","","","","","","","","-1.63","-63.38","-43.05","-7.94","-75.97","39.50","0.000000","0.000000","",""
"06:19:36.420","GOREV","","","","","","","","","","","","","","","","","","","","","","","","","","","","-1.16","-63.38","-42.47","-9.31","-76.19","41.07","0.000000","0.000000","",""
"06:19:36.579","GOREV","","","","","","","","","","","","","","","","","","","","","","","","","","","","-1.06","-62.96","-41.58","-10.06","-75.42","42.93","0.000000","0.000000","",""
"06:19:36.737","GOREV","","","","","","","","","","","","","","","","","","","","","","","","","","","","-1.83","-62.58","-41.30","-10.71","-76.68","44.17","0.000000","0.000000","",""
"06:19:36.916","GOREV","","","","","","","","","","","","","","","","","","","","","","","","","","","","-2.75","-62.23","-42.12","-8.62","-76.42","44.63","0.000000","0.000000","",""
"06:19:37.082","GOREV","","","","","","","","","","","","","","","","","","","","","","","","","","","","-2.31","-62.08","-44.65","-9.33","-73.58","43.28","0.000000","0.000000","",""
"06:19:37.250","GOREV","","","","","","","","","","","","","","","","","","","","","","","","","","","","-1.36","-61.52","-46.25","-8.04","-73.49","42.44","0.000000","0.000000","",""
"06:19:37.407","GOREV","","","","","","","","","","","","","","","","","","","","","","","","","","","","-0.65","-62.66","-47.38","-5.46","-74.29","42.35","0.000000","0.000000","",""
"06:19:37.575","GOREV","","","","","","","","","","","","","","","","","","","","","","","","","","","","-0.30","-62.37","-48.77","-4.30","-73.47","42.14","0.000000","0.000000","",""
"06:19:37.748","GOREV","","","","","","","","","","","","","","","","","","","","","","","","","","","","1.49","-62.77","-49.28","-5.39","-73.88","42.67","0.000000","0.000000","",""
"06:19:37.914","GOREV","","","","","","","","","","","","","","","","","","","","","","","","","","","","2.25","-62.76","-49.64","-5.34","-74.55","43.31","0.000000","0.000000","",""
"06:19:38.078","GOREV","","","","","","","","","","","","","","","","","","","","","","","","","","","","2.36","-62.81","-49.87","-5.29","-74.76","44.17","0.000000","0.000000","",""
"06:19:38.263","GOREV","","","","","","","","","","","","","","","","","","","","","","","","","","","","2.27","-62.81","-50.37","-5.48","-73.42","44.61","0.000000","0.000000","",""
"06:19:38.415","GOREV","","","","","","","","","","","","","","","","","","","","","","","","","","","","1.93","-63.35","-51.42","-4.59","-74.88","44.59","0.000000","0.000000","",""
"06:19:38.583","GOREV","","","","","","","","","","","","","","","","","","","","","","","","","","","","1.64","-64.86","-53.43","-2.58","-74.17","43.47","0.000000","0.000000","",""
"06:19:38.753","GOREV","","","","","","","","","","","","","","","","","","","","","","","","","","","","0.88","-64.45","-56.01","-6.66","-73.00","41.68","0.000000","0.000000","",""
"06:19:38.918","GOREV","","","","","","","","","","","","","","","","","","","","","","","","","","","","4.96","-65.72","-56.25","-1.25","-75.87","41.88","0.000000","0.000000","",""
"06:19:39.094","GOREV","","","","","","","","","","","","","","","","","","","","","","","","","","","","10.83","-64.57","-54.60","-7.81","-72.96","44.21","0.000000","0.000000","",""
"06:19:39.254","GOREV","","","","","","","","","","","","","","","","","","","","","","","","","","","","9.84","-63.56","-45.60","-0.92","-75.49","54.47","0.000000","0.000000","",""
"06:19:39.436","GOREV","","","","","","","","","","","","","","","","","","","","","","","","","","","","6.45","-62.34","-38.62","-12.27","-75.46","62.39","0.000000","0.000000","",""
"06:19:39.586","GOREV","","","","","","","","","","","","","","","","","","","","","","","","","","","","0.85","-62.76","-35.91","-10.79","-74.11","65.49","0.000000","0.000000","",""
"06:19:39.755","GOREV","","","","","","","","","","","","","","","","","","","","","","","","","","","","-5.36","-60.84","-34.62","-16.73","-75.36","67.74","0.000000","0.000000","",""
"06:19:39.923","GOREV","","","","","","","","","","","","","","","","","","","","","","","","","","","","-9.31","-58.98","-32.61","-15.10","-75.21","71.29","0.000000","0.000000","",""
"06:19:40.092","GOREV","","","","","","","","","","","","","","","","","","","","","","","","","","","","-11.09","-58.98","-30.93","-16.73","-74.10","73.98","0.000000","0.000000","",""
"06:19:40.258","GOREV","","","","","","","","","","","","","","","","","","","","","","","","","","","","-12.03","-59.05","-29.28","-20.29","-73.78","76.04","0.000000","0.000000","",""
"06:19:40.428","GOREV","","","","","","","","","","","","","","","","","","","","","","","","","","","","-12.21","-58.04","-27.42","-19.27","-74.37","78.91","0.000000","0.000000","",""
"06:19:40.593","GOREV","","","","","","","","","","","","","","","","","","","","","","","","","","","","-13.25","-58.10","-26.42","-19.98","-73.58","80.42","0.000000","0.000000","",""
"06:19:40.774","GOREV","","","","","","","","","","","","","","","","","","","","","","","","","","","","-13.97","-57.55","-26.28","-19.33","-73.99","81.39","0.000000","0.000000","",""
"06:19:40.978","GOREV","","","","","","","","","","","","","","","","","","","","","","","","","","","","-14.42","-56.96","-26.71","-20.25","-74.29","82.05","0.000000","0.000000","",""
"06:19:41.099","GOREV","","","","","","","","","","","","","","","","","","","","","","","","","","","","-14.44","-57.19","-26.92","-20.32","-73.46","82.74","0.000000","0.000000","",""
"06:19:41.276","GOREV","","","","","","","","","","","","","","","","","","","","","","","","","","","","-13.85","-56.91","-27.14","-19.17","-74.44","83.52","0.000000","0.000000","",""
"06:19:41.436","GOREV","","","","","","","","","","","","","","","","","","","","","","","","","","","","-13.64","-56.90","-27.46","-18.96","-73.84","84.25","0.000000","0.000000","",""
"06:19:41.604","GOREV","","","","","","","","","","","","","","","","","","","","","","","","","","","","-13.11","-56.95","-27.62","-19.36","-73.34","85.01","0.000000","0.000000","",""
"06:19:41.776","GOREV","","","","","","","","","","","","","","","","","","","","","","","","","","","","-12.77","-56.82","-27.85","-20.07","-73.81","85.78","0.000000","0.000000","",""
"06:19:41.952","GOREV","","","","","","","","","","","","","","","","","","","","","","","","","","","","-12.43","-56.92","-28.17","-20.10","-74.04","86.45","0.000000","0.000000","",""
"06:19:42.109","GOREV","","","","","","","","","","","","","","","","","","","","","","","","","","","","-12.36","-57.07","-28.30","-20.22","-74.22","87.25","0.000000","0.000000","",""
"06:19:42.279","GOREV","","","","","","","","","","","","","","","","","","","","","","","","","","","","-12.29","-57.04","-28.44","-20.15","-73.92","88.07","0.000000","0.000000","",""
"06:19:42.449","GOREV","","","","","","","","","","","","","","","","","","","","","","","","","","","","-12.28","-57.07","-28.69","-19.89","-73.74","88.86","0.000000","0.000000","",""
"06:19:42.659","GOREV","","","","","","","","","","","","","","","","","","","","","","","","","","","","-12.21","-57.13","-28.99","-20.20","-74.10","89.53","0.000000","0.000000","",""
"06:19:42.782","GOREV","","","","","","","","","","","","","","","","","","","","","","","","","","","","-11.85","-57.90","-29.68","-18.06","-73.78","89.69","0.000000","0.000000","",""
"06:19:42.966","GOREV","","","","","","","","","","","","","","","","","","","","","","","","","","","","-12.91","-59.77","-32.95","-16.96","-76.12","87.02","0.000000","0.000000","",""
"06:19:43.141","GOREV","","","","","","","","","","","","","","","","","","","","","","","","","","","","-13.82","-62.23","-39.37","-13.33","-78.15","81.34","0.000000","0.000000","",""
"06:19:43.289","GOREV","","","","","","","","","","","","","","","","","","","","","","","","","","","","-13.80","-65.48","-49.21","-6.64","-79.05","72.80","0.000000","0.000000","",""
"06:19:43.456","GOREV","","","","","","","","","","","","","","","","","","","","","","","","","","","","-12.26","-67.75","-57.20","-5.49","-85.25","67.08","0.000000","0.000000","",""
"06:19:43.629","GOREV","","","","","","","","","","","","","","","","","","","","","","","","","","","","-0.87","-69.46","-58.81","1.34","-79.33","65.71","0.000000","0.000000","",""
"06:19:43.799","GOREV","","","","","","","","","","","","","","","","","","","","","","","","","","","","4.35","-71.83","-62.17","-0.68","-86.13","62.96","0.000000","0.000000","",""
"06:19:43.958","GOREV","","","","","","","","","","","","","","","","","","","","","","","","","","","","6.58","-73.65","-62.59","1.60","-84.50","63.15","0.000000","0.000000","",""
"06:19:44.125","GOREV","","","","","","","","","","","","","","","","","","","","","","","","","","","","10.19","-75.71","-63.70","7.76","-83.03","62.52","0.000000","0.000000","",""
"06:19:44.306","GOREV","","","","","","","","","","","","","","","","","","","","","","","","","","","","10.54","-75.95","-65.19","1.70","-84.74","62.08","0.000000","0.000000","",""
"06:19:44.463","GOREV","","","","","","","","","","","","","","","","","","","","","","","","","","","","7.36","-75.45","-65.45","-0.14","-84.95","63.16","0.000000","0.000000","",""
"06:19:44.666","GOREV","","","","","","","","","","","","","","","","","","","","","","","","","","","","4.95","-75.31","-65.71","0.25","-82.71","63.83","0.000000","0.000000","",""
"06:19:44.794","GOREV","","","","","","","","","","","","","","","","","","","","","","","","","","","","5.72","-75.37","-65.73","2.77","-86.68","64.85","0.000000","0.000000","",""
"06:19:44.998","GOREV","","","","","","","","","","","","","","","","","","","","","","","","","","","","7.06","-78.13","-65.06","1.32","-92.09","65.72","0.000000","0.000000","",""
"06:19:45.132","GOREV","","","","","","","","","","","","","","","","","","","","","","","","","","","","7.72","-78.95","-64.76","0.29","-92.29","66.65","0.000000","0.000000","",""
"06:19:45.299","GOREV","","","","","","","","","","","","","","","","","","","","","","","","","","","","6.58","-78.19","-64.10","-2.00","-90.72","68.58","0.000000","0.000000","",""
"06:19:45.465","GOREV","","","","","","","","","","","","","","","","","","","","","","","","","","","","3.21","-76.88","-63.82","-2.72","-89.26","70.52","0.000000","0.000000","",""
"06:19:45.631","GOREV","","","","","","","","","","","","","","","","","","","","","","","","","","","","-0.04","-74.48","-63.33","-1.90","-86.32","73.14","0.000000","0.000000","",""
"06:19:45.810","GOREV","","","","","","","","","","","","","","","","","","","","","","","","","","","","-0.33","-71.65","-63.30","-5.40","-84.96","75.44","0.000000","0.000000","",""
"06:19:45.964","GOREV","","","","","","","","","","","","","","","","","","","","","","","","","","","","-1.44","-69.02","-63.98","-8.55","-79.69","76.84","0.000000","0.000000","",""
"06:19:46.140","GOREV","","","","","","","","","","","","","","","","","","","","","","","","","","","","-1.41","-66.10","-65.48","-8.36","-73.12","76.97","0.000000","0.000000","",""
"06:19:46.299","GOREV","","","","","","","","","","","","","","","","","","","","","","","","","","","","-2.19","-62.30","-68.79","-8.40","-73.01","75.55","0.000000","0.000000","",""
"06:19:46.479","GOREV","","","","","","","","","","","","","","","","","","","","","","","","","","","","-2.93","-58.17","-70.61","-7.97","-70.19","75.94","0.000000","0.000000","",""
"06:19:46.648","GOREV","","","","","","","","","","","","","","","","","","","","","","","","","","","","-0.72","-56.53","-70.36","-8.20","-71.73","77.97","0.000000","0.000000","",""
"06:19:46.810","GOREV","","","","","","","","","","","","","","","","","","","","","","","","","","","","1.28","-57.74","-69.60","-9.21","-69.94","79.66","0.000000","0.000000","",""
"06:19:46.971","GOREV","","","","","","","","","","","","","","","","","","","","","","","","","","","","1.39","-59.16","-69.12","-11.55","-70.67","80.51","0.000000","0.000000","",""
"06:19:47.152","GOREV","","","","","","","","","","","","","","","","","","","","","","","","","","","","1.06","-59.56","-69.13","-10.52","-70.46","80.82","0.000000","0.000000","",""
"06:19:47.316","GOREV","","","","","","","","","","","","","","","","","","","","","","","","","","","","0.97","-60.91","-67.85","-9.07","-74.87","82.06","0.000000","0.000000","",""
"06:19:47.482","GOREV","","","","","","","","","","","","","","","","","","","","","","","","","","","","1.50","-66.13","-68.51","-2.66","-82.32","81.87","0.000000","0.000000","",""
"06:19:47.642","GOREV","","","","","","","","","","","","","","","","","","","","","","","","","","","","3.89","-71.99","-69.01","-4.18","-86.16","81.45","0.000000","0.000000","",""
"06:19:47.812","GOREV","","","","","","","","","","","","","","","","","","","","","","","","","","","","2.83","-75.52","-69.32","-2.74","-85.08","81.21","0.000000","0.000000","",""
"06:19:47.979","GOREV","","","","","","","","","","","","","","","","","","","","","","","","","","","","0.62","-76.51","-70.33","-1.21","-86.08","80.95","0.000000","0.000000","",""
"06:19:48.142","GOREV","","","","","","","","","","","","","","","","","","","","","","","","","","","","0.50","-76.35","-71.14","-1.78","-86.32","81.26","0.000000","0.000000","",""
"06:19:48.315","GOREV","","","","","","","","","","","","","","","","","","","","","","","","","","","","-0.43","-74.67","-71.18","-4.73","-85.18","82.76","0.000000","0.000000","",""
"06:19:48.477","GOREV","","","","","","","","","","","","","","","","","","","","","","","","","","","","-3.09","-71.60","-69.80","-4.58","-81.17","86.03","0.000000","0.000000","",""
"06:19:48.679","GOREV","","","","","","","","","","","","","","","","","","","","","","","","","","","","-3.20","-68.32","-69.19","-4.58","-76.41","88.49","0.000000","0.000000","",""
"06:19:48.813","GOREV","","","","","","","","","","","","","","","","","","","","","","","","","","","","-0.41","-63.50","-70.32","-7.05","-73.23","89.16","0.000000","0.000000","",""
"06:19:48.981","GOREV","","","","","","","","","","","","","","","","","","","","","","","","","","","","0.80","-60.39","-71.29","-9.12","-71.47","89.60","0.000000","0.000000","",""
"06:19:49.163","GOREV","","","","","","","","","","","","","","","","","","","","","","","","","","","","2.26","-58.92","-72.10","-6.39","-70.23","89.94","0.000000","0.000000","",""
"06:19:49.332","GOREV","","","","","","","","","","","","","","","","","","","","","","","","","","","","3.61","-60.38","-72.16","-7.29","-74.06","90.36","0.000000","0.000000","",""
"06:19:49.484","GOREV","","","","","","","","","","","","","","","","","","","","","","","","","","","","4.27","-62.42","-71.80","-3.90","-74.97","91.17","0.000000","0.000000","",""
"06:19:49.663","GOREV","","","","","","","","","","","","","","","","","","","","","","","","","","","","4.21","-65.35","-72.30","-3.35","-77.85","91.02","0.000000","0.000000","",""
"06:19:49.821","GOREV","","","","","","","","","","","","","","","","","","","","","","","","","","","","3.99","-68.05","-73.70","-1.03","-79.77","90.15","0.000000","0.000000","",""
"06:19:50.010","GOREV","","","","","","","","","","","","","","","","","","","","","","","","","","","","4.30","-69.82","-74.81","-0.84","-80.37","89.67","0.000000","0.000000","",""
"06:19:50.153","GOREV","","","","","","","","","","","","","","","","","","","","","","","","","","","","3.87","-70.66","-75.17","-0.03","-80.79","90.10","0.000000","0.000000","",""
"06:20:01.911","GOREV","","","","","","","","","","","","","","","","","","","","","","","","","","","","0.71","-65.57","-74.26","-6.93","-76.62","157.92","0.000000","0.000000","",""
"06:20:02.069","GOREV","","","","","","","","","","","","","","","","","","","","","","","","","","","","-0.03","-66.06","-72.79","-4.33","-83.20","160.84","0.000000","0.000000","",""
"06:20:02.237","GOREV","","","","","","","","","","","","","","","","","","","","","","","","","","","","-4.88","-66.29","-70.76","-9.53","-80.77","163.26","0.000000","0.000000","",""
"06:20:02.410","GOREV","","","","","","","","","","","","","","","","","","","","","","","","","","","","-6.22","-65.44","-70.28","-9.29","-82.54","164.89","0.000000","0.000000","",""
"06:20:02.574","GOREV","","","","","","","","","","","","","","","","","","","","","","","","","","","","-5.62","-65.66","-71.35","-11.06","-80.78","165.08","0.000000","0.000000","",""
"06:20:02.765","GOREV","","","","","","","","","","","","","","","","","","","","","","","","","","","","-7.65","-67.83","-73.25","-7.99","-79.69","163.74","0.000000","0.000000","",""
"06:20:02.937","GOREV","","","","","","","","","","","","","","","","","","","","","","","","","","","","-8.29","-66.98","-77.41","-8.32","-81.07","161.15","0.000000","0.000000","",""
"06:20:03.079","GOREV","","","","","","","","","","","","","","","","","","","","","","","","","","","","-11.24","-68.59","-84.30","-7.48","-79.18","156.40","0.000000","0.000000","",""
"06:20:03.246","GOREV","","","","","","","","","","","","","","","","","","","","","","","","","","","","-8.08","-69.44","-89.15","-4.81","-79.85","152.97","0.000000","0.000000","",""
"06:20:03.427","GOREV","","","","","","","","","","","","","","","","","","","","","","","","","","","","-3.31","-71.06","-92.48","-0.86","-82.61","150.54","0.000000","0.000000","",""
"06:20:03.581","GOREV","","","","","","","","","","","","","","","","","","","","","","","","","","","","-0.11","-71.61","-94.85","-1.59","-83.45","149.44","0.000000","0.000000","",""
"06:20:03.750","GOREV","","","","","","","","","","","","","","","","","","","","","","","","","","","","2.89","-72.07","-96.05","-0.20","-83.45","149.51","0.000000","0.000000","",""
"06:20:03.927","GOREV","","","","","","","","","","","","","","","","","","","","","","","","","","","","4.70","-71.62","-97.99","-0.20","-83.01","149.33","0.000000","0.000000","",""
"06:20:04.087","GOREV","","","","","","","","","","","","","","","","","","","","","","","","","","","","6.91","-71.06","-98.32","-0.25","-81.36","150.28","0.000000","0.000000","",""
"06:20:04.252","GOREV","","","","","","","","","","","","","","","","","","","","","","","","","","","","7.56","-69.90","-98.91","-1.71","-80.67","150.96","0.000000","0.000000","",""
"06:20:04.431","GOREV","","","","","","","","","","","","","","","","","","","","","","","","","","","","7.72","-68.46","-98.98","-2.80","-79.01","152.15","0.000000","0.000000","",""
"06:20:04.607","GOREV","","","","","","","","","","","","","","","","","","","","","","","","","","","","6.75","-67.01","-99.34","-3.67","-78.43","153.15","0.000000","0.000000","",""
"06:20:04.760","GOREV","","","","","","","","","","","","","","","","","","","","","","","","","","","","6.03","-65.47","-99.46","-4.93","-75.79","154.28","0.000000","0.000000","",""
"06:20:04.925","GOREV","","","","","","","","","","","","","","","","","","","","","","","","","","","","6.12","-64.12","-98.71","-5.90","-76.29","156.15","0.000000","0.000000","",""
"06:20:05.135","GOREV","","","","","","","","","","","","","","","","","","","","","","","","","","","","4.95","-62.86","-99.23","-5.87","-74.72","157.11","0.000000","0.000000","",""
"06:20:05.259","GOREV","","","","","","","","","","","","","","","","","","","","","","","","","","","","4.20","-62.03","-100.32","-7.26","-75.19","157.27","0.000000","0.000000","",""
"06:20:05.426","GOREV","","","","","","","","","","","","","","","","","","","","","","","","","","","","3.69","-62.63","-100.74","-4.83","-74.70","157.99","0.000000","0.000000","",""
"06:20:05.605","GOREV","","","","","","","","","","","","","","","","","","","","","","","","","","","","2.69","-62.29","-101.20","-6.66","-74.37","158.74","0.000000","0.000000","",""
"06:20:05.765","GOREV","","","","","","","","","","","","","","","","","","","","","","","","","","","","2.84","-62.65","-101.23","-5.86","-75.13","159.68","0.000000","0.000000","",""
"06:20:05.931","GOREV","","","","","","","","","","","","","","","","","","","","","","","","","","","","3.36","-62.82","-101.26","-6.24","-75.52","160.44","0.000000","0.000000","",""
"06:20:06.109","GOREV","","","","","","","","","","","","","","","","","","","","","","","","","","","","3.76","-63.62","-100.94","-5.82","-76.01","161.45","0.000000","0.000000","",""
"06:20:06.282","GOREV","","","","","","","","","","","","","","","","","","","","","","","","","","","","3.41","-63.94","-101.28","-4.95","-76.41","161.95","0.000000","0.000000","",""
"06:20:06.444","GOREV","","","","","","","","","","","","","","","","","","","","","","","","","","","","3.60","-64.39","-102.10","-3.22","-75.39","162.13","0.000000","0.000000","",""
"06:20:06.605","GOREV","","","","","","","","","","","","","","","","","","","","","","","","","","","","3.54","-64.97","-103.07","-3.67","-76.08","161.99","0.000000","0.000000","",""
"06:20:06.801","GOREV","","","","","","","","","","","","","","","","","","","","","","","","","","","","3.34","-64.89","-103.75","-3.28","-75.84","162.19","0.000000","0.000000","",""
"06:20:06.946","GOREV","","","","","","","","","","","","","","","","","","","","","","","","","","","","3.81","-65.16","-104.06","-2.31","-76.28","162.79","0.000000","0.000000","",""
"06:20:07.110","GOREV","","","","","","","","","","","","","","","","","","","","","","","","","","","","4.37","-65.55","-104.14","-2.90","-76.87","163.55","0.000000","0.000000","",""
"06:20:07.299","GOREV","","","","","","","","","","","","","","","","","","","","","","","","","","","","4.44","-65.71","-104.25","-2.54","-77.19","164.32","0.000000","0.000000","",""
"06:20:07.454","GOREV","","","","","","","","","","","","","","","","","","","","","","","","","","","","4.39","-65.74","-104.33","-2.17","-76.93","165.17","0.000000","0.000000","",""
"06:20:07.621","GOREV","","","","","","","","","","","","","","","","","","","","","","","","","","","","4.37","-65.87","-104.54","-1.68","-76.74","165.92","0.000000","0.000000","",""
"06:20:07.793","GOREV","","","","","","","","","","","","","","","","","","","","","","","","","","","","4.46","-65.87","-104.75","-2.53","-76.81","166.67","0.000000","0.000000","",""
"06:20:07.954","GOREV","","","","","","","","","","","","","","","","","","","","","","","","","","","","4.27","-65.95","-105.02","-2.02","-77.35","167.33","0.000000","0.000000","",""
"06:20:08.143","GOREV","","","","","","","","","","","","","","","","","","","","","","","","","","","","4.35","-66.02","-105.16","-1.85","-76.93","168.11","0.000000","0.000000","",""
"06:20:08.289","GOREV","","","","","","","","","","","","","","","","","","","","","","","","","","","","4.14","-66.07","-105.36","-1.76","-76.99","168.86","0.000000","0.000000","",""
"06:20:08.470","GOREV","","","","","","","","","","","","","","","","","","","","","","","","","","","","4.13","-66.21","-105.75","-2.17","-77.05","169.45","0.000000","0.000000","",""
"06:20:08.626","GOREV","","","","","","","","","","","","","","","","","","","","","","","","","","","","4.35","-66.11","-105.86","-1.61","-77.49","170.30","0.000000","0.000000","",""
"06:20:08.796","GOREV","","","","","","","","","","","","","","","","","","","","","","","","","","","","4.23","-66.32","-106.00","-1.69","-77.43","171.12","0.000000","0.000000","",""
"06:20:08.966","GOREV","","","","","","","","","","","","","","","","","","","","","","","","","","","","4.01","-66.38","-106.11","-1.87","-77.30","171.94","0.000000","0.000000","",""
"06:20:09.133","GOREV","","","","","","","","","","","","","","","","","","","","","","","","","","","","3.93","-66.15","-106.45","-2.64","-76.87","172.62","0.000000","0.000000","",""
"06:20:09.307","GOREV","","","","","","","","","","","","","","","","","","","","","","","","","","","","3.60","-65.76","-107.05","-2.31","-76.53","173.20","0.000000","0.000000","",""
"06:20:09.472","GOREV","","","","","","","","","","","","","","","","","","","","","","","","","","","","3.09","-65.39","-107.62","-2.38","-76.57","173.83","0.000000","0.000000","",""
"06:20:09.639","GOREV","","","","","","","","","","","","","","","","","","","","","","","","","","","","2.99","-65.25","-107.83","-2.87","-76.24","174.73","0.000000","0.000000","",""
"06:20:09.820","GOREV","","","","","","","","","","","","","","","","","","","","","","","","","","","","3.17","-64.88","-107.99","-2.94","-75.72","175.63","0.000000","0.000000","",""
"06:20:09.981","GOREV","","","","","","","","","","","","","","","","","","","","","","","","","","","","3.23","-64.68","-108.06","-3.32","-75.67","176.59","0.000000","0.000000","",""
"06:20:10.143","GOREV","","","","","","","","","","","","","","","","","","","","","","","","","","","","3.27","-64.61","-107.95","-3.59","-76.15","177.68","0.000000","0.000000","",""
"06:20:10.332","GOREV","","","","","","","","","","","","","","","","","","","","","","","","","","","","3.47","-64.65","-107.80","-4.20","-75.86","178.74","0.000000","0.000000","",""
"06:20:10.485","GOREV","","","","","","","","","","","","","","","","","","","","","","","","","","","","2.98","-64.50","-107.90","-4.36","-75.84","179.62","0.000000","0.000000","",""
"06:20:10.678","GOREV","","","","","","","","","","","","","","","","","","","","","","","","","","","","2.52","-64.50","-107.87","-4.95","-76.17","-179.39","0.000000","0.000000","",""
"06:20:10.819","GOREV","","","","","","","","","","","","","","","","","","","","","","","","","","","","1.59","-64.36","-107.63","-5.17","-77.11","-178.17","0.000000","0.000000","",""
"06:20:10.990","GOREV","","","","","","","","","","","","","","","","","","","","","","","","","","","","0.90","-64.64","-107.54","-6.02","-76.87","-177.20","0.000000","0.000000","",""
"06:20:11.160","GOREV","","","","","","","","","","","","","","","","","","","","","","","","","","","","0.00","-64.91","-107.75","-5.88","-77.03","-176.57","0.000000","0.000000","",""
"06:20:11.364","GOREV","","","","","","","","","","","","","","","","","","","","","","","","","","","","-0.03","-65.53","-108.15","-5.74","-77.51","-176.26","0.000000","0.000000","",""
"06:20:11.514","GOREV","","","","","","","","","","","","","","","","","","","","","","","","","","","","0.15","-66.27","-109.98","-4.17","-78.78","-177.25","0.000000","0.000000","",""
"06:20:11.659","GOREV","","","","","","","","","","","","","","","","","","","","","","","","","","","","1.89","-67.81","-111.63","-1.20","-80.20","-178.11","0.000000","0.000000","",""
"06:20:11.850","GOREV","","","","","","","","","","","","","","","","","","","","","","","","","","","","3.95","-69.58","-112.16","-1.98","-81.34","-178.16","0.000000","0.000000","",""
"06:20:12.026","GOREV","","","","","","","","","","","","","","","","","","","","","","","","","","","","3.68","-70.59","-111.19","-1.44","-82.69","-176.45","0.000000","0.000000","",""
"06:20:12.161","GOREV","","","","","","","","","","","","","","","","","","","","","","","","","","","","2.97","-70.98","-110.33","-3.51","-82.78","-174.75","0.000000","0.000000","",""
"06:20:12.362","GOREV","","","","","","","","","","","","","","","","","","","","","","","","","","","","1.37","-70.98","-110.31","-4.37","-83.75","-173.64","0.000000","0.000000","",""
"06:20:12.497","GOREV","","","","","","","","","","","","","","","","","","","","","","","","","","","","-1.28","-70.51","-111.18","-5.46","-83.76","-172.99","0.000000","0.000000","",""
"06:20:12.672","GOREV","","","","","","","","","","","","","","","","","","","","","","","","","","","","-2.70","-69.53","-111.97","-5.71","-80.26","-172.20","0.000000","0.000000","",""
"06:20:12.834","GOREV","","","","","","","","","","","","","","","","","","","","","","","","","","","","-3.45","-68.02","-112.50","-5.46","-79.16","-171.12","0.000000","0.000000","",""
"06:20:13.002","GOREV","","","","","","","","","","","","","","","","","","","","","","","","","","","","-3.85","-65.71","-114.71","-5.28","-75.90","-171.57","0.000000","0.000000","",""
"06:20:13.183","GOREV","","","","","","","","","","","","","","","","","","","","","","","","","","","","-2.59","-63.38","-117.80","-6.16","-74.55","-172.83","0.000000","0.000000","",""
"06:20:13.379","GOREV","","","","","","","","","","","","","","","","","","","","","","","","","","","","-0.49","-61.43","-118.90","-6.10","-73.07","-172.32","0.000000","0.000000","",""
"06:20:13.508","GOREV","","","","","","","","","","","","","","","","","","","","","","","","","","","","0.56","-58.99","-120.14","-6.68","-72.26","-171.76","0.000000","0.000000","",""
"06:20:13.687","GOREV","","","","","","","","","","","","","","","","","","","","","","","","","","","","1.25","-60.61","-119.75","-6.52","-75.80","-170.71","0.000000","0.000000","",""
"06:20:13.853","GOREV","","","","","","","","","","","","","","","","","","","","","","","","","","","","1.64","-61.38","-119.05","-9.55","-74.60","-169.04","0.000000","0.000000","",""
"06:20:14.014","GOREV","","","","","","","","","","","","","","","","","","","","","","","","","","","","1.70","-62.28","-118.66","-8.23","-76.83","-167.90","0.000000","0.000000","",""
"06:20:14.196","GOREV","","","","","","","","","","","","","","","","","","","","","","","","","","","","1.71","-62.87","-119.21","-7.96","-76.55","-167.59","0.000000","0.000000","",""
"06:20:14.351","GOREV","","","","","","","","","","","","","","","","","","","","","","","","","","","","2.08","-63.32","-120.11","-7.11","-76.58","-167.61","0.000000","0.000000","",""
"06:20:14.526","GOREV","","","","","","","","","","","","","","","","","","","","","","","","","","","","2.11","-63.76","-121.26","-6.43","-76.08","-167.89","0.000000","0.000000","",""
"06:20:14.694","GOREV","","","","","","","","","","","","","","","","","","","","","","","","","","","","2.27","-64.32","-122.22","-5.09","-76.81","-168.02","0.000000","0.000000","",""
"06:20:14.861","GOREV","","","","","","","","","","","","","","","","","","","","","","","","","","","","2.41","-64.94","-122.55","-4.38","-76.56","-167.50","0.000000","0.000000","",""
"06:20:15.025","GOREV","","","","","","","","","","","","","","","","","","","","","","","","","","","","2.74","-65.25","-123.21","-3.97","-76.66","-167.30","0.000000","0.000000","",""
"06:20:15.196","GOREV","","","","","","","","","","","","","","","","","","","","","","","","","","","","2.90","-65.35","-123.41","-4.47","-77.12","-166.58","0.000000","0.000000","",""
"06:20:15.392","GOREV","","","","","","","","","","","","","","","","","","","","","","","","","","","","2.71","-65.41","-123.59","-4.46","-77.07","-165.83","0.000000","0.000000","",""
"06:20:15.529","GOREV","","","","","","","","","","","","","","","","","","","","","","","","","","","","2.54","-65.36","-123.76","-3.97","-77.13","-165.06","0.000000","0.000000","",""
"06:20:15.697","GOREV","","","","","","","","","","","","","","","","","","","","","","","","","","","","2.44","-65.48","-123.64","-4.66","-77.29","-163.99","0.000000","0.000000","",""
"06:20:15.865","GOREV","","","","","","","","","","","","","","","","","","","","","","","","","","","","2.16","-65.43","-123.58","-4.16","-77.55","-162.95","0.000000","0.000000","",""
"06:20:16.053","GOREV","","","","","","","","","","","","","","","","","","","","","","","","","","","","1.76","-65.36","-123.76","-5.05","-75.90","-162.10","0.000000","0.000000","",""
"06:20:16.211","GOREV","","","","","","","","","","","","","","","","","","","","","","","","","","","","1.05","-65.94","-123.64","-5.64","-77.79","-161.35","0.000000","0.000000","",""
"06:20:16.373","GOREV","","","","","","","","","","","","","","","","","","","","","","","","","","","","1.08","-65.73","-124.23","-4.55","-76.15","-160.84","0.000000","0.000000","",""
"06:20:16.541","GOREV","","","","","","","","","","","","","","","","","","","","","","","","","","","","1.39","-65.55","-124.64","-4.71","-76.99","-160.21","0.000000","0.000000","",""
"06:20:16.712","GOREV","","","","","","","","","","","","","","","","","","","","","","","","","","","","1.24","-66.26","-124.47","-5.03","-78.67","-159.35","0.000000","0.000000","",""
"06:20:16.885","GOREV","","","","","","","","","","","","","","","","","","","","","","","","","","","","1.29","-65.68","-125.29","-4.39","-75.95","-158.88","0.000000","0.000000","",""
"06:20:17.043","GOREV","","","","","","","","","","","","","","","","","","","","","","","","","","","","1.57","-65.37","-126.08","-4.63","-77.11","-158.52","0.000000","0.000000","",""
"06:20:17.212","GOREV","","","","","","","","","","","","","","","","","","","","","","","","","","","","1.60","-65.43","-126.54","-4.21","-77.19","-157.99","0.000000","0.000000","",""
"06:20:17.377","GOREV","","","","","","","","","","","","","","","","","","","","","","","","","","","","1.75","-65.41","-126.97","-4.14","-76.91","-157.40","0.000000","0.000000","",""
"06:20:17.544","GOREV","","","","","","","","","","","","","","","","","","","","","","","","","","","","1.86","-65.38","-127.40","-4.58","-77.09","-156.80","0.000000","0.000000","",""
"06:20:17.731","GOREV","","","","","","","","","","","","","","","","","","","","","","","","","","","","1.98","-65.19","-127.87","-4.31","-76.46","-156.21","0.000000","0.000000","",""
"06:20:17.882","GOREV","","","","","","","","","","","","","","","","","","","","","","","","","","","","2.15","-65.14","-128.16","-4.12","-76.85","-155.49","0.000000","0.000000","",""
"06:20:18.052","GOREV","","","","","","","","","","","","","","","","","","","","","","","","","","","","1.95","-65.05","-128.55","-4.11","-75.97","-154.85","0.000000","0.000000","",""
"06:20:18.215","GOREV","","","","","","","","","","","","","","","","","","","","","","","","","","","","2.35","-64.75","-128.79","-4.30","-76.10","-154.05","0.000000","0.000000","",""
"06:20:18.390","GOREV","","","","","","","","","","","","","","","","","","","","","","","","","","","","2.55","-64.69","-128.96","-4.37","-76.50","-153.23","0.000000","0.000000","",""
"06:20:18.559","GOREV","","","","","","","","","","","","","","","","","","","","","","","","","","","","2.52","-64.70","-129.20","-4.67","-76.33","-152.48","0.000000","0.000000","",""
"06:20:18.735","GOREV","","","","","","","","","","","","","","","","","","","","","","","","","","","","2.42","-64.75","-129.33","-4.55","-76.22","-151.65","0.000000","0.000000","",""
"06:20:18.893","GOREV","","","","","","","","","","","","","","","","","","","","","","","","","","","","2.27","-64.86","-129.48","-4.64","-76.21","-150.85","0.000000","0.000000","",""
"06:20:19.060","GOREV","","","","","","","","","","","","","","","","","","","","","","","","","","","","2.19","-64.82","-129.70","-4.92","-75.95","-150.11","0.000000","0.000000","",""
"06:20:19.222","GOREV","","","","","","","","","","","","","","","","","","","","","","","","","","","","2.08","-64.77","-129.95","-4.71","-76.13","-149.39","0.000000","0.000000","",""
"06:20:19.391","GOREV","","","","","","","","","","","","","","","","","","","","","","","","","","","","1.95","-64.77","-130.24","-4.75","-76.23","-148.68","0.000000","0.000000","",""
"06:20:19.588","GOREV","","","","","","","","","","","","","","","","","","","","","","","","","","","","1.82","-64.87","-130.53","-3.77","-76.63","-147.99","0.000000","0.000000","",""
"06:20:19.727","GOREV","","","","","","","","","","","","","","","","","","","","","","","","","","","","2.18","-64.88","-130.79","-4.19","-76.58","-147.32","0.000000","0.000000","",""
"06:20:19.896","GOREV","","","","","","","","","","","","","","","","","","","","","","","","","","","","1.92","-64.86","-131.31","-4.12","-76.47","-146.80","0.000000","0.000000","",""
"06:20:20.065","GOREV","","","","","","","","","","","","","","","","","","","","","","","","","","","","2.05","-64.84","-131.78","-3.89","-76.21","-146.27","0.000000","0.000000","",""
"06:20:20.241","GOREV","","","","","","","","","","","","","","","","","","","","","","","","","","","","2.23","-64.94","-132.28","-3.70","-76.01","-145.79","0.000000","0.000000","",""
"06:20:20.398","GOREV","","","","","","","","","","","","","","","","","","","","","","","","","","","","2.37","-64.90","-132.84","-4.30","-76.13","-145.34","0.000000","0.000000","",""
"06:20:20.566","GOREV","","","","","","","","","","","","","","","","","","","","","","","","","","","","2.36","-65.01","-133.32","-3.26","-76.01","-144.81","0.000000","0.000000","",""
"06:20:20.743","GOREV","","","","","","","","","","","","","","","","","","","","","","","","","","","","2.57","-64.90","-133.87","-3.79","-76.22","-144.33","0.000000","0.000000","",""
"06:20:20.905","GOREV","","","","","","","","","","","","","","","","","","","","","","","","","","","","3.18","-64.87","-134.18","-3.30","-76.05","-143.65","0.000000","0.000000","",""
"06:20:21.084","GOREV","","","","","","","","","","","","","","","","","","","","","","","","","","","","3.61","-64.79","-134.54","-4.09","-76.20","-143.04","0.000000","0.000000","",""
"06:20:21.262","GOREV","","","","","","","","","","","","","","","","","","","","","","","","","","","","3.39","-64.77","-134.88","-3.31","-75.79","-142.36","0.000000","0.000000","",""
"06:20:21.405","GOREV","","","","","","","","","","","","","","","","","","","","","","","","","","","","3.58","-64.60","-135.36","-3.19","-75.86","-141.77","0.000000","0.000000","",""
"06:20:21.588","GOREV","","","","","","","","","","","","","","","","","","","","","","","","","","","","3.63","-64.27","-135.88","-3.03","-75.11","-141.18","0.000000","0.000000","",""
"06:20:21.742","GOREV","","","","","","","","","","","","","","","","","","","","","","","","","","","","4.13","-63.90","-136.18","-3.40","-74.64","-140.39","0.000000","0.000000","",""
"06:20:21.910","GOREV","","","","","","","","","","","","","","","","","","","","","","","","","","","","4.23","-63.93","-136.15","-3.06","-75.01","-139.32","0.000000","0.000000","",""
"06:20:22.084","GOREV","","","","","","","","","","","","","","","","","","","","","","","","","","","","3.80","-63.82","-136.30","-2.89","-74.58","-138.38","0.000000","0.000000","",""
"06:20:22.274","GOREV","","","","","","","","","","","","","","","","","","","","","","","","","","","","3.95","-63.33","-136.74","-3.70","-73.65","-137.77","0.000000","0.000000","",""
"06:20:22.415","GOREV","","","","","","","","","","","","","","","","","","","","","","","","","","","","4.00","-63.12","-136.97","-2.92","-73.45","-136.94","0.000000","0.000000","",""
"06:20:22.602","GOREV","","","","","","","","","","","","","","","","","","","","","","","","","","","","4.32","-62.98","-136.71","-3.84","-73.63","-135.71","0.000000","0.000000","",""
"06:20:22.766","GOREV","","","","","","","","","","","","","","","","","","","","","","","","","","","","3.79","-62.53","-136.36","-4.12","-73.31","-134.39","0.000000","0.000000","",""
"06:20:22.945","GOREV","","","","","","","","","","","","","","","","","","","","","","","","","","","","3.32","-62.22","-136.18","-4.74","-73.47","-133.15","0.000000","0.000000","",""
"06:20:23.092","GOREV","","","","","","","","","","","","","","","","","","","","","","","","","","","","3.01","-62.19","-135.80","-4.96","-73.60","-131.78","0.000000","0.000000","",""
"06:20:23.280","GOREV","","","","","","","","","","","","","","","","","","","","","","","","","","","","3.19","-62.83","-135.24","-5.68","-74.70","-130.47","0.000000","0.000000","",""
"06:20:23.427","GOREV","","","","","","","","","","","","","","","","","","","","","","","","","","","","0.09","-64.36","-135.73","-5.86","-75.18","-130.31","0.000000","0.000000","",""
"06:20:23.602","GOREV","","","","","","","","","","","","","","","","","","","","","","","","","","","","-4.85","-67.40","-137.45","-5.06","-77.29","-131.73","0.000000","0.000000","",""
"06:20:23.773","GOREV","","","","","","","","","","","","","","","","","","","","","","","","","","","","-1.52","-68.37","-137.84","-5.20","-81.79","-131.90","0.000000","0.000000","",""
"06:20:23.934","GOREV","","","","","","","","","","","","","","","","","","","","","","","","","","","","2.90","-67.09","-135.59","-6.58","-81.98","-128.56","0.000000","0.000000","",""
"06:20:24.107","GOREV","","","","","","","","","","","","","","","","","","","","","","","","","","","","2.52","-67.42","-133.74","-8.10","-80.28","-125.76","0.000000","0.000000","",""
"06:20:24.284","GOREV","","","","","","","","","","","","","","","","","","","","","","","","","","","","-0.37","-67.78","-134.18","-7.27","-79.80","-125.20","0.000000","0.000000","",""
"06:20:24.445","GOREV","","","","","","","","","","","","","","","","","","","","","","","","","","","","-1.88","-66.97","-136.40","-5.03","-78.67","-126.03","0.000000","0.000000","",""
"06:20:24.608","GOREV","","","","","","","","","","","","","","","","","","","","","","","","","","","","-0.49","-65.95","-137.41","-5.32","-77.96","-125.72","0.000000","0.000000","",""
"06:20:24.774","GOREV","","","","","","","","","","","","","","","","","","","","","","","","","","","","-0.43","-65.05","-138.46","-6.80","-76.67","-125.69","0.000000","0.000000","",""
"06:20:24.945","GOREV","","","","","","","","","","","","","","","","","","","","","","","","","","","","2.17","-65.04","-138.04","-3.75","-77.21","-124.39","0.000000","0.000000","",""
"06:20:25.110","GOREV","","","","","","","","","","","","","","","","","","","","","","","","","","","","4.68","-65.55","-136.37","-3.68","-74.42","-122.41","0.000000","0.000000","",""
"06:20:25.319","GOREV","","","","","","","","","","","","","","","","","","","","","","","","","","","","8.48","-66.75","-130.09","-8.32","-76.57","-117.06","0.000000","0.000000","",""
"06:20:25.455","GOREV","","","","","","","","","","","","","","","","","","","","","","","","","","","","7.63","-68.24","-127.07","-9.06","-85.81","-114.24","0.000000","0.000000","",""
"06:20:25.615","GOREV","","","","","","","","","","","","","","","","","","","","","","","","","","","","1.21","-70.60","-126.84","-12.47","-88.40","-113.95","0.000000","0.000000","",""
"06:20:25.796","GOREV","","","","","","","","","","","","","","","","","","","","","","","","","","","","-6.85","-72.01","-128.19","-8.70","-85.59","-114.47","0.000000","0.000000","",""
"06:20:25.949","GOREV","","","","","","","","","","","","","","","","","","","","","","","","","","","","-10.38","-72.46","-130.37","-5.34","-85.18","-115.57","0.000000","0.000000","",""
"06:20:26.120","GOREV","","","","","","","","","","","","","","","","","","","","","","","","","","","","-11.04","-72.28","-132.31","-4.28","-84.40","-116.03","0.000000","0.000000","",""
"06:20:26.286","GOREV","","","","","","","","","","","","","","","","","","","","","","","","","","","","-9.31","-71.86","-133.38","-4.22","-87.06","-115.50","0.000000","0.000000","",""
"06:20:26.475","GOREV","","","","","","","","","","","","","","","","","","","","","","","","","","","","-7.87","-71.27","-133.88","-4.78","-84.44","-114.51","0.000000","0.000000","",""
"06:20:26.622","GOREV","","","","","","","","","","","","","","","","","","","","","","","","","","","","-5.26","-69.95","-135.18","-4.47","-82.30","-114.02","0.000000","0.000000","",""
"06:20:26.788","GOREV","","","","","","","","","","","","","","","","","","","","","","","","","","","","-3.42","-68.00","-137.76","-5.09","-78.88","-114.93","0.000000","0.000000","",""
"06:20:26.975","GOREV","","","","","","","","","","","","","","","","","","","","","","","","","","","","-1.36","-64.99","-141.10","-3.41","-76.09","-116.23","0.000000","0.000000","",""
"06:20:27.127","GOREV","","","","","","","","","","","","","","","","","","","","","","","","","","","","0.50","-63.21","-144.33","-2.37","-74.19","-117.62","0.000000","0.000000","",""
"06:20:27.298","GOREV","","","","","","","","","","","","","","","","","","","","","","","","","","","","3.00","-62.05","-147.12","-2.74","-71.65","-118.95","0.000000","0.000000","",""
"06:20:27.475","GOREV","","","","","","","","","","","","","","","","","","","","","","","","","","","","6.73","-60.78","-149.12","-1.12","-70.75","-119.65","0.000000","0.000000","",""
"06:20:27.636","GOREV","","","","","","","","","","","","","","","","","","","","","","","","","","","","8.58","-60.40","-150.76","-0.02","-70.63","-120.05","0.000000","0.000000","",""
"06:20:27.800","GOREV","","","","","","","","","","","","","","","","","","","","","","","","","","","","9.20","-60.35","-152.11","0.10","-69.12","-120.12","0.000000","0.000000","",""
"06:20:27.983","GOREV","","","","","","","","","","","","","","","","","","","","","","","","","","","","10.28","-60.28","-152.51","-0.10","-70.02","-119.49","0.000000","0.000000","",""
"06:20:28.137","GOREV","","","","","","","","","","","","","","","","","","","","","","","","","","","","10.95","-60.43","-152.63","-0.99","-70.00","-118.73","0.000000","0.000000","",""
"06:20:28.307","GOREV","","","","","","","","","","","","","","","","","","","","","","","","","","","","11.54","-60.42","-152.83","-0.65","-70.62","-118.05","0.000000","0.000000","",""
"06:20:28.487","GOREV","","","","","","","","","","","","","","","","","","","","","","","","","","","","11.76","-61.16","-152.87","0.00","-71.11","-117.40","0.000000","0.000000","",""
"06:20:28.644","GOREV","","","","","","","","","","","","","","","","","","","","","","","","","","","","11.10","-63.08","-153.52","2.66","-73.07","-117.55","0.000000","0.000000","",""
"06:20:28.815","GOREV","","","","","","","","","","","","","","","","","","","","","","","","","","","","11.40","-65.46","-154.98","5.29","-71.96","-118.91","0.000000","0.000000","",""
"06:20:28.977","GOREV","","","","","","","","","","","","","","","","","","","","","","","","","","","","16.19","-65.32","-154.06","2.98","-74.78","-117.63","0.000000","0.000000","",""
"06:20:29.154","GOREV","","","","","","","","","","","","","","","","","","","","","","","","","","","","14.64","-64.29","-151.84","2.21","-76.95","-114.19","0.000000","0.000000","",""
"06:20:29.328","GOREV","","","","","","","","","","","","","","","","","","","","","","","","","","","","13.50","-65.21","-149.57","2.62","-76.61","-110.97","0.000000","0.000000","",""
"06:20:29.484","GOREV","","","","","","","","","","","","","","","","","","","","","","","","","","","","9.95","-65.88","-148.86","0.20","-76.25","-109.25","0.000000","0.000000","",""
"06:20:29.650","GOREV","","","","","","","","","","","","","","","","","","","","","","","","","","","","7.20","-67.22","-148.72","1.22","-76.68","-108.13","0.000000","0.000000","",""
"06:20:29.814","GOREV","","","","","","","","","","","","","","","","","","","","","","","","","","","","5.50","-68.08","-148.98","0.77","-75.86","-107.63","0.000000","0.000000","",""
"06:20:29.989","GOREV","","","","","","","","","","","","","","","","","","","","","","","","","","","","2.74","-69.08","-149.24","0.31","-78.77","-107.07","0.000000","0.000000","",""
"06:20:30.175","GOREV","","","","","","","","","","","","","","","","","","","","","","","","","","","","1.24","-70.17","-149.86","0.13","-75.77","-107.08","0.000000","0.000000","",""
"06:20:30.319","GOREV","","","","","","","","","","","","","","","","","","","","","","","","","","","","3.88","-68.86","-152.80","-0.53","-77.97","-108.70","0.000000","0.000000","",""
"06:20:30.488","GOREV","","","","","","","","","","","","","","","","","","","","","","","","","","","","5.29","-66.71","-153.73","1.45","-75.35","-107.79","0.000000","0.000000","",""
"06:20:30.704","GOREV","","","","","","","","","","","","","","","","","","","","","","","","","","","","7.61","-67.72","-152.57","5.36","-78.11","-106.00","0.000000","0.000000","",""
"06:20:30.824","GOREV","","","","","","","","","","","","","","","","","","","","","","","","","","","","7.32","-67.22","-152.37","-1.22","-75.18","-104.83","0.000000","0.000000","",""
"06:20:30.992","GOREV","","","","","","","","","","","","","","","","","","","","","","","","","","","","5.61","-68.20","-152.36","0.72","-77.65","-104.13","0.000000","0.000000","",""
"06:20:31.173","GOREV","","","","","","","","","","","","","","","","","","","","","","","","","","","","4.47","-69.05","-153.67","2.05","-77.47","-104.67","0.000000","0.000000","",""
"06:20:31.329","GOREV","","","","","","","","","","","","","","","","","","","","","","","","","","","","5.79","-69.32","-154.70","1.74","-78.74","-104.88","0.000000","0.000000","",""
"06:20:31.522","GOREV","","","","","","","","","","","","","","","","","","","","","","","","","","","","6.97","-69.53","-155.64","2.40","-78.45","-104.92","0.000000","0.000000","",""
"06:20:31.663","GOREV","","","","","","","","","","","","","","","","","","","","","","","","","","","","8.28","-69.25","-156.15","2.37","-78.24","-104.42","0.000000","0.000000","",""
"06:20:31.836","GOREV","","","","","","","","","","","","","","","","","","","","","","","","","","","","9.79","-68.85","-156.24","2.46","-79.02","-103.40","0.000000","0.000000","",""
"06:20:32.000","GOREV","","","","","","","","","","","","","","","","","","","","","","","","","","","","9.55","-69.14","-156.46","2.11","-79.44","-102.68","0.000000","0.000000","",""
"06:20:32.188","GOREV","","","","","","","","","","","","","","","","","","","","","","","","","","","","9.36","-68.86","-156.52","2.45","-78.34","-101.67","0.000000","0.000000","",""
"06:20:32.336","GOREV","","","","","","","","","","","","","","","","","","","","","","","","","","","","8.20","-68.78","-157.43","2.86","-76.71","-101.38","0.000000","0.000000","",""
"06:20:32.512","GOREV","","","","","","","","","","","","","","","","","","","","","","","","","","","","9.37","-68.29","-158.29","2.89","-76.94","-101.06","0.000000","0.000000","",""
"06:20:32.675","GOREV","","","","","","","","","","","","","","","","","","","","","","","","","","","","9.95","-68.18","-158.84","3.21","-76.56","-100.52","0.000000","0.000000","",""
"06:20:32.840","GOREV","","","","","","","","","","","","","","","","","","","","","","","","","","","","10.33","-68.30","-158.85","3.29","-77.16","-99.57","0.000000","0.000000","",""
"06:20:33.015","GOREV","","","","","","","","","","","","","","","","","","","","","","","","","","","","10.42","-68.33","-158.68","2.65","-77.49","-98.46","0.000000","0.000000","",""
"06:20:33.176","GOREV","","","","","","","","","","","","","","","","","","","","","","","","","","","","9.79","-68.15","-158.96","2.56","-77.68","-97.69","0.000000","0.000000","",""
"06:20:33.354","GOREV","","","","","","","","","","","","","","","","","","","","","","","","","","","","9.43","-68.07","-159.43","3.23","-76.58","-97.04","0.000000","0.000000","",""
"06:20:33.529","GOREV","","","","","","","","","","","","","","","","","","","","","","","","","","","","8.59","-68.37","-160.22","2.50","-77.71","-96.88","0.000000","0.000000","",""
"06:20:33.680","GOREV","","","","","","","","","","","","","","","","","","","","","","","","","","","","9.29","-68.28","-160.92","5.04","-76.45","-96.59","0.000000","0.000000","",""
"06:20:33.856","GOREV","","","","","","","","","","","","","","","","","","","","","","","","","","","","10.04","-68.03","-161.00","3.81","-76.59","-95.73","0.000000","0.000000","",""
"06:20:34.020","GOREV","","","","","","","","","","","","","","","","","","","","","","","","","","","","10.04","-68.00","-160.96","3.59","-76.81","-94.74","0.000000","0.000000","",""
"06:20:34.196","GOREV","","","","","","","","","","","","","","","","","","","","","","","","","","","","10.48","-67.93","-160.72","3.15","-76.35","-93.56","0.000000","0.000000","",""
"06:20:34.358","GOREV","","","","","","","","","","","","","","","","","","","","","","","","","","","","10.27","-68.12","-160.29","2.77","-77.57","-92.22","0.000000","0.000000","",""
"06:20:34.527","GOREV","","","","","","","","","","","","","","","","","","","","","","","","","","","","9.20","-68.31","-160.11","2.44","-77.38","-91.19","0.000000","0.000000","",""
"06:20:34.696","GOREV","","","","","","","","","","","","","","","","","","","","","","","","","","","","9.06","-68.94","-159.64","2.46","-79.40","-89.91","0.000000","0.000000","",""
"06:20:34.868","GOREV","","","","","","","","","","","","","","","","","","","","","","","","","","","","7.73","-69.79","-160.06","3.22","-78.68","-89.54","0.000000","0.000000","",""
"06:20:35.055","GOREV","","","","","","","","","","","","","","","","","","","","","","","","","","","","8.01","-70.27","-160.60","3.71","-79.25","-89.22","0.000000","0.000000","",""
"06:20:35.193","GOREV","","","","","","","","","","","","","","","","","","","","","","","","","","","","8.62","-70.82","-160.83","4.42","-80.13","-88.61","0.000000","0.000000","",""
"06:20:35.427","GOREV","","","","","","","","","","","","","","","","","","","","","","","","","","","","9.12","-71.36","-160.89","4.58","-80.05","-87.90","0.000000","0.000000","",""
"06:20:35.529","GOREV","","","","","","","","","","","","","","","","","","","","","","","","","","","","9.64","-71.70","-161.19","4.84","-80.73","-87.40","0.000000","0.000000","",""
"06:20:35.698","GOREV","","","","","","","","","","","","","","","","","","","","","","","","","","","","9.99","-71.94","-161.18","4.04","-80.24","-86.55","0.000000","0.000000","",""
"06:20:35.865","GOREV","","","","","","","","","","","","","","","","","","","","","","","","","","","","9.78","-71.43","-161.10","4.64","-81.25","-85.44","0.000000","0.000000","",""
"06:20:36.033","GOREV","","","","","","","","","","","","","","","","","","","","","","","","","","","","10.29","-71.65","-160.40","4.27","-80.92","-83.77","0.000000","0.000000","",""
"06:20:36.202","GOREV","","","","","","","","","","","","","","","","","","","","","","","","","","","","10.00","-71.61","-159.97","3.37","-81.44","-82.34","0.000000","0.000000","",""
"06:20:36.370","GOREV","","","","","","","","","","","","","","","","","","","","","","","","","","","","9.10","-72.17","-159.83","4.02","-81.74","-81.35","0.000000","0.000000","",""
"06:20:36.555","GOREV","","","","","","","","","","","","","","","","","","","","","","","","","","","","8.18","-72.96","-159.91","3.30","-81.95","-80.67","0.000000","0.000000","",""
"06:20:36.710","GOREV","","","","","","","","","","","","","","","","","","","","","","","","","","","","6.79","-73.01","-160.03","2.58","-81.63","-79.84","0.000000","0.000000","",""
"06:20:36.874","GOREV","","","","","","","","","","","","","","","","","","","","","","","","","","","","5.63","-72.72","-160.04","2.33","-82.01","-78.65","0.000000","0.000000","",""
"06:20:37.051","GOREV","","","","","","","","","","","","","","","","","","","","","","","","","","","","4.43","-71.97","-160.16","2.04","-80.73","-77.42","0.000000","0.000000","",""
"06:20:37.211","GOREV","","","","","","","","","","","","","","","","","","","","","","","","","","","","4.19","-70.87","-160.30","2.01","-80.08","-76.11","0.000000","0.000000","",""
"06:20:37.404","GOREV","","","","","","","","","","","","","","","","","","","","","","","","","","","","4.02","-69.61","-160.33","0.37","-79.07","-74.69","0.000000","0.000000","",""
"06:20:37.546","GOREV","","","","","","","","","","","","","","","","","","","","","","","","","","","","4.01","-68.39","-159.64","-1.57","-78.70","-72.66","0.000000","0.000000","",""
"06:20:37.715","GOREV","","","","","","","","","","","","","","","","","","","","","","","","","","","","2.85","-67.47","-158.42","-3.54","-78.44","-70.17","0.000000","0.000000","",""
"06:20:37.914","GOREV","","","","","","","","","","","","","","","","","","","","","","","","","","","","0.24","-66.68","-157.54","-5.13","-77.46","-67.98","0.000000","0.000000","",""
"06:20:38.051","GOREV","","","","","","","","","","","","","","","","","","","","","","","","","","","","-1.40","-65.01","-157.62","-5.55","-76.54","-66.60","0.000000","0.000000","",""
"06:20:38.226","GOREV","","","","","","","","","","","","","","","","","","","","","","","","","","","","-1.52","-63.07","-158.21","-7.81","-74.86","-65.76","0.000000","0.000000","",""
"06:20:38.403","GOREV","","","","","","","","","","","","","","","","","","","","","","","","","","","","-0.75","-61.58","-158.92","-8.81","-74.49","-64.99","0.000000","0.000000","",""
"06:20:38.590","GOREV","","","","","","","","","","","","","","","","","","","","","","","","","","","","-0.46","-60.26","-160.10","-6.95","-71.84","-64.66","0.000000","0.000000","",""
"06:20:38.720","GOREV","","","","","","","","","","","","","","","","","","","","","","","","","","","","1.80","-59.96","-161.45","-7.62","-72.12","-64.67","0.000000","0.000000","",""
"06:20:38.894","GOREV","","","","","","","","","","","","","","","","","","","","","","","","","","","","2.68","-60.31","-162.12","-5.30","-73.37","-64.46","0.000000","0.000000","",""
"06:20:39.058","GOREV","","","","","","","","","","","","","","","","","","","","","","","","","","","","2.76","-62.19","-163.10","-6.06","-72.12","-64.92","0.000000","0.000000","",""
"06:20:39.230","GOREV","","","","","","","","","","","","","","","","","","","","","","","","","","","","2.11","-62.65","-165.14","-5.41","-71.88","-66.50","0.000000","0.000000","",""
"06:20:39.408","GOREV","","","","","","","","","","","","","","","","","","","","","","","","","","","","5.15","-63.71","-167.32","-0.18","-76.92","-68.19","0.000000","0.000000","",""
"06:20:39.572","GOREV","","","","","","","","","","","","","","","","","","","","","","","","","","","","7.34","-66.13","-169.24","2.19","-75.22","-69.76","0.000000","0.000000","",""
"06:20:39.733","GOREV","","","","","","","","","","","","","","","","","","","","","","","","","","","","12.59","-67.35","-168.94","5.93","-82.65","-68.58","0.000000","0.000000","",""
"06:20:39.900","GOREV","","","","","","","","","","","","","","","","","","","","","","","","","","","","11.47","-71.81","-167.82","3.22","-81.99","-67.15","0.000000","0.000000","",""
"06:20:40.069","GOREV","","","","","","","","","","","","","","","","","","","","","","","","","","","","8.87","-73.78","-167.32","2.67","-81.54","-66.27","0.000000","0.000000","",""
"06:20:40.245","GOREV","","","","","","","","","","","","","","","","","","","","","","","","","","","","7.33","-72.12","-166.92","-1.31","-81.44","-64.74","0.000000","0.000000","",""
"06:20:40.412","GOREV","","","","","","","","","","","","","","","","","","","","","","","","","","","","3.26","-71.36","-166.19","-1.31","-81.66","-62.33","0.000000","0.000000","",""
"06:20:40.590","GOREV","","","","","","","","","","","","","","","","","","","","","","","","","","","","1.21","-70.24","-166.56","0.55","-79.25","-61.11","0.000000","0.000000","",""
"06:20:40.734","GOREV","","","","","","","","","","","","","","","","","","","","","","","","","","","","2.78","-69.61","-166.35","0.34","-79.63","-59.68","0.000000","0.000000","",""
"06:20:40.902","GOREV","","","","","","","","","","","","","","","","","","","","","","","","","","","","4.47","-67.35","-167.47","-1.55","-77.17","-59.42","0.000000","0.000000","",""
"06:20:41.077","GOREV","","","","","","","","","","","","","","","","","","","","","","","","","","","","3.85","-64.98","-169.08","-0.98","-71.55","-59.29","0.000000","0.000000","",""
"06:20:41.253","GOREV","","","","","","","","","","","","","","","","","","","","","","","","","","","","6.32","-62.33","-169.16","-0.91","-71.29","-57.83","0.000000","0.000000","",""
"06:20:41.410","GOREV","","","","","","","","","","","","","","","","","","","","","","","","","","","","8.57","-60.83","-168.05","-2.92","-71.69","-55.58","0.000000","0.000000","",""
"06:20:41.574","GOREV","","","","","","","","","","","","","","","","","","","","","","","","","","","","9.39","-61.03","-168.14","-2.36","-72.61","-54.66","0.000000","0.000000","",""
"06:20:41.741","GOREV","","","","","","","","","","","","","","","","","","","","","","","","","","","","7.85","-61.14","-169.75","-1.89","-70.07","-55.41","0.000000","0.000000","",""
"06:20:41.910","GOREV","","","","","","","","","","","","","","","","","","","","","","","","","","","","7.34","-61.38","-171.27","-0.16","-71.08","-55.83","0.000000","0.000000","",""
"06:20:42.079","GOREV","","","","","","","","","","","","","","","","","","","","","","","","","","","","6.38","-60.94","-172.22","0.67","-69.71","-55.61","0.000000","0.000000","",""
"06:20:42.244","GOREV","","","","","","","","","","","","","","","","","","","","","","","","","","","","7.38","-61.40","-173.99","1.22","-70.38","-56.27","0.000000","0.000000","",""
"06:20:42.412","GOREV","","","","","","","","","","","","","","","","","","","","","","","","","","","","8.81","-60.26","-174.45","1.52","-67.85","-55.86","0.000000","0.000000","",""
"06:20:42.585","GOREV","","","","","","","","","","","","","","","","","","","","","","","","","","","","10.08","-60.08","-174.61","-0.17","-71.74","-54.99","0.000000","0.000000","",""
"06:20:42.752","GOREV","","","","","","","","","","","","","","","","","","","","","","","","","","","","9.61","-60.92","-173.28","-2.71","-69.41","-53.42","0.000000","0.000000","",""
"06:20:42.916","GOREV","","","","","","","","","","","","","","","","","","","","","","","","","","","","7.77","-62.92","-172.28","-0.16","-71.17","-52.60","0.000000","0.000000","",""
"06:20:43.095","GOREV","","","","","","","","","","","","","","","","","","","","","","","","","","","","6.34","-65.17","-175.78","1.94","-77.11","-55.10","0.000000","0.000000","",""
"06:20:43.266","GOREV","","","","","","","","","","","","","","","","","","","","","","","","","","","","6.04","-69.90","-175.95","1.46","-80.72","-54.98","0.000000","0.000000","",""
"06:20:43.432","GOREV","","","","","","","","","","","","","","","","","","","","","","","","","","","","4.67","-71.35","-176.40","5.81","-79.46","-54.65","0.000000","0.000000","",""
"06:20:43.590","GOREV","","","","","","","","","","","","","","","","","","","","","","","","","","","","6.23","-72.56","-176.49","2.54","-80.02","-53.72","0.000000","0.000000","",""
"06:20:43.757","GOREV","","","","","","","","","","","","","","","","","","","","","","","","","","","","3.77","-71.61","-177.71","-0.10","-81.90","-53.62","0.000000","0.000000","",""
"06:20:43.935","GOREV","","","","","","","","","","","","","","","","","","","","","","","","","","","","1.38","-69.08","-179.83","-1.71","-75.79","-53.94","0.000000","0.000000","",""
"06:20:44.092","GOREV","","","","","","","","","","","","","","","","","","","","","","","","","","","","2.04","-66.05","-178.02","-2.78","-73.55","-52.92","0.000000","0.000000","",""
"06:20:44.262","GOREV","","","","","","","","","","","","","","","","","","","","","","","","","","","","1.20","-63.78","-179.42","-0.22","-66.23","-53.37","0.000000","0.000000","",""
"06:20:44.440","GOREV","","","","","","","","","","","","","","","","","","","","","","","","","","","","4.66","-60.12","-177.47","-1.14","-68.73","-53.11","0.000000","0.000000","",""
"06:20:44.597","GOREV","","","","","","","","","","","","","","","","","","","","","","","","","","","","9.33","-58.26","-177.66","-2.81","-67.74","-52.89","0.000000","0.000000","",""
"06:20:44.771","GOREV","","","","","","","","","","","","","","","","","","","","","","","","","","","","14.96","-57.17","-175.04","-3.28","-68.86","-50.42","0.000000","0.000000","",""
"06:20:44.934","GOREV","","","","","","","","","","","","","","","","","","","","","","","","","","","","18.38","-59.42","-170.93","-0.44","-73.41","-46.61","0.000000","0.000000","",""
"06:20:45.106","GOREV","","","","","","","","","","","","","","","","","","","","","","","","","","","","20.15","-61.45","-169.82","5.65","-76.00","-45.32","0.000000","0.000000","",""
"06:20:45.274","GOREV","","","","","","","","","","","","","","","","","","","","","","","","","","","","23.09","-67.35","-168.00","5.19","-80.64","-43.89","0.000000","0.000000","",""
"06:20:45.441","GOREV","","","","","","","","","","","","","","","","","","","","","","","","","","","","18.82","-70.98","-164.95","2.98","-79.03","-41.52","0.000000","0.000000","",""
"06:20:45.607","GOREV","","","","","","","","","","","","","","","","","","","","","","","","","","","","12.26","-71.11","-164.13","5.06","-78.19","-40.20","0.000000","0.000000","",""
"06:20:45.785","GOREV","","","","","","","","","","","","","","","","","","","","","","","","","","","","9.64","-70.18","-162.07","5.48","-78.17","-37.15","0.000000","0.000000","",""
"06:20:45.941","GOREV","","","","","","","","","","","","","","","","","","","","","","","","","","","","7.06","-68.34","-160.06","2.25","-75.04","-34.16","0.000000","0.000000","",""
"06:20:46.106","GOREV","","","","","","","","","","","","","","","","","","","","","","","","","","","","5.14","-65.99","-158.56","0.03","-72.35","-31.62","0.000000","0.000000","",""
"06:20:46.282","GOREV","","","","","","","","","","","","","","","","","","","","","","","","","","","","2.97","-63.94","-157.05","-4.06","-72.11","-29.44","0.000000","0.000000","",""
"06:20:46.453","GOREV","","","","","","","","","","","","","","","","","","","","","","","","","","","","1.56","-62.85","-155.66","-5.13","-73.56","-27.45","0.000000","0.000000","",""
"06:20:46.617","GOREV","","","","","","","","","","","","","","","","","","","","","","","","","","","","-0.52","-62.31","-153.72","-6.45","-73.05","-25.23","0.000000","0.000000","",""
"06:20:46.807","GOREV","","","","","","","","","","","","","","","","","","","","","","","","","","","","-1.50","-61.47","-151.90","-6.74","-72.66","-22.97","0.000000","0.000000","",""
"06:20:46.962","GOREV","","","","","","","","","","","","","","","","","","","","","","","","","","","","-1.10","-61.91","-150.62","-5.44","-74.83","-21.34","0.000000","0.000000","",""
"06:20:47.129","GOREV","","","","","","","","","","","","","","","","","","","","","","","","","","","","-1.63","-62.21","-150.85","-5.44","-72.48","-21.11","0.000000","0.000000","",""
"06:20:47.290","GOREV","","","","","","","","","","","","","","","","","","","","","","","","","","","","-0.84","-62.00","-150.05","-6.36","-74.07","-19.88","0.000000","0.000000","",""
"06:20:47.456","GOREV","","","","","","","","","","","","","","","","","","","","","","","","","","","","0.23","-62.22","-149.12","-6.60","-73.81","-18.49","0.000000","0.000000","",""
"06:20:47.626","GOREV","","","","","","","","","","","","","","","","","","","","","","","","","","","","-0.63","-62.29","-148.73","-7.81","-73.17","-17.77","0.000000","0.000000","",""
"06:20:47.790","GOREV","","","","","","","","","","","","","","","","","","","","","","","","","","","","-1.69","-62.46","-148.71","-7.38","-73.55","-17.43","0.000000","0.000000","",""
"06:20:47.958","GOREV","","","","","","","","","","","","","","","","","","","","","","","","","","","","-1.72","-61.74","-149.01","-6.01","-73.08","-17.06","0.000000","0.000000","",""
"06:20:48.131","GOREV","","","","","","","","","","","","","","","","","","","","","","","","","","","","-0.07","-60.87","-149.40","-6.55","-72.18","-16.72","0.000000","0.000000","",""
"06:20:48.296","GOREV","","","","","","","","","","","","","","","","","","","","","","","","","","","","1.78","-59.97","-149.59","-6.53","-71.84","-16.24","0.000000","0.000000","",""
"06:20:48.477","GOREV","","","","","","","","","","","","","","","","","","","","","","","","","","","","2.79","-59.72","-149.56","-5.79","-71.54","-15.68","0.000000","0.000000","",""
"06:20:48.634","GOREV","","","","","","","","","","","","","","","","","","","","","","","","","","","","2.95","-59.72","-149.47","-5.69","-71.00","-15.17","0.000000","0.000000","",""
"06:20:48.803","GOREV","","","","","","","","","","","","","","","","","","","","","","","","","","","","3.01","-59.45","-149.44","-5.03","-70.79","-14.66","0.000000","0.000000","",""
"06:20:48.972","GOREV","","","","","","","","","","","","","","","","","","","","","","","","","","","","3.23","-59.44","-149.64","-5.10","-70.14","-14.41","0.000000","0.000000","",""
"06:20:49.146","GOREV","","","","","","","","","","","","","","","","","","","","","","","","","","","","3.57","-59.52","-149.73","-5.30","-70.63","-14.08","0.000000","0.000000","",""
"06:20:49.311","GOREV","","","","","","","","","","","","","","","","","","","","","","","","","","","","3.05","-59.39","-148.89","-5.15","-70.90","-12.89","0.000000","0.000000","",""
"06:20:49.475","GOREV","","","","","","","","","","","","","","","","","","","","","","","","","","","","3.37","-59.53","-148.20","-4.41","-70.18","-11.78","0.000000","0.000000","",""
"06:20:49.652","GOREV","","","","","","","","","","","","","","","","","","","","","","","","","","","","3.74","-60.74","-147.31","-4.41","-74.02","-10.62","0.000000","0.000000","",""
"06:20:49.811","GOREV","","","","","","","","","","","","","","","","","","","","","","","","","","","","1.53","-61.10","-147.85","-5.50","-71.67","-10.93","0.000000","0.000000","",""
"06:20:49.985","GOREV","","","","","","","","","","","","","","","","","","","","","","","","","","","","3.69","-59.79","-147.26","-7.55","-71.32","-10.11","0.000000","0.000000","",""
"06:20:50.153","GOREV","","","","","","","","","","","","","","","","","","","","","","","","","","","","5.08","-60.66","-145.82","-5.73","-70.55","-8.45","0.000000","0.000000","",""
"06:20:50.317","GOREV","","","","","","","","","","","","","","","","","","","","","","","","","","","","4.52","-60.89","-144.47","-4.96","-71.49","-6.94","0.000000","0.000000","",""
"06:20:50.492","GOREV","","","","","","","","","","","","","","","","","","","","","","","","","","","","5.15","-61.21","-142.27","-4.75","-71.79","-4.61","0.000000","0.000000","",""
"06:20:50.667","GOREV","","","","","","","","","","","","","","","","","","","","","","","","","","","","6.22","-59.63","-139.77","-7.37","-71.59","-1.85","0.000000","0.000000","",""
"06:20:50.827","GOREV","","","","","","","","","","","","","","","","","","","","","","","","","","","","6.25","-60.24","-137.71","-5.96","-72.17","0.40","0.000000","0.000000","",""
"06:20:50.990","GOREV","","","","","","","","","","","","","","","","","","","","","","","","","","","","3.60","-59.70","-136.53","-7.80","-71.67","1.96","0.000000","0.000000","",""
"06:20:51.171","GOREV","","","","","","","","","","","","","","","","","","","","","","","","","","","","1.11","-59.62","-134.58","-7.37","-71.52","4.34","0.000000","0.000000","",""
"06:20:51.330","GOREV","","","","","","","","","","","","","","","","","","","","","","","","","","","","-1.93","-60.38","-133.81","-7.69","-73.22","5.28","0.000000","0.000000","",""
"06:20:51.503","GOREV","","","","","","","","","","","","","","","","","","","","","","","","","","","","-3.17","-60.29","-135.36","-6.48","-71.20","4.50","0.000000","0.000000","",""
"06:20:51.661","GOREV","","","","","","","","","","","","","","","","","","","","","","","","","","","","-3.15","-60.47","-137.19","-6.68","-72.07","3.15","0.000000","0.000000","",""
"06:20:51.829","GOREV","","","","","","","","","","","","","","","","","","","","","","","","","","","","-2.52","-60.74","-138.74","-6.21","-71.74","2.06","0.000000","0.000000","",""
"06:20:52.002","GOREV","","","","","","","","","","","","","","","","","","","","","","","","","","","","-1.59","-60.94","-139.86","-4.42","-71.87","1.35","0.000000","0.000000","",""
"06:20:52.168","GOREV","","","","","","","","","","","","","","","","","","","","","","","","","","","","0.22","-61.39","-140.40","-5.11","-73.03","1.12","0.000000","0.000000","",""
"06:20:52.338","GOREV","","","","","","","","","","","","","","","","","","","","","","","","","","","","1.65","-61.94","-140.36","-4.17","-73.58","1.48","0.000000","0.000000","",""
"06:20:52.500","GOREV","","","","","","","","","","","","","","","","","","","","","","","","","","","","2.87","-62.06","-139.81","-5.32","-73.69","2.34","0.000000","0.000000","",""
"06:20:52.671","GOREV","","","","","","","","","","","","","","","","","","","","","","","","","","","","3.37","-62.89","-138.73","-5.68","-74.28","3.50","0.000000","0.000000","",""
"06:20:52.838","GOREV","","","","","","","","","","","","","","","","","","","","","","","","","","","","2.86","-63.48","-137.90","-6.00","-75.85","4.54","0.000000","0.000000","",""
"06:20:53.003","GOREV","","","","","","","","","","","","","","","","","","","","","","","","","","","","2.07","-63.70","-137.62","-5.75","-76.00","5.17","0.000000","0.000000","",""
"06:20:53.171","GOREV","","","","","","","","","","","","","","","","","","","","","","","","","","","","1.80","-63.57","-137.61","-5.55","-75.32","5.65","0.000000","0.000000","",""
"06:20:53.341","GOREV","","","","","","","","","","","","","","","","","","","","","","","","","","","","1.96","-63.27","-137.90","-4.85","-74.94","5.88","0.000000","0.000000","",""
"06:20:53.547","GOREV","","","","","","","","","","","","","","","","","","","","","","","","","","","","2.29","-62.42","-138.28","-5.64","-73.75","6.17","0.000000","0.000000","",""
"06:20:53.673","GOREV","","","","","","","","","","","","","","","","","","","","","","","","","","","","1.68","-61.30","-138.36","-6.76","-72.79","6.87","0.000000","0.000000","",""
"06:20:53.848","GOREV","","","","","","","","","","","","","","","","","","","","","","","","","","","","1.00","-60.85","-137.96","-4.40","-72.48","7.85","0.000000","0.000000","",""
"06:20:54.020","GOREV","","","","","","","","","","","","","","","","","","","","","","","","","","","","2.14","-61.12","-138.09","-4.90","-73.26","8.08","0.000000","0.000000","",""
"06:20:54.179","GOREV","","","","","","","","","","","","","","","","","","","","","","","","","","","","3.04","-60.47","-138.11","-5.84","-72.85","8.67","0.000000","0.000000","",""
"06:20:54.349","GOREV","","","","","","","","","","","","","","","","","","","","","","","","","","","","3.25","-60.44","-137.81","-4.86","-72.00","9.40","0.000000","0.000000","",""
"06:20:54.510","GOREV","","","","","","","","","","","","","","","","","","","","","","","","","","","","3.33","-59.92","-137.57","-5.42","-71.71","10.19","0.000000","0.000000","",""
"06:20:54.694","GOREV","","","","","","","","","","","","","","","","","","","","","","","","","","","","3.22","-59.66","-137.59","-5.23","-70.88","10.68","0.000000","0.000000","",""
"06:20:54.877","GOREV","","","","","","","","","","","","","","","","","","","","","","","","","","","","3.07","-59.41","-137.58","-5.96","-70.38","11.17","0.000000","0.000000","",""
"06:20:55.028","GOREV","","","","","","","","","","","","","","","","","","","","","","","","","","","","3.69","-59.45","-137.35","-4.49","-70.65","11.86","0.000000","0.000000","",""
"06:20:55.188","GOREV","","","","","","","","","","","","","","","","","","","","","","","","","","","","4.30","-59.30","-136.98","-4.79","-70.64","12.64","0.000000","0.000000","",""
"06:20:55.357","GOREV","","","","","","","","","","","","","","","","","","","","","","","","","","","","4.44","-59.48","-136.69","-4.46","-70.63","13.27","0.000000","0.000000","",""
"06:20:55.524","GOREV","","","","","","","","","","","","","","","","","","","","","","","","","","","","3.89","-59.46","-136.68","-4.33","-70.52","13.67","0.000000","0.000000","",""
"06:20:55.737","GOREV","","","","","","","","","","","","","","","","","","","","","","","","","","","","4.15","-59.38","-136.41","-4.11","-70.40","14.38","0.000000","0.000000","",""
"06:20:55.869","GOREV","","","","","","","","","","","","","","","","","","","","","","","","","","","","3.99","-59.34","-136.20","-3.46","-70.68","15.02","0.000000","0.000000","",""
"06:20:56.034","GOREV","","","","","","","","","","","","","","","","","","","","","","","","","","","","4.28","-59.33","-135.97","-4.19","-70.00","15.69","0.000000","0.000000","",""
"06:20:56.195","GOREV","","","","","","","","","","","","","","","","","","","","","","","","","","","","4.89","-59.35","-135.51","-3.54","-70.30","16.57","0.000000","0.000000","",""
"06:20:56.405","GOREV","","","","","","","","","","","","","","","","","","","","","","","","","","","","4.91","-59.34","-135.17","-3.78","-70.55","17.23","0.000000","0.000000","",""
"06:20:56.533","GOREV","","","","","","","","","","","","","","","","","","","","","","","","","","","","4.66","-59.63","-135.01","-3.59","-70.10","17.74","0.000000","0.000000","",""
"06:20:56.702","GOREV","","","","","","","","","","","","","","","","","","","","","","","","","","","","4.59","-59.66","-134.93","-3.27","-70.04","18.20","0.000000","0.000000","",""
"06:20:56.874","GOREV","","","","","","","","","","","","","","","","","","","","","","","","","","","","4.38","-59.92","-134.72","-3.50","-70.49","18.77","0.000000","0.000000","",""
"06:20:57.037","GOREV","","","","","","","","","","","","","","","","","","","","","","","","","","","","4.18","-59.83","-134.30","-3.20","-70.60","19.64","0.000000","0.000000","",""
"06:20:57.231","GOREV","","","","","","","","","","","","","","","","","","","","","","","","","","","","4.59","-59.92","-133.76","-3.28","-70.45","20.57","0.000000","0.000000","",""
"06:20:57.375","GOREV","","","","","","","","","","","","","","","","","","","","","","","","","","","","4.90","-59.81","-133.47","-3.56","-70.34","21.25","0.000000","0.000000","",""
"06:20:57.562","GOREV","","","","","","","","","","","","","","","","","","","","","","","","","","","","4.66","-60.02","-133.24","-3.50","-70.98","21.76","0.000000","0.000000","",""
"06:20:57.728","GOREV","","","","","","","","","","","","","","","","","","","","","","","","","","","","4.35","-60.34","-133.11","-3.13","-71.11","22.20","0.000000","0.000000","",""
"06:20:57.880","GOREV","","","","","","","","","","","","","","","","","","","","","","","","","","","","4.58","-60.86","-132.70","-1.88","-71.94","22.81","0.000000","0.000000","",""
"06:20:58.062","GOREV","","","","","","","","","","","","","","","","","","","","","","","","","","","","5.38","-61.23","-131.67","-3.20","-72.38","24.03","0.000000","0.000000","",""
"06:20:58.225","GOREV","","","","","","","","","","","","","","","","","","","","","","","","","","","","5.54","-61.04","-130.74","-3.56","-71.84","25.31","0.000000","0.000000","",""
"06:20:58.391","GOREV","","","","","","","","","","","","","","","","","","","","","","","","","","","","4.98","-61.30","-130.28","-3.24","-72.20","26.11","0.000000","0.000000","",""
"06:20:58.555","GOREV","","","","","","","","","","","","","","","","","","","","","","","","","","","","4.20","-61.39","-130.09","-2.95","-72.32","26.71","0.000000","0.000000","",""
"06:20:58.765","GOREV","","","","","","","","","","","","","","","","","","","","","","","","","","","","3.99","-61.22","-129.90","-2.69","-72.02","27.41","0.000000","0.000000","",""
"06:20:58.892","GOREV","","","","","","","","","","","","","","","","","","","","","","","","","","","","3.76","-60.95","-129.73","-3.82","-71.77","28.08","0.000000","0.000000","",""
"06:20:59.069","GOREV","","","","","","","","","","","","","","","","","","","","","","","","","","","","3.59","-60.76","-129.43","-3.44","-71.55","28.88","0.000000","0.000000","",""
"06:20:59.227","GOREV","","","","","","","","","","","","","","","","","","","","","","","","","","","","3.67","-60.46","-129.15","-3.55","-71.26","29.62","0.000000","0.000000","",""
"06:20:59.397","GOREV","","","","","","","","","","","","","","","","","","","","","","","","","","","","3.94","-60.37","-128.84","-3.56","-71.14","30.34","0.000000","0.000000","",""
"06:20:59.566","GOREV","","","","","","","","","","","","","","","","","","","","","","","","","","","","4.13","-60.41","-128.58","-3.34","-71.60","30.98","0.000000","0.000000","",""
"06:20:59.746","GOREV","","","","","","","","","","","","","","","","","","","","","","","","","","","","4.41","-60.50","-128.19","-3.94","-71.56","31.73","0.000000","0.000000","",""
"06:20:59.910","GOREV","","","","","","","","","","","","","","","","","","","","","","","","","","","","4.37","-60.61","-127.77","-2.98","-71.64","32.51","0.000000","0.000000","",""
"06:21:00.077","GOREV","","","","","","","","","","","","","","","","","","","","","","","","","","","","4.12","-60.80","-127.36","-4.00","-71.89","33.30","0.000000","0.000000","",""
"06:21:00.238","GOREV","","","","","","","","","","","","","","","","","","","","","","","","","","","","3.85","-60.99","-126.96","-3.68","-72.04","34.05","0.000000","0.000000","",""
"06:21:00.411","GOREV","","","","","","","","","","","","","","","","","","","","","","","","","","","","3.68","-61.11","-126.56","-3.93","-71.86","34.82","0.000000","0.000000","",""
"06:21:00.591","GOREV","","","","","","","","","","","","","","","","","","","","","","","","","","","","3.68","-61.12","-126.20","-4.30","-72.33","35.59","0.000000","0.000000","",""
"06:21:00.745","GOREV","","","","","","","","","","","","","","","","","","","","","","","","","","","","3.56","-61.18","-125.78","-3.99","-72.28","36.34","0.000000","0.000000","",""
"06:21:00.936","GOREV","","","","","","","","","","","","","","","","","","","","","","","","","","","","3.19","-61.39","-125.32","-4.51","-72.59","37.13","0.000000","0.000000","",""
"06:21:01.093","GOREV","","","","","","","","","","","","","","","","","","","","","","","","","","","","2.91","-61.66","-124.85","-4.24","-72.87","37.91","0.000000","0.000000","",""
"06:21:01.247","GOREV","","","","","","","","","","","","","","","","","","","","","","","","","","","","2.67","-61.87","-124.54","-4.81","-73.18","38.55","0.000000","0.000000","",""
"06:21:01.426","GOREV","","","","","","","","","","","","","","","","","","","","","","","","","","","","2.22","-62.36","-124.40","-5.47","-73.95","38.98","0.000000","0.000000","",""
"06:21:01.605","GOREV","","","","","","","","","","","","","","","","","","","","","","","","","","","","1.53","-62.89","-124.63","-4.66","-74.37","39.06","0.000000","0.000000","",""
"06:21:01.755","GOREV","","","","","","","","","","","","","","","","","","","","","","","","","","","","1.87","-63.20","-124.80","-4.58","-74.58","39.26","0.000000","0.000000","",""
"06:21:01.924","GOREV","","","","","","","","","","","","","","","","","","","","","","","","","","","","2.81","-63.01","-125.04","-3.93","-74.05","39.45","0.000000","0.000000","",""
"06:21:02.089","GOREV","","","","","","","","","","","","","","","","","","","","","","","","","","","","3.49","-62.64","-125.30","-3.52","-73.58","39.68","0.000000","0.000000","",""
"06:21:02.262","GOREV","","","","","","","","","","","","","","","","","","","","","","","","","","","","3.94","-61.91","-125.79","-3.26","-72.33","39.77","0.000000","0.000000","",""
"06:21:02.424","GOREV","","","","","","","","","","","","","","","","","","","","","","","","","","","","4.79","-60.83","-126.28","-2.77","-71.19","39.97","0.000000","0.000000","",""
"06:21:02.609","GOREV","","","","","","","","","","","","","","","","","","","","","","","","","","","","6.01","-59.89","-126.46","-1.85","-69.86","40.46","0.000000","0.000000","",""
"06:21:02.766","GOREV","","","","","","","","","","","","","","","","","","","","","","","","","","","","7.17","-59.90","-125.84","-1.85","-70.91","41.46","0.000000","0.000000","",""
"06:21:02.933","GOREV","","","","","","","","","","","","","","","","","","","","","","","","","","","","7.43","-60.93","-125.11","-1.27","-71.67","42.29","0.000000","0.000000","",""
"06:21:03.097","GOREV","","","","","","","","","","","","","","","","","","","","","","","","","","","","7.44","-62.83","-124.21","-0.66","-73.03","42.98","0.000000","0.000000","",""
"06:21:03.300","GOREV","","","","","","","","","","","","","","","","","","","","","","","","","","","","7.28","-65.33","-123.34","0.30","-75.28","43.39","0.000000","0.000000","",""
"06:21:03.430","GOREV","","","","","","","","","","","","","","","","","","","","","","","","","","","","5.90","-68.36","-122.42","-1.31","-80.36","43.82","0.000000","0.000000","",""
"06:21:03.606","GOREV","","","","","","","","","","","","","","","","","","","","","","","","","","","","2.25","-70.81","-121.95","-1.14","-79.62","44.01","0.000000","0.000000","",""
"06:21:03.763","GOREV","","","","","","","","","","","","","","","","","","","","","","","","","","","","1.12","-70.94","-122.37","0.65","-82.11","44.00","0.000000","0.000000","",""
"06:21:03.934","GOREV","","","","","","","","","","","","","","","","","","","","","","","","","","","","0.43","-70.62","-122.03","-4.01","-82.41","44.94","0.000000","0.000000","",""
"06:21:04.113","GOREV","","","","","","","","","","","","","","","","","","","","","","","","","","","","-2.18","-70.79","-121.97","-2.63","-81.74","45.70","0.000000","0.000000","",""
"06:21:04.265","GOREV","","","","","","","","","","","","","","","","","","","","","","","","","","","","-1.73","-69.37","-122.86","-2.49","-81.93","45.87","0.000000","0.000000","",""
"06:21:04.459","GOREV","","","","","","","","","","","","","","","","","","","","","","","","","","","","-0.94","-67.94","-124.41","-4.11","-80.17","45.52","0.000000","0.000000","",""
"06:21:04.604","GOREV","","","","","","","","","","","","","","","","","","","","","","","","","","","","0.98","-66.17","-125.07","-4.94","-78.13","46.19","0.000000","0.000000","",""
"06:21:04.770","GOREV","","","","","","","","","","","","","","","","","","","","","","","","","","","","2.29","-64.85","-125.64","-2.24","-73.71","46.65","0.000000","0.000000","",""
"06:21:04.946","GOREV","","","","","","","","","","","","","","","","","","","","","","","","","","","","5.62","-62.76","-126.03","-1.82","-70.23","46.95","0.000000","0.000000","",""
"06:21:05.110","GOREV","","","","","","","","","","","","","","","","","","","","","","","","","","","","8.27","-60.48","-125.83","-3.08","-70.16","47.76","0.000000","0.000000","",""
"06:21:05.273","GOREV","","","","","","","","","","","","","","","","","","","","","","","","","","","","9.73","-59.19","-125.04","-1.99","-70.12","48.90","0.000000","0.000000","",""
"06:21:05.444","GOREV","","","","","","","","","","","","","","","","","","","","","","","","","","","","9.98","-59.38","-125.08","-2.64","-69.40","49.21","0.000000","0.000000","",""
"06:21:05.612","GOREV","","","","","","","","","","","","","","","","","","","","","","","","","","","","10.61","-60.04","-123.78","-2.13","-72.73","50.36","0.000000","0.000000","",""
"06:21:05.776","GOREV","","","","","","","","","","","","","","","","","","","","","","","","","","","","8.95","-62.00","-123.22","-1.38","-73.90","50.97","0.000000","0.000000","",""
"06:21:05.957","GOREV","","","","","","","","","","","","","","","","","","","","","","","","","","","","7.67","-62.75","-123.86","-0.55","-75.03","50.83","0.000000","0.000000","",""
"06:21:06.113","GOREV","","","","","","","","","","","","","","","","","","","","","","","","","","","","7.57","-63.66","-124.11","0.65","-75.13","51.26","0.000000","0.000000","",""
"06:21:06.284","GOREV","","","","","","","","","","","","","","","","","","","","","","","","","","","","6.72","-65.15","-123.60","-0.19","-75.00","52.03","0.000000","0.000000","",""
"06:21:06.462","GOREV","","","","","","","","","","","","","","","","","","","","","","","","","","","","6.44","-65.98","-122.86","0.05","-75.20","52.94","0.000000","0.000000","",""
"06:21:06.622","GOREV","","","","","","","","","","","","","","","","","","","","","","","","","","","","6.12","-66.54","-122.46","-0.02","-75.30","53.51","0.000000","0.000000","",""
"06:21:06.785","GOREV","","","","","","","","","","","","","","","","","","","","","","","","","","","","6.00","-66.94","-122.13","0.36","-75.78","54.01","0.000000","0.000000","",""
"06:21:06.955","GOREV","","","","","","","","","","","","","","","","","","","","","","","","","","","","5.99","-67.21","-121.67","0.62","-76.15","54.64","0.000000","0.000000","",""
"06:21:07.120","GOREV","","","","","","","","","","","","","","","","","","","","","","","","","","","","6.03","-66.84","-121.29","0.05","-76.17","55.38","0.000000","0.000000","",""
"06:21:07.304","GOREV","","","","","","","","","","","","","","","","","","","","","","","","","","","","6.12","-66.26","-120.89","-0.06","-75.77","56.27","0.000000","0.000000","",""
"06:21:07.457","GOREV","","","","","","","","","","","","","","","","","","","","","","","","","","","","6.18","-65.78","-120.59","-0.37","-75.53","57.09","0.000000","0.000000","",""
"06:21:07.635","GOREV","","","","","","","","","","","","","","","","","","","","","","","","","","","","5.97","-65.36","-120.28","-0.80","-75.17","57.89","0.000000","0.000000","",""
"06:21:07.800","GOREV","","","","","","","","","","","","","","","","","","","","","","","","","","","","6.15","-65.28","-119.78","-0.74","-75.56","58.78","0.000000","0.000000","",""
"06:21:07.973","GOREV","","","","","","","","","","","","","","","","","","","","","","","","","","","","6.21","-65.21","-119.23","-1.42","-75.78","59.68","0.000000","0.000000","",""
"06:21:08.134","GOREV","","","","","","","","","","","","","","","","","","","","","","","","","","","","5.92","-65.19","-118.72","-0.99","-75.26","60.55","0.000000","0.000000","",""
"06:21:08.303","GOREV","","","","","","","","","","","","","","","","","","","","","","","","","","","","5.71","-65.22","-118.31","-1.01","-75.53","61.39","0.000000","0.000000","",""
"06:21:08.470","GOREV","","","","","","","","","","","","","","","","","","","","","","","","","","","","5.53","-65.26","-118.06","-0.79","-75.53","62.05","0.000000","0.000000","",""
"06:21:08.640","GOREV","","","","","","","","","","","","","","","","","","","","","","","","","","","","5.53","-65.41","-117.84","-0.85","-75.25","62.64","0.000000","0.000000","",""
"06:21:08.821","GOREV","","","","","","","","","","","","","","","","","","","","","","","","","","","","5.61","-65.51","-117.55","-0.78","-75.44","63.28","0.000000","0.000000","",""
"06:21:08.975","GOREV","","","","","","","","","","","","","","","","","","","","","","","","","","","","5.66","-65.64","-117.18","-0.68","-75.79","64.02","0.000000","0.000000","",""
"06:21:09.151","GOREV","","","","","","","","","","","","","","","","","","","","","","","","","","","","5.90","-65.74","-116.76","-0.67","-75.87","64.80","0.000000","0.000000","",""
"06:21:09.310","GOREV","","","","","","","","","","","","","","","","","","","","","","","","","","","","6.09","-65.89","-116.28","-0.33","-76.08","65.61","0.000000","0.000000","",""
"06:21:09.478","GOREV","","","","","","","","","","","","","","","","","","","","","","","","","","","","6.07","-66.03","-115.80","-0.57","-75.90","66.42","0.000000","0.000000","",""
"06:21:09.652","GOREV","","","","","","","","","","","","","","","","","","","","","","","","","","","","6.01","-66.24","-115.17","-0.78","-76.32","67.37","0.000000","0.000000","",""
"06:21:09.814","GOREV","","","","","","","","","","","","","","","","","","","","","","","","","","","","5.80","-66.51","-114.53","-0.99","-76.89","68.31","0.000000","0.000000","",""
"06:21:09.982","GOREV","","","","","","","","","","","","","","","","","","","","","","","","","","","","5.36","-66.88","-113.77","-0.98","-77.36","69.32","0.000000","0.000000","",""
"06:21:10.161","GOREV","","","","","","","","","","","","","","","","","","","","","","","","","","","","5.35","-67.48","-112.91","0.02","-77.66","70.29","0.000000","0.000000","",""
"06:21:10.345","GOREV","","","","","","","","","","","","","","","","","","","","","","","","","","","","7.02","-68.23","-111.19","-0.20","-79.28","71.98","0.000000","0.000000","",""
"06:21:10.499","GOREV","","","","","","","","","","","","","","","","","","","","","","","","","","","","8.17","-68.26","-108.98","-2.49","-79.69","74.25","0.000000","0.000000","",""
"06:21:10.659","GOREV","","","","","","","","","","","","","","","","","","","","","","","","","","","","6.61","-68.12","-107.84","-3.28","-79.44","75.65","0.000000","0.000000","",""
"06:21:10.825","GOREV","","","","","","","","","","","","","","","","","","","","","","","","","","","","3.69","-68.12","-107.73","-2.45","-78.92","76.20","0.000000","0.000000","",""
"06:21:11.017","GOREV","","","","","","","","","","","","","","","","","","","","","","","","","","","","1.40","-68.06","-108.32","-1.31","-78.10","76.20","0.000000","0.000000","",""
"06:21:11.160","GOREV","","","","","","","","","","","","","","","","","","","","","","","","","","","","0.94","-67.96","-109.10","-0.27","-77.78","75.99","0.000000","0.000000","",""
"06:21:11.323","GOREV","","","","","","","","","","","","","","","","","","","","","","","","","","","","2.19","-67.90","-109.61","0.58","-77.84","75.91","0.000000","0.000000","",""
"06:21:11.502","GOREV","","","","","","","","","","","","","","","","","","","","","","","","","","","","3.75","-68.22","-109.58","0.06","-78.08","76.25","0.000000","0.000000","",""
"06:21:11.655","GOREV","","","","","","","","","","","","","","","","","","","","","","","","","","","","4.95","-68.87","-109.01","0.12","-78.95","76.94","0.000000","0.000000","",""
"06:21:11.827","GOREV","","","","","","","","","","","","","","","","","","","","","","","","","","","","5.11","-70.01","-108.41","0.12","-79.98","77.50","0.000000","0.000000","",""
"06:21:11.993","GOREV","","","","","","","","","","","","","","","","","","","","","","","","","","","","4.17","-71.30","-108.02","-0.73","-81.71","77.75","0.000000","0.000000","",""
"06:21:12.156","GOREV","","","","","","","","","","","","","","","","","","","","","","","","","","","","2.44","-71.69","-107.80","0.48","-81.69","78.20","0.000000","0.000000","",""
"06:21:12.345","GOREV","","","","","","","","","","","","","","","","","","","","","","","","","","","","3.01","-71.58","-107.42","-0.15","-83.04","79.05","0.000000","0.000000","",""
"06:21:12.492","GOREV","","","","","","","","","","","","","","","","","","","","","","","","","","","","2.63","-71.96","-106.63","-0.47","-82.15","80.24","0.000000","0.000000","",""
"06:21:12.672","GOREV","","","","","","","","","","","","","","","","","","","","","","","","","","","","3.89","-70.95","-105.53","-0.78","-82.55","81.91","0.000000","0.000000","",""
"06:21:12.846","GOREV","","","","","","","","","","","","","","","","","","","","","","","","","","","","4.30","-71.33","-104.51","-2.06","-82.89","83.33","0.000000","0.000000","",""
"06:21:13.012","GOREV","","","","","","","","","","","","","","","","","","","","","","","","","","","","4.33","-71.22","-103.86","-2.01","-82.29","84.31","0.000000","0.000000","",""
"06:21:13.162","GOREV","","","","","","","","","","","","","","","","","","","","","","","","","","","","4.17","-71.25","-103.41","-2.19","-82.84","85.08","0.000000","0.000000","",""
"06:21:13.355","GOREV","","","","","","","","","","","","","","","","","","","","","","","","","","","","3.36","-71.17","-103.32","-2.30","-82.32","85.58","0.000000","0.000000","",""
"06:21:13.503","GOREV","","","","","","","","","","","","","","","","","","","","","","","","","","","","2.58","-71.14","-103.24","-2.14","-82.19","86.09","0.000000","0.000000","",""
"06:21:13.672","GOREV","","","","","","","","","","","","","","","","","","","","","","","","","","","","1.78","-71.58","-103.44","-2.17","-82.55","86.26","0.000000","0.000000","",""
"06:21:13.835","GOREV","","","","","","","","","","","","","","","","","","","","","","","","","","","","1.11","-72.19","-103.70","-1.29","-82.95","86.33","0.000000","0.000000","",""
"06:21:14.002","GOREV","","","","","","","","","","","","","","","","","","","","","","","","","","","","0.78","-72.51","-103.76","-1.86","-82.67","86.63","0.000000","0.000000","",""
"06:21:14.175","GOREV","","","","","","","","","","","","","","","","","","","","","","","","","","","","0.94","-72.28","-103.80","-1.04","-83.01","87.12","0.000000","0.000000","",""
"06:21:14.343","GOREV","","","","","","","","","","","","","","","","","","","","","","","","","","","","1.98","-71.55","-103.84","-0.80","-81.58","87.77","0.000000","0.000000","",""
"06:21:14.509","GOREV","","","","","","","","","","","","","","","","","","","","","","","","","","","","4.00","-70.77","-103.59","-0.29","-81.33","88.71","0.000000","0.000000","",""
"06:21:14.678","GOREV","","","","","","","","","","","","","","","","","","","","","","","","","","","","6.12","-70.17","-102.86","-1.46","-80.99","89.90","0.000000","0.000000","",""
"06:21:14.849","GOREV","","","","","","","","","","","","","","","","","","","","","","","","","","","","6.74","-69.79","-101.98","-2.56","-80.74","91.11","0.000000","0.000000","",""
"06:21:15.014","GOREV","","","","","","","","","","","","","","","","","","","","","","","","","","","","5.16","-69.74","-101.34","-1.66","-80.92","92.18","0.000000","0.000000","",""
"06:21:15.186","GOREV","","","","","","","","","","","","","","","","","","","","","","","","","","","","3.62","-70.01","-101.07","-1.47","-80.73","92.92","0.000000","0.000000","",""
"06:21:15.359","GOREV","","","","","","","","","","","","","","","","","","","","","","","","","","","","2.73","-70.34","-100.97","-1.34","-80.89","93.48","0.000000","0.000000","",""
"06:21:15.519","GOREV","","","","","","","","","","","","","","","","","","","","","","","","","","","","2.70","-70.48","-100.91","-1.39","-80.89","93.91","0.000000","0.000000","",""
"06:21:15.700","GOREV","","","","","","","","","","","","","","","","","","","","","","","","","","","","2.91","-70.79","-100.69","-0.90","-81.06","94.44","0.000000","0.000000","",""
"06:21:15.857","GOREV","","","","","","","","","","","","","","","","","","","","","","","","","","","","3.39","-70.85","-100.35","-1.61","-81.56","95.13","0.000000","0.000000","",""
"06:21:16.048","GOREV","","","","","","","","","","","","","","","","","","","","","","","","","","","","3.69","-70.71","-99.84","-1.46","-81.46","96.03","0.000000","0.000000","",""
"06:21:16.185","GOREV","","","","","","","","","","","","","","","","","","","","","","","","","","","","3.56","-70.62","-99.25","-1.94","-81.47","97.00","0.000000","0.000000","",""
"06:21:16.358","GOREV","","","","","","","","","","","","","","","","","","","","","","","","","","","","3.07","-70.40","-98.90","-1.95","-81.56","97.83","0.000000","0.000000","",""
"06:21:16.524","GOREV","","","","","","","","","","","","","","","","","","","","","","","","","","","","2.54","-70.02","-98.65","-2.15","-80.86","98.66","0.000000","0.000000","",""
"06:21:16.689","GOREV","","","","","","","","","","","","","","","","","","","","","","","","","","","","2.34","-69.65","-98.36","-2.57","-80.83","99.51","0.000000","0.000000","",""
"06:21:16.871","GOREV","","","","","","","","","","","","","","","","","","","","","","","","","","","","2.25","-69.60","-97.90","-3.22","-80.43","100.42","0.000000","0.000000","",""
"06:21:17.036","GOREV","","","","","","","","","","","","","","","","","","","","","","","","","","","","1.81","-69.67","-97.11","-3.47","-80.85","101.52","0.000000","0.000000","",""
"06:21:17.204","GOREV","","","","","","","","","","","","","","","","","","","","","","","","","","","","1.17","-69.69","-96.65","-3.93","-81.20","102.43","0.000000","0.000000","",""
"06:21:17.357","GOREV","","","","","","","","","","","","","","","","","","","","","","","","","","","","0.35","-70.00","-96.06","-3.89","-81.24","103.44","0.000000","0.000000","",""
"06:21:17.525","GOREV","","","","","","","","","","","","","","","","","","","","","","","","","","","","0.90","-70.20","-95.25","-3.57","-82.14","104.59","0.000000","0.000000","",""
"06:21:17.693","GOREV","","","","","","","","","","","","","","","","","","","","","","","","","","","","1.84","-70.51","-94.11","-4.26","-82.26","105.98","0.000000","0.000000","",""
"06:21:17.872","GOREV","","","","","","","","","","","","","","","","","","","","","","","","","","","","1.69","-70.49","-93.44","-5.18","-82.09","106.94","0.000000","0.000000","",""
"06:21:18.033","GOREV","","","","","","","","","","","","","","","","","","","","","","","","","","","","1.52","-70.60","-93.11","-4.32","-82.28","107.62","0.000000","0.000000","",""
"06:21:18.197","GOREV","","","","","","","","","","","","","","","","","","","","","","","","","","","","0.98","-70.52","-92.88","-3.98","-82.18","108.27","0.000000","0.000000","",""
"06:21:18.382","GOREV","","","","","","","","","","","","","","","","","","","","","","","","","","","","0.71","-70.43","-92.95","-3.39","-81.55","108.71","0.000000","0.000000","",""
"06:21:18.552","GOREV","","","","","","","","","","","","","","","","","","","","","","","","","","","","0.92","-70.24","-93.18","-3.34","-81.35","108.99","0.000000","0.000000","",""
"06:21:18.719","GOREV","","","","","","","","","","","","","","","","","","","","","","","","","","","","1.34","-69.95","-93.73","-2.85","-80.73","108.97","0.000000","0.000000","",""
"06:21:18.878","GOREV","","","","","","","","","","","","","","","","","","","","","","","","","","","","2.41","-69.57","-94.38","-2.16","-80.30","108.90","0.000000","0.000000","",""
"06:21:19.040","GOREV","","","","","","","","","","","","","","","","","","","","","","","","","","","","3.39","-69.25","-94.60","-1.13","-79.57","109.20","0.000000","0.000000","",""
"06:21:19.207","GOREV","","","","","","","","","","","","","","","","","","","","","","","","","","","","4.23","-69.18","-94.37","-1.64","-80.09","109.85","0.000000","0.000000","",""
"06:21:19.373","GOREV","","","","","","","","","","","","","","","","","","","","","","","","","","","","4.43","-69.38","-94.14","-1.05","-80.15","110.45","0.000000","0.000000","",""
"06:21:19.543","GOREV","","","","","","","","","","","","","","","","","","","","","","","","","","","","4.30","-69.47","-93.96","-1.60","-80.14","111.02","0.000000","0.000000","",""
"06:21:19.708","GOREV","","","","","","","","","","","","","","","","","","","","","","","","","","","","4.21","-69.62","-94.06","-0.55","-79.85","111.33","0.000000","0.000000","",""
"06:21:19.881","GOREV","","","","","","","","","","","","","","","","","","","","","","","","","","","","4.67","-69.71","-94.14","-0.39","-79.94","111.64","0.000000","0.000000","",""
"06:21:20.045","GOREV","","","","","","","","","","","","","","","","","","","","","","","","","","","","5.70","-69.90","-93.61","-0.32","-79.99","112.49","0.000000","0.000000","",""
"06:21:20.219","GOREV","","","","","","","","","","","","","","","","","","","","","","","","","","","","5.52","-70.21","-92.96","-0.35","-80.27","113.48","0.000000","0.000000","",""
"06:21:20.383","GOREV","","","","","","","","","","","","","","","","","","","","","","","","","","","","4.89","-70.11","-92.60","-0.56","-80.37","114.30","0.000000","0.000000","",""
"06:21:20.554","GOREV","","","","","","","","","","","","","","","","","","","","","","","","","","","","4.46","-70.05","-92.50","-0.28","-79.95","114.84","0.000000","0.000000","",""
"06:21:20.726","GOREV","","","","","","","","","","","","","","","","","","","","","","","","","","","","4.31","-70.09","-92.52","-0.48","-79.97","115.25","0.000000","0.000000","",""
"06:21:20.890","GOREV","","","","","","","","","","","","","","","","","","","","","","","","","","","","4.44","-70.03","-92.37","-0.10","-79.91","115.83","0.000000","0.000000","",""
"06:21:21.053","GOREV","","","","","","","","","","","","","","","","","","","","","","","","","","","","4.86","-69.89","-92.11","-0.28","-79.99","116.52","0.000000","0.000000","",""
"06:21:21.228","GOREV","","","","","","","","","","","","","","","","","","","","","","","","","","","","5.11","-69.94","-91.68","-0.15","-79.98","117.37","0.000000","0.000000","",""
"06:21:21.399","GOREV","","","","","","","","","","","","","","","","","","","","","","","","","","","","5.19","-70.00","-91.26","-1.10","-79.80","118.13","0.000000","0.000000","",""
"06:21:21.558","GOREV","","","","","","","","","","","","","","","","","","","","","","","","","","","","5.11","-69.86","-90.80","-0.55","-79.86","119.00","0.000000","0.000000","",""
"06:21:21.728","GOREV","","","","","","","","","","","","","","","","","","","","","","","","","","","","4.90","-69.73","-90.43","-0.77","-80.29","119.83","0.000000","0.000000","",""
"06:21:21.894","GOREV","","","","","","","","","","","","","","","","","","","","","","","","","","","","4.83","-69.61","-90.13","-0.52","-79.91","120.62","0.000000","0.000000","",""
"06:21:22.065","GOREV","","","","","","","","","","","","","","","","","","","","","","","","","","","","4.51","-69.60","-89.83","-0.98","-79.91","121.34","0.000000","0.000000","",""
"06:21:22.243","GOREV","","","","","","","","","","","","","","","","","","","","","","","","","","","","4.36","-69.65","-89.48","-0.93","-79.45","122.16","0.000000","0.000000","",""
"06:21:22.402","GOREV","","","","","","","","","","","","","","","","","","","","","","","","","","","","4.40","-69.67","-89.06","-0.96","-79.72","122.98","0.000000","0.000000","",""
"06:21:22.570","GOREV","","","","","","","","","","","","","","","","","","","","","","","","","","","","4.44","-69.46","-88.64","-1.27","-79.69","123.85","0.000000","0.000000","",""
"06:21:22.741","GOREV","","","","","","","","","","","","","","","","","","","","","","","","","","","","4.76","-69.34","-88.24","-1.14","-80.23","124.68","0.000000","0.000000","",""
"06:21:22.908","GOREV","","","","","","","","","","","","","","","","","","","","","","","","","","","","4.61","-69.24","-88.07","-0.88","-79.57","125.30","0.000000","0.000000","",""
"06:21:23.081","GOREV","","","","","","","","","","","","","","","","","","","","","","","","","","","","4.64","-69.11","-88.04","-0.59","-79.45","125.81","0.000000","0.000000","",""
"06:21:23.237","GOREV","","","","","","","","","","","","","","","","","","","","","","","","","","","","4.90","-68.95","-87.87","-1.07","-78.88","126.44","0.000000","0.000000","",""
"06:21:23.411","GOREV","","","","","","","","","","","","","","","","","","","","","","","","","","","","5.13","-69.80","-87.58","0.06","-79.80","126.84","0.000000","0.000000","",""
"06:21:23.573","GOREV","","","","","","","","","","","","","","","","","","","","","","","","","","","","5.94","-71.48","-87.52","1.93","-82.15","126.79","0.000000","0.000000","",""
"06:21:23.749","GOREV","","","","","","","","","","","","","","","","","","","","","","","","","","","","7.03","-72.93","-86.95","0.68","-82.99","127.32","0.000000","0.000000","",""
"06:21:23.907","GOREV","","","","","","","","","","","","","","","","","","","","","","","","","","","","6.66","-72.88","-86.25","2.22","-81.63","128.35","0.000000","0.000000","",""
"06:21:24.084","GOREV","","","","","","","","","","","","","","","","","","","","","","","","","","","","7.77","-71.75","-85.75","3.07","-81.51","129.61","0.000000","0.000000","",""
"06:21:24.246","GOREV","","","","","","","","","","","","","","","","","","","","","","","","","","","","9.71","-70.26","-85.15","3.17","-79.25","131.17","0.000000","0.000000","",""
"06:21:24.414","GOREV","","","","","","","","","","","","","","","","","","","","","","","","","","","","9.50","-67.71","-85.17","-2.36","-77.94","132.21","0.000000","0.000000","",""
"06:21:24.576","GOREV","","","","","","","","","","","","","","","","","","","","","","","","","","","","6.16","-66.20","-85.38","-3.79","-76.71","132.23","0.000000","0.000000","",""
"06:21:24.765","GOREV","","","","","","","","","","","","","","","","","","","","","","","","","","","","4.48","-65.78","-86.24","58.75","-23.10","132.66","0.000000","0.000000","",""
"06:21:24.917","GOREV","","","","","","","","","","","","","","","","","","","","","","","","","","","","-0.03","-62.97","-84.54","-3.78","-73.55","135.56","0.000000","0.000000","",""
"06:21:25.090","GOREV","","","","","","","","","","","","","","","","","","","","","","","","","","","","0.18","-61.84","-83.04","-4.70","-71.54","137.66","0.000000","0.000000","",""
"06:21:25.252","GOREV","","","","","","","","","","","","","","","","","","","","","","","","","","","","1.49","-61.68","-82.44","-5.41","-72.30","138.25","0.000000","0.000000","",""
"06:21:25.416","GOREV","","","","","","","","","","","","","","","","","","","","","","","","","","","","3.50","-61.15","-83.07","-3.38","-70.02","137.44","0.000000","0.000000","",""
"06:21:25.592","GOREV","","","","","","","","","","","","","","","","","","","","","","","","","","","","6.84","-63.09","-84.85","0.78","-80.24","135.67","0.000000","0.000000","",""
"06:21:25.760","GOREV","","","","","","","","","","","","","","","","","","","","","","","","","","","","10.55","-66.51","-85.54","4.28","-81.18","135.15","0.000000","0.000000","",""
"06:21:25.919","GOREV","","","","","","","","","","","","","","","","","","","","","","","","","","","","12.89","-70.19","-83.88","2.62","-82.66","136.70","0.000000","0.000000","",""
"06:21:26.086","GOREV","","","","","","","","","","","","","","","","","","","","","","","","","","","","11.00","-73.25","-81.91","2.57","-83.35","138.49","0.000000","0.000000","",""
"06:21:26.256","GOREV","","","","","","","","","","","","","","","","","","","","","","","","","","","","8.64","-71.78","-80.56","3.32","-82.40","140.40","0.000000","0.000000","",""
"06:21:26.422","GOREV","","","","","","","","","","","","","","","","","","","","","","","","","","","","6.17","-71.86","-79.44","1.95","-79.95","141.92","0.000000","0.000000","",""
"06:21:26.599","GOREV","","","","","","","","","","","","","","","","","","","","","","","","","","","","5.20","-71.68","-79.02","1.68","-79.85","142.66","0.000000","0.000000","",""
"06:21:26.757","GOREV","","","","","","","","","","","","","","","","","","","","","","","","","","","","4.47","-71.87","-78.95","1.52","-80.60","142.96","0.000000","0.000000","",""
"06:21:26.925","GOREV","","","","","","","","","","","","","","","","","","","","","","","","","","","","4.42","-72.16","-79.13","2.10","-81.16","142.97","0.000000","0.000000","",""
"06:21:27.110","GOREV","","","","","","","","","","","","","","","","","","","","","","","","","","","","4.84","-72.35","-79.33","2.10","-81.71","142.98","0.000000","0.000000","",""
"06:21:27.265","GOREV","","","","","","","","","","","","","","","","","","","","","","","","","","","","5.55","-72.12","-79.28","2.30","-81.76","143.40","0.000000","0.000000","",""
"06:21:27.430","GOREV","","","","","","","","","","","","","","","","","","","","","","","","","","","","6.37","-71.63","-79.07","2.78","-81.33","144.12","0.000000","0.000000","",""
"06:21:27.598","GOREV","","","","","","","","","","","","","","","","","","","","","","","","","","","","7.32","-71.00","-78.74","2.75","-81.09","145.00","0.000000","0.000000","",""
"06:21:27.764","GOREV","","","","","","","","","","","","","","","","","","","","","","","","","","","","7.81","-70.63","-78.06","2.36","-81.11","146.17","0.000000","0.000000","",""
"06:21:27.928","GOREV","","","","","","","","","","","","","","","","","","","","","","","","","","","","7.76","-70.52","-77.16","1.76","-80.85","147.46","0.000000","0.000000","",""
"06:21:28.108","GOREV","","","","","","","","","","","","","","","","","","","","","","","","","","","","6.96","-70.92","-76.24","1.32","-81.44","148.68","0.000000","0.000000","",""
"06:21:28.261","GOREV","","","","","","","","","","","","","","","","","","","","","","","","","","","","5.82","-71.84","-75.69","1.21","-81.84","149.40","0.000000","0.000000","",""
"06:21:28.471","GOREV","","","","","","","","","","","","","","","","","","","","","","","","","","","","4.53","-72.94","-75.51","1.16","-83.16","149.62","0.000000","0.000000","",""
"06:21:28.595","GOREV","","","","","","","","","","","","","","","","","","","","","","","","","","","","3.47","-73.58","-75.18","1.62","-83.81","150.12","0.000000","0.000000","",""
"06:21:28.761","GOREV","","","","","","","","","","","","","","","","","","","","","","","","","","","","3.35","-73.68","-74.42","1.51","-84.19","151.27","0.000000","0.000000","",""
"06:21:28.940","GOREV","","","","","","","","","","","","","","","","","","","","","","","","","","","","4.02","-73.18","-73.54","0.30","-84.37","152.70","0.000000","0.000000","",""
"06:21:29.099","GOREV","","","","","","","","","","","","","","","","","","","","","","","","","","","","4.43","-72.49","-72.89","0.41","-83.60","153.98","0.000000","0.000000","",""
"06:21:29.262","GOREV","","","","","","","","","","","","","","","","","","","","","","","","","","","","4.98","-71.97","-72.31","-0.58","-82.92","155.18","0.000000","0.000000","",""
"06:21:29.430","GOREV","","","","","","","","","","","","","","","","","","","","","","","","","","","","4.80","-71.91","-72.25","-0.46","-82.81","155.68","0.000000","0.000000","",""
"06:21:29.607","GOREV","","","","","","","","","","","","","","","","","","","","","","","","","","","","4.60","-72.09","-72.56","-0.10","-82.45","155.76","0.000000","0.000000","",""
"06:21:29.767","GOREV","","","","","","","","","","","","","","","","","","","","","","","","","","","","4.78","-71.98","-72.98","0.70","-82.64","155.76","0.000000","0.000000","",""
"06:21:29.951","GOREV","","","","","","","","","","","","","","","","","","","","","","","","","","","","5.29","-71.97","-73.24","1.90","-82.74","155.94","0.000000","0.000000","",""
"06:21:30.106","GOREV","","","","","","","","","","","","","","","","","","","","","","","","","","","","5.94","-71.79","-73.39","1.22","-82.22","156.29","0.000000","0.000000","",""
"06:21:30.278","GOREV","","","","","","","","","","","","","","","","","","","","","","","","","","","","5.77","-71.27","-72.63","2.45","-81.32","157.57","0.000000","0.000000","",""
"06:21:30.435","GOREV","","","","","","","","","","","","","","","","","","","","","","","","","","","","6.76","-71.40","-72.09","1.12","-82.07","158.43","0.000000","0.000000","",""
"06:21:30.606","GOREV","","","","","","","","","","","","","","","","","","","","","","","","","","","","7.17","-71.54","-72.10","1.41","-81.88","158.73","0.000000","0.000000","",""
"06:21:30.770","GOREV","","","","","","","","","","","","","","","","","","","","","","","","","","","","7.34","-71.26","-72.06","1.49","-81.81","159.20","0.000000","0.000000","",""
"06:21:30.937","GOREV","","","","","","","","","","","","","","","","","","","","","","","","","","","","6.95","-71.15","-71.60","1.56","-81.39","160.12","0.000000","0.000000","",""
"06:21:31.109","GOREV","","","","","","","","","","","","","","","","","","","","","","","","","","","","6.56","-71.00","-71.02","1.55","-81.18","161.15","0.000000","0.000000","",""
"06:21:31.277","GOREV","","","","","","","","","","","","","","","","","","","","","","","","","","","","6.18","-70.95","-70.57","1.19","-81.02","162.04","0.000000","0.000000","",""
"06:21:31.449","GOREV","","","","","","","","","","","","","","","","","","","","","","","","","","","","6.13","-70.87","-70.30","1.35","-81.17","162.72","0.000000","0.000000","",""
"06:21:31.605","GOREV","","","","","","","","","","","","","","","","","","","","","","","","","","","","6.18","-70.66","-70.17","1.09","-80.89","163.29","0.000000","0.000000","",""
"06:21:31.771","GOREV","","","","","","","","","","","","","","","","","","","","","","","","","","","","5.71","-70.60","-69.76","1.26","-81.02","164.13","0.000000","0.000000","",""
"06:21:31.940","GOREV","","","","","","","","","","","","","","","","","","","","","","","","","","","","4.57","-70.68","-69.10","0.37","-80.99","165.17","0.000000","0.000000","",""
"06:21:32.111","GOREV","","","","","","","","","","","","","","","","","","","","","","","","","","","","3.44","-70.97","-68.58","0.59","-81.38","166.06","0.000000","0.000000","",""
"06:21:32.272","GOREV","","","","","","","","","","","","","","","","","","","","","","","","","","","","3.00","-70.96","-68.53","0.33","-81.25","166.59","0.000000","0.000000","",""
"06:21:32.456","GOREV","","","","","","","","","","","","","","","","","","","","","","","","","","","","3.74","-70.75","-68.51","1.01","-81.45","167.13","0.000000","0.000000","",""
"06:21:32.610","GOREV","","","","","","","","","","","","","","","","","","","","","","","","","","","","5.26","-70.67","-68.22","0.23","-81.68","167.82","0.000000","0.000000","",""
"06:21:32.776","GOREV","","","","","","","","","","","","","","","","","","","","","","","","","","","","6.42","-70.58","-67.67","-0.07","-81.29","168.72","0.000000","0.000000","",""
"06:21:32.941","GOREV","","","","","","","","","","","","","","","","","","","","","","","","","","","","6.43","-70.62","-66.79","-0.13","-81.53","169.92","0.000000","0.000000","",""
"06:21:33.125","GOREV","","","","","","","","","","","","","","","","","","","","","","","","","","","","6.06","-70.89","-65.96","0.06","-82.09","171.02","0.000000","0.000000","",""
"06:21:33.276","GOREV","","","","","","","","","","","","","","","","","","","","","","","","","","","","5.87","-71.09","-65.65","-0.08","-81.86","171.67","0.000000","0.000000","",""
"06:21:33.443","GOREV","","","","","","","","","","","","","","","","","","","","","","","","","","","","5.93","-71.09","-65.67","0.21","-81.50","172.05","0.000000","0.000000","",""
"06:21:33.623","GOREV","","","","","","","","","","","","","","","","","","","","","","","","","","","","5.78","-70.85","-65.48","0.00","-81.36","172.69","0.000000","0.000000","",""
"06:21:33.775","GOREV","","","","","","","","","","","","","","","","","","","","","","","","","","","","5.14","-70.81","-65.12","0.31","-81.41","173.52","0.000000","0.000000","",""
"06:21:33.949","GOREV","","","","","","","","","","","","","","","","","","","","","","","","","","","","4.40","-70.91","-64.94","-0.33","-81.87","174.09","0.000000","0.000000","",""
"06:21:34.114","GOREV","","","","","","","","","","","","","","","","","","","","","","","","","","","","4.92","-71.15","-64.87","0.15","-80.72","174.51","0.000000","0.000000","",""
"06:21:34.282","GOREV","","","","","","","","","","","","","","","","","","","","","","","","","","","","4.71","-70.68","-64.79","-0.17","-81.36","175.06","0.000000","0.000000","",""
"06:21:34.457","GOREV","","","","","","","","","","","","","","","","","","","","","","","","","","","","5.01","-70.47","-64.60","0.87","-80.79","175.66","0.000000","0.000000","",""
"06:21:34.619","GOREV","","","","","","","","","","","","","","","","","","","","","","","","","","","","5.19","-70.65","-64.35","0.84","-80.76","176.30","0.000000","0.000000","",""
"06:21:34.786","GOREV","","","","","","","","","","","","","","","","","","","","","","","","","","","","5.50","-70.83","-64.10","1.14","-81.17","176.91","0.000000","0.000000","",""
"06:21:34.973","GOREV","","","","","","","","","","","","","","","","","","","","","","","","","","","","5.49","-70.91","-63.85","0.19","-81.56","177.49","0.000000","0.000000","",""
"06:21:35.114","GOREV","","","","","","","","","","","","","","","","","","","","","","","","","","","","5.77","-70.75","-63.37","0.98","-81.64","178.38","0.000000","0.000000","",""
"06:21:35.335","GOREV","","","","","","","","","","","","","","","","","","","","","","","","","","","","5.63","-70.62","-62.48","0.80","-81.34","179.74","0.000000","0.000000","",""
"06:21:35.476","GOREV","","","","","","","","","","","","","","","","","","","","","","","","","","","","5.66","-70.08","-61.67","-0.68","-81.10","-178.91","0.000000","0.000000","",""
"06:21:35.617","GOREV","","","","","","","","","","","","","","","","","","","","","","","","","","","","5.00","-69.99","-61.07","-0.45","-80.70","-177.83","0.000000","0.000000","",""
"06:21:35.817","GOREV","","","","","","","","","","","","","","","","","","","","","","","","","","","","4.65","-70.01","-60.56","-1.16","-80.91","-176.92","0.000000","0.000000","",""
"06:21:35.962","GOREV","","","","","","","","","","","","","","","","","","","","","","","","","","","","4.26","-70.31","-60.13","-1.29","-81.06","-176.21","0.000000","0.000000","",""
"06:21:36.121","GOREV","","","","","","","","","","","","","","","","","","","","","","","","","","","","4.17","-70.46","-59.96","-0.67","-81.53","-175.70","0.000000","0.000000","",""
"06:21:36.301","GOREV","","","","","","","","","","","","","","","","","","","","","","","","","","","","4.25","-70.50","-60.38","-0.14","-80.84","-175.69","0.000000","0.000000","",""
"06:21:36.466","GOREV","","","","","","","","","","","","","","","","","","","","","","","","","","","","4.63","-70.43","-60.81","0.37","-80.82","-175.66","0.000000","0.000000","",""
"06:21:36.630","GOREV","","","","","","","","","","","","","","","","","","","","","","","","","","","","5.15","-70.49","-60.93","0.88","-80.67","-175.37","0.000000","0.000000","",""
"06:21:36.797","GOREV","","","","","","","","","","","","","","","","","","","","","","","","","","","","5.76","-70.58","-60.85","1.48","-80.54","-174.87","0.000000","0.000000","",""
"06:21:36.967","GOREV","","","","","","","","","","","","","","","","","","","","","","","","","","","","6.33","-70.57","-60.58","1.44","-80.81","-174.21","0.000000","0.000000","",""
"06:21:37.135","GOREV","","","","","","","","","","","","","","","","","","","","","","","","","","","","6.77","-70.40","-60.21","1.16","-80.27","-173.39","0.000000","0.000000","",""
"06:21:37.335","GOREV","","","","","","","","","","","","","","","","","","","","","","","","","","","","7.14","-70.08","-59.61","1.16","-80.22","-172.34","0.000000","0.000000","",""
"06:21:37.468","GOREV","","","","","","","","","","","","","","","","","","","","","","","","","","","","7.32","-69.88","-58.91","0.98","-80.51","-171.22","0.000000","0.000000","",""
"06:21:37.634","GOREV","","","","","","","","","","","","","","","","","","","","","","","","","","","","6.93","-69.97","-58.33","0.77","-80.74","-170.28","0.000000","0.000000","",""
"06:21:37.803","GOREV","","","","","","","","","","","","","","","","","","","","","","","","","","","","6.31","-70.25","-57.83","0.36","-80.69","-169.43","0.000000","0.000000","",""
"06:21:38.012","GOREV","","","","","","","","","","","","","","","","","","","","","","","","","","","","5.74","-70.38","-57.40","0.36","-80.82","-168.66","0.000000","0.000000","",""
"06:21:38.151","GOREV","","","","","","","","","","","","","","","","","","","","","","","","","","","","5.30","-70.30","-57.17","0.57","-80.76","-168.01","0.000000","0.000000","",""
"06:21:38.321","GOREV","","","","","","","","","","","","","","","","","","","","","","","","","","","","5.18","-70.30","-57.01","0.53","-80.62","-167.45","0.000000","0.000000","",""
"06:21:38.478","GOREV","","","","","","","","","","","","","","","","","","","","","","","","","","","","5.27","-70.30","-56.88","0.50","-81.10","-166.91","0.000000","0.000000","",""
"06:21:38.643","GOREV","","","","","","","","","","","","","","","","","","","","","","","","","","","","5.71","-70.16","-56.89","-0.17","-80.74","-166.55","0.000000","0.000000","",""
"06:21:38.817","GOREV","","","","","","","","","","","","","","","","","","","","","","","","","","","","5.41","-70.30","-56.23","1.97","-80.92","-165.53","0.000000","0.000000","",""
"06:21:38.985","GOREV","","","","","","","","","","","","","","","","","","","","","","","","","","","","4.93","-70.28","-55.30","1.45","-80.43","-164.16","0.000000","0.000000","",""
"06:21:39.161","GOREV","","","","","","","","","","","","","","","","","","","","","","","","","","","","5.37","-70.58","-54.44","0.01","-82.12","-163.01","0.000000","0.000000","",""
"06:21:39.315","GOREV","","","","","","","","","","","","","","","","","","","","","","","","","","","","4.69","-70.52","-54.22","-0.27","-80.75","-162.36","0.000000","0.000000","",""
"06:21:39.486","GOREV","","","","","","","","","","","","","","","","","","","","","","","","","","","","5.32","-70.06","-54.06","-0.06","-80.64","-161.79","0.000000","0.000000","",""
"06:21:39.654","GOREV","","","","","","","","","","","","","","","","","","","","","","","","","","","","4.86","-70.01","-53.59","-0.62","-81.65","-160.97","0.000000","0.000000","",""
"06:21:39.842","GOREV","","","","","","","","","","","","","","","","","","","","","","","","","","","","4.72","-70.32","-53.08","-0.32","-81.19","-160.11","0.000000","0.000000","",""
"06:21:39.988","GOREV","","","","","","","","","","","","","","","","","","","","","","","","","","","","4.63","-70.26","-53.04","0.08","-81.12","-159.65","0.000000","0.000000","",""
"06:21:40.160","GOREV","","","","","","","","","","","","","","","","","","","","","","","","","","","","4.81","-70.41","-52.73","0.13","-81.27","-158.96","0.000000","0.000000","",""
"06:21:40.353","GOREV","","","","","","","","","","","","","","","","","","","","","","","","","","","","4.72","-70.63","-52.24","0.05","-81.42","-158.16","0.000000","0.000000","",""
"06:21:40.492","GOREV","","","","","","","","","","","","","","","","","","","","","","","","","","","","5.06","-71.05","-51.92","-0.34","-82.15","-157.60","0.000000","0.000000","",""
"06:21:40.686","GOREV","","","","","","","","","","","","","","","","","","","","","","","","","","","","5.36","-71.15","-51.43","0.00","-81.86","-156.77","0.000000","0.000000","",""
"06:21:40.837","GOREV","","","","","","","","","","","","","","","","","","","","","","","","","","","","5.40","-71.14","-50.78","-0.63","-81.93","-155.77","0.000000","0.000000","",""
"06:21:40.999","GOREV","","","","","","","","","","","","","","","","","","","","","","","","","","","","4.93","-71.28","-50.03","-0.44","-81.91","-154.66","0.000000","0.000000","",""
"06:21:41.173","GOREV","","","","","","","","","","","","","","","","","","","","","","","","","","","","4.26","-71.51","-49.28","-0.41","-82.41","-153.60","0.000000","0.000000","",""
"06:21:41.337","GOREV","","","","","","","","","","","","","","","","","","","","","","","","","","","","3.71","-71.84","-48.71","-0.81","-82.55","-152.75","0.000000","0.000000","",""
"06:21:41.511","GOREV","","","","","","","","","","","","","","","","","","","","","","","","","","","","3.13","-72.14","-48.37","-0.78","-82.84","-152.11","0.000000","0.000000","",""
"06:21:41.667","GOREV","","","","","","","","","","","","","","","","","","","","","","","","","","","","2.99","-72.21","-48.24","-0.74","-82.92","-151.62","0.000000","0.000000","",""
"06:21:41.837","GOREV","","","","","","","","","","","","","","","","","","","","","","","","","","","","3.19","-72.18","-48.25","-0.22","-82.96","-151.18","0.000000","0.000000","",""
"06:21:42.008","GOREV","","","","","","","","","","","","","","","","","","","","","","","","","","","","3.53","-72.04","-48.18","-0.55","-83.05","-150.65","0.000000","0.000000","",""
"06:21:42.176","GOREV","","","","","","","","","","","","","","","","","","","","","","","","","","","","3.95","-71.90","-47.87","-0.18","-82.56","-149.90","0.000000","0.000000","",""
"06:21:42.360","GOREV","","","","","","","","","","","","","","","","","","","","","","","","","","","","4.21","-71.83","-47.46","-0.72","-82.71","-149.08","0.000000","0.000000","",""
"06:21:42.509","GOREV","","","","","","","","","","","","","","","","","","","","","","","","","","","","4.22","-71.68","-47.17","-0.51","-82.89","-148.38","0.000000","0.000000","",""
"06:21:42.685","GOREV","","","","","","","","","","","","","","","","","","","","","","","","","","","","4.15","-71.66","-47.04","0.02","-82.88","-147.82","0.000000","0.000000","",""
"06:21:42.846","GOREV","","","","","","","","","","","","","","","","","","","","","","","","","","","","4.23","-71.72","-46.73","-0.65","-82.50","-147.11","0.000000","0.000000","",""
"06:21:43.025","GOREV","","","","","","","","","","","","","","","","","","","","","","","","","","","","4.25","-71.76","-46.42","-0.31","-82.41","-146.42","0.000000","0.000000","",""
"06:21:43.192","GOREV","","","","","","","","","","","","","","","","","","","","","","","","","","","","4.13","-71.85","-46.21","-0.33","-82.63","-145.81","0.000000","0.000000","",""
"06:21:43.350","GOREV","","","","","","","","","","","","","","","","","","","","","","","","","","","","4.26","-71.90","-46.02","0.02","-83.04","-145.20","0.000000","0.000000","",""
"06:21:43.524","GOREV","","","","","","","","","","","","","","","","","","","","","","","","","","","","4.52","-71.97","-45.72","-0.28","-83.02","-144.52","0.000000","0.000000","",""
"06:21:43.692","GOREV","","","","","","","","","","","","","","","","","","","","","","","","","","","","4.59","-71.86","-45.39","0.08","-83.19","-143.77","0.000000","0.000000","",""
"06:21:43.853","GOREV","","","","","","","","","","","","","","","","","","","","","","","","","","","","4.43","-71.77","-44.89","-0.15","-81.92","-142.85","0.000000","0.000000","",""
"06:21:44.026","GOREV","","","","","","","","","","","","","","","","","","","","","","","","","","","","4.33","-71.98","-44.56","-0.39","-82.87","-142.15","0.000000","0.000000","",""
"06:21:44.194","GOREV","","","","","","","","","","","","","","","","","","","","","","","","","","","","4.59","-71.94","-44.62","-0.06","-83.45","-141.80","0.000000","0.000000","",""
"06:21:44.359","GOREV","","","","","","","","","","","","","","","","","","","","","","","","","","","","4.67","-71.82","-44.52","0.21","-82.03","-141.26","0.000000","0.000000","",""
"06:21:44.525","GOREV","","","","","","","","","","","","","","","","","","","","","","","","","","","","4.75","-71.86","-44.37","0.60","-82.46","-140.67","0.000000","0.000000","",""
"06:21:44.698","GOREV","","","","","","","","","","","","","","","","","","","","","","","","","","","","5.00","-71.75","-44.18","0.48","-82.43","-140.05","0.000000","0.000000","",""
"06:21:44.869","GOREV","","","","","","","","","","","","","","","","","","","","","","","","","","","","5.16","-71.52","-44.01","0.64","-81.88","-139.43","0.000000","0.000000","",""
"06:21:45.034","GOREV","","","","","","","","","","","","","","","","","","","","","","","","","","","","5.48","-71.38","-43.66","0.26","-81.98","-138.67","0.000000","0.000000","",""
"06:21:45.203","GOREV","","","","","","","","","","","","","","","","","","","","","","","","","","","","5.52","-71.12","-43.33","0.12","-81.82","-137.93","0.000000","0.000000","",""
"06:21:45.384","GOREV","","","","","","","","","","","","","","","","","","","","","","","","","","","","5.30","-71.20","-43.06","0.57","-82.23","-137.25","0.000000","0.000000","",""
"06:21:45.540","GOREV","","","","","","","","","","","","","","","","","","","","","","","","","","","","5.08","-71.44","-43.02","0.82","-82.46","-136.80","0.000000","0.000000","",""
"06:21:45.708","GOREV","","","","","","","","","","","","","","","","","","","","","","","","","","","","5.29","-71.61","-42.75","0.64","-81.93","-136.15","0.000000","0.000000","",""
"06:21:45.871","GOREV","","","","","","","","","","","","","","","","","","","","","","","","","","","","5.51","-71.49","-42.26","0.38","-82.36","-135.28","0.000000","0.000000","",""
"06:21:46.044","GOREV","","","","","","","","","","","","","","","","","","","","","","","","","","","","5.50","-71.48","-41.87","0.53","-82.10","-134.49","0.000000","0.000000","",""
"06:21:46.207","GOREV","","","","","","","","","","","","","","","","","","","","","","","","","","","","5.38","-71.40","-41.55","0.78","-82.47","-133.74","0.000000","0.000000","",""
"06:21:46.375","GOREV","","","","","","","","","","","","","","","","","","","","","","","","","","","","5.21","-71.50","-41.23","0.33","-82.16","-133.04","0.000000","0.000000","",""
"06:21:46.546","GOREV","","","","","","","","","","","","","","","","","","","","","","","","","","","","5.23","-71.58","-40.93","0.42","-82.13","-132.38","0.000000","0.000000","",""
"06:21:46.710","GOREV","","","","","","","","","","","","","","","","","","","","","","","","","","","","5.23","-71.63","-40.67","0.48","-81.92","-131.75","0.000000","0.000000","",""
"06:21:46.910","GOREV","","","","","","","","","","","","","","","","","","","","","","","","","","","","5.26","-71.67","-40.41","0.69","-82.11","-131.10","0.000000","0.000000","",""
"06:21:47.046","GOREV","","","","","","","","","","","","","","","","","","","","","","","","","","","","5.33","-71.69","-40.09","0.63","-81.99","-130.40","0.000000","0.000000","",""
"06:21:47.216","GOREV","","","","","","","","","","","","","","","","","","","","","","","","","","","","5.44","-71.65","-39.76","0.54","-82.28","-129.67","0.000000","0.000000","",""
"06:21:47.428","GOREV","","","","","","","","","","","","","","","","","","","","","","","","","","","","5.38","-71.63","-39.47","0.52","-82.03","-128.97","0.000000","0.000000","",""
"06:21:47.551","GOREV","","","","","","","","","","","","","","","","","","","","","","","","","","","","5.28","-71.65","-39.23","0.34","-82.04","-128.33","0.000000","0.000000","",""
"06:21:47.721","GOREV","","","","","","","","","","","","","","","","","","","","","","","","","","","","5.35","-71.68","-38.94","0.73","-82.22","-127.65","0.000000","0.000000","",""
"06:21:47.886","GOREV","","","","","","","","","","","","","","","","","","","","","","","","","","","","5.40","-71.64","-38.65","0.71","-82.05","-126.96","0.000000","0.000000","",""
"06:21:48.054","GOREV","","","","","","","","","","","","","","","","","","","","","","","","","","","","5.50","-71.58","-38.37","0.83","-82.37","-126.27","0.000000","0.000000","",""
"06:21:48.230","GOREV","","","","","","","","","","","","","","","","","","","","","","","","","","","","5.54","-71.47","-38.08","0.77","-82.07","-125.55","0.000000","0.000000","",""
"06:21:48.391","GOREV","","","","","","","","","","","","","","","","","","","","","","","","","","","","5.54","-71.48","-37.74","0.63","-82.31","-124.80","0.000000","0.000000","",""
"06:21:48.569","GOREV","","","","","","","","","","","","","","","","","","","","","","","","","","","","5.52","-71.41","-37.49","0.39","-82.05","-124.14","0.000000","0.000000","",""
"06:21:48.727","GOREV","","","","","","","","","","","","","","","","","","","","","","","","","","","","5.99","-71.19","-37.15","1.09","-81.92","-123.35","0.000000","0.000000","",""
"06:21:48.900","GOREV","","","","","","","","","","","","","","","","","","","","","","","","","","","","6.09","-70.79","-36.36","0.53","-81.25","-122.10","0.000000","0.000000","",""
"06:21:49.066","GOREV","","","","","","","","","","","","","","","","","","","","","","","","","","","","5.85","-70.53","-35.57","-0.18","-81.48","-120.86","0.000000","0.000000","",""
"06:21:49.233","GOREV","","","","","","","","","","","","","","","","","","","","","","","","","","","","5.11","-70.55","-35.08","-0.14","-81.14","-119.98","0.000000","0.000000","",""
"06:21:49.404","GOREV","","","","","","","","","","","","","","","","","","","","","","","","","","","","4.57","-70.54","-34.75","-0.14","-81.69","-119.21","0.000000","0.000000","",""
"06:21:49.572","GOREV","","","","","","","","","","","","","","","","","","","","","","","","","","","","4.29","-70.46","-34.38","-0.56","-81.50","-118.41","0.000000","0.000000","",""
"06:21:49.740","GOREV","","","","","","","","","","","","","","","","","","","","","","","","","","","","4.35","-70.68","-34.08","-0.37","-81.31","-117.76","0.000000","0.000000","",""
"06:21:49.909","GOREV","","","","","","","","","","","","","","","","","","","","","","","","","","","","4.59","-70.59","-33.75","-0.61","-81.49","-117.03","0.000000","0.000000","",""
"06:21:50.074","GOREV","","","","","","","","","","","","","","","","","","","","","","","","","","","","4.85","-70.37","-33.49","-0.41","-81.23","-116.32","0.000000","0.000000","",""
"06:21:50.239","GOREV","","","","","","","","","","","","","","","","","","","","","","","","","","","","4.94","-70.30","-33.21","0.08","-81.04","-115.61","0.000000","0.000000","",""
"06:21:50.419","GOREV","","","","","","","","","","","","","","","","","","","","","","","","","","","","5.19","-70.17","-32.69","0.04","-80.71","-114.68","0.000000","0.000000","",""
"06:21:50.592","GOREV","","","","","","","","","","","","","","","","","","","","","","","","","","","","6.03","-69.74","-31.16","-0.69","-80.39","-112.71","0.000000","0.000000","",""
"06:21:50.742","GOREV","","","","","","","","","","","","","","","","","","","","","","","","","","","","6.11","-69.44","-28.93","-2.60","-80.90","-110.17","0.000000","0.000000","",""
"06:21:50.912","GOREV","","","","","","","","","","","","","","","","","","","","","","","","","","","","5.29","-69.45","-26.88","-2.85","-81.59","-108.01","0.000000","0.000000","",""
"06:21:51.078","GOREV","","","","","","","","","","","","","","","","","","","","","","","","","","","","4.34","-70.08","-25.11","-5.07","-81.81","-106.31","0.000000","0.000000","",""
"06:21:51.248","GOREV","","","","","","","","","","","","","","","","","","","","","","","","","","","","2.40","-70.47","-23.34","-4.50","-83.13","-104.58","0.000000","0.000000","",""
"06:21:51.427","GOREV","","","","","","","","","","","","","","","","","","","","","","","","","","","","1.13","-70.61","-21.85","-5.33","-83.08","-102.86","0.000000","0.000000","",""
"06:21:51.582","GOREV","","","","","","","","","","","","","","","","","","","","","","","","","","","","0.94","-70.23","-20.28","-6.05","-82.69","-101.12","0.000000","0.000000","",""
"06:21:51.746","GOREV","","","","","","","","","","","","","","","","","","","","","","","","","","","","-1.45","-69.95","-19.40","-6.65","-83.80","-99.94","0.000000","0.000000","",""
"06:21:51.916","GOREV","","","","","","","","","","","","","","","","","","","","","","","","","","","","-3.95","-70.05","-20.03","-5.88","-82.29","-100.07","0.000000","0.000000","",""
"06:21:52.084","GOREV","","","","","","","","","","","","","","","","","","","","","","","","","","","","-5.55","-70.44","-21.71","-4.01","-82.67","-101.22","0.000000","0.000000","",""
"06:21:52.282","GOREV","","","","","","","","","","","","","","","","","","","","","","","","","","","","-5.40","-70.88","-23.71","-2.72","-82.06","-102.67","0.000000","0.000000","",""
"06:21:52.429","GOREV","","","","","","","","","","","","","","","","","","","","","","","","","","","","-3.66","-70.56","-25.24","-1.09","-81.90","-103.56","0.000000","0.000000","",""
"06:21:52.587","GOREV","","","","","","","","","","","","","","","","","","","","","","","","","","","","-1.28","-70.89","-26.35","-0.93","-82.69","-104.09","0.000000","0.000000","",""
"06:21:52.789","GOREV","","","","","","","","","","","","","","","","","","","","","","","","","","","","-0.59","-70.54","-27.91","-0.11","-81.18","-104.82","0.000000","0.000000","",""
"06:21:52.926","GOREV","","","","","","","","","","","","","","","","","","","","","","","","","","","","3.40","-69.95","-28.01","0.54","-81.66","-104.33","0.000000","0.000000","",""
"06:21:53.095","GOREV","","","","","","","","","","","","","","","","","","","","","","","","","","","","6.14","-70.00","-27.34","-0.07","-81.58","-103.21","0.000000","0.000000","",""
"06:21:53.267","GOREV","","","","","","","","","","","","","","","","","","","","","","","","","","","","6.80","-69.96","-26.67","-0.51","-81.40","-102.13","0.000000","0.000000","",""
"06:21:53.432","GOREV","","","","","","","","","","","","","","","","","","","","","","","","","","","","7.08","-69.82","-26.03","-1.40","-81.99","-101.11","0.000000","0.000000","",""
"06:21:53.599","GOREV","","","","","","","","","","","","","","","","","","","","","","","","","","","","6.53","-69.92","-25.52","-1.47","-81.49","-100.22","0.000000","0.000000","",""
"06:21:53.766","GOREV","","","","","","","","","","","","","","","","","","","","","","","","","","","","5.64","-69.73","-25.21","-1.35","-81.58","-99.49","0.000000","0.000000","",""
"06:21:53.934","GOREV","","","","","","","","","","","","","","","","","","","","","","","","","","","","4.92","-69.77","-24.87","-1.30","-81.18","-98.74","0.000000","0.000000","",""
"06:21:54.110","GOREV","","","","","","","","","","","","","","","","","","","","","","","","","","","","4.45","-69.73","-24.56","-1.94","-81.41","-98.03","0.000000","0.000000","",""
"06:21:54.268","GOREV","","","","","","","","","","","","","","","","","","","","","","","","","","","","4.30","-69.61","-24.11","-1.82","-81.02","-97.22","0.000000","0.000000","",""
"06:21:54.441","GOREV","","","","","","","","","","","","","","","","","","","","","","","","","","","","4.19","-69.71","-23.63","-1.38","-81.12","-96.37","0.000000","0.000000","",""
"06:21:54.605","GOREV","","","","","","","","","","","","","","","","","","","","","","","","","","","","3.85","-69.77","-23.31","-1.30","-81.19","-95.65","0.000000","0.000000","",""
"06:21:54.804","GOREV","","","","","","","","","","","","","","","","","","","","","","","","","","","","4.00","-69.80","-22.85","-2.06","-81.31","-94.83","0.000000","0.000000","",""
"06:21:54.952","GOREV","","","","","","","","","","","","","","","","","","","","","","","","","","","","3.90","-69.91","-22.49","-1.68","-81.35","-94.11","0.000000","0.000000","",""
"06:21:55.108","GOREV","","","","","","","","","","","","","","","","","","","","","","","","","","","","2.85","-70.48","-21.93","-0.63","-82.19","-93.26","0.000000","0.000000","",""
"06:21:55.283","GOREV","","","","","","","","","","","","","","","","","","","","","","","","","","","","2.85","-71.10","-22.04","-0.26","-82.83","-93.13","0.000000","0.000000","",""
"06:21:55.464","GOREV","","","","","","","","","","","","","","","","","","","","","","","","","","","","3.97","-71.24","-23.27","-1.41","-82.98","-94.03","0.000000","0.000000","",""
"06:21:55.614","GOREV","","","","","","","","","","","","","","","","","","","","","","","","","","","","3.01","-71.50","-24.11","-0.33","-81.95","-94.35","0.000000","0.000000","",""
"06:21:55.782","GOREV","","","","","","","","","","","","","","","","","","","","","","","","","","","","2.16","-71.41","-25.13","1.65","-80.98","-94.72","0.000000","0.000000","",""
"06:21:55.952","GOREV","","","","","","","","","","","","","","","","","","","","","","","","","","","","3.78","-70.55","-25.65","2.13","-79.49","-94.67","0.000000","0.000000","",""
"06:21:56.113","GOREV","","","","","","","","","","","","","","","","","","","","","","","","","","","","3.97","-71.19","-25.36","0.70","-81.15","-93.96","0.000000","0.000000","",""
"06:21:56.282","GOREV","","","","","","","","","","","","","","","","","","","","","","","","","","","","5.09","-69.93","-25.63","1.97","-79.65","-93.69","0.000000","0.000000","",""
"06:21:56.452","GOREV","","","","","","","","","","","","","","","","","","","","","","","","","","","","9.02","-67.55","-23.13","-2.42","-78.47","-90.57","0.000000","0.000000","",""
"06:21:56.619","GOREV","","","","","","","","","","","","","","","","","","","","","","","","","","","","14.85","-62.14","-13.76","-8.09","-83.90","-80.07","0.000000","0.000000","",""
"06:21:56.784","GOREV","","","","","","","","","","","","","","","","","","","","","","","","","","","","13.70","-60.67","-0.74","-9.13","-70.23","-66.38","0.000000","0.000000","",""
"06:21:56.960","GOREV","","","","","","","","","","","","","","","","","","","","","","","","","","","","6.66","-61.92","9.94","-15.17","-73.46","-57.17","0.000000","0.000000","",""
"06:21:57.127","GOREV","","","","","","","","","","","","","","","","","","","","","","","","","","","","-2.19","-62.11","16.28","-16.75","-74.77","-51.97","0.000000","0.000000","",""
"06:21:57.289","GOREV","","","","","","","","","","","","","","","","","","","","","","","","","","","","-10.76","-61.25","16.40","-18.66","-76.58","-52.09","0.000000","0.000000","",""
"06:21:57.474","GOREV","","","","","","","","","","","","","","","","","","","","","","","","","","","","-16.60","-58.49","14.28","-19.68","-73.96","-52.67","0.000000","0.000000","",""
"06:21:57.640","GOREV","","","","","","","","","","","","","","","","","","","","","","","","","","","","-17.55","-57.69","14.61","-16.70","-74.12","-51.72","0.000000","0.000000","",""
"06:21:57.795","GOREV","","","","","","","","","","","","","","","","","","","","","","","","","","","","-17.33","-57.29","16.17","-27.76","-74.46","-49.99","0.000000","0.000000","",""
"06:21:57.978","GOREV","","","","","","","","","","","","","","","","","","","","","","","","","","","","-15.41","-58.93","16.74","-15.96","-73.98","-49.32","0.000000","0.000000","",""
"06:21:58.161","GOREV","","","","","","","","","","","","","","","","","","","","","","","","","","","","-15.64","-61.82","15.46","-18.36","-79.21","-51.36","0.000000","0.000000","",""
"06:21:58.312","GOREV","","","","","","","","","","","","","","","","","","","","","","","","","","","","-13.88","-61.32","14.03","-13.69","-81.62","-52.16","0.000000","0.000000","",""
"06:21:58.470","GOREV","","","","","","","","","","","","","","","","","","","","","","","","","","","","-12.73","-63.77","12.88","-15.16","-80.10","-53.20","0.000000","0.000000","",""
"06:21:58.641","GOREV","","","","","","","","","","","","","","","","","","","","","","","","","","","","-10.90","-66.38","11.25","-11.11","-79.08","-55.29","0.000000","0.000000","",""
"06:21:58.819","GOREV","","","","","","","","","","","","","","","","","","","","","","","","","","","","-9.68","-64.79","11.66","-16.34","-82.42","-53.76","0.000000","0.000000","",""
"06:21:58.978","GOREV","","","","","","","","","","","","","","","","","","","","","","","","","","","","-5.44","-63.73","13.35","-11.44","-78.10","-51.67","0.000000","0.000000","",""
"06:21:59.145","GOREV","","","","","","","","","","","","","","","","","","","","","","","","","","","","-2.22","-65.36","16.33","-15.99","-80.21","-49.27","0.000000","0.000000","",""
"06:21:59.307","GOREV","","","","","","","","","","","","","","","","","","","","","","","","","","","","-5.52","-61.56","17.27","-15.23","-81.42","-47.14","0.000000","0.000000","",""
"06:21:59.479","GOREV","","","","","","","","","","","","","","","","","","","","","","","","","","","","-2.22","-61.01","18.96","-10.62","-80.57","-44.91","0.000000","0.000000","",""
"06:21:59.650","GOREV","","","","","","","","","","","","","","","","","","","","","","","","","","","","-6.21","-62.02","18.61","-15.61","-74.14","-45.60","0.000000","0.000000","",""
"06:21:59.820","GOREV","","","","","","","","","","","","","","","","","","","","","","","","","","","","-7.13","-62.94","20.14","-12.14","-74.99","-44.34","0.000000","0.000000","",""
"06:21:59.988","GOREV","","","","","","","","","","","","","","","","","","","","","","","","","","","","-6.34","-56.69","20.20","-14.62","-75.04","-42.42","0.000000","0.000000","",""
"06:22:00.152","GOREV","","","","","","","","","","","","","","","","","","","","","","","","","","","","-9.15","-56.65","18.43","-22.37","-68.18","-41.89","0.000000","0.000000","",""
"06:22:00.321","GOREV","","","","","","","","","","","","","","","","","","","","","","","","","","","","-2.92","-61.24","21.53","-16.23","-83.69","-40.23","0.000000","0.000000","",""
"06:22:00.488","GOREV","","","","","","","","","","","","","","","","","","","","","","","","","","","","-5.27","-63.90","22.38","-17.35","-75.29","-40.04","0.000000","0.000000","",""
"06:22:00.674","GOREV","","","","","","","","","","","","","","","","","","","","","","","","","","","","-7.86","-60.98","20.36","-16.64","-68.41","-40.52","0.000000","0.000000","",""
"06:22:00.825","GOREV","","","","","","","","","","","","","","","","","","","","","","","","","","","","-6.16","-62.49","22.05","-13.28","-77.36","-39.23","0.000000","0.000000","",""
"06:22:00.991","GOREV","","","","","","","","","","","","","","","","","","","","","","","","","","","","-7.47","-62.69","20.95","-14.36","-76.98","-40.03","0.000000","0.000000","",""
"06:22:01.158","GOREV","","","","","","","","","","","","","","","","","","","","","","","","","","","","-6.78","-63.23","21.23","-11.93","-76.97","-39.57","0.000000","0.000000","",""
"06:22:01.333","GOREV","","","","","","","","","","","","","","","","","","","","","","","","","","","","-6.07","-62.82","21.37","-11.30","-78.64","-38.92","0.000000","0.000000","",""
"06:22:23.671","GOREV","","","","","","","","","","","","","","","","","","","","","","","","","","","","-3.48","78.40","8.02","12.66","166.94","0.92","0.000000","0.000000","",""
"06:22:23.859","GOREV","","","","","","","","","","","","","","","","","","","","","","","","","","","","-6.36","125.07","10.61","10.85","165.86","2.89","0.000000","0.000000","",""
"06:22:24.006","GOREV","","","","","","","","","","","","","","","","","","","","","","","","","","","","-12.03","160.86","13.61","5.65","171.07","6.61","0.000000","0.000000","",""
"06:22:24.141","GOREV","","","","","","","","","","","","","","","","","","","","","","","","","","","","-13.75","180.91","14.29","6.73","172.55","6.76","0.000000","0.000000","",""
"06:22:24.321","GOREV","","","","","","","","","","","","","","","","","","","","","","","","","","","","-11.27","183.03","12.24","14.66","166.28","3.67","0.000000","0.000000","",""
"06:22:24.494","GOREV","","","","","","","","","","","","","","","","","","","","","","","","","","","","-12.25","186.23","12.16","5.30","169.01","3.48","0.000000","0.000000","",""
"06:22:24.653","GOREV","","","","","","","","","","","","","","","","","","","","","","","","","","","","-11.78","182.92","11.04","8.99","166.78","1.44","0.000000","0.000000","",""
"06:22:24.827","GOREV","","","","","","","","","","","","","","","","","","","","","","","","","","","","-11.07","181.40","11.06","6.65","166.57","1.09","0.000000","0.000000","",""
"06:22:25.081","GOREV","","","","","","","","","","","","","","","","","","","","","","","","","","","","-10.31","179.44","11.00","10.59","165.13","0.60","0.000000","0.000000","",""
"06:22:25.164","GOREV","","","","","","","","","","","","","","","","","","","","","","","","","","","","-8.45","173.78","9.34","10.20","158.99","-2.12","0.000000","0.000000","",""
"06:22:25.322","GOREV","","","","","","","","","","","","","","","","","","","","","","","","","","","","-6.32","170.96","5.28","19.68","157.38","-6.89","0.000000","0.000000","",""
"06:22:25.488","GOREV","","","","","","","","","","","","","","","","","","","","","","","","","","","","-0.40","164.92","3.06","17.06","166.74","-9.69","0.000000","0.000000","",""
"06:22:25.656","GOREV","","","","","","","","","","","","","","","","","","","","","","","","","","","","12.25","156.99","0.91","21.54","166.86","-11.75","0.000000","0.000000","",""
"06:22:25.838","GOREV","","","","","","","","","","","","","","","","","","","","","","","","","","","","28.71","151.73","-3.06","39.88","138.83","-15.65","0.000000","0.000000","",""
"06:22:25.995","GOREV","","","","","","","","","","","","","","","","","","","","","","","","","","","","41.89","140.25","-5.92","47.52","123.40","-17.90","0.000000","0.000000","",""
"06:22:26.164","GOREV","","","","","","","","","","","","","","","","","","","","","","","","","","","","50.30","125.85","-10.56","45.56","97.49","-22.28","0.000000","0.000000","",""
"06:22:26.332","GOREV","","","","","","","","","","","","","","","","","","","","","","","","","","","","53.15","106.85","-15.82","42.61","81.94","-26.98","0.000000","0.000000","",""
"06:22:26.499","GOREV","","","","","","","","","","","","","","","","","","","","","","","","","","","","46.86","87.64","-22.54","33.30","71.21","-33.73","0.000000","0.000000","",""
"06:22:26.664","GOREV","","","","","","","","","","","","","","","","","","","","","","","","","","","","27.70","79.92","-28.44","23.22","66.53","-39.29","0.000000","0.000000","",""
"06:22:26.829","GOREV","","","","","","","","","","","","","","","","","","","","","","","","","","","","12.50","63.74","-32.44","18.52","58.87","-43.69","0.000000","0.000000","",""
"06:22:26.999","GOREV","","","","","","","","","","","","","","","","","","","","","","","","","","","","9.87","57.62","-33.07","13.09","55.94","-44.83","0.000000","0.000000","",""
"06:22:27.163","GOREV","","","","","","","","","","","","","","","","","","","","","","","","","","","","8.58","51.37","-33.86","13.89","52.09","-46.41","0.000000","0.000000","",""
"06:22:27.364","GOREV","","","","","","","","","","","","","","","","","","","","","","","","","","","","9.83","48.57","-35.98","8.44","48.94","-49.29","0.000000","0.000000","",""
"06:22:27.500","GOREV","","","","","","","","","","","","","","","","","","","","","","","","","","","","10.21","48.79","-37.70","8.49","44.60","-51.43","0.000000","0.000000","",""
"06:22:27.674","GOREV","","","","","","","","","","","","","","","","","","","","","","","","","","","","17.83","51.50","-36.83","15.79","47.70","-51.50","0.000000","0.000000","",""
"06:22:27.842","GOREV","","","","","","","","","","","","","","","","","","","","","","","","","","","","28.96","53.45","-34.58","18.22","52.81","-52.49","0.000000","0.000000","",""
"06:22:28.006","GOREV","","","","","","","","","","","","","","","","","","","","","","","","","","","","33.64","60.30","-36.63","24.04","61.93","-57.52","0.000000","0.000000","",""
"06:22:28.190","GOREV","","","","","","","","","","","","","","","","","","","","","","","","","","","","32.92","70.50","-39.15","25.30","68.25","-61.49","0.000000","0.000000","",""
"06:22:28.345","GOREV","","","","","","","","","","","","","","","","","","","","","","","","","","","","26.90","77.45","-37.61","27.60","69.19","-60.45","0.000000","0.000000","",""
"06:22:28.513","GOREV","","","","","","","","","","","","","","","","","","","","","","","","","","","","21.57","75.74","-34.43","27.24","63.58","-57.49","0.000000","0.000000","",""
"06:22:28.679","GOREV","","","","","","","","","","","","","","","","","","","","","","","","","","","","22.24","74.46","-31.72","29.81","58.32","-54.74","0.000000","0.000000","",""
"06:22:28.850","GOREV","","","","","","","","","","","","","","","","","","","","","","","","","","","","18.64","65.93","-31.54","22.87","49.89","-54.75","0.000000","0.000000","",""
"06:22:29.016","GOREV","","","","","","","","","","","","","","","","","","","","","","","","","","","","17.02","62.33","-34.50","17.57","58.23","-56.63","0.000000","0.000000","",""
"06:22:29.188","GOREV","","","","","","","","","","","","","","","","","","","","","","","","","","","","20.57","62.73","-32.81","21.88","53.50","-55.06","0.000000","0.000000","",""
"06:22:29.349","GOREV","","","","","","","","","","","","","","","","","","","","","","","","","","","","18.17","61.31","-32.14","13.68","51.53","-53.92","0.000000","0.000000","",""
"06:22:29.520","GOREV","","","","","","","","","","","","","","","","","","","","","","","","","","","","17.71","56.28","-32.36","12.19","52.34","-55.06","0.000000","0.000000","",""
"06:22:29.686","GOREV","","","","","","","","","","","","","","","","","","","","","","","","","","","","16.07","51.19","-32.45","10.19","46.94","-55.69","0.000000","0.000000","",""
"06:22:29.850","GOREV","","","","","","","","","","","","","","","","","","","","","","","","","","","","12.60","46.44","-33.97","3.29","42.39","-57.92","0.000000","0.000000","",""
"06:22:30.060","GOREV","","","","","","","","","","","","","","","","","","","","","","","","","","","","10.84","42.51","-33.88","-1.80","40.14","-58.70","0.000000","0.000000","",""
"06:22:30.188","GOREV","","","","","","","","","","","","","","","","","","","","","","","","","","","","11.67","39.30","-32.33","0.13","37.50","-57.98","0.000000","0.000000","",""
"06:22:30.356","GOREV","","","","","","","","","","","","","","","","","","","","","","","","","","","","12.48","39.26","-29.98","3.19","38.37","-55.86","0.000000","0.000000","",""
"06:22:30.529","GOREV","","","","","","","","","","","","","","","","","","","","","","","","","","","","15.15","36.24","-27.35","5.70","31.06","-54.41","0.000000","0.000000","",""
"06:22:30.694","GOREV","","","","","","","","","","","","","","","","","","","","","","","","","","","","17.89","35.96","-25.54","9.21","30.78","-52.91","0.000000","0.000000","",""
"06:22:30.858","GOREV","","","","","","","","","","","","","","","","","","","","","","","","","","","","21.11","37.36","-23.79","9.72","33.88","-51.49","0.000000","0.000000","",""
"06:22:31.048","GOREV","","","","","","","","","","","","","","","","","","","","","","","","","","","","26.31","38.25","-21.76","19.13","33.75","-49.91","0.000000","0.000000","",""
"06:22:31.216","GOREV","","","","","","","","","","","","","","","","","","","","","","","","","","","","25.28","40.69","-21.88","16.53","37.86","-49.70","0.000000","0.000000","",""
"06:22:31.388","GOREV","","","","","","","","","","","","","","","","","","","","","","","","","","","","24.47","41.78","-22.63","11.01","38.11","-50.27","0.000000","0.000000","",""
"06:22:31.538","GOREV","","","","","","","","","","","","","","","","","","","","","","","","","","","","24.19","43.05","-23.16","16.83","35.55","-50.64","0.000000","0.000000","",""
"06:22:31.713","GOREV","","","","","","","","","","","","","","","","","","","","","","","","","","","","24.67","45.43","-23.99","19.72","42.74","-51.34","0.000000","0.000000","",""
"06:22:31.883","GOREV","","","","","","","","","","","","","","","","","","","","","","","","","","","","20.88","47.77","-26.05","8.23","44.75","-52.71","0.000000","0.000000","",""
"06:22:32.062","GOREV","","","","","","","","","","","","","","","","","","","","","","","","","","","","18.16","49.74","-26.84","10.72","46.76","-53.18","0.000000","0.000000","",""
"06:22:32.220","GOREV","","","","","","","","","","","","","","","","","","","","","","","","","","","","17.97","49.95","-26.01","11.49","42.78","-52.77","0.000000","0.000000","",""
"06:22:32.376","GOREV","","","","","","","","","","","","","","","","","","","","","","","","","","","","18.52","47.81","-24.79","10.56","42.96","-52.43","0.000000","0.000000","",""
"06:22:32.548","GOREV","","","","","","","","","","","","","","","","","","","","","","","","","","","","18.46","47.87","-22.99","16.27","40.80","-50.87","0.000000","0.000000","",""
"06:22:32.710","GOREV","","","","","","","","","","","","","","","","","","","","","","","","","","","","18.47","44.03","-23.70","7.61","49.02","-51.90","0.000000","0.000000","",""
"06:22:32.881","GOREV","","","","","","","","","","","","","","","","","","","","","","","","","","","","22.80","47.66","-22.46","11.51","40.37","-50.88","0.000000","0.000000","",""
"06:22:33.048","GOREV","","","","","","","","","","","","","","","","","","","","","","","","","","","","18.35","47.16","-22.15","11.84","41.62","-50.27","0.000000","0.000000","",""
"06:22:33.241","GOREV","","","","","","","","","","","","","","","","","","","","","","","","","","","","15.79","44.17","-21.63","14.16","38.56","-49.84","0.000000","0.000000","",""
"06:22:33.391","GOREV","","","","","","","","","","","","","","","","","","","","","","","","","","","","16.72","42.89","-20.78","10.98","38.66","-49.47","0.000000","0.000000","",""
"06:22:33.559","GOREV","","","","","","","","","","","","","","","","","","","","","","","","","","","","17.29","41.65","-20.04","12.01","36.59","-49.12","0.000000","0.000000","",""
"06:22:33.720","GOREV","","","","","","","","","","","","","","","","","","","","","","","","","","","","17.30","40.59","-19.12","10.76","36.02","-48.51","0.000000","0.000000","",""
"06:22:33.894","GOREV","","","","","","","","","","","","","","","","","","","","","","","","","","","","16.80","40.81","-18.31","11.52","36.23","-47.67","0.000000","0.000000","",""
"06:22:34.062","GOREV","","","","","","","","","","","","","","","","","","","","","","","","","","","","15.54","40.34","-17.76","9.22","34.58","-47.06","0.000000","0.000000","",""
"06:22:34.230","GOREV","","","","","","","","","","","","","","","","","","","","","","","","","","","","15.23","40.45","-16.97","10.97","36.30","-46.19","0.000000","0.000000","",""
"06:22:34.403","GOREV","","","","","","","","","","","","","","","","","","","","","","","","","","","","14.86","39.74","-16.85","9.14","35.40","-46.19","0.000000","0.000000","",""
"06:22:34.563","GOREV","","","","","","","","","","","","","","","","","","","","","","","","","","","","14.83","39.35","-16.91","8.45","35.86","-46.43","0.000000","0.000000","",""
"06:22:34.728","GOREV","","","","","","","","","","","","","","","","","","","","","","","","","","","","14.61","39.01","-16.89","8.10","35.71","-46.67","0.000000","0.000000","",""
"06:22:34.914","GOREV","","","","","","","","","","","","","","","","","","","","","","","","","","","","15.03","39.25","-16.88","8.55","34.85","-47.04","0.000000","0.000000","",""
"06:22:35.087","GOREV","","","","","","","","","","","","","","","","","","","","","","","","","","","","15.36","39.18","-16.47","9.08","36.07","-46.92","0.000000","0.000000","",""
"06:22:35.234","GOREV","","","","","","","","","","","","","","","","","","","","","","","","","","","","14.77","38.13","-16.04","7.14","34.17","-46.99","0.000000","0.000000","",""
"06:22:35.401","GOREV","","","","","","","","","","","","","","","","","","","","","","","","","","","","13.80","36.24","-15.55","5.97","30.84","-47.01","0.000000","0.000000","",""
"06:22:35.572","GOREV","","","","","","","","","","","","","","","","","","","","","","","","","","","","13.49","34.96","-15.19","5.99","30.76","-47.13","0.000000","0.000000","",""
"06:22:35.746","GOREV","","","","","","","","","","","","","","","","","","","","","","","","","","","","13.24","33.65","-14.89","5.57","30.25","-47.20","0.000000","0.000000","",""
"06:22:35.909","GOREV","","","","","","","","","","","","","","","","","","","","","","","","","","","","13.63","33.35","-14.72","5.55","29.32","-47.34","0.000000","0.000000","",""
"06:22:36.075","GOREV","","","","","","","","","","","","","","","","","","","","","","","","","","","","13.62","33.31","-14.61","5.27","29.20","-47.55","0.000000","0.000000","",""
"06:22:36.258","GOREV","","","","","","","","","","","","","","","","","","","","","","","","","","","","13.47","33.57","-14.42","4.89","28.90","-47.59","0.000000","0.000000","",""
"06:22:36.426","GOREV","","","","","","","","","","","","","","","","","","","","","","","","","","","","13.24","33.50","-14.37","5.43","28.52","-47.75","0.000000","0.000000","",""
"06:22:36.584","GOREV","","","","","","","","","","","","","","","","","","","","","","","","","","","","13.33","33.12","-14.36","4.35","28.57","-48.06","0.000000","0.000000","",""
"06:22:36.750","GOREV","","","","","","","","","","","","","","","","","","","","","","","","","","","","13.26","32.84","-14.30","5.11","28.50","-48.32","0.000000","0.000000","",""
"06:22:36.918","GOREV","","","","","","","","","","","","","","","","","","","","","","","","","","","","12.86","32.70","-14.10","3.96","27.75","-48.40","0.000000","0.000000","",""
"06:22:37.093","GOREV","","","","","","","","","","","","","","","","","","","","","","","","","","","","12.77","32.92","-13.44","5.72","28.15","-47.91","0.000000","0.000000","",""
"06:22:37.267","GOREV","","","","","","","","","","","","","","","","","","","","","","","","","","","","12.98","32.91","-12.89","5.78","28.45","-47.54","0.000000","0.000000","",""
"06:22:37.431","GOREV","","","","","","","","","","","","","","","","","","","","","","","","","","","","13.33","32.85","-12.53","5.94","28.32","-47.39","0.000000","0.000000","",""
"06:22:37.592","GOREV","","","","","","","","","","","","","","","","","","","","","","","","","","","","14.13","32.44","-12.22","7.46","27.11","-47.43","0.000000","0.000000","",""
"06:22:37.769","GOREV","","","","","","","","","","","","","","","","","","","","","","","","","","","","16.39","31.37","-13.59","6.29","27.15","-49.47","0.000000","0.000000","",""
"06:22:37.925","GOREV","","","","","","","","","","","","","","","","","","","","","","","","","","","","17.23","30.04","-17.19","6.49","26.37","-53.98","0.000000","0.000000","",""
"06:22:38.133","GOREV","","","","","","","","","","","","","","","","","","","","","","","","","","","","20.63","27.87","-23.47","9.42","24.15","-61.78","0.000000","0.000000","",""
"06:22:38.284","GOREV","","","","","","","","","","","","","","","","","","","","","","","","","","","","23.66","23.96","-33.73","7.86","19.69","-74.25","0.000000","0.000000","",""
"06:22:38.428","GOREV","","","","","","","","","","","","","","","","","","","","","","","","","","","","26.02","20.94","-45.77","10.18","20.87","-88.70","0.000000","0.000000","",""
"06:22:38.596","GOREV","","","","","","","","","","","","","","","","","","","","","","","","","","","","25.86","20.54","-58.16","7.26","23.66","-103.89","0.000000","0.000000","",""
"06:22:38.764","GOREV","","","","","","","","","","","","","","","","","","","","","","","","","","","","21.59","23.78","-68.91","6.37","27.70","-116.69","0.000000","0.000000","",""
"06:22:38.955","GOREV","","","","","","","","","","","","","","","","","","","","","","","","","","","","15.43","30.58","-74.28","5.61","35.56","-123.15","0.000000","0.000000","",""
"06:22:39.101","GOREV","","","","","","","","","","","","","","","","","","","","","","","","","","","","6.74","39.12","-70.64","3.24","28.39","-118.76","0.000000","0.000000","",""
"06:22:39.273","GOREV","","","","","","","","","","","","","","","","","","","","","","","","","","","","3.17","39.52","-59.91","2.77","21.55","-106.48","0.000000","0.000000","",""
"06:22:39.444","GOREV","","","","","","","","","","","","","","","","","","","","","","","","","","","","-0.43","36.36","-46.92","-0.90","17.73","-92.13","0.000000","0.000000","",""
"06:22:39.608","GOREV","","","","","","","","","","","","","","","","","","","","","","","","","","","","-3.77","35.70","-32.90","2.55","20.60","-76.04","0.000000","0.000000","",""
"06:22:39.772","GOREV","","","","","","","","","","","","","","","","","","","","","","","","","","","","-3.37","35.48","-20.49","4.93","20.40","-61.07","0.000000","0.000000","",""
"06:22:39.931","GOREV","","","","","","","","","","","","","","","","","","","","","","","","","","","","0.52","33.68","-9.48","9.77","21.44","-47.84","0.000000","0.000000","",""
"06:22:40.109","GOREV","","","","","","","","","","","","","","","","","","","","","","","","","","","","7.84","33.40","0.18","13.98","25.23","-36.29","0.000000","0.000000","",""
"06:22:40.269","GOREV","","","","","","","","","","","","","","","","","","","","","","","","","","","","13.32","32.11","10.46","13.23","28.49","-24.90","0.000000","0.000000","",""
"06:22:40.447","GOREV","","","","","","","","","","","","","","","","","","","","","","","","","","","","17.14","32.09","18.40","15.88","28.10","-15.86","0.000000","0.000000","",""
"06:22:40.607","GOREV","","","","","","","","","","","","","","","","","","","","","","","","","","","","22.31","31.94","25.16","16.07","28.63","-8.13","0.000000","0.000000","",""
"06:22:40.804","GOREV","","","","","","","","","","","","","","","","","","","","","","","","","","","","23.80","31.20","28.37","12.21","30.13","-4.53","0.000000","0.000000","",""
"06:22:40.959","GOREV","","","","","","","","","","","","","","","","","","","","","","","","","","","","22.94","31.45","31.89","3.74","32.70","-1.15","0.000000","0.000000","",""
"06:22:41.112","GOREV","","","","","","","","","","","","","","","","","","","","","","","","","","","","19.79","32.39","33.29","7.87","33.20","0.25","0.000000","0.000000","",""
"06:22:41.275","GOREV","","","","","","","","","","","","","","","","","","","","","","","","","","","","19.77","32.34","33.37","7.07","33.01","0.14","0.000000","0.000000","",""
"06:22:41.477","GOREV","","","","","","","","","","","","","","","","","","","","","","","","","","","","20.80","33.16","31.28","10.19","29.72","-2.27","0.000000","0.000000","",""
"06:22:41.612","GOREV","","","","","","","","","","","","","","","","","","","","","","","","","","","","21.32","32.75","28.55","10.28","30.31","-5.39","0.000000","0.000000","",""
"06:22:41.782","GOREV","","","","","","","","","","","","","","","","","","","","","","","","","","","","22.58","29.98","25.45","12.27","28.04","-9.69","0.000000","0.000000","",""
"06:22:41.949","GOREV","","","","","","","","","","","","","","","","","","","","","","","","","","","","21.81","32.98","24.29","9.52","32.20","-11.58","0.000000","0.000000","",""
"06:22:42.127","GOREV","","","","","","","","","","","","","","","","","","","","","","","","","","","","21.41","32.50","25.01","11.95","27.75","-11.26","0.000000","0.000000","",""
"06:22:42.290","GOREV","","","","","","","","","","","","","","","","","","","","","","","","","","","","20.49","31.98","25.27","11.67","27.17","-11.53","0.000000","0.000000","",""
"06:22:42.475","GOREV","","","","","","","","","","","","","","","","","","","","","","","","","","","","17.58","30.87","24.55","9.08","25.59","-12.42","0.000000","0.000000","",""
"06:22:42.625","GOREV","","","","","","","","","","","","","","","","","","","","","","","","","","","","16.09","30.09","24.09","5.01","24.22","-13.42","0.000000","0.000000","",""
"06:22:42.851","GOREV","","","","","","","","","","","","","","","","","","","","","","","","","","","","15.60","30.28","24.08","7.96","25.17","-13.67","0.000000","0.000000","",""
"06:22:42.982","GOREV","","","","","","","","","","","","","","","","","","","","","","","","","","","","15.98","30.81","24.02","8.22","26.78","-14.03","0.000000","0.000000","",""
"06:22:43.128","GOREV","","","","","","","","","","","","","","","","","","","","","","","","","","","","15.92","31.19","23.67","7.87","26.12","-14.68","0.000000","0.000000","",""
"06:22:43.357","GOREV","","","","","","","","","","","","","","","","","","","","","","","","","","","","15.41","31.81","23.47","7.58","27.33","-15.00","0.000000","0.000000","",""
"06:22:43.464","GOREV","","","","","","","","","","","","","","","","","","","","","","","","","","","","14.91","31.87","23.70","6.40","25.95","-14.96","0.000000","0.000000","",""
"06:22:43.636","GOREV","","","","","","","","","","","","","","","","","","","","","","","","","","","","15.17","31.50","23.73","6.80","27.14","-15.22","0.000000","0.000000","",""
"06:22:43.801","GOREV","","","","","","","","","","","","","","","","","","","","","","","","","","","","15.11","31.73","23.55","7.31","26.49","-15.67","0.000000","0.000000","",""
"06:22:43.974","GOREV","","","","","","","","","","","","","","","","","","","","","","","","","","","","14.80","31.76","23.50","7.15","26.90","-15.98","0.000000","0.000000","",""
"06:22:44.160","GOREV","","","","","","","","","","","","","","","","","","","","","","","","","","","","14.69","32.01","23.70","6.81","26.97","-15.99","0.000000","0.000000","",""
"06:22:44.332","GOREV","","","","","","","","","","","","","","","","","","","","","","","","","","","","14.65","31.99","24.03","6.60","26.69","-15.84","0.000000","0.000000","",""
"06:22:44.477","GOREV","","","","","","","","","","","","","","","","","","","","","","","","","","","","14.55","32.07","24.34","6.37","27.68","-15.68","0.000000","0.000000","",""
"06:22:44.642","GOREV","","","","","","","","","","","","","","","","","","","","","","","","","","","","14.68","31.96","24.56","6.95","27.50","-15.69","0.000000","0.000000","",""
"06:22:44.831","GOREV","","","","","","","","","","","","","","","","","","","","","","","","","","","","14.57","32.29","24.64","6.82","28.19","-15.77","0.000000","0.000000","",""
"06:22:44.992","GOREV","","","","","","","","","","","","","","","","","","","","","","","","","","","","14.34","32.21","24.89","5.72","27.53","-15.76","0.000000","0.000000","",""
"06:22:45.153","GOREV","","","","","","","","","","","","","","","","","","","","","","","","","","","","13.94","32.65","25.65","5.35","27.69","-15.09","0.000000","0.000000","",""
"06:22:45.319","GOREV","","","","","","","","","","","","","","","","","","","","","","","","","","","","15.23","34.23","26.95","8.92","29.87","-13.75","0.000000","0.000000","",""
"06:22:45.487","GOREV","","","","","","","","","","","","","","","","","","","","","","","","","","","","15.58","33.88","27.19","8.35","28.90","-13.74","0.000000","0.000000","",""
"06:22:45.652","GOREV","","","","","","","","","","","","","","","","","","","","","","","","","","","","15.89","33.09","26.67","6.99","28.63","-14.64","0.000000","0.000000","",""
"06:22:45.830","GOREV","","","","","","","","","","","","","","","","","","","","","","","","","","","","15.61","32.96","26.47","7.14","28.52","-15.17","0.000000","0.000000","",""
"06:22:45.988","GOREV","","","","","","","","","","","","","","","","","","","","","","","","","","","","15.28","32.84","26.48","6.78","28.38","-15.44","0.000000","0.000000","",""
"06:22:46.199","GOREV","","","","","","","","","","","","","","","","","","","","","","","","","","","","14.96","32.88","26.50","6.27","28.91","-15.65","0.000000","0.000000","",""
"06:22:46.326","GOREV","","","","","","","","","","","","","","","","","","","","","","","","","","","","14.18","33.08","26.66","4.99","29.77","-15.76","0.000000","0.000000","",""
"06:22:46.527","GOREV","","","","","","","","","","","","","","","","","","","","","","","","","","","","13.44","33.09","27.56","5.54","28.57","-15.06","0.000000","0.000000","",""
"06:22:46.682","GOREV","","","","","","","","","","","","","","","","","","","","","","","","","","","","13.70","32.90","28.69","6.47","28.02","-14.15","0.000000","0.000000","",""
"06:22:46.829","GOREV","","","","","","","","","","","","","","","","","","","","","","","","","","","","14.25","32.59","29.24","6.29","27.86","-13.82","0.000000","0.000000","",""
"06:22:46.997","GOREV","","","","","","","","","","","","","","","","","","","","","","","","","","","","14.73","32.44","29.43","6.90","28.53","-13.87","0.000000","0.000000","",""
"06:22:47.168","GOREV","","","","","","","","","","","","","","","","","","","","","","","","","","","","14.97","32.34","29.49","6.10","28.04","-14.12","0.000000","0.000000","",""
"06:22:47.349","GOREV","","","","","","","","","","","","","","","","","","","","","","","","","","","","15.10","32.52","29.51","5.77","28.37","-14.35","0.000000","0.000000","",""
"06:22:47.524","GOREV","","","","","","","","","","","","","","","","","","","","","","","","","","","","15.14","32.69","29.69","6.95","28.27","-14.42","0.000000","0.000000","",""
"06:22:47.678","GOREV","","","","","","","","","","","","","","","","","","","","","","","","","","","","15.13","32.64","30.00","6.72","28.26","-14.37","0.000000","0.000000","",""
"06:22:47.850","GOREV","","","","","","","","","","","","","","","","","","","","","","","","","","","","15.35","32.71","30.13","6.87","28.38","-14.50","0.000000","0.000000","",""
"06:22:48.008","GOREV","","","","","","","","","","","","","","","","","","","","","","","","","","","","15.22","32.73","29.99","6.15","28.36","-14.93","0.000000","0.000000","",""
"06:22:48.178","GOREV","","","","","","","","","","","","","","","","","","","","","","","","","","","","14.95","32.82","30.01","6.09","28.09","-15.17","0.000000","0.000000","",""
"06:22:48.346","GOREV","","","","","","","","","","","","","","","","","","","","","","","","","","","","14.78","32.84","30.11","5.73","27.63","-15.32","0.000000","0.000000","",""
"06:22:48.553","GOREV","","","","","","","","","","","","","","","","","","","","","","","","","","","","14.99","32.73","30.35","7.06","28.16","-15.27","0.000000","0.000000","",""
"06:22:48.692","GOREV","","","","","","","","","","","","","","","","","","","","","","","","","","","","14.94","32.49","30.19","5.51","28.28","-15.77","0.000000","0.000000","",""
"06:22:48.872","GOREV","","","","","","","","","","","","","","","","","","","","","","","","","","","","14.64","32.63","30.22","5.28","28.85","-16.00","0.000000","0.000000","",""
"06:22:49.020","GOREV","","","","","","","","","","","","","","","","","","","","","","","","","","","","14.34","32.74","30.44","5.96","28.33","-16.00","0.000000","0.000000","",""
"06:22:49.194","GOREV","","","","","","","","","","","","","","","","","","","","","","","","","","","","14.27","32.75","30.85","6.31","28.19","-15.80","0.000000","0.000000","",""
"06:22:49.376","GOREV","","","","","","","","","","","","","","","","","","","","","","","","","","","","14.21","32.77","31.39","5.50","28.50","-15.51","0.000000","0.000000","",""
"06:22:49.536","GOREV","","","","","","","","","","","","","","","","","","","","","","","","","","","","14.97","32.82","32.70","8.80","28.82","-14.40","0.000000","0.000000","",""
"06:22:49.701","GOREV","","","","","","","","","","","","","","","","","","","","","","","","","","","","16.11","32.16","33.62","6.47","27.78","-13.89","0.000000","0.000000","",""
"06:22:49.865","GOREV","","","","","","","","","","","","","","","","","","","","","","","","","","","","16.19","32.45","35.25","9.83","26.45","-12.40","0.000000","0.000000","",""
"06:22:50.035","GOREV","","","","","","","","","","","","","","","","","","","","","","","","","","","","17.71","33.96","36.73","13.20","26.45","-10.47","0.000000","0.000000","",""
"06:22:50.236","GOREV","","","","","","","","","","","","","","","","","","","","","","","","","","","","17.97","33.86","37.31","3.18","26.73","-9.70","0.000000","0.000000","",""
"06:22:50.365","GOREV","","","","","","","","","","","","","","","","","","","","","","","","","","","","14.15","33.15","41.70","-2.31","27.75","-5.69","0.000000","0.000000","",""
"06:22:50.531","GOREV","","","","","","","","","","","","","","","","","","","","","","","","","","","","7.94","33.72","51.37","0.21","29.00","4.43","0.000000","0.000000","",""
"06:22:50.711","GOREV","","","","","","","","","","","","","","","","","","","","","","","","","","","","1.05","29.73","61.34","-5.32","22.42","14.64","0.000000","0.000000","",""
"06:22:50.874","GOREV","","","","","","","","","","","","","","","","","","","","","","","","","","","","0.14","27.80","74.74","-2.22","16.95","28.96","0.000000","0.000000","",""
"06:22:51.058","GOREV","","","","","","","","","","","","","","","","","","","","","","","","","","","","0.17","20.75","88.12","-3.97","10.85","42.60","0.000000","0.000000","",""
"06:22:51.217","GOREV","","","","","","","","","","","","","","","","","","","","","","","","","","","","4.11","13.43","99.09","-3.05","5.04","52.97","0.000000","0.000000","",""
"06:22:51.376","GOREV","","","","","","","","","","","","","","","","","","","","","","","","","","","","8.88","5.95","109.05","-2.94","-1.32","62.42","0.000000","0.000000","",""
"06:22:51.547","GOREV","","","","","","","","","","","","","","","","","","","","","","","","","","","","8.82","4.79","115.97","-2.51","-1.76","69.85","0.000000","0.000000","",""
"06:22:51.714","GOREV","","","","","","","","","","","","","","","","","","","","","","","","","","","","8.06","1.58","119.53","-13.26","1.64","72.95","0.000000","0.000000","",""
"06:22:51.877","GOREV","","","","","","","","","","","","","","","","","","","","","","","","","","","","5.24","3.69","122.96","-15.75","1.35","75.98","0.000000","0.000000","",""
"06:22:52.069","GOREV","","","","","","","","","","","","","","","","","","","","","","","","","","","","-2.83","6.74","127.31","-18.71","-4.69","81.54","0.000000","0.000000","",""
"06:22:52.213","GOREV","","","","","","","","","","","","","","","","","","","","","","","","","","","","1.03","0.98","130.30","-21.72","-3.60","83.51","0.000000","0.000000","",""
"06:22:52.379","GOREV","","","","","","","","","","","","","","","","","","","","","","","","","","","","8.30","-3.38","133.74","-6.87","7.20","83.66","0.000000","0.000000","",""
"06:22:52.553","GOREV","","","","","","","","","","","","","","","","","","","","","","","","","","","","12.02","0.15","134.26","-4.68","-6.61","83.79","0.000000","0.000000","",""
"06:22:52.719","GOREV","","","","","","","","","","","","","","","","","","","","","","","","","","","","19.44","2.48","131.54","10.54","-0.48","79.99","0.000000","0.000000","",""
"06:22:52.900","GOREV","","","","","","","","","","","","","","","","","","","","","","","","","","","","8.28","9.51","131.07","-5.26","-0.39","81.83","0.000000","0.000000","",""
"06:22:53.056","GOREV","","","","","","","","","","","","","","","","","","","","","","","","","","","","10.28","16.60","131.63","-0.50","7.78","83.53","0.000000","0.000000","",""
"06:22:53.234","GOREV","","","","","","","","","","","","","","","","","","","","","","","","","","","","15.49","9.76","133.69","-0.07","4.04","84.15","0.000000","0.000000","",""
"06:22:53.395","GOREV","","","","","","","","","","","","","","","","","","","","","","","","","","","","19.49","6.90","136.78","11.15","1.62","85.20","0.000000","0.000000","",""
"06:22:53.562","GOREV","","","","","","","","","","","","","","","","","","","","","","","","","","","","28.11","5.72","136.56","8.90","-0.60","82.97","0.000000","0.000000","",""
"06:22:53.752","GOREV","","","","","","","","","","","","","","","","","","","","","","","","","","","","42.24","12.56","139.70","35.70","16.52","86.23","0.000000","0.000000","",""
"06:22:53.892","GOREV","","","","","","","","","","","","","","","","","","","","","","","","","","","","33.91","9.78","139.90","22.53","7.08","86.96","0.000000","0.000000","",""
"06:22:54.077","GOREV","","","","","","","","","","","","","","","","","","","","","","","","","","","","33.91","10.63","140.34","22.55","4.75","87.36","0.000000","0.000000","",""
"06:22:54.227","GOREV","","","","","","","","","","","","","","","","","","","","","","","","","","","","33.91","10.88","141.14","20.03","4.36","88.32","0.000000","0.000000","",""
"06:22:54.417","GOREV","","","","","","","","","","","","","","","","","","","","","","","","","","","","31.20","13.20","139.34","19.36","7.99","87.07","0.000000","0.000000","",""
"06:22:54.582","GOREV","","","","","","","","","","","","","","","","","","","","","","","","","","","","30.87","15.18","135.43","17.84","12.54","84.47","0.000000","0.000000","",""
"06:22:54.731","GOREV","","","","","","","","","","","","","","","","","","","","","","","","","","","","28.60","16.70","135.33","16.82","12.02","83.88","0.000000","0.000000","",""
"06:22:54.902","GOREV","","","","","","","","","","","","","","","","","","","","","","","","","","","","27.72","18.55","135.77","12.86","11.41","84.23","0.000000","0.000000","",""
"06:22:55.068","GOREV","","","","","","","","","","","","","","","","","","","","","","","","","","","","26.91","19.34","135.88","15.75","13.05","84.06","0.000000","0.000000","",""
"06:22:55.233","GOREV","","","","","","","","","","","","","","","","","","","","","","","","","","","","26.40","17.77","134.40","22.82","14.35","81.80","0.000000","0.000000","",""
"06:22:55.395","GOREV","","","","","","","","","","","","","","","","","","","","","","","","","","","","25.84","18.52","134.66","14.98","11.95","81.85","0.000000","0.000000","",""
"06:22:55.573","GOREV","","","","","","","","","","","","","","","","","","","","","","","","","","","","25.66","18.93","134.88","14.86","11.87","81.82","0.000000","0.000000","",""
"06:22:55.742","GOREV","","","","","","","","","","","","","","","","","","","","","","","","","","","","25.58","19.12","135.10","14.91","11.88","81.79","0.000000","0.000000","",""
"06:22:55.906","GOREV","","","","","","","","","","","","","","","","","","","","","","","","","","","","25.57","19.16","135.33","14.88","11.71","81.76","0.000000","0.000000","",""
"06:22:56.066","GOREV","","","","","","","","","","","","","","","","","","","","","","","","","","","","25.60","19.16","135.55","14.96","11.75","81.73","0.000000","0.000000","",""
"06:22:56.240","GOREV","","","","","","","","","","","","","","","","","","","","","","","","","","","","25.65","19.14","135.77","14.77","11.75","81.70","0.000000","0.000000","",""
"06:22:56.429","GOREV","","","","","","","","","","","","","","","","","","","","","","","","","","","","25.70","19.06","135.99","14.95","11.93","81.68","0.000000","0.000000","",""
"06:22:56.564","GOREV","","","","","","","","","","","","","","","","","","","","","","","","","","","","25.77","19.01","136.20","15.02","11.83","81.65","0.000000","0.000000","",""
"06:22:56.728","GOREV","","","","","","","","","","","","","","","","","","","","","","","","","","","","25.82","18.96","136.43","14.97","11.87","81.62","0.000000","0.000000","",""
"06:22:56.898","GOREV","","","","","","","","","","","","","","","","","","","","","","","","","","","","25.85","18.92","136.64","14.95","11.71","81.59","0.000000","0.000000","",""
"06:22:57.065","GOREV","","","","","","","","","","","","","","","","","","","","","","","","","","","","25.89","18.91","136.87","14.93","11.85","81.56","0.000000","0.000000","",""
"06:22:57.246","GOREV","","","","","","","","","","","","","","","","","","","","","","","","","","","","25.92","18.86","137.09","14.90","11.65","81.53","0.000000","0.000000","",""
"06:22:57.400","GOREV","","","","","","","","","","","","","","","","","","","","","","","","","","","","25.94","18.86","137.31","14.98","11.89","81.50","0.000000","0.000000","",""
"06:22:57.563","GOREV","","","","","","","","","","","","","","","","","","","","","","","","","","","","25.97","18.85","137.53","14.76","11.85","81.47","0.000000","0.000000","",""
"06:22:57.768","GOREV","","","","","","","","","","","","","","","","","","","","","","","","","","","","25.95","18.84","137.75","14.90","11.64","81.44","0.000000","0.000000","",""
"06:22:57.923","GOREV","","","","","","","","","","","","","","","","","","","","","","","","","","","","25.97","18.82","137.97","14.90","11.79","81.41","0.000000","0.000000","",""
"06:22:58.062","GOREV","","","","","","","","","","","","","","","","","","","","","","","","","","","","25.99","18.80","138.19","14.88","11.85","81.39","0.000000","0.000000","",""
"06:22:58.262","GOREV","","","","","","","","","","","","","","","","","","","","","","","","","","","","26.00","18.77","138.41","15.02","12.04","81.36","0.000000","0.000000","",""
"06:22:58.414","GOREV","","","","","","","","","","","","","","","","","","","","","","","","","","","","26.01","18.77","138.63","15.03","11.90","81.33","0.000000","0.000000","",""
"06:22:58.564","GOREV","","","","","","","","","","","","","","","","","","","","","","","","","","","","26.01","18.78","138.85","14.91","11.94","81.30","0.000000","0.000000","",""
"06:22:58.729","GOREV","","","","","","","","","","","","","","","","","","","","","","","","","","","","26.01","18.78","139.07","14.93","11.70","81.27","0.000000","0.000000","",""
"06:22:58.915","GOREV","","","","","","","","","","","","","","","","","","","","","","","","","","","","26.04","18.79","139.29","14.92","11.77","81.25","0.000000","0.000000","",""
"06:22:59.067","GOREV","","","","","","","","","","","","","","","","","","","","","","","","","","","","26.04","18.79","139.51","14.89","11.93","81.22","0.000000","0.000000","",""
"06:22:59.235","GOREV","","","","","","","","","","","","","","","","","","","","","","","","","","","","26.05","18.77","139.73","15.07","11.88","81.19","0.000000","0.000000","",""
"06:22:59.405","GOREV","","","","","","","","","","","","","","","","","","","","","","","","","","","","26.07","18.79","139.95","14.89","11.98","81.16","0.000000","0.000000","",""
"06:22:59.569","GOREV","","","","","","","","","","","","","","","","","","","","","","","","","","","","26.05","18.77","140.17","14.87","11.99","81.13","0.000000","0.000000","",""
"06:22:59.733","GOREV","","","","","","","","","","","","","","","","","","","","","","","","","","","","26.06","18.78","140.39","14.95","11.82","81.10","0.000000","0.000000","",""
"06:22:59.897","GOREV","","","","","","","","","","","","","","","","","","","","","","","","","","","","26.04","18.79","140.61","14.80","11.86","81.07","0.000000","0.000000","",""
"06:23:00.065","GOREV","","","","","","","","","","","","","","","","","","","","","","","","","","","","26.05","18.77","140.83","15.03","11.85","81.04","0.000000","0.000000","",""
"06:23:00.237","GOREV","","","","","","","","","","","","","","","","","","","","","","","","","","","","26.07","18.77","141.04","14.91","11.97","81.02","0.000000","0.000000","",""
"06:23:00.418","GOREV","","","","","","","","","","","","","","","","","","","","","","","","","","","","26.07","18.75","141.26","15.07","11.88","80.99","0.000000","0.000000","",""
"06:23:00.564","GOREV","","","","","","","","","","","","","","","","","","","","","","","","","","","","26.09","18.75","141.48","15.01","11.95","80.96","0.000000","0.000000","",""
"06:23:00.736","GOREV","","","","","","","","","","","","","","","","","","","","","","","","","","","","26.06","18.77","141.70","14.97","11.78","80.93","0.000000","0.000000","",""
"06:23:00.927","GOREV","","","","","","","","","","","","","","","","","","","","","","","","","","","","26.07","18.79","141.92","15.02","11.77","80.90","0.000000","0.000000","",""
"06:23:01.070","GOREV","","","","","","","","","","","","","","","","","","","","","","","","","","","","26.08","18.79","142.14","14.96","11.72","80.87","0.000000","0.000000","",""
"06:23:01.230","GOREV","","","","","","","","","","","","","","","","","","","","","","","","","","","","26.08","18.78","142.35","14.87","11.83","80.84","0.000000","0.000000","",""
"06:23:01.404","GOREV","","","","","","","","","","","","","","","","","","","","","","","","","","","","26.11","18.81","142.57","14.88","11.71","80.82","0.000000","0.000000","",""
"06:23:01.574","GOREV","","","","","","","","","","","","","","","","","","","","","","","","","","","","26.09","18.78","142.79","14.84","11.76","80.79","0.000000","0.000000","",""
"06:23:01.735","GOREV","","","","","","","","","","","","","","","","","","","","","","","","","","","","26.11","18.76","143.01","14.80","11.80","80.76","0.000000","0.000000","",""
"06:23:01.941","GOREV","","","","","","","","","","","","","","","","","","","","","","","","","","","","26.10","18.74","143.23","15.02","11.89","80.73","0.000000","0.000000","",""
"06:23:02.080","GOREV","","","","","","","","","","","","","","","","","","","","","","","","","","","","26.11","18.78","143.45","14.98","11.89","80.70","0.000000","0.000000","",""
"06:23:02.232","GOREV","","","","","","","","","","","","","","","","","","","","","","","","","","","","26.10","18.78","143.66","14.92","11.82","80.67","0.000000","0.000000","",""
"06:23:02.432","GOREV","","","","","","","","","","","","","","","","","","","","","","","","","","","","26.11","18.81","143.88","14.91","11.95","80.64","0.000000","0.000000","",""
"06:23:02.565","GOREV","","","","","","","","","","","","","","","","","","","","","","","","","","","","26.13","18.79","144.10","15.01","11.93","80.61","0.000000","0.000000","",""
"06:23:02.742","GOREV","","","","","","","","","","","","","","","","","","","","","","","","","","","","26.13","18.78","144.32","14.85","11.85","80.58","0.000000","0.000000","",""
"06:23:02.899","GOREV","","","","","","","","","","","","","","","","","","","","","","","","","","","","26.13","18.77","144.54","15.05","11.86","80.55","0.000000","0.000000","",""
"06:23:03.068","GOREV","","","","","","","","","","","","","","","","","","","","","","","","","","","","26.14","18.76","144.76","14.77","11.71","80.52","0.000000","0.000000","",""
"06:23:03.262","GOREV","","","","","","","","","","","","","","","","","","","","","","","","","","","","26.14","18.74","144.97","15.00","11.82","80.49","0.000000","0.000000","",""
"06:23:03.397","GOREV","","","","","","","","","","","","","","","","","","","","","","","","","","","","26.12","18.74","145.18","15.05","11.75","80.46","0.000000","0.000000","",""
"06:23:03.571","GOREV","","","","","","","","","","","","","","","","","","","","","","","","","","","","26.14","18.76","145.40","14.87","11.75","80.43","0.000000","0.000000","",""
"06:23:03.740","GOREV","","","","","","","","","","","","","","","","","","","","","","","","","","","","26.15","18.74","145.62","14.85","11.90","80.41","0.000000","0.000000","",""
"06:23:03.910","GOREV","","","","","","","","","","","","","","","","","","","","","","","","","","","","26.13","18.76","145.84","14.90","11.75","80.38","0.000000","0.000000","",""
"06:23:04.068","GOREV","","","","","","","","","","","","","","","","","","","","","","","","","","","","26.15","18.77","146.05","14.87","11.84","80.35","0.000000","0.000000","",""
"06:23:04.239","GOREV","","","","","","","","","","","","","","","","","","","","","","","","","","","","26.16","18.74","146.27","14.84","11.98","80.32","0.000000","0.000000","",""
"06:23:04.412","GOREV","","","","","","","","","","","","","","","","","","","","","","","","","","","","26.16","18.75","146.49","14.74","11.90","80.29","0.000000","0.000000","",""
"06:23:04.563","GOREV","","","","","","","","","","","","","","","","","","","","","","","","","","","","26.16","18.74","146.70","14.82","11.80","80.26","0.000000","0.000000","",""
"06:23:04.735","GOREV","","","","","","","","","","","","","","","","","","","","","","","","","","","","26.17","18.76","146.92","14.90","11.68","80.23","0.000000","0.000000","",""
"06:23:04.898","GOREV","","","","","","","","","","","","","","","","","","","","","","","","","","","","26.17","18.73","147.14","14.85","11.83","80.20","0.000000","0.000000","",""
"06:23:05.069","GOREV","","","","","","","","","","","","","","","","","","","","","","","","","","","","26.16","18.73","147.36","14.97","11.74","80.17","0.000000","0.000000","",""
"06:23:05.242","GOREV","","","","","","","","","","","","","","","","","","","","","","","","","","","","26.16","18.73","147.58","14.93","11.82","80.14","0.000000","0.000000","",""
"06:23:05.405","GOREV","","","","","","","","","","","","","","","","","","","","","","","","","","","","26.18","18.75","147.79","14.73","11.84","80.12","0.000000","0.000000","",""
"06:23:05.567","GOREV","","","","","","","","","","","","","","","","","","","","","","","","","","","","26.15","18.74","148.01","14.88","11.81","80.09","0.000000","0.000000","",""
"06:23:05.743","GOREV","","","","","","","","","","","","","","","","","","","","","","","","","","","","26.17","18.75","148.23","14.99","11.99","80.06","0.000000","0.000000","",""
"06:23:05.896","GOREV","","","","","","","","","","","","","","","","","","","","","","","","","","","","26.14","18.75","148.44","14.88","11.73","80.03","0.000000","0.000000","",""
"06:23:06.071","GOREV","","","","","","","","","","","","","","","","","","","","","","","","","","","","26.15","18.76","148.66","14.79","11.97","80.01","0.000000","0.000000","",""
"06:23:06.263","GOREV","","","","","","","","","","","","","","","","","","","","","","","","","","","","26.19","18.77","148.88","14.94","11.91","79.98","0.000000","0.000000","",""
"06:23:06.401","GOREV","","","","","","","","","","","","","","","","","","","","","","","","","","","","26.20","18.77","149.10","14.96","11.85","79.95","0.000000","0.000000","",""
"06:23:06.576","GOREV","","","","","","","","","","","","","","","","","","","","","","","","","","","","26.19","18.73","149.31","15.04","11.96","79.92","0.000000","0.000000","",""
"06:23:06.734","GOREV","","","","","","","","","","","","","","","","","","","","","","","","","","","","26.18","18.73","149.53","15.01","11.76","79.89","0.000000","0.000000","",""
"06:23:06.910","GOREV","","","","","","","","","","","","","","","","","","","","","","","","","","","","26.18","18.73","149.75","14.78","11.81","79.86","0.000000","0.000000","",""
"06:23:07.074","GOREV","","","","","","","","","","","","","","","","","","","","","","","","","","","","26.18","18.75","149.97","14.99","11.86","79.83","0.000000","0.000000","",""
"06:23:07.254","GOREV","","","","","","","","","","","","","","","","","","","","","","","","","","","","26.20","18.76","150.19","15.04","12.05","79.81","0.000000","0.000000","",""
"06:23:07.398","GOREV","","","","","","","","","","","","","","","","","","","","","","","","","","","","26.19","18.74","150.41","15.12","11.84","79.77","0.000000","0.000000","",""
"06:23:07.592","GOREV","","","","","","","","","","","","","","","","","","","","","","","","","","","","26.19","18.74","150.63","14.97","11.79","79.75","0.000000","0.000000","",""
"06:23:07.731","GOREV","","","","","","","","","","","","","","","","","","","","","","","","","","","","26.20","18.75","150.84","14.93","11.79","79.72","0.000000","0.000000","",""
"06:23:07.902","GOREV","","","","","","","","","","","","","","","","","","","","","","","","","","","","26.22","18.75","151.06","14.78","11.85","79.70","0.000000","0.000000","",""
"06:23:08.064","GOREV","","","","","","","","","","","","","","","","","","","","","","","","","","","","26.21","18.75","151.27","14.97","11.76","79.67","0.000000","0.000000","",""
"06:23:08.250","GOREV","","","","","","","","","","","","","","","","","","","","","","","","","","","","26.20","18.73","151.49","14.91","11.89","79.64","0.000000","0.000000","",""
"06:23:08.409","GOREV","","","","","","","","","","","","","","","","","","","","","","","","","","","","26.19","18.71","151.71","14.93","11.89","79.61","0.000000","0.000000","",""
"06:23:08.573","GOREV","","","","","","","","","","","","","","","","","","","","","","","","","","","","26.20","18.71","151.92","14.75","11.86","79.58","0.000000","0.000000","",""
"06:23:08.732","GOREV","","","","","","","","","","","","","","","","","","","","","","","","","","","","26.20","18.76","152.14","14.96","11.93","79.55","0.000000","0.000000","",""
"06:23:08.902","GOREV","","","","","","","","","","","","","","","","","","","","","","","","","","","","26.20","18.72","152.35","14.93","11.93","79.52","0.000000","0.000000","",""
"06:23:09.067","GOREV","","","","","","","","","","","","","","","","","","","","","","","","","","","","26.21","18.74","152.57","14.95","11.77","79.49","0.000000","0.000000","",""
"06:23:09.232","GOREV","","","","","","","","","","","","","","","","","","","","","","","","","","","","26.21","18.74","152.79","14.79","11.81","79.47","0.000000","0.000000","",""
"06:23:09.412","GOREV","","","","","","","","","","","","","","","","","","","","","","","","","","","","26.22","18.73","153.01","15.02","12.09","79.44","0.000000","0.000000","",""
"06:23:09.577","GOREV","","","","","","","","","","","","","","","","","","","","","","","","","","","","26.21","18.73","153.22","14.93","11.78","79.41","0.000000","0.000000","",""
"06:23:09.736","GOREV","","","","","","","","","","","","","","","","","","","","","","","","","","","","26.21","18.74","153.44","14.82","11.87","79.38","0.000000","0.000000","",""
"06:23:09.913","GOREV","","","","","","","","","","","","","","","","","","","","","","","","","","","","26.21","18.74","153.66","14.93","11.83","79.35","0.000000","0.000000","",""
"06:23:10.078","GOREV","","","","","","","","","","","","","","","","","","","","","","","","","","","","26.22","18.71","153.87","14.95","11.84","79.32","0.000000","0.000000","",""
"06:23:10.258","GOREV","","","","","","","","","","","","","","","","","","","","","","","","","","","","26.22","18.72","154.09","14.85","11.73","79.29","0.000000","0.000000","",""
"06:23:10.400","GOREV","","","","","","","","","","","","","","","","","","","","","","","","","","","","26.20","18.75","154.31","14.94","11.96","79.26","0.000000","0.000000","",""
"06:23:10.579","GOREV","","","","","","","","","","","","","","","","","","","","","","","","","","","","26.21","18.75","154.53","14.69","12.01","79.23","0.000000","0.000000","",""
"06:23:10.763","GOREV","","","","","","","","","","","","","","","","","","","","","","","","","","","","26.20","18.74","154.74","14.96","11.79","79.20","0.000000","0.000000","",""
"06:23:10.920","GOREV","","","","","","","","","","","","","","","","","","","","","","","","","","","","26.21","18.76","154.96","14.79","11.74","79.17","0.000000","0.000000","",""
"06:23:11.066","GOREV","","","","","","","","","","","","","","","","","","","","","","","","","","","","26.21","18.75","155.17","14.84","11.92","79.14","0.000000","0.000000","",""
"06:23:11.235","GOREV","","","","","","","","","","","","","","","","","","","","","","","","","","","","26.21","18.77","155.39","14.80","11.85","79.11","0.000000","0.000000","",""
"06:23:11.430","GOREV","","","","","","","","","","","","","","","","","","","","","","","","","","","","26.22","18.75","155.61","14.97","11.99","79.08","0.000000","0.000000","",""
"06:23:11.568","GOREV","","","","","","","","","","","","","","","","","","","","","","","","","","","","26.23","18.72","155.83","15.01","11.89","79.05","0.000000","0.000000","",""
"06:23:11.734","GOREV","","","","","","","","","","","","","","","","","","","","","","","","","","","","26.24","18.72","156.04","14.91","11.71","79.03","0.000000","0.000000","",""
"06:23:11.903","GOREV","","","","","","","","","","","","","","","","","","","","","","","","","","","","26.24","18.73","156.26","14.94","11.93","79.00","0.000000","0.000000","",""
"06:23:12.071","GOREV","","","","","","","","","","","","","","","","","","","","","","","","","","","","26.24","18.75","156.48","14.86","11.80","78.97","0.000000","0.000000","",""
"06:23:12.234","GOREV","","","","","","","","","","","","","","","","","","","","","","","","","","","","26.23","18.74","156.70","14.96","11.94","78.94","0.000000","0.000000","",""
"06:23:12.447","GOREV","","","","","","","","","","","","","","","","","","","","","","","","","","","","26.24","18.75","156.92","14.79","11.83","78.91","0.000000","0.000000","",""
"06:23:12.568","GOREV","","","","","","","","","","","","","","","","","","","","","","","","","","","","26.23","18.71","157.14","14.98","11.83","78.88","0.000000","0.000000","",""
"06:23:12.750","GOREV","","","","","","","","","","","","","","","","","","","","","","","","","","","","26.24","18.72","157.35","14.90","11.81","78.85","0.000000","0.000000","",""
"06:23:12.906","GOREV","","","","","","","","","","","","","","","","","","","","","","","","","","","","26.24","18.71","157.57","14.86","11.70","78.82","0.000000","0.000000","",""
"06:23:13.068","GOREV","","","","","","","","","","","","","","","","","","","","","","","","","","","","26.24","18.69","157.78","14.82","11.82","78.79","0.000000","0.000000","",""
"06:23:13.278","GOREV","","","","","","","","","","","","","","","","","","","","","","","","","","","","26.26","18.67","158.01","14.96","11.65","78.76","0.000000","0.000000","",""
"06:23:13.430","GOREV","","","","","","","","","","","","","","","","","","","","","","","","","","","","26.25","18.70","158.23","14.88","11.84","78.73","0.000000","0.000000","",""
"06:23:13.569","GOREV","","","","","","","","","","","","","","","","","","","","","","","","","","","","26.23","18.70","158.44","14.79","11.98","78.71","0.000000","0.000000","",""
"06:23:13.735","GOREV","","","","","","","","","","","","","","","","","","","","","","","","","","","","26.23","18.73","158.66","14.96","11.89","78.68","0.000000","0.000000","",""
"06:23:13.901","GOREV","","","","","","","","","","","","","","","","","","","","","","","","","","","","26.24","18.72","158.88","14.99","12.00","78.64","0.000000","0.000000","",""
"06:23:14.071","GOREV","","","","","","","","","","","","","","","","","","","","","","","","","","","","26.26","18.73","159.10","14.86","11.90","78.61","0.000000","0.000000","",""
"06:23:14.258","GOREV","","","","","","","","","","","","","","","","","","","","","","","","","","","","26.25","18.75","159.32","15.00","11.69","78.58","0.000000","0.000000","",""
"06:23:14.423","GOREV","","","","","","","","","","","","","","","","","","","","","","","","","","","","26.24","18.76","159.53","14.80","11.75","78.56","0.000000","0.000000","",""
"06:23:14.569","GOREV","","","","","","","","","","","","","","","","","","","","","","","","","","","","26.26","18.75","159.75","14.91","11.77","78.53","0.000000","0.000000","",""
"06:23:14.746","GOREV","","","","","","","","","","","","","","","","","","","","","","","","","","","","26.26","18.75","159.97","15.06","12.00","78.50","0.000000","0.000000","",""
"06:23:14.902","GOREV","","","","","","","","","","","","","","","","","","","","","","","","","","","","26.25","18.73","160.18","14.95","11.85","78.47","0.000000","0.000000","",""
"06:23:15.078","GOREV","","","","","","","","","","","","","","","","","","","","","","","","","","","","26.23","18.73","160.40","14.90","11.86","78.44","0.000000","0.000000","",""
"06:23:15.243","GOREV","","","","","","","","","","","","","","","","","","","","","","","","","","","","26.25","18.72","160.62","14.98","11.77","78.41","0.000000","0.000000","",""
"06:23:15.403","GOREV","","","","","","","","","","","","","","","","","","","","","","","","","","","","26.25","18.71","160.84","14.94","11.88","78.39","0.000000","0.000000","",""
"06:23:15.572","GOREV","","","","","","","","","","","","","","","","","","","","","","","","","","","","26.26","18.74","161.05","14.82","11.84","78.36","0.000000","0.000000","",""
"06:23:15.770","GOREV","","","","","","","","","","","","","","","","","","","","","","","","","","","","26.25","18.73","161.27","14.92","11.96","78.33","0.000000","0.000000","",""
"06:23:15.902","GOREV","","","","","","","","","","","","","","","","","","","","","","","","","","","","26.25","18.70","161.48","14.85","11.89","78.30","0.000000","0.000000","",""
"06:23:16.119","GOREV","","","","","","","","","","","","","","","","","","","","","","","","","","","","26.25","18.71","161.70","14.84","11.75","78.26","0.000000","0.000000","",""
"06:23:16.236","GOREV","","","","","","","","","","","","","","","","","","","","","","","","","","","","26.24","18.72","161.92","14.77","11.88","78.24","0.000000","0.000000","",""
"06:23:16.416","GOREV","","","","","","","","","","","","","","","","","","","","","","","","","","","","26.26","18.73","162.14","15.02","11.81","78.21","0.000000","0.000000","",""
"06:23:16.571","GOREV","","","","","","","","","","","","","","","","","","","","","","","","","","","","26.25","18.73","162.35","14.96","11.89","78.18","0.000000","0.000000","",""
"06:23:16.751","GOREV","","","","","","","","","","","","","","","","","","","","","","","","","","","","26.27","18.73","162.57","14.90","11.81","78.15","0.000000","0.000000","",""
"06:23:16.904","GOREV","","","","","","","","","","","","","","","","","","","","","","","","","","","","26.26","18.72","162.79","14.77","11.90","78.12","0.000000","0.000000","",""
"06:23:17.072","GOREV","","","","","","","","","","","","","","","","","","","","","","","","","","","","26.25","18.73","163.00","14.87","11.90","78.09","0.000000","0.000000","",""
"06:23:17.239","GOREV","","","","","","","","","","","","","","","","","","","","","","","","","","","","26.27","18.73","163.22","14.90","11.76","78.06","0.000000","0.000000","",""
"06:23:17.405","GOREV","","","","","","","","","","","","","","","","","","","","","","","","","","","","26.25","18.71","163.44","14.74","11.97","78.04","0.000000","0.000000","",""
"06:23:17.576","GOREV","","","","","","","","","","","","","","","","","","","","","","","","","","","","26.27","18.74","163.66","14.73","11.87","78.01","0.000000","0.000000","",""
"06:23:17.753","GOREV","","","","","","","","","","","","","","","","","","","","","","","","","","","","26.26","18.72","163.87","14.91","11.86","77.98","0.000000","0.000000","",""
"06:23:17.904","GOREV","","","","","","","","","","","","","","","","","","","","","","","","","","","","26.27","18.70","164.09","14.89","11.90","77.95","0.000000","0.000000","",""
"06:23:18.071","GOREV","","","","","","","","","","","","","","","","","","","","","","","","","","","","26.26","18.71","164.30","14.99","11.94","77.92","0.000000","0.000000","",""
"06:23:18.243","GOREV","","","","","","","","","","","","","","","","","","","","","","","","","","","","26.26","18.69","164.52","14.89","11.83","77.89","0.000000","0.000000","",""
"06:23:18.410","GOREV","","","","","","","","","","","","","","","","","","","","","","","","","","","","26.25","18.69","164.74","14.94","11.91","77.86","0.000000","0.000000","",""
"06:23:18.579","GOREV","","","","","","","","","","","","","","","","","","","","","","","","","","","","26.23","18.69","164.95","14.91","11.87","77.83","0.000000","0.000000","",""
"06:23:18.743","GOREV","","","","","","","","","","","","","","","","","","","","","","","","","","","","26.25","18.70","165.16","14.92","11.71","77.80","0.000000","0.000000","",""
"06:23:18.904","GOREV","","","","","","","","","","","","","","","","","","","","","","","","","","","","26.27","18.70","165.37","14.90","11.78","77.77","0.000000","0.000000","",""
"06:23:19.084","GOREV","","","","","","","","","","","","","","","","","","","","","","","","","","","","26.26","18.72","165.58","14.88","11.82","77.74","0.000000","0.000000","",""
"06:23:19.242","GOREV","","","","","","","","","","","","","","","","","","","","","","","","","","","","26.25","18.74","165.80","14.84","11.91","77.71","0.000000","0.000000","",""
"06:23:19.414","GOREV","","","","","","","","","","","","","","","","","","","","","","","","","","","","26.26","18.75","166.01","14.83","11.94","77.68","0.000000","0.000000","",""
"06:23:19.576","GOREV","","","","","","","","","","","","","","","","","","","","","","","","","","","","26.25","18.72","166.23","14.85","11.75","77.65","0.000000","0.000000","",""
"06:23:19.738","GOREV","","","","","","","","","","","","","","","","","","","","","","","","","","","","26.25","18.70","166.44","14.80","11.80","77.62","0.000000","0.000000","",""
"06:23:19.905","GOREV","","","","","","","","","","","","","","","","","","","","","","","","","","","","26.25","18.72","166.66","14.96","11.91","77.59","0.000000","0.000000","",""
"06:23:20.078","GOREV","","","","","","","","","","","","","","","","","","","","","","","","","","","","26.28","18.74","166.87","15.02","11.82","77.56","0.000000","0.000000","",""
"06:23:20.240","GOREV","","","","","","","","","","","","","","","","","","","","","","","","","","","","26.28","18.75","167.08","14.76","11.85","77.53","0.000000","0.000000","",""
"06:23:20.424","GOREV","","","","","","","","","","","","","","","","","","","","","","","","","","","","26.28","18.73","167.30","14.95","12.02","77.50","0.000000","0.000000","",""
"06:23:20.579","GOREV","","","","","","","","","","","","","","","","","","","","","","","","","","","","26.28","18.75","167.52","14.86","11.88","77.47","0.000000","0.000000","",""
"06:23:20.748","GOREV","","","","","","","","","","","","","","","","","","","","","","","","","","","","26.27","18.73","167.74","15.09","12.00","77.44","0.000000","0.000000","",""
"06:23:20.905","GOREV","","","","","","","","","","","","","","","","","","","","","","","","","","","","26.28","18.72","167.95","14.92","11.85","77.41","0.000000","0.000000","",""
"06:23:21.087","GOREV","","","","","","","","","","","","","","","","","","","","","","","","","","","","26.31","18.73","168.16","14.83","11.90","77.38","0.000000","0.000000","",""
"06:23:21.279","GOREV","","","","","","","","","","","","","","","","","","","","","","","","","","","","26.30","18.72","168.38","14.93","11.99","77.35","0.000000","0.000000","",""
"06:23:21.418","GOREV","","","","","","","","","","","","","","","","","","","","","","","","","","","","26.30","18.74","168.60","15.08","11.86","77.32","0.000000","0.000000","",""
"06:23:21.578","GOREV","","","","","","","","","","","","","","","","","","","","","","","","","","","","26.29","18.74","168.81","14.80","11.82","77.30","0.000000","0.000000","",""
"06:23:21.746","GOREV","","","","","","","","","","","","","","","","","","","","","","","","","","","","26.28","18.72","169.03","14.90","12.03","77.27","0.000000","0.000000","",""
"06:23:21.961","GOREV","","","","","","","","","","","","","","","","","","","","","","","","","","","","26.29","18.71","169.25","15.02","11.93","77.24","0.000000","0.000000","",""
"06:23:22.073","GOREV","","","","","","","","","","","","","","","","","","","","","","","","","","","","26.28","18.73","169.46","14.85","11.94","77.20","0.000000","0.000000","",""
"06:23:22.240","GOREV","","","","","","","","","","","","","","","","","","","","","","","","","","","","26.27","18.73","169.68","14.85","11.80","77.18","0.000000","0.000000","",""
"06:23:22.421","GOREV","","","","","","","","","","","","","","","","","","","","","","","","","","","","26.27","18.71","169.89","14.77","11.82","77.15","0.000000","0.000000","",""
"06:23:22.578","GOREV","","","","","","","","","","","","","","","","","","","","","","","","","","","","26.27","18.70","170.11","15.13","11.69","77.12","0.000000","0.000000","",""
"06:23:22.746","GOREV","","","","","","","","","","","","","","","","","","","","","","","","","","","","26.27","18.71","170.33","14.82","11.84","77.09","0.000000","0.000000","",""
"06:23:22.915","GOREV","","","","","","","","","","","","","","","","","","","","","","","","","","","","26.30","18.72","170.55","15.00","11.69","77.06","0.000000","0.000000","",""
"06:23:23.078","GOREV","","","","","","","","","","","","","","","","","","","","","","","","","","","","26.29","18.71","170.76","14.86","11.98","77.03","0.000000","0.000000","",""
"06:23:23.244","GOREV","","","","","","","","","","","","","","","","","","","","","","","","","","","","26.26","18.71","170.97","14.86","11.65","77.00","0.000000","0.000000","",""
"06:23:23.444","GOREV","","","","","","","","","","","","","","","","","","","","","","","","","","","","26.27","18.73","171.19","14.97","11.91","76.97","0.000000","0.000000","",""
"06:23:23.575","GOREV","","","","","","","","","","","","","","","","","","","","","","","","","","","","26.26","18.71","171.40","14.76","11.92","76.94","0.000000","0.000000","",""
"06:23:23.741","GOREV","","","","","","","","","","","","","","","","","","","","","","","","","","","","26.26","18.71","171.62","14.93","11.98","76.91","0.000000","0.000000","",""
"06:23:23.907","GOREV","","","","","","","","","","","","","","","","","","","","","","","","","","","","26.29","18.71","171.83","14.97","11.99","76.88","0.000000","0.000000","",""
"06:23:24.079","GOREV","","","","","","","","","","","","","","","","","","","","","","","","","","","","26.30","18.74","172.05","14.78","11.77","76.85","0.000000","0.000000","",""
"06:23:24.250","GOREV","","","","","","","","","","","","","","","","","","","","","","","","","","","","26.28","18.74","172.26","15.01","11.73","76.82","0.000000","0.000000","",""
"06:23:24.413","GOREV","","","","","","","","","","","","","","","","","","","","","","","","","","","","26.26","18.76","172.48","14.97","11.72","76.80","0.000000","0.000000","",""
"06:23:24.584","GOREV","","","","","","","","","","","","","","","","","","","","","","","","","","","","26.27","18.76","172.69","14.98","11.87","76.77","0.000000","0.000000","",""
"06:23:24.741","GOREV","","","","","","","","","","","","","","","","","","","","","","","","","","","","26.27","18.73","172.91","14.83","11.86","76.74","0.000000","0.000000","",""
"06:23:24.943","GOREV","","","","","","","","","","","","","","","","","","","","","","","","","","","","26.27","18.74","173.12","14.86","11.76","76.71","0.000000","0.000000","",""
"06:23:25.081","GOREV","","","","","","","","","","","","","","","","","","","","","","","","","","","","26.28","18.73","173.34","14.89","11.80","76.68","0.000000","0.000000","",""
"06:23:25.247","GOREV","","","","","","","","","","","","","","","","","","","","","","","","","","","","26.28","18.73","173.56","14.86","11.89","76.65","0.000000","0.000000","",""
"06:23:25.414","GOREV","","","","","","","","","","","","","","","","","","","","","","","","","","","","26.28","18.69","173.77","14.85","11.77","76.62","0.000000","0.000000","",""
"06:23:25.577","GOREV","","","","","","","","","","","","","","","","","","","","","","","","","","","","26.28","18.68","173.99","14.93","11.76","76.59","0.000000","0.000000","",""
"06:23:25.748","GOREV","","","","","","","","","","","","","","","","","","","","","","","","","","","","26.27","18.69","174.20","15.02","11.82","76.56","0.000000","0.000000","",""
"06:23:25.924","GOREV","","","","","","","","","","","","","","","","","","","","","","","","","","","","26.26","18.70","174.42","14.82","11.99","76.53","0.000000","0.000000","",""
"06:23:26.087","GOREV","","","","","","","","","","","","","","","","","","","","","","","","","","","","26.27","18.72","174.63","14.78","11.91","76.50","0.000000","0.000000","",""
"06:23:26.248","GOREV","","","","","","","","","","","","","","","","","","","","","","","","","","","","26.27","18.73","174.85","14.91","11.74","76.47","0.000000","0.000000","",""
"06:23:26.414","GOREV","","","","","","","","","","","","","","","","","","","","","","","","","","","","26.28","18.71","175.07","14.83","11.86","76.44","0.000000","0.000000","",""
"06:23:26.586","GOREV","","","","","","","","","","","","","","","","","","","","","","","","","","","","26.29","18.69","175.28","14.81","11.81","76.42","0.000000","0.000000","",""
"06:23:26.763","GOREV","","","","","","","","","","","","","","","","","","","","","","","","","","","","26.28","18.72","175.49","14.88","11.83","76.39","0.000000","0.000000","",""
"06:23:26.932","GOREV","","","","","","","","","","","","","","","","","","","","","","","","","","","","26.28","18.73","175.71","15.00","11.89","76.36","0.000000","0.000000","",""
"06:23:27.083","GOREV","","","","","","","","","","","","","","","","","","","","","","","","","","","","26.29","18.74","175.92","14.80","11.71","76.33","0.000000","0.000000","",""
"06:23:27.256","GOREV","","","","","","","","","","","","","","","","","","","","","","","","","","","","26.28","18.73","176.14","14.97","11.99","76.30","0.000000","0.000000","",""
"06:23:27.415","GOREV","","","","","","","","","","","","","","","","","","","","","","","","","","","","26.28","18.71","176.36","14.90","11.86","76.27","0.000000","0.000000","",""
"06:23:27.614","GOREV","","","","","","","","","","","","","","","","","","","","","","","","","","","","26.28","18.71","176.57","14.84","11.71","76.24","0.000000","0.000000","",""
"06:23:27.763","GOREV","","","","","","","","","","","","","","","","","","","","","","","","","","","","26.28","18.72","176.79","14.76","11.85","76.21","0.000000","0.000000","",""
"06:23:27.915","GOREV","","","","","","","","","","","","","","","","","","","","","","","","","","","","26.28","18.72","177.01","14.89","11.97","76.18","0.000000","0.000000","",""
"06:23:28.078","GOREV","","","","","","","","","","","","","","","","","","","","","","","","","","","","26.31","18.72","177.22","14.78","11.93","76.15","0.000000","0.000000","",""
"06:23:28.252","GOREV","","","","","","","","","","","","","","","","","","","","","","","","","","","","26.32","18.73","177.44","14.92","11.84","76.12","0.000000","0.000000","",""
"06:23:28.436","GOREV","","","","","","","","","","","","","","","","","","","","","","","","","","","","26.31","18.72","177.65","15.00","11.99","76.09","0.000000","0.000000","",""
"06:23:28.582","GOREV","","","","","","","","","","","","","","","","","","","","","","","","","","","","26.30","18.71","177.87","14.93","11.86","76.06","0.000000","0.000000","",""
"06:23:28.768","GOREV","","","","","","","","","","","","","","","","","","","","","","","","","","","","26.28","18.71","178.08","14.78","11.82","76.03","0.000000","0.000000","",""
"06:23:28.935","GOREV","","","","","","","","","","","","","","","","","","","","","","","","","","","","26.28","18.73","178.30","14.95","12.00","76.00","0.000000","0.000000","",""
"06:23:29.093","GOREV","","","","","","","","","","","","","","","","","","","","","","","","","","","","26.27","18.71","178.52","14.70","11.93","75.97","0.000000","0.000000","",""
"06:23:29.257","GOREV","","","","","","","","","","","","","","","","","","","","","","","","","","","","26.28","18.71","178.74","14.95","11.81","75.94","0.000000","0.000000","",""
"06:23:29.418","GOREV","","","","","","","","","","","","","","","","","","","","","","","","","","","","26.30","18.70","178.95","15.01","11.72","75.91","0.000000","0.000000","",""
"06:23:29.611","GOREV","","","","","","","","","","","","","","","","","","","","","","","","","","","","26.32","18.72","179.17","14.85","11.82","75.88","0.000000","0.000000","",""
"06:23:29.747","GOREV","","","","","","","","","","","","","","","","","","","","","","","","","","","","26.30","18.71","179.38","15.02","11.84","75.85","0.000000","0.000000","",""
"06:23:29.914","GOREV","","","","","","","","","","","","","","","","","","","","","","","","","","","","26.31","18.73","179.60","14.80","11.88","75.83","0.000000","0.000000","",""
"06:23:30.082","GOREV","","","","","","","","","","","","","","","","","","","","","","","","","","","","26.29","18.72","179.81","14.96","11.81","75.80","0.000000","0.000000","",""
"06:23:30.258","GOREV","","","","","","","","","","","","","","","","","","","","","","","","","","","","26.29","18.74","177.50","14.98","11.86","75.77","0.000000","0.000000","",""
"06:23:30.421","GOREV","","","","","","","","","","","","","","","","","","","","","","","","","","","","26.29","18.74","177.42","14.91","11.88","75.74","0.000000","0.000000","",""
"06:23:30.594","GOREV","","","","","","","","","","","","","","","","","","","","","","","","","","","","26.27","18.73","177.34","14.70","11.85","75.71","0.000000","0.000000","",""
"06:23:30.748","GOREV","","","","","","","","","","","","","","","","","","","","","","","","","","","","26.28","18.73","177.26","14.92","11.97","75.68","0.000000","0.000000","",""
"06:23:30.918","GOREV","","","","","","","","","","","","","","","","","","","","","","","","","","","","26.30","18.71","177.19","14.95","11.94","75.65","0.000000","0.000000","",""
"06:23:31.082","GOREV","","","","","","","","","","","","","","","","","","","","","","","","","","","","26.28","18.69","177.11","14.94","11.97","75.62","0.000000","0.000000","",""
"06:23:31.253","GOREV","","","","","","","","","","","","","","","","","","","","","","","","","","","","26.29","18.70","177.03","14.89","11.90","75.59","0.000000","0.000000","",""
"06:23:31.429","GOREV","","","","","","","","","","","","","","","","","","","","","","","","","","","","26.29","18.70","176.95","14.85","11.73","75.56","0.000000","0.000000","",""
"06:23:31.589","GOREV","","","","","","","","","","","","","","","","","","","","","","","","","","","","26.30","18.68","176.87","14.76","11.91","75.53","0.000000","0.000000","",""
"06:23:31.751","GOREV","","","","","","","","","","","","","","","","","","","","","","","","","","","","26.31","18.68","176.80","14.80","11.80","75.50","0.000000","0.000000","",""
"06:23:31.968","GOREV","","","","","","","","","","","","","","","","","","","","","","","","","","","","26.35","18.68","176.72","14.83","11.95","75.47","0.000000","0.000000","",""
"06:23:32.083","GOREV","","","","","","","","","","","","","","","","","","","","","","","","","","","","26.35","18.71","176.64","15.03","11.95","75.44","0.000000","0.000000","",""
"06:23:32.250","GOREV","","","","","","","","","","","","","","","","","","","","","","","","","","","","26.33","18.72","176.56","14.95","11.99","75.41","0.000000","0.000000","",""
"06:23:32.422","GOREV","","","","","","","","","","","","","","","","","","","","","","","","","","","","26.33","18.71","176.48","14.90","11.69","75.38","0.000000","0.000000","",""
"06:23:32.590","GOREV","","","","","","","","","","","","","","","","","","","","","","","","","","","","26.33","18.74","176.40","14.77","11.80","75.35","0.000000","0.000000","",""
"06:23:32.753","GOREV","","","","","","","","","","","","","","","","","","","","","","","","","","","","26.30","18.73","176.32","14.87","11.91","75.32","0.000000","0.000000","",""
"06:23:32.917","GOREV","","","","","","","","","","","","","","","","","","","","","","","","","","","","26.31","18.74","176.25","14.87","11.62","75.30","0.000000","0.000000","",""
"06:23:33.108","GOREV","","","","","","","","","","","","","","","","","","","","","","","","","","","","26.30","18.73","176.17","14.91","11.72","75.27","0.000000","0.000000","",""
"06:23:33.253","GOREV","","","","","","","","","","","","","","","","","","","","","","","","","","","","26.31","18.72","176.09","14.70","11.77","75.24","0.000000","0.000000","",""
"06:23:33.447","GOREV","","","","","","","","","","","","","","","","","","","","","","","","","","","","26.34","18.72","176.01","14.78","11.78","75.21","0.000000","0.000000","",""
"06:23:33.587","GOREV","","","","","","","","","","","","","","","","","","","","","","","","","","","","26.32","18.75","175.93","14.97","11.88","75.18","0.000000","0.000000","",""
"06:23:33.762","GOREV","","","","","","","","","","","","","","","","","","","","","","","","","","","","26.31","18.73","175.86","14.82","11.83","75.15","0.000000","0.000000","",""
"06:23:33.925","GOREV","","","","","","","","","","","","","","","","","","","","","","","","","","","","26.30","18.72","175.78","14.83","11.81","75.12","0.000000","0.000000","",""
"06:23:34.086","GOREV","","","","","","","","","","","","","","","","","","","","","","","","","","","","26.30","18.71","175.70","14.87","11.77","75.09","0.000000","0.000000","",""
"06:23:34.259","GOREV","","","","","","","","","","","","","","","","","","","","","","","","","","","","26.31","18.71","175.62","14.91","11.71","75.06","0.000000","0.000000","",""
"06:23:34.420","GOREV","","","","","","","","","","","","","","","","","","","","","","","","","","","","26.31","18.72","175.54","14.94","11.80","75.03","0.000000","0.000000","",""
"06:23:34.587","GOREV","","","","","","","","","","","","","","","","","","","","","","","","","","","","26.33","18.71","175.46","14.75","11.84","75.00","0.000000","0.000000","",""
"06:23:34.759","GOREV","","","","","","","","","","","","","","","","","","","","","","","","","","","","26.31","18.72","175.38","14.75","11.95","74.97","0.000000","0.000000","",""
"06:23:34.935","GOREV","","","","","","","","","","","","","","","","","","","","","","","","","","","","26.31","18.73","175.30","15.06","11.80","74.94","0.000000","0.000000","",""
"06:23:35.093","GOREV","","","","","","","","","","","","","","","","","","","","","","","","","","","","26.30","18.72","175.22","14.79","11.98","74.91","0.000000","0.000000","",""
"06:23:35.254","GOREV","","","","","","","","","","","","","","","","","","","","","","","","","","","","26.31","18.70","175.14","14.81","11.80","74.88","0.000000","0.000000","",""
"06:23:35.452","GOREV","","","","","","","","","","","","","","","","","","","","","","","","","","","","26.33","18.70","175.06","14.93","11.82","74.85","0.000000","0.000000","",""
"06:23:35.591","GOREV","","","","","","","","","","","","","","","","","","","","","","","","","","","","26.33","18.72","174.98","14.92","11.75","74.82","0.000000","0.000000","",""
"06:23:35.765","GOREV","","","","","","","","","","","","","","","","","","","","","","","","","","","","26.34","18.69","174.91","14.89","11.82","74.79","0.000000","0.000000","",""
"06:23:35.924","GOREV","","","","","","","","","","","","","","","","","","","","","","","","","","","","26.35","18.69","174.83","14.93","11.84","74.76","0.000000","0.000000","",""
"06:23:36.124","GOREV","","","","","","","","","","","","","","","","","","","","","","","","","","","","26.33","18.70","174.74","14.88","11.87","74.73","0.000000","0.000000","",""
"06:23:36.277","GOREV","","","","","","","","","","","","","","","","","","","","","","","","","","","","26.33","18.69","174.66","14.81","12.03","74.70","0.000000","0.000000","",""
"06:23:36.441","GOREV","","","","","","","","","","","","","","","","","","","","","","","","","","","","26.31","18.72","174.58","14.87","11.85","74.67","0.000000","0.000000","",""
"06:23:36.599","GOREV","","","","","","","","","","","","","","","","","","","","","","","","","","","","26.31","18.70","174.50","14.88","12.03","74.64","0.000000","0.000000","",""
"06:23:36.756","GOREV","","","","","","","","","","","","","","","","","","","","","","","","","","","","26.31","18.71","174.42","14.82","11.84","74.61","0.000000","0.000000","",""
"06:23:36.925","GOREV","","","","","","","","","","","","","","","","","","","","","","","","","","","","26.29","18.71","174.34","15.03","11.85","74.58","0.000000","0.000000","",""
"06:23:37.093","GOREV","","","","","","","","","","","","","","","","","","","","","","","","","","","","26.30","18.70","174.27","14.78","11.85","74.55","0.000000","0.000000","",""
"06:23:37.257","GOREV","","","","","","","","","","","","","","","","","","","","","","","","","","","","26.29","18.67","174.18","14.99","11.70","74.51","0.000000","0.000000","",""
"06:23:37.455","GOREV","","","","","","","","","","","","","","","","","","","","","","","","","","","","26.33","18.68","174.11","14.83","11.95","74.49","0.000000","0.000000","",""
"06:23:37.591","GOREV","","","","","","","","","","","","","","","","","","","","","","","","","","","","26.31","18.68","174.03","14.93","11.95","74.46","0.000000","0.000000","",""
"06:23:37.758","GOREV","","","","","","","","","","","","","","","","","","","","","","","","","","","","26.32","18.70","173.95","14.97","11.98","74.43","0.000000","0.000000","",""
"06:23:37.924","GOREV","","","","","","","","","","","","","","","","","","","","","","","","","","","","26.31","18.71","173.87","14.86","11.95","74.40","0.000000","0.000000","",""
"06:23:38.108","GOREV","","","","","","","","","","","","","","","","","","","","","","","","","","","","26.33","18.73","173.79","14.85","12.01","74.36","0.000000","0.000000","",""
"06:23:38.264","GOREV","","","","","","","","","","","","","","","","","","","","","","","","","","","","26.33","18.74","173.71","14.95","11.81","74.33","0.000000","0.000000","",""
"06:23:38.427","GOREV","","","","","","","","","","","","","","","","","","","","","","","","","","","","26.33","18.72","173.63","14.72","11.81","74.30","0.000000","0.000000","",""
"06:23:38.594","GOREV","","","","","","","","","","","","","","","","","","","","","","","","","","","","26.34","18.72","173.55","14.94","11.99","74.27","0.000000","0.000000","",""
"06:23:38.775","GOREV","","","","","","","","","","","","","","","","","","","","","","","","","","","","26.34","18.72","173.47","14.87","11.94","74.24","0.000000","0.000000","",""
"06:23:38.944","GOREV","","","","","","","","","","","","","","","","","","","","","","","","","","","","26.34","18.70","173.40","14.93","11.95","74.21","0.000000","0.000000","",""
"06:23:39.092","GOREV","","","","","","","","","","","","","","","","","","","","","","","","","","","","26.34","18.70","173.32","14.93","11.95","74.18","0.000000","0.000000","",""
"06:23:39.259","GOREV","","","","","","","","","","","","","","","","","","","","","","","","","","","","26.34","18.71","173.24","14.82","11.88","74.15","0.000000","0.000000","",""
"06:23:39.435","GOREV","","","","","","","","","","","","","","","","","","","","","","","","","","","","26.35","18.69","173.16","14.91","11.90","74.11","0.000000","0.000000","",""
"06:23:39.609","GOREV","","","","","","","","","","","","","","","","","","","","","","","","","","","","26.34","18.71","173.08","14.87","11.83","74.08","0.000000","0.000000","",""
"06:23:39.769","GOREV","","","","","","","","","","","","","","","","","","","","","","","","","","","","26.33","18.71","173.00","14.83","11.88","74.05","0.000000","0.000000","",""
"06:23:39.930","GOREV","","","","","","","","","","","","","","","","","","","","","","","","","","","","26.33","18.69","172.92","14.76","11.90","74.02","0.000000","0.000000","",""
"06:23:40.092","GOREV","","","","","","","","","","","","","","","","","","","","","","","","","","","","26.32","18.72","172.85","15.12","11.77","73.99","0.000000","0.000000","",""
"06:23:40.273","GOREV","","","","","","","","","","","","","","","","","","","","","","","","","","","","26.31","18.72","172.77","14.78","11.94","73.96","0.000000","0.000000","",""
"06:23:40.426","GOREV","","","","","","","","","","","","","","","","","","","","","","","","","","","","26.33","18.71","172.69","15.00","11.91","73.93","0.000000","0.000000","",""
"06:23:40.594","GOREV","","","","","","","","","","","","","","","","","","","","","","","","","","","","26.33","18.70","172.61","14.90","11.74","73.90","0.000000","0.000000","",""
"06:23:40.761","GOREV","","","","","","","","","","","","","","","","","","","","","","","","","","","","26.34","18.74","172.53","15.00","11.89","73.87","0.000000","0.000000","",""
"06:23:40.926","GOREV","","","","","","","","","","","","","","","","","","","","","","","","","","","","26.33","18.73","172.45","14.86","11.84","73.84","0.000000","0.000000","",""
"06:23:41.107","GOREV","","","","","","","","","","","","","","","","","","","","","","","","","","","","26.33","18.73","172.37","14.82","11.94","73.81","0.000000","0.000000","",""
"06:23:41.273","GOREV","","","","","","","","","","","","","","","","","","","","","","","","","","","","26.34","18.71","172.29","14.97","11.79","73.78","0.000000","0.000000","",""
"06:23:41.445","GOREV","","","","","","","","","","","","","","","","","","","","","","","","","","","","26.35","18.69","172.21","14.81","11.93","73.75","0.000000","0.000000","",""
"06:23:41.598","GOREV","","","","","","","","","","","","","","","","","","","","","","","","","","","","26.35","18.71","172.13","14.96","11.68","73.72","0.000000","0.000000","",""
"06:23:41.760","GOREV","","","","","","","","","","","","","","","","","","","","","","","","","","","","26.34","18.70","172.05","14.87","11.83","73.69","0.000000","0.000000","",""
"06:23:41.931","GOREV","","","","","","","","","","","","","","","","","","","","","","","","","","","","26.32","18.71","171.98","14.86","11.79","73.66","0.000000","0.000000","",""
"06:23:42.093","GOREV","","","","","","","","","","","","","","","","","","","","","","","","","","","","26.33","18.70","171.90","14.83","11.76","73.63","0.000000","0.000000","",""
"06:23:42.297","GOREV","","","","","","","","","","","","","","","","","","","","","","","","","","","","26.36","18.71","171.82","14.81","11.90","73.60","0.000000","0.000000","",""
"06:23:42.428","GOREV","","","","","","","","","","","","","","","","","","","","","","","","","","","","26.36","18.73","171.74","15.03","11.82","73.57","0.000000","0.000000","",""
"06:23:42.595","GOREV","","","","","","","","","","","","","","","","","","","","","","","","","","","","26.34","18.70","171.65","14.74","11.89","73.54","0.000000","0.000000","",""
"06:23:42.805","GOREV","","","","","","","","","","","","","","","","","","","","","","","","","","","","26.37","18.73","171.58","14.82","11.85","73.51","0.000000","0.000000","",""
"06:23:42.928","GOREV","","","","","","","","","","","","","","","","","","","","","","","","","","","","26.34","18.72","171.50","15.02","11.81","73.48","0.000000","0.000000","",""
"06:23:43.109","GOREV","","","","","","","","","","","","","","","","","","","","","","","","","","","","26.34","18.75","171.42","14.89","11.74","73.45","0.000000","0.000000","",""
"06:23:43.281","GOREV","","","","","","","","","","","","","","","","","","","","","","","","","","","","26.35","18.75","171.34","14.74","11.73","73.42","0.000000","0.000000","",""
"06:23:43.429","GOREV","","","","","","","","","","","","","","","","","","","","","","","","","","","","26.34","18.71","171.26","15.00","11.96","73.39","0.000000","0.000000","",""
"06:23:43.618","GOREV","","","","","","","","","","","","","","","","","","","","","","","","","","","","26.32","18.71","171.18","14.86","12.05","73.36","0.000000","0.000000","",""
"06:23:43.765","GOREV","","","","","","","","","","","","","","","","","","","","","","","","","","","","26.33","18.71","171.10","14.96","11.95","73.33","0.000000","0.000000","",""
"06:23:43.933","GOREV","","","","","","","","","","","","","","","","","","","","","","","","","","","","26.33","18.70","171.02","14.80","11.76","73.29","0.000000","0.000000","",""
"06:23:44.112","GOREV","","","","","","","","","","","","","","","","","","","","","","","","","","","","26.32","18.67","170.94","14.88","11.95","73.26","0.000000","0.000000","",""
"06:23:44.262","GOREV","","","","","","","","","","","","","","","","","","","","","","","","","","","","26.35","18.67","170.86","14.86","11.80","73.23","0.000000","0.000000","",""
"06:23:44.464","GOREV","","","","","","","","","","","","","","","","","","","","","","","","","","","","26.35","18.70","170.79","14.87","11.84","73.20","0.000000","0.000000","",""
"06:23:44.603","GOREV","","","","","","","","","","","","","","","","","","","","","","","","","","","","26.32","18.69","170.70","14.76","11.95","73.17","0.000000","0.000000","",""
"06:23:44.786","GOREV","","","","","","","","","","","","","","","","","","","","","","","","","","","","26.32","18.70","170.63","14.74","11.72","73.14","0.000000","0.000000","",""
"06:23:44.933","GOREV","","","","","","","","","","","","","","","","","","","","","","","","","","","","26.33","18.70","170.55","14.88","11.77","73.11","0.000000","0.000000","",""
"06:23:45.100","GOREV","","","","","","","","","","","","","","","","","","","","","","","","","","","","26.34","18.70","170.47","14.73","11.96","73.08","0.000000","0.000000","",""
"06:23:45.271","GOREV","","","","","","","","","","","","","","","","","","","","","","","","","","","","26.35","18.69","170.39","14.89","11.94","73.05","0.000000","0.000000","",""
"06:23:45.432","GOREV","","","","","","","","","","","","","","","","","","","","","","","","","","","","26.35","18.71","170.31","14.99","11.90","73.02","0.000000","0.000000","",""
"06:23:45.622","GOREV","","","","","","","","","","","","","","","","","","","","","","","","","","","","26.33","18.70","170.23","14.84","11.83","72.99","0.000000","0.000000","",""
"06:23:45.765","GOREV","","","","","","","","","","","","","","","","","","","","","","","","","","","","26.35","18.69","170.15","14.87","12.01","72.96","0.000000","0.000000","",""
"06:23:45.931","GOREV","","","","","","","","","","","","","","","","","","","","","","","","","","","","26.33","18.71","170.07","14.96","11.95","72.93","0.000000","0.000000","",""
"06:23:46.099","GOREV","","","","","","","","","","","","","","","","","","","","","","","","","","","","26.34","18.69","169.99","14.80","11.74","72.90","0.000000","0.000000","",""
"06:23:46.269","GOREV","","","","","","","","","","","","","","","","","","","","","","","","","","","","26.34","18.70","169.91","15.05","11.92","72.87","0.000000","0.000000","",""
"06:23:46.438","GOREV","","","","","","","","","","","","","","","","","","","","","","","","","","","","26.35","18.69","169.83","15.01","11.84","72.84","0.000000","0.000000","",""
"06:23:46.617","GOREV","","","","","","","","","","","","","","","","","","","","","","","","","","","","26.35","18.70","169.75","14.92","11.98","72.81","0.000000","0.000000","",""
"06:23:46.771","GOREV","","","","","","","","","","","","","","","","","","","","","","","","","","","","26.34","18.70","169.67","14.72","11.66","72.78","0.000000","0.000000","",""
"06:23:46.933","GOREV","","","","","","","","","","","","","","","","","","","","","","","","","","","","26.34","18.69","169.59","14.86","12.15","72.75","0.000000","0.000000","",""
"06:23:47.103","GOREV","","","","","","","","","","","","","","","","","","","","","","","","","","","","26.33","18.69","169.51","14.84","11.84","72.72","0.000000","0.000000","",""
"06:23:47.265","GOREV","","","","","","","","","","","","","","","","","","","","","","","","","","","","26.33","18.70","169.43","14.88","11.81","72.69","0.000000","0.000000","",""
"06:23:47.459","GOREV","","","","","","","","","","","","","","","","","","","","","","","","","","","","26.34","18.72","169.36","14.86","11.82","72.66","0.000000","0.000000","",""
"06:23:47.600","GOREV","","","","","","","","","","","","","","","","","","","","","","","","","","","","26.34","18.70","169.28","14.85","11.77","72.63","0.000000","0.000000","",""
"06:23:47.771","GOREV","","","","","","","","","","","","","","","","","","","","","","","","","","","","26.36","18.70","169.20","14.91","11.87","72.60","0.000000","0.000000","",""
"06:23:47.936","GOREV","","","","","","","","","","","","","","","","","","","","","","","","","","","","26.34","18.72","169.12","14.99","11.98","72.57","0.000000","0.000000","",""
"06:23:48.099","GOREV","","","","","","","","","","","","","","","","","","","","","","","","","","","","26.35","18.72","169.04","14.87","11.78","72.54","0.000000","0.000000","",""
"06:23:48.268","GOREV","","","","","","","","","","","","","","","","","","","","","","","","","","","","26.34","18.72","168.96","14.88","11.92","72.51","0.000000","0.000000","",""
"06:23:48.440","GOREV","","","","","","","","","","","","","","","","","","","","","","","","","","","","26.34","18.70","168.88","14.79","11.87","72.47","0.000000","0.000000","",""
"06:23:48.604","GOREV","","","","","","","","","","","","","","","","","","","","","","","","","","","","26.35","18.67","168.80","14.85","11.90","72.44","0.000000","0.000000","",""
"06:23:48.766","GOREV","","","","","","","","","","","","","","","","","","","","","","","","","","","","26.34","18.70","168.72","14.86","11.79","72.41","0.000000","0.000000","",""
"06:23:48.941","GOREV","","","","","","","","","","","","","","","","","","","","","","","","","","","","26.34","18.67","168.64","14.99","11.93","72.38","0.000000","0.000000","",""
"06:23:49.110","GOREV","","","","","","","","","","","","","","","","","","","","","","","","","","","","26.34","18.67","168.56","14.89","12.05","72.35","0.000000","0.000000","",""
"06:23:49.286","GOREV","","","","","","","","","","","","","","","","","","","","","","","","","","","","26.33","18.68","168.48","14.91","11.82","72.32","0.000000","0.000000","",""
"06:23:49.434","GOREV","","","","","","","","","","","","","","","","","","","","","","","","","","","","26.35","18.69","168.40","14.91","11.70","72.29","0.000000","0.000000","",""
"06:23:49.606","GOREV","","","","","","","","","","","","","","","","","","","","","","","","","","","","26.33","18.69","168.33","15.04","11.76","72.26","0.000000","0.000000","",""
"06:23:49.771","GOREV","","","","","","","","","","","","","","","","","","","","","","","","","","","","26.33","18.69","168.24","15.01","11.92","72.23","0.000000","0.000000","",""
"06:23:49.938","GOREV","","","","","","","","","","","","","","","","","","","","","","","","","","","","26.33","18.69","168.16","14.70","12.00","72.20","0.000000","0.000000","",""
"06:23:50.100","GOREV","","","","","","","","","","","","","","","","","","","","","","","","","","","","26.35","18.68","168.09","14.84","11.72","72.17","0.000000","0.000000","",""
"06:23:50.278","GOREV","","","","","","","","","","","","","","","","","","","","","","","","","","","","26.35","18.71","168.01","14.66","12.04","72.14","0.000000","0.000000","",""
"06:23:50.442","GOREV","","","","","","","","","","","","","","","","","","","","","","","","","","","","26.35","18.75","167.93","14.86","11.86","72.11","0.000000","0.000000","",""
"06:23:50.607","GOREV","","","","","","","","","","","","","","","","","","","","","","","","","","","","26.35","18.73","167.85","14.85","11.83","72.08","0.000000","0.000000","",""
"06:23:50.799","GOREV","","","","","","","","","","","","","","","","","","","","","","","","","","","","26.34","18.71","167.77","14.93","11.81","72.05","0.000000","0.000000","",""
"06:23:50.940","GOREV","","","","","","","","","","","","","","","","","","","","","","","","","","","","26.33","18.70","167.69","14.77","11.64","72.01","0.000000","0.000000","",""
"06:23:51.123","GOREV","","","","","","","","","","","","","","","","","","","","","","","","","","","","26.34","18.72","167.61","14.89","11.88","71.98","0.000000","0.000000","",""
"06:23:51.274","GOREV","","","","","","","","","","","","","","","","","","","","","","","","","","","","26.32","18.69","167.53","14.84","11.87","71.95","0.000000","0.000000","",""
"06:23:51.451","GOREV","","","","","","","","","","","","","","","","","","","","","","","","","","","","26.34","18.69","167.45","14.97","11.82","71.92","0.000000","0.000000","",""
"06:23:51.609","GOREV","","","","","","","","","","","","","","","","","","","","","","","","","","","","26.34","18.66","167.37","14.97","11.81","71.89","0.000000","0.000000","",""
"06:23:51.771","GOREV","","","","","","","","","","","","","","","","","","","","","","","","","","","","26.35","18.70","167.29","14.79","11.85","71.86","0.000000","0.000000","",""
"06:23:51.937","GOREV","","","","","","","","","","","","","","","","","","","","","","","","","","","","26.36","18.69","167.21","15.00","11.70","71.83","0.000000","0.000000","",""
"06:23:52.130","GOREV","","","","","","","","","","","","","","","","","","","","","","","","","","","","26.38","18.70","167.13","14.81","11.72","71.79","0.000000","0.000000","",""
"06:23:52.270","GOREV","","","","","","","","","","","","","","","","","","","","","","","","","","","","26.37","18.70","167.05","14.96","11.91","71.76","0.000000","0.000000","",""
"06:23:52.438","GOREV","","","","","","","","","","","","","","","","","","","","","","","","","","","","26.36","18.70","166.97","14.85","11.84","71.73","0.000000","0.000000","",""
"06:23:52.622","GOREV","","","","","","","","","","","","","","","","","","","","","","","","","","","","26.36","18.70","166.89","14.81","11.90","71.70","0.000000","0.000000","",""
"06:23:52.771","GOREV","","","","","","","","","","","","","","","","","","","","","","","","","","","","26.34","18.69","166.81","14.85","11.91","71.67","0.000000","0.000000","",""
"06:23:52.942","GOREV","","","","","","","","","","","","","","","","","","","","","","","","","","","","26.35","18.72","166.73","14.83","11.84","71.64","0.000000","0.000000","",""
"06:23:53.111","GOREV","","","","","","","","","","","","","","","","","","","","","","","","","","","","26.34","18.71","166.65","14.92","11.90","71.61","0.000000","0.000000","",""
"06:23:53.305","GOREV","","","","","","","","","","","","","","","","","","","","","","","","","","","","26.34","18.69","166.56","15.03","11.73","71.57","0.000000","0.000000","",""
"06:23:53.446","GOREV","","","","","","","","","","","","","","","","","","","","","","","","","","","","26.35","18.69","166.48","14.91","11.65","71.54","0.000000","0.000000","",""
"06:23:53.605","GOREV","","","","","","","","","","","","","","","","","","","","","","","","","","","","26.34","18.68","166.40","14.94","11.85","71.51","0.000000","0.000000","",""
"06:23:53.781","GOREV","","","","","","","","","","","","","","","","","","","","","","","","","","","","26.35","18.69","166.32","14.98","11.88","71.48","0.000000","0.000000","",""
"06:23:53.962","GOREV","","","","","","","","","","","","","","","","","","","","","","","","","","","","26.34","18.68","166.24","14.80","11.87","71.45","0.000000","0.000000","",""
"06:23:54.105","GOREV","","","","","","","","","","","","","","","","","","","","","","","","","","","","26.34","18.67","166.16","15.00","11.89","71.42","0.000000","0.000000","",""
"06:23:54.271","GOREV","","","","","","","","","","","","","","","","","","","","","","","","","","","","26.35","18.66","166.08","14.88","11.92","71.39","0.000000","0.000000","",""
"06:23:54.450","GOREV","","","","","","","","","","","","","","","","","","","","","","","","","","","","26.34","18.68","166.00","14.98","12.07","71.36","0.000000","0.000000","",""
"06:23:54.627","GOREV","","","","","","","","","","","","","","","","","","","","","","","","","","","","26.35","18.69","165.92","14.74","11.94","71.33","0.000000","0.000000","",""
"06:23:54.773","GOREV","","","","","","","","","","","","","","","","","","","","","","","","","","","","26.34","18.69","165.84","14.88","11.83","71.30","0.000000","0.000000","",""
"06:23:54.956","GOREV","","","","","","","","","","","","","","","","","","","","","","","","","","","","26.35","18.67","165.76","15.02","11.81","71.27","0.000000","0.000000","",""
"06:23:55.117","GOREV","","","","","","","","","","","","","","","","","","","","","","","","","","","","26.36","18.68","165.68","14.80","11.90","71.24","0.000000","0.000000","",""
"06:23:55.273","GOREV","","","","","","","","","","","","","","","","","","","","","","","","","","","","26.34","18.68","165.60","14.82","11.87","71.21","0.000000","0.000000","",""
"06:23:55.442","GOREV","","","","","","","","","","","","","","","","","","","","","","","","","","","","26.35","18.69","165.51","14.84","11.93","71.18","0.000000","0.000000","",""
"06:23:55.611","GOREV","","","","","","","","","","","","","","","","","","","","","","","","","","","","26.36","18.69","165.43","14.94","11.71","71.15","0.000000","0.000000","",""
"06:23:55.799","GOREV","","","","","","","","","","","","","","","","","","","","","","","","","","","","26.37","18.71","165.35","14.80","11.95","71.12","0.000000","0.000000","",""
"06:23:55.944","GOREV","","","","","","","","","","","","","","","","","","","","","","","","","","","","26.37","18.72","165.27","14.78","11.80","71.09","0.000000","0.000000","",""
"06:23:56.121","GOREV","","","","","","","","","","","","","","","","","","","","","","","","","","","","26.36","18.70","165.19","14.93","11.91","71.06","0.000000","0.000000","",""
"06:23:56.274","GOREV","","","","","","","","","","","","","","","","","","","","","","","","","","","","26.36","18.71","165.11","14.84","11.84","71.03","0.000000","0.000000","",""
"06:23:56.460","GOREV","","","","","","","","","","","","","","","","","","","","","","","","","","","","26.36","18.72","165.03","14.69","11.82","71.00","0.000000","0.000000","",""
"06:23:56.633","GOREV","","","","","","","","","","","","","","","","","","","","","","","","","","","","26.37","18.73","164.94","14.90","11.92","70.96","0.000000","0.000000","",""
"06:23:56.783","GOREV","","","","","","","","","","","","","","","","","","","","","","","","","","","","26.35","18.70","164.87","14.92","11.80","70.93","0.000000","0.000000","",""
"06:23:56.954","GOREV","","","","","","","","","","","","","","","","","","","","","","","","","","","","26.33","18.65","164.79","15.05","11.93","70.90","0.000000","0.000000","",""
"06:23:57.108","GOREV","","","","","","","","","","","","","","","","","","","","","","","","","","","","26.33","18.65","164.70","14.81","11.77","70.88","0.000000","0.000000","",""
"06:23:57.296","GOREV","","","","","","","","","","","","","","","","","","","","","","","","","","","","26.34","18.68","164.63","14.88","11.92","70.85","0.000000","0.000000","",""
"06:23:57.474","GOREV","","","","","","","","","","","","","","","","","","","","","","","","","","","","26.34","18.68","164.55","14.98","11.80","70.81","0.000000","0.000000","",""
"06:23:57.610","GOREV","","","","","","","","","","","","","","","","","","","","","","","","","","","","26.35","18.67","164.47","14.85","11.91","70.78","0.000000","0.000000","",""
"06:23:57.808","GOREV","","","","","","","","","","","","","","","","","","","","","","","","","","","","26.37","18.71","164.39","14.86","11.87","70.75","0.000000","0.000000","",""
"06:23:57.942","GOREV","","","","","","","","","","","","","","","","","","","","","","","","","","","","26.35","18.71","164.31","14.83","11.91","70.72","0.000000","0.000000","",""
"06:23:58.114","GOREV","","","","","","","","","","","","","","","","","","","","","","","","","","","","26.35","18.67","164.23","14.83","11.91","70.68","0.000000","0.000000","",""
"06:23:58.285","GOREV","","","","","","","","","","","","","","","","","","","","","","","","","","","","26.33","18.71","164.15","14.83","11.80","70.65","0.000000","0.000000","",""
"06:23:58.483","GOREV","","","","","","","","","","","","","","","","","","","","","","","","","","","","26.35","18.69","164.07","14.82","11.93","70.62","0.000000","0.000000","",""
"06:23:58.647","GOREV","","","","","","","","","","","","","","","","","","","","","","","","","","","","26.34","18.67","163.99","14.91","11.99","70.59","0.000000","0.000000","",""
"06:23:58.777","GOREV","","","","","","","","","","","","","","","","","","","","","","","","","","","","26.37","18.69","163.91","14.88","11.79","70.56","0.000000","0.000000","",""
"06:23:58.951","GOREV","","","","","","","","","","","","","","","","","","","","","","","","","","","","26.38","18.66","163.83","14.96","11.66","70.53","0.000000","0.000000","",""
"06:23:59.117","GOREV","","","","","","","","","","","","","","","","","","","","","","","","","","","","26.36","18.67","163.75","14.89","12.05","70.50","0.000000","0.000000","",""
"06:23:59.278","GOREV","","","","","","","","","","","","","","","","","","","","","","","","","","","","26.34","18.68","163.67","14.80","11.87","70.47","0.000000","0.000000","",""
"06:23:59.455","GOREV","","","","","","","","","","","","","","","","","","","","","","","","","","","","26.35","18.69","163.59","14.86","11.73","70.44","0.000000","0.000000","",""
"06:23:59.616","GOREV","","","","","","","","","","","","","","","","","","","","","","","","","","","","26.39","18.69","163.50","15.00","11.89","70.40","0.000000","0.000000","",""
"06:23:59.783","GOREV","","","","","","","","","","","","","","","","","","","","","","","","","","","","26.37","18.67","163.42","14.59","11.80","70.37","0.000000","0.000000","",""
"06:23:59.949","GOREV","","","","","","","","","","","","","","","","","","","","","","","","","","","","26.38","18.68","163.34","14.85","12.10","70.34","0.000000","0.000000","",""
"06:24:00.111","GOREV","","","","","","","","","","","","","","","","","","","","","","","","","","","","26.35","18.68","163.26","14.88","11.68","70.31","0.000000","0.000000","",""
"06:24:00.278","GOREV","","","","","","","","","","","","","","","","","","","","","","","","","","","","26.34","18.68","163.18","14.79","11.78","70.28","0.000000","0.000000","",""
"06:24:00.448","GOREV","","","","","","","","","","","","","","","","","","","","","","","","","","","","26.33","18.69","163.10","14.87","11.84","70.25","0.000000","0.000000","",""
"06:24:00.618","GOREV","","","","","","","","","","","","","","","","","","","","","","","","","","","","26.33","18.67","163.02","14.91","11.86","70.22","0.000000","0.000000","",""
"06:24:00.783","GOREV","","","","","","","","","","","","","","","","","","","","","","","","","","","","26.35","18.69","162.94","14.91","11.66","70.19","0.000000","0.000000","",""
"06:24:00.959","GOREV","","","","","","","","","","","","","","","","","","","","","","","","","","","","26.33","18.68","162.85","14.83","11.81","70.16","0.000000","0.000000","",""
"06:24:01.110","GOREV","","","","","","","","","","","","","","","","","","","","","","","","","","","","26.34","18.69","162.77","14.87","11.94","70.12","0.000000","0.000000","",""
"06:24:01.278","GOREV","","","","","","","","","","","","","","","","","","","","","","","","","","","","26.35","18.70","162.69","14.76","11.79","70.09","0.000000","0.000000","",""
"06:24:01.446","GOREV","","","","","","","","","","","","","","","","","","","","","","","","","","","","26.34","18.71","162.61","14.77","11.72","70.06","0.000000","0.000000","",""
"06:24:01.619","GOREV","","","","","","","","","","","","","","","","","","","","","","","","","","","","26.36","18.70","162.53","14.90","11.89","70.02","0.000000","0.000000","",""
"06:24:01.779","GOREV","","","","","","","","","","","","","","","","","","","","","","","","","","","","26.37","18.70","162.45","14.76","11.72","69.99","0.000000","0.000000","",""
"06:24:01.944","GOREV","","","","","","","","","","","","","","","","","","","","","","","","","","","","26.36","18.69","162.37","15.00","11.84","69.96","0.000000","0.000000","",""
"06:24:02.112","GOREV","","","","","","","","","","","","","","","","","","","","","","","","","","","","26.37","18.71","162.29","14.82","11.86","69.93","0.000000","0.000000","",""
"06:24:02.304","GOREV","","","","","","","","","","","","","","","","","","","","","","","","","","","","26.37","18.69","162.21","14.93","11.99","69.90","0.000000","0.000000","",""
"06:24:02.449","GOREV","","","","","","","","","","","","","","","","","","","","","","","","","","","","26.36","18.65","162.13","14.76","12.00","69.87","0.000000","0.000000","",""
"06:24:02.619","GOREV","","","","","","","","","","","","","","","","","","","","","","","","","","","","26.37","18.67","162.04","14.88","11.75","69.84","0.000000","0.000000","",""
"06:24:02.781","GOREV","","","","","","","","","","","","","","","","","","","","","","","","","","","","26.37","18.68","161.96","14.98","11.92","69.81","0.000000","0.000000","",""
"06:24:02.953","GOREV","","","","","","","","","","","","","","","","","","","","","","","","","","","","26.37","18.69","161.88","14.85","11.72","69.77","0.000000","0.000000","",""
"06:24:03.124","GOREV","","","","","","","","","","","","","","","","","","","","","","","","","","","","26.37","18.70","161.80","14.77","11.77","69.75","0.000000","0.000000","",""
"06:24:03.292","GOREV","","","","","","","","","","","","","","","","","","","","","","","","","","","","26.38","18.69","161.72","14.87","11.99","69.71","0.000000","0.000000","",""
"06:24:03.450","GOREV","","","","","","","","","","","","","","","","","","","","","","","","","","","","26.38","18.68","161.64","14.86","11.79","69.68","0.000000","0.000000","",""
"06:24:03.616","GOREV","","","","","","","","","","","","","","","","","","","","","","","","","","","","26.38","18.68","161.56","14.89","11.84","69.65","0.000000","0.000000","",""
"06:24:03.788","GOREV","","","","","","","","","","","","","","","","","","","","","","","","","","","","26.36","18.67","161.48","14.93","12.03","69.62","0.000000","0.000000","",""
"06:24:03.947","GOREV","","","","","","","","","","","","","","","","","","","","","","","","","","","","26.37","18.67","161.40","14.92","11.81","69.59","0.000000","0.000000","",""
"06:24:04.121","GOREV","","","","","","","","","","","","","","","","","","","","","","","","","","","","26.38","18.67","161.33","14.78","11.88","69.56","0.000000","0.000000","",""
"06:24:04.285","GOREV","","","","","","","","","","","","","","","","","","","","","","","","","","","","26.35","18.69","161.24","14.90","11.88","69.53","0.000000","0.000000","",""
"06:24:04.448","GOREV","","","","","","","","","","","","","","","","","","","","","","","","","","","","26.36","18.71","161.17","15.05","11.84","69.49","0.000000","0.000000","",""
"06:24:04.616","GOREV","","","","","","","","","","","","","","","","","","","","","","","","","","","","26.38","18.69","161.08","14.87","11.87","69.46","0.000000","0.000000","",""
"06:24:04.816","GOREV","","","","","","","","","","","","","","","","","","","","","","","","","","","","26.38","18.69","161.00","14.93","11.77","69.43","0.000000","0.000000","",""
"06:24:04.948","GOREV","","","","","","","","","","","","","","","","","","","","","","","","","","","","26.37","18.67","160.92","14.84","11.88","69.40","0.000000","0.000000","",""
"06:24:05.118","GOREV","","","","","","","","","","","","","","","","","","","","","","","","","","","","26.38","18.68","160.84","14.82","12.01","69.37","0.000000","0.000000","",""
"06:24:05.283","GOREV","","","","","","","","","","","","","","","","","","","","","","","","","","","","26.39","18.70","160.76","14.83","11.86","69.34","0.000000","0.000000","",""
"06:24:05.455","GOREV","","","","","","","","","","","","","","","","","","","","","","","","","","","","26.36","18.68","160.68","14.94","11.97","69.31","0.000000","0.000000","",""
"06:24:05.616","GOREV","","","","","","","","","","","","","","","","","","","","","","","","","","","","26.36","18.68","160.60","15.05","11.89","69.28","0.000000","0.000000","",""
"06:24:05.791","GOREV","","","","","","","","","","","","","","","","","","","","","","","","","","","","26.36","18.68","160.52","15.00","11.88","69.25","0.000000","0.000000","",""
"06:24:05.952","GOREV","","","","","","","","","","","","","","","","","","","","","","","","","","","","26.35","18.68","160.44","14.86","11.83","69.22","0.000000","0.000000","",""
"06:24:06.146","GOREV","","","","","","","","","","","","","","","","","","","","","","","","","","","","26.34","18.67","160.36","14.94","11.85","69.18","0.000000","0.000000","",""
"06:24:06.284","GOREV","","","","","","","","","","","","","","","","","","","","","","","","","","","","26.36","18.67","160.27","14.93","11.90","69.16","0.000000","0.000000","",""
"06:24:06.457","GOREV","","","","","","","","","","","","","","","","","","","","","","","","","","","","26.36","18.71","160.19","14.73","11.72","69.12","0.000000","0.000000","",""
"06:24:06.628","GOREV","","","","","","","","","","","","","","","","","","","","","","","","","","","","26.36","18.72","160.11","14.89","11.85","69.09","0.000000","0.000000","",""
"06:24:06.788","GOREV","","","","","","","","","","","","","","","","","","","","","","","","","","","","26.38","18.71","160.03","14.70","12.01","69.06","0.000000","0.000000","",""
"06:24:06.952","GOREV","","","","","","","","","","","","","","","","","","","","","","","","","","","","26.37","18.71","159.95","14.84","11.92","69.03","0.000000","0.000000","",""
"06:24:07.119","GOREV","","","","","","","","","","","","","","","","","","","","","","","","","","","","26.36","18.72","159.86","14.84","11.89","69.00","0.000000","0.000000","",""
"06:24:07.329","GOREV","","","","","","","","","","","","","","","","","","","","","","","","","","","","26.36","18.71","159.78","14.88","11.89","68.97","0.000000","0.000000","",""
"06:24:07.453","GOREV","","","","","","","","","","","","","","","","","","","","","","","","","","","","26.37","18.71","159.70","14.92","11.93","68.94","0.000000","0.000000","",""
"06:24:07.640","GOREV","","","","","","","","","","","","","","","","","","","","","","","","","","","","26.37","18.71","159.62","14.94","11.75","68.91","0.000000","0.000000","",""
"06:24:07.787","GOREV","","","","","","","","","","","","","","","","","","","","","","","","","","","","26.37","18.70","159.54","14.80","11.90","68.88","0.000000","0.000000","",""
"06:24:07.958","GOREV","","","","","","","","","","","","","","","","","","","","","","","","","","","","26.36","18.69","159.45","14.83","11.94","68.85","0.000000","0.000000","",""
"06:24:08.149","GOREV","","","","","","","","","","","","","","","","","","","","","","","","","","","","26.38","18.68","159.38","14.91","11.86","68.82","0.000000","0.000000","",""
"06:24:08.298","GOREV","","","","","","","","","","","","","","","","","","","","","","","","","","","","26.37","18.66","159.29","14.94","11.95","68.78","0.000000","0.000000","",""
"06:24:08.468","GOREV","","","","","","","","","","","","","","","","","","","","","","","","","","","","26.36","18.67","159.21","14.78","11.85","68.75","0.000000","0.000000","",""
"06:24:08.626","GOREV","","","","","","","","","","","","","","","","","","","","","","","","","","","","26.35","18.66","159.13","14.76","11.87","68.72","0.000000","0.000000","",""
"06:24:08.796","GOREV","","","","","","","","","","","","","","","","","","","","","","","","","","","","26.36","18.65","159.06","15.02","11.94","68.69","0.000000","0.000000","",""
"06:24:08.961","GOREV","","","","","","","","","","","","","","","","","","","","","","","","","","","","26.37","18.69","158.98","14.84","11.88","68.65","0.000000","0.000000","",""
"06:24:09.141","GOREV","","","","","","","","","","","","","","","","","","","","","","","","","","","","26.38","18.68","158.90","14.84","11.95","68.62","0.000000","0.000000","",""
"06:24:09.301","GOREV","","","","","","","","","","","","","","","","","","","","","","","","","","","","26.36","18.65","158.81","14.80","11.99","68.59","0.000000","0.000000","",""
"06:24:09.477","GOREV","","","","","","","","","","","","","","","","","","","","","","","","","","","","26.37","18.67","158.74","14.87","11.70","68.56","0.000000","0.000000","",""
"06:24:09.627","GOREV","","","","","","","","","","","","","","","","","","","","","","","","","","","","26.37","18.67","158.66","14.91","11.82","68.53","0.000000","0.000000","",""
"06:24:09.791","GOREV","","","","","","","","","","","","","","","","","","","","","","","","","","","","26.38","18.69","158.58","14.92","11.84","68.50","0.000000","0.000000","",""
"06:24:09.979","GOREV","","","","","","","","","","","","","","","","","","","","","","","","","","","","26.36","18.69","158.50","14.95","11.76","68.47","0.000000","0.000000","",""
"06:24:10.125","GOREV","","","","","","","","","","","","","","","","","","","","","","","","","","","","26.37","18.68","158.42","14.64","11.84","68.44","0.000000","0.000000","",""
"06:24:10.300","GOREV","","","","","","","","","","","","","","","","","","","","","","","","","","","","26.37","18.69","158.34","14.93","11.81","68.41","0.000000","0.000000","",""
