ZAMAN,KAYNAK,ANA_0_DURUM,ANA_1_IRT,ANA_2_HIZ,ANA_3_SIC,ANA_4_NEM,ANA_5_EN,ANA_6_BOY,ANA_7_PITCH,ANA_8_ROLL,ANA_9_YAW,ANA_10_BASMS,ANA_11_BASBMP,ANA_12_BASTOP,ANA_13,ANA_14,ANA_15,ANA_16,ANA_17,ANA_18,ANA_19,ANA_20_IVMEX,ANA_21_IVMEY,ANA_22_IVMEZ,ANA_23,ANA_24,ANA_25,ANA_26,GOREV_0_DURUM,GOREV_1_EN,GOREV_2_BOY,GOREV_3_IVMEX,GOREV_4_IVMEY,GOREV_5_IVMEZ,GOREV_6_FILTREX,GOREV_7_FILTREY,GOREV_8_FILTREZ
"06:27:36.274","GOREV","","","","","","","","","","","","","","","","","","","","","","","","","","","","26.46","18.66","54.70","14.83","11.85","26.67","0.000000","0.000000","",""
"06:27:36.275","GOREV","","","","","","","","","","","","","","","","","","","","","","","","","","","","26.46","18.68","54.62","14.87","11.90","26.64","0.000000","0.000000","",""
"06:27:36.395","GOREV","","","","","","","","","","","","","","","","","","","","","","","","","","","","26.46","18.66","54.53","14.94","11.95","26.60","0.000000","0.000000","",""
"06:27:36.598","GOREV","","","","","","","","","","","","","","","","","","","","","","","","","","","","26.45","18.65","54.45","14.75","11.64","26.57","0.000000","0.000000","",""
"06:27:36.722","GOREV","","","","","","","","","","","","","","","","","","","","","","","","","","","","26.45","18.65","54.36","14.86","11.75","26.53","0.000000","0.000000","",""
"06:27:36.889","GOREV","","","","","","","","","","","","","","","","","","","","","","","","","","","","26.47","18.67","54.28","14.84","11.83","26.50","0.000000","0.000000","",""
"06:27:37.068","GOREV","","","","","","","","","","","","","","","","","","","","","","","","","","","","26.45","18.64","54.20","14.75","11.92","26.46","0.000000","0.000000","",""
"06:27:37.248","GOREV","","","","","","","","","","","","","","","","","","","","","","","","","","","","26.46","18.65","54.11","14.81","12.01","26.43","0.000000","0.000000","",""
"06:27:37.392","GOREV","","","","","","","","","","","","","","","","","","","","","","","","","","","","26.46","18.66","54.03","14.94","11.87","26.39","0.000000","0.000000","",""
"06:27:37.559","GOREV","","","","","","","","","","","","","","","","","","","","","","","","","","","","26.47","18.64","53.94","14.79","11.79","26.36","0.000000","0.000000","",""
"06:27:37.724","GOREV","","","","","","","","","","","","","","","","","","","","","","","","","","","","26.47","18.65","53.86","14.89","11.81","26.32","0.000000","0.000000","",""
"06:27:37.890","GOREV","","","","","","","","","","","","","","","","","","","","","","","","","","","","26.47","18.65","53.77","14.78","11.88","26.29","0.000000","0.000000","",""
"06:27:38.057","GOREV","","","","","","","","","","","","","","","","","","","","","","","","","","","","26.45","18.64","53.69","14.74","11.80","26.25","0.000000","0.000000","",""
"06:27:38.224","GOREV","","","","","","","","","","","","","","","","","","","","","","","","","","","","26.42","18.65","53.60","14.90","11.83","26.21","0.000000","0.000000","",""
"06:27:38.391","GOREV","","","","","","","","","","","","","","","","","","","","","","","","","","","","26.43","18.64","53.52","14.73","11.73","26.18","0.000000","0.000000","",""
"06:27:38.558","GOREV","","","","","","","","","","","","","","","","","","","","","","","","","","","","26.42","18.63","53.43","14.86","11.78","26.14","0.000000","0.000000","",""
"06:27:38.724","GOREV","","","","","","","","","","","","","","","","","","","","","","","","","","","","26.43","18.64","53.35","14.71","11.83","26.10","0.000000","0.000000","",""
"06:27:38.892","GOREV","","","","","","","","","","","","","","","","","","","","","","","","","","","","26.44","18.66","53.27","14.75","11.84","26.07","0.000000","0.000000","",""
"06:27:39.072","GOREV","","","","","","","","","","","","","","","","","","","","","","","","","","","","26.44","18.65","53.18","14.90","11.87","26.04","0.000000","0.000000","",""
"06:27:39.226","GOREV","","","","","","","","","","","","","","","","","","","","","","","","","","","","26.44","18.65","53.10","14.85","11.92","26.00","0.000000","0.000000","",""
"06:27:39.395","GOREV","","","","","","","","","","","","","","","","","","","","","","","","","","","","26.43","18.66","53.01","14.82","11.72","25.97","0.000000","0.000000","",""
"06:27:39.563","GOREV","","","","","","","","","","","","","","","","","","","","","","","","","","","","26.41","18.64","52.93","14.77","11.85","25.93","0.000000","0.000000","",""
"06:27:39.726","GOREV","","","","","","","","","","","","","","","","","","","","","","","","","","","","26.41","18.63","52.84","14.75","11.98","25.90","0.000000","0.000000","",""
"06:27:39.906","GOREV","","","","","","","","","","","","","","","","","","","","","","","","","","","","26.44","18.65","52.76","14.78","12.06","25.86","0.000000","0.000000","",""
"06:27:40.063","GOREV","","","","","","","","","","","","","","","","","","","","","","","","","","","","26.43","18.65","52.67","14.82","11.89","25.83","0.000000","0.000000","",""
"06:27:40.231","GOREV","","","","","","","","","","","","","","","","","","","","","","","","","","","","26.44","18.66","52.59","14.88","11.71","25.79","0.000000","0.000000","",""
"06:27:40.393","GOREV","","","","","","","","","","","","","","","","","","","","","","","","","","","","26.43","18.67","52.51","14.80","11.74","25.75","0.000000","0.000000","",""
"06:27:40.566","GOREV","","","","","","","","","","","","","","","","","","","","","","","","","","","","26.44","18.66","52.42","14.82","11.88","25.72","0.000000","0.000000","",""
"06:27:40.728","GOREV","","","","","","","","","","","","","","","","","","","","","","","","","","","","26.46","18.68","52.34","14.80","11.84","25.68","0.000000","0.000000","",""
"06:27:40.909","GOREV","","","","","","","","","","","","","","","","","","","","","","","","","","","","26.47","18.65","52.26","14.70","11.82","25.65","0.000000","0.000000","",""
"06:27:41.061","GOREV","","","","","","","","","","","","","","","","","","","","","","","","","","","","26.48","18.68","52.17","14.86","11.87","25.61","0.000000","0.000000","",""
"06:27:41.229","GOREV","","","","","","","","","","","","","","","","","","","","","","","","","","","","26.48","18.66","52.09","14.74","11.84","25.58","0.000000","0.000000","",""
"06:27:41.397","GOREV","","","","","","","","","","","","","","","","","","","","","","","","","","","","26.45","18.66","52.00","14.78","11.91","25.54","0.000000","0.000000","",""
"06:27:41.563","GOREV","","","","","","","","","","","","","","","","","","","","","","","","","","","","26.46","18.65","51.91","14.70","11.80","25.50","0.000000","0.000000","",""
"06:27:41.738","GOREV","","","","","","","","","","","","","","","","","","","","","","","","","","","","26.45","18.67","51.83","14.79","11.68","25.47","0.000000","0.000000","",""
"06:27:41.900","GOREV","","","","","","","","","","","","","","","","","","","","","","","","","","","","26.42","18.67","51.75","14.91","11.82","25.43","0.000000","0.000000","",""
"06:27:42.076","GOREV","","","","","","","","","","","","","","","","","","","","","","","","","","","","26.44","18.64","51.66","14.92","11.91","25.40","0.000000","0.000000","",""
"06:27:42.252","GOREV","","","","","","","","","","","","","","","","","","","","","","","","","","","","26.44","18.64","51.58","14.89","11.92","25.36","0.000000","0.000000","",""
"06:27:42.397","GOREV","","","","","","","","","","","","","","","","","","","","","","","","","","","","26.43","18.66","51.49","14.85","11.85","25.32","0.000000","0.000000","",""
"06:27:42.570","GOREV","","","","","","","","","","","","","","","","","","","","","","","","","","","","26.47","18.69","51.41","14.79","11.88","25.29","0.000000","0.000000","",""
"06:27:42.731","GOREV","","","","","","","","","","","","","","","","","","","","","","","","","","","","26.48","18.67","51.32","14.70","12.02","25.25","0.000000","0.000000","",""
"06:27:42.905","GOREV","","","","","","","","","","","","","","","","","","","","","","","","","","","","26.46","18.69","51.24","14.89","11.92","25.21","0.000000","0.000000","",""
"06:27:43.072","GOREV","","","","","","","","","","","","","","","","","","","","","","","","","","","","26.47","18.66","51.16","14.84","11.93","25.18","0.000000","0.000000","",""
"06:27:43.241","GOREV","","","","","","","","","","","","","","","","","","","","","","","","","","","","26.45","18.68","51.07","14.84","11.64","25.14","0.000000","0.000000","",""
"06:27:43.401","GOREV","","","","","","","","","","","","","","","","","","","","","","","","","","","","26.45","18.68","50.98","14.88","11.93","25.11","0.000000","0.000000","",""
"06:27:43.572","GOREV","","","","","","","","","","","","","","","","","","","","","","","","","","","","26.45","18.67","50.90","14.92","12.00","25.07","0.000000","0.000000","",""
"06:27:43.737","GOREV","","","","","","","","","","","","","","","","","","","","","","","","","","","","26.44","18.66","50.82","14.71","11.87","25.03","0.000000","0.000000","",""
"06:27:43.904","GOREV","","","","","","","","","","","","","","","","","","","","","","","","","","","","26.45","18.65","50.73","14.77","11.92","25.00","0.000000","0.000000","",""
"06:27:44.066","GOREV","","","","","","","","","","","","","","","","","","","","","","","","","","","","26.44","18.68","50.65","14.95","11.64","24.96","0.000000","0.000000","",""
"06:27:44.276","GOREV","","","","","","","","","","","","","","","","","","","","","","","","","","","","26.44","18.69","50.56","14.79","11.76","24.93","0.000000","0.000000","",""
"06:27:44.402","GOREV","","","","","","","","","","","","","","","","","","","","","","","","","","","","26.44","18.70","50.48","14.90","11.98","24.89","0.000000","0.000000","",""
"06:27:44.567","GOREV","","","","","","","","","","","","","","","","","","","","","","","","","","","","26.43","18.70","50.39","14.80","11.77","24.85","0.000000","0.000000","",""
"06:27:44.734","GOREV","","","","","","","","","","","","","","","","","","","","","","","","","","","","26.43","18.65","50.31","15.04","11.82","24.82","0.000000","0.000000","",""
"06:27:44.917","GOREV","","","","","","","","","","","","","","","","","","","","","","","","","","","","26.44","18.65","50.22","14.82","11.97","24.78","0.000000","0.000000","",""
"06:27:45.068","GOREV","","","","","","","","","","","","","","","","","","","","","","","","","","","","26.43","18.65","50.14","14.81","11.76","24.75","0.000000","0.000000","",""
"06:27:45.265","GOREV","","","","","","","","","","","","","","","","","","","","","","","","","","","","26.44","18.66","50.06","14.84","12.03","24.71","0.000000","0.000000","",""
"06:27:45.407","GOREV","","","","","","","","","","","","","","","","","","","","","","","","","","","","26.44","18.65","49.97","14.85","11.79","24.67","0.000000","0.000000","",""
"06:27:45.570","GOREV","","","","","","","","","","","","","","","","","","","","","","","","","","","","26.46","18.65","49.89","14.89","11.92","24.64","0.000000","0.000000","",""
"06:27:45.752","GOREV","","","","","","","","","","","","","","","","","","","","","","","","","","","","26.45","18.61","49.80","14.78","11.88","24.60","0.000000","0.000000","",""
"06:27:45.914","GOREV","","","","","","","","","","","","","","","","","","","","","","","","","","","","26.46","18.63","49.72","14.94","11.93","24.56","0.000000","0.000000","",""
"06:27:46.078","GOREV","","","","","","","","","","","","","","","","","","","","","","","","","","","","26.45","18.63","49.63","14.86","11.88","24.53","0.000000","0.000000","",""
"06:27:46.248","GOREV","","","","","","","","","","","","","","","","","","","","","","","","","","","","26.45","18.66","49.55","14.76","11.84","24.49","0.000000","0.000000","",""
"06:27:46.408","GOREV","","","","","","","","","","","","","","","","","","","","","","","","","","","","26.44","18.65","49.46","14.67","11.77","24.45","0.000000","0.000000","",""
"06:27:46.571","GOREV","","","","","","","","","","","","","","","","","","","","","","","","","","","","26.44","18.65","49.38","14.79","11.75","24.42","0.000000","0.000000","",""
"06:27:46.737","GOREV","","","","","","","","","","","","","","","","","","","","","","","","","","","","26.44","18.65","49.29","14.64","11.73","24.38","0.000000","0.000000","",""
"06:27:46.904","GOREV","","","","","","","","","","","","","","","","","","","","","","","","","","","","26.46","18.65","49.21","14.83","11.91","24.35","0.000000","0.000000","",""
"06:27:47.072","GOREV","","","","","","","","","","","","","","","","","","","","","","","","","","","","26.47","18.64","49.12","14.74","11.90","24.31","0.000000","0.000000","",""
"06:27:47.238","GOREV","","","","","","","","","","","","","","","","","","","","","","","","","","","","26.47","18.66","49.04","14.76","12.09","24.27","0.000000","0.000000","",""
"06:27:47.420","GOREV","","","","","","","","","","","","","","","","","","","","","","","","","","","","26.47","18.69","48.95","14.86","11.94","24.23","0.000000","0.000000","",""
"06:27:47.572","GOREV","","","","","","","","","","","","","","","","","","","","","","","","","","","","26.46","18.69","48.87","14.87","11.88","24.20","0.000000","0.000000","",""
"06:27:47.739","GOREV","","","","","","","","","","","","","","","","","","","","","","","","","","","","26.46","18.66","48.78","14.94","11.72","24.16","0.000000","0.000000","",""
"06:27:47.907","GOREV","","","","","","","","","","","","","","","","","","","","","","","","","","","","26.46","18.66","48.70","14.98","11.75","24.13","0.000000","0.000000","",""
"06:27:48.072","GOREV","","","","","","","","","","","","","","","","","","","","","","","","","","","","26.45","18.66","48.62","14.80","11.82","24.09","0.000000","0.000000","",""
"06:27:48.252","GOREV","","","","","","","","","","","","","","","","","","","","","","","","","","","","26.45","18.65","48.54","14.93","11.92","24.06","0.000000","0.000000","",""
"06:27:48.406","GOREV","","","","","","","","","","","","","","","","","","","","","","","","","","","","26.43","18.65","48.45","14.83","11.86","24.02","0.000000","0.000000","",""
"06:27:48.606","GOREV","","","","","","","","","","","","","","","","","","","","","","","","","","","","26.45","18.64","48.37","14.72","11.90","23.98","0.000000","0.000000","",""
"06:27:48.741","GOREV","","","","","","","","","","","","","","","","","","","","","","","","","","","","26.45","18.66","48.29","14.91","11.87","23.95","0.000000","0.000000","",""
"06:27:48.924","GOREV","","","","","","","","","","","","","","","","","","","","","","","","","","","","26.44","18.65","48.20","14.90","11.99","23.91","0.000000","0.000000","",""
"06:27:49.074","GOREV","","","","","","","","","","","","","","","","","","","","","","","","","","","","26.45","18.65","48.12","14.96","11.96","23.88","0.000000","0.000000","",""
"06:27:49.242","GOREV","","","","","","","","","","","","","","","","","","","","","","","","","","","","26.45","18.65","48.03","14.79","12.02","23.84","0.000000","0.000000","",""
"06:27:49.425","GOREV","","","","","","","","","","","","","","","","","","","","","","","","","","","","26.45","18.64","47.95","14.80","11.91","23.81","0.000000","0.000000","",""
"06:27:49.577","GOREV","","","","","","","","","","","","","","","","","","","","","","","","","","","","26.46","18.63","47.86","14.83","11.92","23.77","0.000000","0.000000","",""
"06:27:49.743","GOREV","","","","","","","","","","","","","","","","","","","","","","","","","","","","26.46","18.67","47.78","14.69","11.85","23.74","0.000000","0.000000","",""
"06:27:49.916","GOREV","","","","","","","","","","","","","","","","","","","","","","","","","","","","26.45","18.67","47.69","14.89","11.73","23.70","0.000000","0.000000","",""
"06:27:50.096","GOREV","","","","","","","","","","","","","","","","","","","","","","","","","","","","26.44","18.65","47.61","14.78","12.03","23.67","0.000000","0.000000","",""
"06:27:50.247","GOREV","","","","","","","","","","","","","","","","","","","","","","","","","","","","26.44","18.66","47.52","14.95","11.71","23.63","0.000000","0.000000","",""
"06:27:50.410","GOREV","","","","","","","","","","","","","","","","","","","","","","","","","","","","26.46","18.65","47.44","14.85","11.92","23.59","0.000000","0.000000","",""
"06:27:50.599","GOREV","","","","","","","","","","","","","","","","","","","","","","","","","","","","26.45","18.66","47.35","14.91","11.66","23.55","0.000000","0.000000","",""
"06:27:50.745","GOREV","","","","","","","","","","","","","","","","","","","","","","","","","","","","26.45","18.65","47.27","14.77","11.66","23.52","0.000000","0.000000","",""
"06:27:50.955","GOREV","","","","","","","","","","","","","","","","","","","","","","","","","","","","26.45","18.64","47.19","14.83","11.76","23.48","0.000000","0.000000","",""
"06:27:51.083","GOREV","","","","","","","","","","","","","","","","","","","","","","","","","","","","26.44","18.66","47.10","14.74","11.84","23.44","0.000000","0.000000","",""
"06:27:51.244","GOREV","","","","","","","","","","","","","","","","","","","","","","","","","","","","26.44","18.64","47.02","14.81","11.82","23.41","0.000000","0.000000","",""
"06:27:51.416","GOREV","","","","","","","","","","","","","","","","","","","","","","","","","","","","26.45","18.65","46.94","14.91","11.95","23.37","0.000000","0.000000","",""
"06:27:51.580","GOREV","","","","","","","","","","","","","","","","","","","","","","","","","","","","26.44","18.63","46.85","14.80","11.91","23.33","0.000000","0.000000","",""
"06:27:51.746","GOREV","","","","","","","","","","","","","","","","","","","","","","","","","","","","26.45","18.64","46.77","14.80","11.83","23.30","0.000000","0.000000","",""
"06:27:51.922","GOREV","","","","","","","","","","","","","","","","","","","","","","","","","","","","26.43","18.63","46.68","14.86","11.81","23.26","0.000000","0.000000","",""
"06:27:52.080","GOREV","","","","","","","","","","","","","","","","","","","","","","","","","","","","26.42","18.63","46.59","14.66","11.84","23.23","0.000000","0.000000","",""
"06:27:52.267","GOREV","","","","","","","","","","","","","","","","","","","","","","","","","","","","26.44","18.67","46.51","14.76","11.71","23.19","0.000000","0.000000","",""
"06:27:52.430","GOREV","","","","","","","","","","","","","","","","","","","","","","","","","","","","26.43","18.67","46.42","14.77","11.82","23.15","0.000000","0.000000","",""
"06:27:52.580","GOREV","","","","","","","","","","","","","","","","","","","","","","","","","","","","26.43","18.65","46.34","14.82","11.69","23.11","0.000000","0.000000","",""
"06:27:52.747","GOREV","","","","","","","","","","","","","","","","","","","","","","","","","","","","26.45","18.65","46.25","14.79","11.93","23.07","0.000000","0.000000","",""
"06:27:52.925","GOREV","","","","","","","","","","","","","","","","","","","","","","","","","","","","26.44","18.65","46.16","14.90","11.80","23.04","0.000000","0.000000","",""
"06:27:53.083","GOREV","","","","","","","","","","","","","","","","","","","","","","","","","","","","26.43","18.66","46.08","14.80","11.80","23.00","0.000000","0.000000","",""
"06:27:53.249","GOREV","","","","","","","","","","","","","","","","","","","","","","","","","","","","26.45","18.64","45.99","14.83","11.96","22.96","0.000000","0.000000","",""
"06:27:53.418","GOREV","","","","","","","","","","","","","","","","","","","","","","","","","","","","26.43","18.66","45.91","14.89","11.79","22.93","0.000000","0.000000","",""
"06:27:53.593","GOREV","","","","","","","","","","","","","","","","","","","","","","","","","","","","26.45","18.66","45.82","14.85","11.95","22.89","0.000000","0.000000","",""
"06:27:53.749","GOREV","","","","","","","","","","","","","","","","","","","","","","","","","","","","26.45","18.68","45.73","14.81","11.93","22.85","0.000000","0.000000","",""
"06:27:53.918","GOREV","","","","","","","","","","","","","","","","","","","","","","","","","","","","26.47","18.66","45.65","14.82","11.86","22.82","0.000000","0.000000","",""
"06:27:54.088","GOREV","","","","","","","","","","","","","","","","","","","","","","","","","","","","26.46","18.67","45.57","15.01","11.77","22.78","0.000000","0.000000","",""
"06:27:54.250","GOREV","","","","","","","","","","","","","","","","","","","","","","","","","","","","26.47","18.65","45.48","14.71","11.66","22.75","0.000000","0.000000","",""
"06:27:54.419","GOREV","","","","","","","","","","","","","","","","","","","","","","","","","","","","26.48","18.63","45.39","14.85","11.86","22.71","0.000000","0.000000","",""
"06:27:54.598","GOREV","","","","","","","","","","","","","","","","","","","","","","","","","","","","26.48","18.65","45.31","14.81","11.98","22.68","0.000000","0.000000","",""
"06:27:54.751","GOREV","","","","","","","","","","","","","","","","","","","","","","","","","","","","26.48","18.66","45.23","14.69","11.78","22.64","0.000000","0.000000","",""
"06:27:54.918","GOREV","","","","","","","","","","","","","","","","","","","","","","","","","","","","26.47","18.65","45.14","14.86","11.90","22.60","0.000000","0.000000","",""
"06:27:55.094","GOREV","","","","","","","","","","","","","","","","","","","","","","","","","","","","26.45","18.66","45.05","14.93","11.75","22.57","0.000000","0.000000","",""
"06:27:55.251","GOREV","","","","","","","","","","","","","","","","","","","","","","","","","","","","26.43","18.66","44.97","14.84","11.89","22.53","0.000000","0.000000","",""
"06:27:55.458","GOREV","","","","","","","","","","","","","","","","","","","","","","","","","","","","26.40","18.66","44.88","14.79","11.93","22.50","0.000000","0.000000","",""
"06:27:55.597","GOREV","","","","","","","","","","","","","","","","","","","","","","","","","","","","26.41","18.66","44.80","14.82","11.77","22.46","0.000000","0.000000","",""
"06:27:55.767","GOREV","","","","","","","","","","","","","","","","","","","","","","","","","","","","26.43","18.67","44.71","14.83","11.72","22.42","0.000000","0.000000","",""
"06:27:55.919","GOREV","","","","","","","","","","","","","","","","","","","","","","","","","","","","26.43","18.66","44.63","14.83","11.85","22.39","0.000000","0.000000","",""
"06:27:56.086","GOREV","","","","","","","","","","","","","","","","","","","","","","","","","","","","26.43","18.65","44.55","14.86","11.83","22.35","0.000000","0.000000","",""
"06:27:56.256","GOREV","","","","","","","","","","","","","","","","","","","","","","","","","","","","26.43","18.66","44.46","14.80","12.09","22.32","0.000000","0.000000","",""
"06:27:56.457","GOREV","","","","","","","","","","","","","","","","","","","","","","","","","","","","26.43","18.67","44.38","14.78","11.79","22.28","0.000000","0.000000","",""
"06:27:56.587","GOREV","","","","","","","","","","","","","","","","","","","","","","","","","","","","26.43","18.68","44.29","14.76","11.82","22.24","0.000000","0.000000","",""
"06:27:56.753","GOREV","","","","","","","","","","","","","","","","","","","","","","","","","","","","26.42","18.68","44.21","14.70","11.79","22.21","0.000000","0.000000","",""
"06:27:56.921","GOREV","","","","","","","","","","","","","","","","","","","","","","","","","","","","26.43","18.66","44.12","14.81","11.84","22.17","0.000000","0.000000","",""
"06:27:57.087","GOREV","","","","","","","","","","","","","","","","","","","","","","","","","","","","26.46","18.64","44.04","14.85","11.84","22.14","0.000000","0.000000","",""
"06:27:57.260","GOREV","","","","","","","","","","","","","","","","","","","","","","","","","","","","26.46","18.66","43.95","14.90","11.81","22.10","0.000000","0.000000","",""
"06:27:57.430","GOREV","","","","","","","","","","","","","","","","","","","","","","","","","","","","26.45","18.64","43.87","14.93","11.87","22.07","0.000000","0.000000","",""
"06:27:57.589","GOREV","","","","","","","","","","","","","","","","","","","","","","","","","","","","26.44","18.62","43.78","14.88","11.76","22.03","0.000000","0.000000","",""
"06:27:57.759","GOREV","","","","","","","","","","","","","","","","","","","","","","","","","","","","26.43","18.63","43.70","14.72","11.82","22.00","0.000000","0.000000","",""
"06:27:57.943","GOREV","","","","","","","","","","","","","","","","","","","","","","","","","","","","26.43","18.64","43.61","14.77","11.79","21.96","0.000000","0.000000","",""
"06:27:58.089","GOREV","","","","","","","","","","","","","","","","","","","","","","","","","","","","26.44","18.66","43.53","14.68","11.76","21.93","0.000000","0.000000","",""
"06:27:58.276","GOREV","","","","","","","","","","","","","","","","","","","","","","","","","","","","26.43","18.66","43.44","14.76","11.76","21.89","0.000000","0.000000","",""
"06:27:58.425","GOREV","","","","","","","","","","","","","","","","","","","","","","","","","","","","26.42","18.64","43.36","14.95","11.86","21.85","0.000000","0.000000","",""
"06:27:58.593","GOREV","","","","","","","","","","","","","","","","","","","","","","","","","","","","26.43","18.62","43.27","14.73","11.93","21.82","0.000000","0.000000","",""
"06:27:58.757","GOREV","","","","","","","","","","","","","","","","","","","","","","","","","","","","26.41","18.64","43.19","14.89","12.07","21.78","0.000000","0.000000","",""
"06:27:58.930","GOREV","","","","","","","","","","","","","","","","","","","","","","","","","","","","26.41","18.64","43.10","14.93","11.92","21.75","0.000000","0.000000","",""
"06:27:59.104","GOREV","","","","","","","","","","","","","","","","","","","","","","","","","","","","26.41","18.62","43.01","14.65","11.89","21.71","0.000000","0.000000","",""
"06:27:59.265","GOREV","","","","","","","","","","","","","","","","","","","","","","","","","","","","26.44","18.61","42.93","14.88","11.75","21.68","0.000000","0.000000","",""
"06:27:59.429","GOREV","","","","","","","","","","","","","","","","","","","","","","","","","","","","26.45","18.63","42.85","14.96","11.90","21.64","0.000000","0.000000","",""
"06:27:59.595","GOREV","","","","","","","","","","","","","","","","","","","","","","","","","","","","26.44","18.66","42.76","15.01","11.75","21.60","0.000000","0.000000","",""
"06:27:59.764","GOREV","","","","","","","","","","","","","","","","","","","","","","","","","","","","26.44","18.65","42.67","14.84","11.83","21.57","0.000000","0.000000","",""
"06:27:59.926","GOREV","","","","","","","","","","","","","","","","","","","","","","","","","","","","26.45","18.65","42.59","14.83","11.80","21.53","0.000000","0.000000","",""
"06:28:00.097","GOREV","","","","","","","","","","","","","","","","","","","","","","","","","","","","26.45","18.67","42.50","14.88","11.75","21.50","0.000000","0.000000","",""
"06:28:00.264","GOREV","","","","","","","","","","","","","","","","","","","","","","","","","","","","26.44","18.68","42.42","14.90","11.83","21.46","0.000000","0.000000","",""
"06:28:00.432","GOREV","","","","","","","","","","","","","","","","","","","","","","","","","","","","26.43","18.66","42.33","14.85","11.75","21.43","0.000000","0.000000","",""
"06:28:00.596","GOREV","","","","","","","","","","","","","","","","","","","","","","","","","","","","26.42","18.66","42.24","14.94","11.92","21.39","0.000000","0.000000","",""
"06:28:00.765","GOREV","","","","","","","","","","","","","","","","","","","","","","","","","","","","26.42","18.65","42.16","14.79","11.82","21.36","0.000000","0.000000","",""
"06:28:00.930","GOREV","","","","","","","","","","","","","","","","","","","","","","","","","","","","26.44","18.67","42.08","14.81","11.94","21.32","0.000000","0.000000","",""
"06:28:01.095","GOREV","","","","","","","","","","","","","","","","","","","","","","","","","","","","26.43","18.68","41.99","15.00","11.86","21.29","0.000000","0.000000","",""
"06:28:01.315","GOREV","","","","","","","","","","","","","","","","","","","","","","","","","","","","26.41","18.64","41.91","14.82","11.90","21.25","0.000000","0.000000","",""
"06:28:01.429","GOREV","","","","","","","","","","","","","","","","","","","","","","","","","","","","26.42","18.66","41.82","14.79","11.80","21.21","0.000000","0.000000","",""
"06:28:01.595","GOREV","","","","","","","","","","","","","","","","","","","","","","","","","","","","26.42","18.66","41.74","14.88","11.75","21.18","0.000000","0.000000","",""
"06:28:01.762","GOREV","","","","","","","","","","","","","","","","","","","","","","","","","","","","26.45","18.65","41.65","14.80","11.86","21.14","0.000000","0.000000","",""
"06:28:01.945","GOREV","","","","","","","","","","","","","","","","","","","","","","","","","","","","26.45","18.65","41.56","14.77","11.85","21.11","0.000000","0.000000","",""
"06:28:02.098","GOREV","","","","","","","","","","","","","","","","","","","","","","","","","","","","26.43","18.64","41.48","14.68","11.94","21.08","0.000000","0.000000","",""
"06:28:02.267","GOREV","","","","","","","","","","","","","","","","","","","","","","","","","","","","26.42","18.67","41.39","14.78","11.76","21.04","0.000000","0.000000","",""
"06:28:02.433","GOREV","","","","","","","","","","","","","","","","","","","","","","","","","","","","26.44","18.65","41.31","14.96","11.84","21.00","0.000000","0.000000","",""
"06:28:02.602","GOREV","","","","","","","","","","","","","","","","","","","","","","","","","","","","26.44","18.64","41.22","14.73","11.93","20.96","0.000000","0.000000","",""
"06:28:02.770","GOREV","","","","","","","","","","","","","","","","","","","","","","","","","","","","26.47","18.65","41.14","14.85","11.83","20.92","0.000000","0.000000","",""
"06:28:02.935","GOREV","","","","","","","","","","","","","","","","","","","","","","","","","","","","26.47","18.65","41.05","14.79","11.83","20.89","0.000000","0.000000","",""
"06:28:03.097","GOREV","","","","","","","","","","","","","","","","","","","","","","","","","","","","26.43","18.64","40.97","14.89","11.77","20.85","0.000000","0.000000","",""
"06:28:03.264","GOREV","","","","","","","","","","","","","","","","","","","","","","","","","","","","26.44","18.64","40.88","14.76","11.84","20.81","0.000000","0.000000","",""
"06:28:03.452","GOREV","","","","","","","","","","","","","","","","","","","","","","","","","","","","26.44","18.62","40.80","14.71","11.78","20.78","0.000000","0.000000","",""
"06:28:03.598","GOREV","","","","","","","","","","","","","","","","","","","","","","","","","","","","26.41","18.63","40.71","14.86","11.76","20.74","0.000000","0.000000","",""
"06:28:03.766","GOREV","","","","","","","","","","","","","","","","","","","","","","","","","","","","26.41","18.64","40.62","14.82","11.74","20.71","0.000000","0.000000","",""
"06:28:03.961","GOREV","","","","","","","","","","","","","","","","","","","","","","","","","","","","26.41","18.64","40.54","14.87","11.81","20.67","0.000000","0.000000","",""
"06:28:04.098","GOREV","","","","","","","","","","","","","","","","","","","","","","","","","","","","26.42","18.63","40.46","14.72","11.79","20.63","0.000000","0.000000","",""
"06:28:04.265","GOREV","","","","","","","","","","","","","","","","","","","","","","","","","","","","26.43","18.66","40.37","14.91","11.94","20.59","0.000000","0.000000","",""
"06:28:04.444","GOREV","","","","","","","","","","","","","","","","","","","","","","","","","","","","26.43","18.64","40.28","14.70","11.97","20.56","0.000000","0.000000","",""
"06:28:04.601","GOREV","","","","","","","","","","","","","","","","","","","","","","","","","","","","26.44","18.66","40.20","14.76","11.64","20.52","0.000000","0.000000","",""
"06:28:04.770","GOREV","","","","","","","","","","","","","","","","","","","","","","","","","","","","26.45","18.65","40.11","15.02","11.86","20.48","0.000000","0.000000","",""
"06:28:04.934","GOREV","","","","","","","","","","","","","","","","","","","","","","","","","","","","26.45","18.62","40.03","14.77","11.99","20.45","0.000000","0.000000","",""
"06:28:05.102","GOREV","","","","","","","","","","","","","","","","","","","","","","","","","","","","26.45","18.64","39.94","14.54","11.79","20.41","0.000000","0.000000","",""
"06:28:05.276","GOREV","","","","","","","","","","","","","","","","","","","","","","","","","","","","26.46","18.65","39.86","14.76","11.86","20.38","0.000000","0.000000","",""
"06:28:05.438","GOREV","","","","","","","","","","","","","","","","","","","","","","","","","","","","26.44","18.63","39.78","14.81","11.89","20.34","0.000000","0.000000","",""
"06:28:05.609","GOREV","","","","","","","","","","","","","","","","","","","","","","","","","","","","26.44","18.65","39.69","14.93","11.75","20.30","0.000000","0.000000","",""
"06:28:05.779","GOREV","","","","","","","","","","","","","","","","","","","","","","","","","","","","26.43","18.66","39.61","14.86","11.80","20.27","0.000000","0.000000","",""
"06:28:05.937","GOREV","","","","","","","","","","","","","","","","","","","","","","","","","","","","26.43","18.65","39.52","15.01","11.89","20.24","0.000000","0.000000","",""
"06:28:06.116","GOREV","","","","","","","","","","","","","","","","","","","","","","","","","","","","26.43","18.66","39.44","14.78","11.77","20.20","0.000000","0.000000","",""
"06:28:06.277","GOREV","","","","","","","","","","","","","","","","","","","","","","","","","","","","26.43","18.64","39.35","14.71","11.89","20.17","0.000000","0.000000","",""
"06:28:06.444","GOREV","","","","","","","","","","","","","","","","","","","","","","","","","","","","26.45","18.64","39.26","14.88","11.83","20.13","0.000000","0.000000","",""
"06:28:06.602","GOREV","","","","","","","","","","","","","","","","","","","","","","","","","","","","26.44","18.64","39.18","14.93","11.87","20.10","0.000000","0.000000","",""
"06:28:06.775","GOREV","","","","","","","","","","","","","","","","","","","","","","","","","","","","26.46","18.66","39.10","14.92","11.85","20.06","0.000000","0.000000","",""
"06:28:06.942","GOREV","","","","","","","","","","","","","","","","","","","","","","","","","","","","26.45","18.67","39.01","14.85","11.75","20.03","0.000000","0.000000","",""
"06:28:07.110","GOREV","","","","","","","","","","","","","","","","","","","","","","","","","","","","26.43","18.65","38.93","14.79","11.79","19.99","0.000000","0.000000","",""
"06:28:07.280","GOREV","","","","","","","","","","","","","","","","","","","","","","","","","","","","26.44","18.66","38.84","14.83","11.96","19.96","0.000000","0.000000","",""
"06:28:07.443","GOREV","","","","","","","","","","","","","","","","","","","","","","","","","","","","26.45","18.65","38.76","14.77","11.82","19.92","0.000000","0.000000","",""
"06:28:07.612","GOREV","","","","","","","","","","","","","","","","","","","","","","","","","","","","26.44","18.64","38.67","14.88","11.90","19.89","0.000000","0.000000","",""
"06:28:07.772","GOREV","","","","","","","","","","","","","","","","","","","","","","","","","","","","26.44","18.67","38.59","14.82","11.81","19.85","0.000000","0.000000","",""
"06:28:07.939","GOREV","","","","","","","","","","","","","","","","","","","","","","","","","","","","26.43","18.66","38.51","14.81","11.95","19.82","0.000000","0.000000","",""
"06:28:08.111","GOREV","","","","","","","","","","","","","","","","","","","","","","","","","","","","26.43","18.65","38.42","14.75","11.82","19.78","0.000000","0.000000","",""
"06:28:08.272","GOREV","","","","","","","","","","","","","","","","","","","","","","","","","","","","26.41","18.66","38.34","14.76","11.84","19.74","0.000000","0.000000","",""
"06:28:08.488","GOREV","","","","","","","","","","","","","","","","","","","","","","","","","","","","26.43","18.64","38.25","14.81","11.87","19.71","0.000000","0.000000","",""
"06:28:08.606","GOREV","","","","","","","","","","","","","","","","","","","","","","","","","","","","26.46","18.67","38.16","14.76","11.93","19.67","0.000000","0.000000","",""
"06:28:08.784","GOREV","","","","","","","","","","","","","","","","","","","","","","","","","","","","26.43","18.71","38.08","14.75","11.74","19.63","0.000000","0.000000","",""
"06:28:08.940","GOREV","","","","","","","","","","","","","","","","","","","","","","","","","","","","26.47","18.70","38.00","14.80","11.87","19.60","0.000000","0.000000","",""
"06:28:09.128","GOREV","","","","","","","","","","","","","","","","","","","","","","","","","","","","26.44","18.67","37.91","14.67","11.58","19.56","0.000000","0.000000","",""
"06:28:09.274","GOREV","","","","","","","","","","","","","","","","","","","","","","","","","","","","26.45","18.65","37.82","14.99","11.79","19.53","0.000000","0.000000","",""
"06:28:09.442","GOREV","","","","","","","","","","","","","","","","","","","","","","","","","","","","26.45","18.65","37.74","14.91","11.92","19.49","0.000000","0.000000","",""
"06:28:09.611","GOREV","","","","","","","","","","","","","","","","","","","","","","","","","","","","26.46","18.66","37.65","14.84","11.76","19.45","0.000000","0.000000","",""
"06:28:09.779","GOREV","","","","","","","","","","","","","","","","","","","","","","","","","","","","26.44","18.65","37.57","14.85","11.83","19.42","0.000000","0.000000","",""
"06:28:09.942","GOREV","","","","","","","","","","","","","","","","","","","","","","","","","","","","26.45","18.66","37.49","14.89","11.92","19.38","0.000000","0.000000","",""
"06:28:10.108","GOREV","","","","","","","","","","","","","","","","","","","","","","","","","","","","26.45","18.67","37.40","14.91","11.87","19.34","0.000000","0.000000","",""
"06:28:10.275","GOREV","","","","","","","","","","","","","","","","","","","","","","","","","","","","26.44","18.65","37.32","14.64","11.90","19.31","0.000000","0.000000","",""
"06:28:10.442","GOREV","","","","","","","","","","","","","","","","","","","","","","","","","","","","26.45","18.65","37.23","14.85","11.82","19.27","0.000000","0.000000","",""
"06:28:10.626","GOREV","","","","","","","","","","","","","","","","","","","","","","","","","","","","26.46","18.65","37.14","14.76","12.05","19.24","0.000000","0.000000","",""
"06:28:10.789","GOREV","","","","","","","","","","","","","","","","","","","","","","","","","","","","26.47","18.66","37.06","14.65","11.95","19.20","0.000000","0.000000","",""
"06:28:10.943","GOREV","","","","","","","","","","","","","","","","","","","","","","","","","","","","26.47","18.65","36.97","15.02","11.70","19.17","0.000000","0.000000","",""
"06:28:11.109","GOREV","","","","","","","","","","","","","","","","","","","","","","","","","","","","26.44","18.63","36.89","14.62","11.62","19.13","0.000000","0.000000","",""
"06:28:11.284","GOREV","","","","","","","","","","","","","","","","","","","","","","","","","","","","26.44","18.64","36.80","14.91","11.71","19.09","0.000000","0.000000","",""
"06:28:11.445","GOREV","","","","","","","","","","","","","","","","","","","","","","","","","","","","26.47","18.64","36.72","14.63","11.92","19.06","0.000000","0.000000","",""
"06:28:11.611","GOREV","","","","","","","","","","","","","","","","","","","","","","","","","","","","26.47","18.63","36.63","14.69","11.91","19.02","0.000000","0.000000","",""
"06:28:11.778","GOREV","","","","","","","","","","","","","","","","","","","","","","","","","","","","26.46","18.63","36.55","14.69","11.91","18.99","0.000000","0.000000","",""
"06:28:11.960","GOREV","","","","","","","","","","","","","","","","","","","","","","","","","","","","26.42","18.65","36.47","14.88","11.78","18.95","0.000000","0.000000","",""
"06:28:12.112","GOREV","","","","","","","","","","","","","","","","","","","","","","","","","","","","26.43","18.67","36.38","14.72","11.78","18.91","0.000000","0.000000","",""
"06:28:12.284","GOREV","","","","","","","","","","","","","","","","","","","","","","","","","","","","26.43","18.69","36.30","14.78","11.94","18.88","0.000000","0.000000","",""
"06:28:12.474","GOREV","","","","","","","","","","","","","","","","","","","","","","","","","","","","26.44","18.66","36.22","14.98","11.71","18.84","0.000000","0.000000","",""
"06:28:12.613","GOREV","","","","","","","","","","","","","","","","","","","","","","","","","","","","26.44","18.65","36.13","14.77","11.80","18.80","0.000000","0.000000","",""
"06:28:12.781","GOREV","","","","","","","","","","","","","","","","","","","","","","","","","","","","26.45","18.64","36.05","14.88","11.80","18.77","0.000000","0.000000","",""
"06:28:12.983","GOREV","","","","","","","","","","","","","","","","","","","","","","","","","","","","26.46","18.65","35.96","14.88","11.84","18.73","0.000000","0.000000","",""
"06:28:13.113","GOREV","","","","","","","","","","","","","","","","","","","","","","","","","","","","26.46","18.64","35.88","14.85","11.85","18.70","0.000000","0.000000","",""
"06:28:13.304","GOREV","","","","","","","","","","","","","","","","","","","","","","","","","","","","26.46","18.67","35.79","14.80","11.95","18.66","0.000000","0.000000","",""
"06:28:13.447","GOREV","","","","","","","","","","","","","","","","","","","","","","","","","","","","26.43","18.64","35.71","14.88","11.81","18.63","0.000000","0.000000","",""
"06:28:13.615","GOREV","","","","","","","","","","","","","","","","","","","","","","","","","","","","26.40","18.63","35.62","14.87","11.90","18.59","0.000000","0.000000","",""
"06:28:13.810","GOREV","","","","","","","","","","","","","","","","","","","","","","","","","","","","26.43","18.64","35.54","14.68","11.75","18.55","0.000000","0.000000","",""
"06:28:13.949","GOREV","","","","","","","","","","","","","","","","","","","","","","","","","","","","26.45","18.65","35.45","14.78","11.86","18.52","0.000000","0.000000","",""
"06:28:14.114","GOREV","","","","","","","","","","","","","","","","","","","","","","","","","","","","26.44","18.62","35.37","14.81","11.91","18.48","0.000000","0.000000","",""
"06:28:14.293","GOREV","","","","","","","","","","","","","","","","","","","","","","","","","","","","26.45","18.65","35.28","14.96","12.01","18.44","0.000000","0.000000","",""
"06:28:14.450","GOREV","","","","","","","","","","","","","","","","","","","","","","","","","","","","26.44","18.66","35.19","14.80","11.81","18.41","0.000000","0.000000","",""
"06:28:14.643","GOREV","","","","","","","","","","","","","","","","","","","","","","","","","","","","26.45","18.65","35.11","14.78","11.90","18.37","0.000000","0.000000","",""
"06:28:14.789","GOREV","","","","","","","","","","","","","","","","","","","","","","","","","","","","26.46","18.63","35.02","14.71","11.91","18.33","0.000000","0.000000","",""
"06:28:14.970","GOREV","","","","","","","","","","","","","","","","","","","","","","","","","","","","26.44","18.64","34.94","14.80","11.91","18.30","0.000000","0.000000","",""
"06:28:15.117","GOREV","","","","","","","","","","","","","","","","","","","","","","","","","","","","26.47","18.64","34.85","14.79","11.89","18.26","0.000000","0.000000","",""
"06:28:15.289","GOREV","","","","","","","","","","","","","","","","","","","","","","","","","","","","26.46","18.66","34.77","14.76","11.73","18.23","0.000000","0.000000","",""
"06:28:15.453","GOREV","","","","","","","","","","","","","","","","","","","","","","","","","","","","26.45","18.66","34.68","14.86","11.81","18.19","0.000000","0.000000","",""
"06:28:15.624","GOREV","","","","","","","","","","","","","","","","","","","","","","","","","","","","26.46","18.68","34.60","14.87","11.90","18.16","0.000000","0.000000","",""
"06:28:15.790","GOREV","","","","","","","","","","","","","","","","","","","","","","","","","","","","26.46","18.65","34.51","14.83","11.85","18.12","0.000000","0.000000","",""
"06:28:15.952","GOREV","","","","","","","","","","","","","","","","","","","","","","","","","","","","26.45","18.64","34.42","14.95","11.85","18.08","0.000000","0.000000","",""
"06:28:16.119","GOREV","","","","","","","","","","","","","","","","","","","","","","","","","","","","26.42","18.63","34.34","14.79","11.71","18.05","0.000000","0.000000","",""
"06:28:16.292","GOREV","","","","","","","","","","","","","","","","","","","","","","","","","","","","26.45","18.64","34.25","14.77","11.85","18.01","0.000000","0.000000","",""
"06:28:16.468","GOREV","","","","","","","","","","","","","","","","","","","","","","","","","","","","26.44","18.66","34.16","14.94","11.82","17.97","0.000000","0.000000","",""
"06:28:16.619","GOREV","","","","","","","","","","","","","","","","","","","","","","","","","","","","26.45","18.65","34.08","14.79","11.83","17.94","0.000000","0.000000","",""
"06:28:16.805","GOREV","","","","","","","","","","","","","","","","","","","","","","","","","","","","26.46","18.65","33.99","14.86","11.75","17.90","0.000000","0.000000","",""
"06:28:16.953","GOREV","","","","","","","","","","","","","","","","","","","","","","","","","","","","26.46","18.66","33.91","14.88","12.02","17.86","0.000000","0.000000","",""
"06:28:17.126","GOREV","","","","","","","","","","","","","","","","","","","","","","","","","","","","26.44","18.68","33.82","14.82","11.85","17.83","0.000000","0.000000","",""
"06:28:17.299","GOREV","","","","","","","","","","","","","","","","","","","","","","","","","","","","26.45","18.67","33.73","14.74","11.63","17.79","0.000000","0.000000","",""
"06:28:17.457","GOREV","","","","","","","","","","","","","","","","","","","","","","","","","","","","26.44","18.68","33.64","14.79","11.74","17.75","0.000000","0.000000","",""
"06:28:17.621","GOREV","","","","","","","","","","","","","","","","","","","","","","","","","","","","26.43","18.66","33.56","14.93","11.74","17.72","0.000000","0.000000","",""
"06:28:17.796","GOREV","","","","","","","","","","","","","","","","","","","","","","","","","","","","26.44","18.65","33.47","14.94","11.84","17.68","0.000000","0.000000","",""
"06:28:17.954","GOREV","","","","","","","","","","","","","","","","","","","","","","","","","","","","26.45","18.66","33.39","14.76","11.85","17.64","0.000000","0.000000","",""
"06:28:18.134","GOREV","","","","","","","","","","","","","","","","","","","","","","","","","","","","26.47","18.66","33.30","14.69","11.83","17.60","0.000000","0.000000","",""
"06:28:18.293","GOREV","","","","","","","","","","","","","","","","","","","","","","","","","","","","26.47","18.66","33.21","14.74","11.97","17.57","0.000000","0.000000","",""
"06:28:18.459","GOREV","","","","","","","","","","","","","","","","","","","","","","","","","","","","26.47","18.67","33.13","14.64","11.93","17.53","0.000000","0.000000","",""
"06:28:18.626","GOREV","","","","","","","","","","","","","","","","","","","","","","","","","","","","26.46","18.65","33.04","14.85","11.92","17.49","0.000000","0.000000","",""
"06:28:18.824","GOREV","","","","","","","","","","","","","","","","","","","","","","","","","","","","26.45","18.64","32.95","14.95","11.93","17.46","0.000000","0.000000","",""
"06:28:18.959","GOREV","","","","","","","","","","","","","","","","","","","","","","","","","","","","26.45","18.65","32.87","14.66","11.83","17.42","0.000000","0.000000","",""
"06:28:19.125","GOREV","","","","","","","","","","","","","","","","","","","","","","","","","","","","26.47","18.66","32.78","14.87","11.85","17.39","0.000000","0.000000","",""
"06:28:19.289","GOREV","","","","","","","","","","","","","","","","","","","","","","","","","","","","26.46","18.67","32.70","14.71","11.72","17.35","0.000000","0.000000","",""
"06:28:19.469","GOREV","","","","","","","","","","","","","","","","","","","","","","","","","","","","26.44","18.66","32.61","14.91","11.87","17.31","0.000000","0.000000","",""
"06:28:19.632","GOREV","","","","","","","","","","","","","","","","","","","","","","","","","","","","26.43","18.67","32.53","14.62","12.00","17.28","0.000000","0.000000","",""
"06:28:19.790","GOREV","","","","","","","","","","","","","","","","","","","","","","","","","","","","26.43","18.64","32.44","14.93","11.91","17.24","0.000000","0.000000","",""
"06:28:19.956","GOREV","","","","","","","","","","","","","","","","","","","","","","","","","","","","26.43","18.65","32.36","14.85","11.93","17.21","0.000000","0.000000","",""
"06:28:20.122","GOREV","","","","","","","","","","","","","","","","","","","","","","","","","","","","26.44","18.64","32.27","14.64","11.73","17.17","0.000000","0.000000","",""
"06:28:20.294","GOREV","","","","","","","","","","","","","","","","","","","","","","","","","","","","26.43","18.66","32.18","14.62","11.90","17.13","0.000000","0.000000","",""
"06:28:20.470","GOREV","","","","","","","","","","","","","","","","","","","","","","","","","","","","26.43","18.68","32.10","14.81","11.85","17.10","0.000000","0.000000","",""
"06:28:20.630","GOREV","","","","","","","","","","","","","","","","","","","","","","","","","","","","26.42","18.65","32.01","14.70","11.97","17.06","0.000000","0.000000","",""
"06:28:20.794","GOREV","","","","","","","","","","","","","","","","","","","","","","","","","","","","26.45","18.65","31.93","14.94","11.84","17.02","0.000000","0.000000","",""
"06:28:20.956","GOREV","","","","","","","","","","","","","","","","","","","","","","","","","","","","26.45","18.67","31.84","14.91","11.81","16.98","0.000000","0.000000","",""
"06:28:21.135","GOREV","","","","","","","","","","","","","","","","","","","","","","","","","","","","26.43","18.68","31.76","14.83","12.07","16.95","0.000000","0.000000","",""
"06:28:21.291","GOREV","","","","","","","","","","","","","","","","","","","","","","","","","","","","26.43","18.68","31.67","14.72","11.84","16.91","0.000000","0.000000","",""
"06:28:21.461","GOREV","","","","","","","","","","","","","","","","","","","","","","","","","","","","26.44","18.65","31.58","14.96","11.76","16.87","0.000000","0.000000","",""
"06:28:21.628","GOREV","","","","","","","","","","","","","","","","","","","","","","","","","","","","26.46","18.65","31.49","14.80","11.92","16.84","0.000000","0.000000","",""
"06:28:21.793","GOREV","","","","","","","","","","","","","","","","","","","","","","","","","","","","26.46","18.66","31.41","14.82","11.81","16.80","0.000000","0.000000","",""
"06:28:21.961","GOREV","","","","","","","","","","","","","","","","","","","","","","","","","","","","26.45","18.66","31.32","14.78","11.87","16.77","0.000000","0.000000","",""
"06:28:22.130","GOREV","","","","","","","","","","","","","","","","","","","","","","","","","","","","26.46","18.65","31.24","14.79","11.87","16.73","0.000000","0.000000","",""
"06:28:22.293","GOREV","","","","","","","","","","","","","","","","","","","","","","","","","","","","26.46","18.64","31.15","14.98","11.92","16.70","0.000000","0.000000","",""
"06:28:22.473","GOREV","","","","","","","","","","","","","","","","","","","","","","","","","","","","26.45","18.65","31.07","14.76","11.88","16.66","0.000000","0.000000","",""
"06:28:22.637","GOREV","","","","","","","","","","","","","","","","","","","","","","","","","","","","26.45","18.65","30.98","14.92","11.84","16.63","0.000000","0.000000","",""
"06:28:22.798","GOREV","","","","","","","","","","","","","","","","","","","","","","","","","","","","26.44","18.65","30.90","14.92","11.86","16.59","0.000000","0.000000","",""
"06:28:22.961","GOREV","","","","","","","","","","","","","","","","","","","","","","","","","","","","26.44","18.65","30.81","14.77","12.01","16.55","0.000000","0.000000","",""
"06:28:23.132","GOREV","","","","","","","","","","","","","","","","","","","","","","","","","","","","26.45","18.65","30.73","14.79","11.70","16.52","0.000000","0.000000","",""
"06:28:23.306","GOREV","","","","","","","","","","","","","","","","","","","","","","","","","","","","26.44","18.64","30.64","14.77","11.75","16.48","0.000000","0.000000","",""
"06:28:23.485","GOREV","","","","","","","","","","","","","","","","","","","","","","","","","","","","26.43","18.65","30.56","14.95","11.84","16.45","0.000000","0.000000","",""
"06:28:23.643","GOREV","","","","","","","","","","","","","","","","","","","","","","","","","","","","26.45","18.66","30.47","14.84","11.85","16.41","0.000000","0.000000","",""
"06:28:23.796","GOREV","","","","","","","","","","","","","","","","","","","","","","","","","","","","26.46","18.65","30.38","14.94","11.86","16.37","0.000000","0.000000","",""
"06:28:23.962","GOREV","","","","","","","","","","","","","","","","","","","","","","","","","","","","26.45","18.66","30.30","14.82","11.81","16.34","0.000000","0.000000","",""
"06:28:24.133","GOREV","","","","","","","","","","","","","","","","","","","","","","","","","","","","26.47","18.67","30.21","14.83","11.91","16.30","0.000000","0.000000","",""
"06:28:24.296","GOREV","","","","","","","","","","","","","","","","","","","","","","","","","","","","26.45","18.67","30.12","14.66","11.68","16.27","0.000000","0.000000","",""
"06:28:24.492","GOREV","","","","","","","","","","","","","","","","","","","","","","","","","","","","26.46","18.66","30.03","14.86","12.00","16.23","0.000000","0.000000","",""
"06:28:24.633","GOREV","","","","","","","","","","","","","","","","","","","","","","","","","","","","26.45","18.67","29.95","14.86","11.82","16.19","0.000000","0.000000","",""
"06:28:24.803","GOREV","","","","","","","","","","","","","","","","","","","","","","","","","","","","26.45","18.65","29.86","14.88","11.97","16.16","0.000000","0.000000","",""
"06:28:24.967","GOREV","","","","","","","","","","","","","","","","","","","","","","","","","","","","26.44","18.67","29.78","14.90","11.89","16.12","0.000000","0.000000","",""
"06:28:25.133","GOREV","","","","","","","","","","","","","","","","","","","","","","","","","","","","26.44","18.64","29.69","14.78","11.69","16.08","0.000000","0.000000","",""
"06:28:25.298","GOREV","","","","","","","","","","","","","","","","","","","","","","","","","","","","26.43","18.63","29.60","14.75","11.78","16.05","0.000000","0.000000","",""
"06:28:25.465","GOREV","","","","","","","","","","","","","","","","","","","","","","","","","","","","26.44","18.63","29.52","14.74","11.87","16.01","0.000000","0.000000","",""
"06:28:25.636","GOREV","","","","","","","","","","","","","","","","","","","","","","","","","","","","26.44","18.63","29.43","14.81","11.94","15.98","0.000000","0.000000","",""
"06:28:25.799","GOREV","","","","","","","","","","","","","","","","","","","","","","","","","","","","26.44","18.63","29.35","14.88","11.90","15.94","0.000000","0.000000","",""
"06:28:25.967","GOREV","","","","","","","","","","","","","","","","","","","","","","","","","","","","26.45","18.64","29.26","14.96","11.80","15.90","0.000000","0.000000","",""
"06:28:26.133","GOREV","","","","","","","","","","","","","","","","","","","","","","","","","","","","26.45","18.66","29.18","15.01","11.83","15.86","0.000000","0.000000","",""
"06:28:26.300","GOREV","","","","","","","","","","","","","","","","","","","","","","","","","","","","26.46","18.66","29.09","14.74","11.72","15.83","0.000000","0.000000","",""
"06:28:26.467","GOREV","","","","","","","","","","","","","","","","","","","","","","","","","","","","26.45","18.66","29.01","14.82","11.87","15.79","0.000000","0.000000","",""
"06:28:26.633","GOREV","","","","","","","","","","","","","","","","","","","","","","","","","","","","26.43","18.63","28.92","14.82","11.87","15.75","0.000000","0.000000","",""
"06:28:26.834","GOREV","","","","","","","","","","","","","","","","","","","","","","","","","","","","26.43","18.60","28.83","14.75","11.86","15.72","0.000000","0.000000","",""
"06:28:26.980","GOREV","","","","","","","","","","","","","","","","","","","","","","","","","","","","26.44","18.64","28.75","14.80","11.72","15.68","0.000000","0.000000","",""
"06:28:27.134","GOREV","","","","","","","","","","","","","","","","","","","","","","","","","","","","26.44","18.64","28.66","14.71","11.81","15.64","0.000000","0.000000","",""
"06:28:27.307","GOREV","","","","","","","","","","","","","","","","","","","","","","","","","","","","26.43","18.65","28.57","14.83","12.02","15.61","0.000000","0.000000","",""
"06:28:27.470","GOREV","","","","","","","","","","","","","","","","","","","","","","","","","","","","26.43","18.61","28.49","14.85","11.86","15.57","0.000000","0.000000","",""
"06:28:27.638","GOREV","","","","","","","","","","","","","","","","","","","","","","","","","","","","26.43","18.63","28.40","14.83","11.94","15.54","0.000000","0.000000","",""
"06:28:27.803","GOREV","","","","","","","","","","","","","","","","","","","","","","","","","","","","26.44","18.65","28.31","14.94","11.98","15.50","0.000000","0.000000","",""
"06:28:27.972","GOREV","","","","","","","","","","","","","","","","","","","","","","","","","","","","26.45","18.65","28.23","14.92","11.82","15.46","0.000000","0.000000","",""
"06:28:28.135","GOREV","","","","","","","","","","","","","","","","","","","","","","","","","","","","26.46","18.65","28.14","14.73","11.76","15.43","0.000000","0.000000","",""
"06:28:28.302","GOREV","","","","","","","","","","","","","","","","","","","","","","","","","","","","26.47","18.65","28.06","14.86","11.78","15.39","0.000000","0.000000","",""
"06:28:28.496","GOREV","","","","","","","","","","","","","","","","","","","","","","","","","","","","26.45","18.63","27.97","14.83","11.99","15.35","0.000000","0.000000","",""
"06:28:28.637","GOREV","","","","","","","","","","","","","","","","","","","","","","","","","","","","26.45","18.64","27.88","14.74","11.80","15.31","0.000000","0.000000","",""
"06:28:28.828","GOREV","","","","","","","","","","","","","","","","","","","","","","","","","","","","26.44","18.63","27.79","14.76","11.86","15.28","0.000000","0.000000","",""
"06:28:28.970","GOREV","","","","","","","","","","","","","","","","","","","","","","","","","","","","26.44","18.65","27.71","14.71","11.82","15.24","0.000000","0.000000","",""
"06:28:29.140","GOREV","","","","","","","","","","","","","","","","","","","","","","","","","","","","26.43","18.66","27.62","14.90","11.94","15.20","0.000000","0.000000","",""
"06:28:29.334","GOREV","","","","","","","","","","","","","","","","","","","","","","","","","","","","26.43","18.64","27.53","14.76","12.04","15.17","0.000000","0.000000","",""
"06:28:29.474","GOREV","","","","","","","","","","","","","","","","","","","","","","","","","","","","26.43","18.65","27.45","14.90","11.98","15.13","0.000000","0.000000","",""
"06:28:29.640","GOREV","","","","","","","","","","","","","","","","","","","","","","","","","","","","26.43","18.67","27.36","14.73","11.80","15.09","0.000000","0.000000","",""
"06:28:29.806","GOREV","","","","","","","","","","","","","","","","","","","","","","","","","","","","26.42","18.67","27.28","14.90","11.85","15.05","0.000000","0.000000","",""
"06:28:29.971","GOREV","","","","","","","","","","","","","","","","","","","","","","","","","","","","26.43","18.65","27.19","14.73","11.85","15.02","0.000000","0.000000","",""
"06:28:30.173","GOREV","","","","","","","","","","","","","","","","","","","","","","","","","","","","26.43","18.64","27.11","14.83","11.91","14.98","0.000000","0.000000","",""
"06:28:30.306","GOREV","","","","","","","","","","","","","","","","","","","","","","","","","","","","26.46","18.66","27.02","14.70","11.83","14.94","0.000000","0.000000","",""
"06:28:30.476","GOREV","","","","","","","","","","","","","","","","","","","","","","","","","","","","26.47","18.66","26.94","14.75","11.70","14.90","0.000000","0.000000","",""
"06:28:30.658","GOREV","","","","","","","","","","","","","","","","","","","","","","","","","","","","26.47","18.66","26.85","14.86","11.81","14.86","0.000000","0.000000","",""
"06:28:30.812","GOREV","","","","","","","","","","","","","","","","","","","","","","","","","","","","26.45","18.68","26.77","14.69","11.78","14.82","0.000000","0.000000","",""
"06:28:30.980","GOREV","","","","","","","","","","","","","","","","","","","","","","","","","","","","26.46","18.67","26.68","14.80","11.87","14.79","0.000000","0.000000","",""
"06:28:31.143","GOREV","","","","","","","","","","","","","","","","","","","","","","","","","","","","26.46","18.65","26.59","14.83","11.93","14.75","0.000000","0.000000","",""
"06:28:31.327","GOREV","","","","","","","","","","","","","","","","","","","","","","","","","","","","26.46","18.67","26.51","14.93","11.90","14.71","0.000000","0.000000","",""
"06:28:31.477","GOREV","","","","","","","","","","","","","","","","","","","","","","","","","","","","26.44","18.66","26.42","14.86","11.77","14.67","0.000000","0.000000","",""
"06:28:31.642","GOREV","","","","","","","","","","","","","","","","","","","","","","","","","","","","26.43","18.63","26.34","14.80","11.87","14.64","0.000000","0.000000","",""
"06:28:31.809","GOREV","","","","","","","","","","","","","","","","","","","","","","","","","","","","26.43","18.63","26.25","14.82","11.86","14.60","0.000000","0.000000","",""
"06:28:31.984","GOREV","","","","","","","","","","","","","","","","","","","","","","","","","","","","26.44","18.63","26.17","14.56","11.85","14.56","0.000000","0.000000","",""
"06:28:32.149","GOREV","","","","","","","","","","","","","","","","","","","","","","","","","","","","26.44","18.65","26.08","14.76","11.84","14.53","0.000000","0.000000","",""
"06:28:32.308","GOREV","","","","","","","","","","","","","","","","","","","","","","","","","","","","26.42","18.65","25.99","14.82","11.89","14.49","0.000000","0.000000","",""
"06:28:32.483","GOREV","","","","","","","","","","","","","","","","","","","","","","","","","","","","26.42","18.66","25.91","14.94","11.97","14.45","0.000000","0.000000","",""
"06:28:32.657","GOREV","","","","","","","","","","","","","","","","","","","","","","","","","","","","26.42","18.64","25.82","14.89","11.80","14.42","0.000000","0.000000","",""
"06:28:32.810","GOREV","","","","","","","","","","","","","","","","","","","","","","","","","","","","26.44","18.64","25.74","14.80","11.88","14.38","0.000000","0.000000","",""
"06:28:33.007","GOREV","","","","","","","","","","","","","","","","","","","","","","","","","","","","26.45","18.64","25.65","14.86","11.62","14.34","0.000000","0.000000","",""
"06:28:33.159","GOREV","","","","","","","","","","","","","","","","","","","","","","","","","","","","26.44","18.65","25.57","14.87","11.82","14.30","0.000000","0.000000","",""
"06:28:33.311","GOREV","","","","","","","","","","","","","","","","","","","","","","","","","","","","26.44","18.65","25.48","14.81","11.63","14.27","0.000000","0.000000","",""
"06:28:33.485","GOREV","","","","","","","","","","","","","","","","","","","","","","","","","","","","26.42","18.66","25.40","14.72","11.87","14.23","0.000000","0.000000","",""
"06:28:33.647","GOREV","","","","","","","","","","","","","","","","","","","","","","","","","","","","26.42","18.64","25.31","14.81","11.86","14.20","0.000000","0.000000","",""
"06:28:33.812","GOREV","","","","","","","","","","","","","","","","","","","","","","","","","","","","26.40","18.62","25.22","14.91","11.77","14.16","0.000000","0.000000","",""
"06:28:33.983","GOREV","","","","","","","","","","","","","","","","","","","","","","","","","","","","26.41","18.62","25.14","14.78","11.95","14.13","0.000000","0.000000","",""
"06:28:34.147","GOREV","","","","","","","","","","","","","","","","","","","","","","","","","","","","26.41","18.60","25.05","14.94","11.91","14.09","0.000000","0.000000","",""
"06:28:34.313","GOREV","","","","","","","","","","","","","","","","","","","","","","","","","","","","26.43","18.64","24.96","14.73","11.74","14.05","0.000000","0.000000","",""
"06:28:34.480","GOREV","","","","","","","","","","","","","","","","","","","","","","","","","","","","26.42","18.64","24.88","14.87","11.69","14.02","0.000000","0.000000","",""
"06:28:34.646","GOREV","","","","","","","","","","","","","","","","","","","","","","","","","","","","26.45","18.63","24.79","14.84","11.80","13.98","0.000000","0.000000","",""
"06:28:34.817","GOREV","","","","","","","","","","","","","","","","","","","","","","","","","","","","26.42","18.62","24.71","14.85","11.86","13.94","0.000000","0.000000","",""
"06:28:34.991","GOREV","","","","","","","","","","","","","","","","","","","","","","","","","","","","26.43","18.63","24.62","14.90","11.85","13.91","0.000000","0.000000","",""
"06:28:35.147","GOREV","","","","","","","","","","","","","","","","","","","","","","","","","","","","26.45","18.64","24.54","14.86","11.86","13.87","0.000000","0.000000","",""
"06:28:35.324","GOREV","","","","","","","","","","","","","","","","","","","","","","","","","","","","26.45","18.65","24.45","14.90","11.84","13.83","0.000000","0.000000","",""
"06:28:35.483","GOREV","","","","","","","","","","","","","","","","","","","","","","","","","","","","26.45","18.62","24.36","14.82","11.87","13.80","0.000000","0.000000","",""
"06:28:35.648","GOREV","","","","","","","","","","","","","","","","","","","","","","","","","","","","26.44","18.63","24.28","14.61","11.78","13.76","0.000000","0.000000","",""
"06:28:35.842","GOREV","","","","","","","","","","","","","","","","","","","","","","","","","","","","26.44","18.63","24.19","14.77","11.74","13.72","0.000000","0.000000","",""
"06:28:35.998","GOREV","","","","","","","","","","","","","","","","","","","","","","","","","","","","26.45","18.64","24.11","14.92","11.90","13.68","0.000000","0.000000","",""
"06:28:36.148","GOREV","","","","","","","","","","","","","","","","","","","","","","","","","","","","26.46","18.65","24.02","14.72","11.88","13.65","0.000000","0.000000","",""
"06:28:36.340","GOREV","","","","","","","","","","","","","","","","","","","","","","","","","","","","26.45","18.66","23.93","14.78","11.87","13.61","0.000000","0.000000","",""
"06:28:36.491","GOREV","","","","","","","","","","","","","","","","","","","","","","","","","","","","26.43","18.64","23.85","14.84","11.72","13.57","0.000000","0.000000","",""
"06:28:36.660","GOREV","","","","","","","","","","","","","","","","","","","","","","","","","","","","26.45","18.66","23.77","14.85","11.93","13.54","0.000000","0.000000","",""
"06:28:36.817","GOREV","","","","","","","","","","","","","","","","","","","","","","","","","","","","26.45","18.66","23.68","14.77","11.71","13.50","0.000000","0.000000","",""
"06:28:36.987","GOREV","","","","","","","","","","","","","","","","","","","","","","","","","","","","26.44","18.66","23.59","14.72","11.83","13.47","0.000000","0.000000","",""
"06:28:37.150","GOREV","","","","","","","","","","","","","","","","","","","","","","","","","","","","26.42","18.64","23.51","14.83","11.92","13.43","0.000000","0.000000","",""
"06:28:37.325","GOREV","","","","","","","","","","","","","","","","","","","","","","","","","","","","26.45","18.65","23.42","14.67","11.86","13.39","0.000000","0.000000","",""
"06:28:37.485","GOREV","","","","","","","","","","","","","","","","","","","","","","","","","","","","26.45","18.63","23.33","14.88","11.79","13.35","0.000000","0.000000","",""
"06:28:37.662","GOREV","","","","","","","","","","","","","","","","","","","","","","","","","","","","26.44","18.65","23.24","14.90","11.89","13.32","0.000000","0.000000","",""
"06:28:37.822","GOREV","","","","","","","","","","","","","","","","","","","","","","","","","","","","26.44","18.63","23.16","14.83","11.92","13.28","0.000000","0.000000","",""
"06:28:37.984","GOREV","","","","","","","","","","","","","","","","","","","","","","","","","","","","26.45","18.67","23.07","14.87","11.80","13.24","0.000000","0.000000","",""
"06:28:38.168","GOREV","","","","","","","","","","","","","","","","","","","","","","","","","","","","26.43","18.67","22.99","15.04","11.75","13.21","0.000000","0.000000","",""
"06:28:38.319","GOREV","","","","","","","","","","","","","","","","","","","","","","","","","","","","26.43","18.66","22.90","14.82","11.73","13.17","0.000000","0.000000","",""
"06:28:38.512","GOREV","","","","","","","","","","","","","","","","","","","","","","","","","","","","26.44","18.66","22.82","14.71","11.71","13.13","0.000000","0.000000","",""
"06:28:38.654","GOREV","","","","","","","","","","","","","","","","","","","","","","","","","","","","26.45","18.63","22.73","14.74","11.71","13.10","0.000000","0.000000","",""
"06:28:38.846","GOREV","","","","","","","","","","","","","","","","","","","","","","","","","","","","26.45","18.64","22.64","14.78","11.73","13.06","0.000000","0.000000","",""
"06:28:38.986","GOREV","","","","","","","","","","","","","","","","","","","","","","","","","","","","26.45","18.64","22.56","14.81","11.86","13.03","0.000000","0.000000","",""
"06:28:39.154","GOREV","","","","","","","","","","","","","","","","","","","","","","","","","","","","26.46","18.64","22.47","14.76","11.90","12.99","0.000000","0.000000","",""
"06:28:39.324","GOREV","","","","","","","","","","","","","","","","","","","","","","","","","","","","26.44","18.64","22.38","14.83","11.70","12.95","0.000000","0.000000","",""
"06:28:39.497","GOREV","","","","","","","","","","","","","","","","","","","","","","","","","","","","26.44","18.64","22.30","14.94","11.90","12.91","0.000000","0.000000","",""
"06:28:39.655","GOREV","","","","","","","","","","","","","","","","","","","","","","","","","","","","26.44","18.66","22.21","14.77","12.04","12.88","0.000000","0.000000","",""
"06:28:39.821","GOREV","","","","","","","","","","","","","","","","","","","","","","","","","","","","26.43","18.65","22.13","14.72","11.96","12.84","0.000000","0.000000","",""
"06:28:40.004","GOREV","","","","","","","","","","","","","","","","","","","","","","","","","","","","26.43","18.66","22.04","14.80","11.92","12.81","0.000000","0.000000","",""
"06:28:40.155","GOREV","","","","","","","","","","","","","","","","","","","","","","","","","","","","26.43","18.62","21.95","14.89","11.84","12.77","0.000000","0.000000","",""
"06:28:40.333","GOREV","","","","","","","","","","","","","","","","","","","","","","","","","","","","26.45","18.62","21.87","14.87","11.82","12.73","0.000000","0.000000","",""
"06:28:40.505","GOREV","","","","","","","","","","","","","","","","","","","","","","","","","","","","26.44","18.63","21.78","14.82","11.86","12.70","0.000000","0.000000","",""
"06:28:40.656","GOREV","","","","","","","","","","","","","","","","","","","","","","","","","","","","26.45","18.63","21.69","14.85","11.96","12.66","0.000000","0.000000","",""
"06:28:40.852","GOREV","","","","","","","","","","","","","","","","","","","","","","","","","","","","26.45","18.65","21.61","14.80","11.85","12.62","0.000000","0.000000","",""
"06:28:40.989","GOREV","","","","","","","","","","","","","","","","","","","","","","","","","","","","26.44","18.64","21.52","14.75","11.81","12.59","0.000000","0.000000","",""
"06:28:41.175","GOREV","","","","","","","","","","","","","","","","","","","","","","","","","","","","26.43","18.63","21.44","14.84","11.80","12.55","0.000000","0.000000","",""
"06:28:41.324","GOREV","","","","","","","","","","","","","","","","","","","","","","","","","","","","26.45","18.64","21.35","14.79","11.92","12.51","0.000000","0.000000","",""
"06:28:41.490","GOREV","","","","","","","","","","","","","","","","","","","","","","","","","","","","26.44","18.64","21.26","14.85","11.98","12.48","0.000000","0.000000","",""
"06:28:41.674","GOREV","","","","","","","","","","","","","","","","","","","","","","","","","","","","26.44","18.63","21.17","14.75","11.77","12.44","0.000000","0.000000","",""
"06:28:41.834","GOREV","","","","","","","","","","","","","","","","","","","","","","","","","","","","26.43","18.62","21.09","14.99","11.94","12.41","0.000000","0.000000","",""
"06:28:41.991","GOREV","","","","","","","","","","","","","","","","","","","","","","","","","","","","26.43","18.66","21.00","14.78","12.03","12.37","0.000000","0.000000","",""
"06:28:42.165","GOREV","","","","","","","","","","","","","","","","","","","","","","","","","","","","26.44","18.66","20.92","14.86","11.87","12.34","0.000000","0.000000","",""
"06:28:42.355","GOREV","","","","","","","","","","","","","","","","","","","","","","","","","","","","26.45","18.67","20.83","14.78","11.90","12.30","0.000000","0.000000","",""
"06:28:42.502","GOREV","","","","","","","","","","","","","","","","","","","","","","","","","","","","26.46","18.65","20.75","14.84","11.84","12.26","0.000000","0.000000","",""
"06:28:42.662","GOREV","","","","","","","","","","","","","","","","","","","","","","","","","","","","26.46","18.61","20.66","14.78","11.95","12.23","0.000000","0.000000","",""
"06:28:42.831","GOREV","","","","","","","","","","","","","","","","","","","","","","","","","","","","26.46","18.65","20.57","14.90","11.88","12.19","0.000000","0.000000","",""
"06:28:42.996","GOREV","","","","","","","","","","","","","","","","","","","","","","","","","","","","26.48","18.66","20.49","14.82","11.86","12.16","0.000000","0.000000","",""
"06:28:43.174","GOREV","","","","","","","","","","","","","","","","","","","","","","","","","","","","26.48","18.64","20.40","14.78","11.79","12.13","0.000000","0.000000","",""
"06:28:43.333","GOREV","","","","","","","","","","","","","","","","","","","","","","","","","","","","26.46","18.63","20.32","14.83","11.94","12.09","0.000000","0.000000","",""
"06:28:43.494","GOREV","","","","","","","","","","","","","","","","","","","","","","","","","","","","26.44","18.63","20.23","14.91","11.82","12.06","0.000000","0.000000","",""
"06:28:43.661","GOREV","","","","","","","","","","","","","","","","","","","","","","","","","","","","26.45","18.63","20.15","14.95","11.88","12.02","0.000000","0.000000","",""
"06:28:43.828","GOREV","","","","","","","","","","","","","","","","","","","","","","","","","","","","26.47","18.61","20.06","14.94","11.76","11.99","0.000000","0.000000","",""
"06:28:43.998","GOREV","","","","","","","","","","","","","","","","","","","","","","","","","","","","26.46","18.64","19.98","14.85","11.74","11.95","0.000000","0.000000","",""
"06:28:44.162","GOREV","","","","","","","","","","","","","","","","","","","","","","","","","","","","26.44","18.63","19.89","14.77","11.75","11.92","0.000000","0.000000","",""
"06:28:44.338","GOREV","","","","","","","","","","","","","","","","","","","","","","","","","","","","26.44","18.64","19.81","14.55","11.86","11.88","0.000000","0.000000","",""
"06:28:44.496","GOREV","","","","","","","","","","","","","","","","","","","","","","","","","","","","26.43","18.63","19.72","14.77","11.87","11.84","0.000000","0.000000","",""
"06:28:44.667","GOREV","","","","","","","","","","","","","","","","","","","","","","","","","","","","26.42","18.64","19.63","14.90","11.67","11.81","0.000000","0.000000","",""
"06:28:44.848","GOREV","","","","","","","","","","","","","","","","","","","","","","","","","","","","26.41","18.66","19.54","14.82","11.91","11.77","0.000000","0.000000","",""
"06:28:44.999","GOREV","","","","","","","","","","","","","","","","","","","","","","","","","","","","26.44","18.64","19.46","14.73","11.74","11.73","0.000000","0.000000","",""
"06:28:45.167","GOREV","","","","","","","","","","","","","","","","","","","","","","","","","","","","26.43","18.65","19.37","14.93","11.83","11.69","0.000000","0.000000","",""
"06:28:45.330","GOREV","","","","","","","","","","","","","","","","","","","","","","","","","","","","26.43","18.65","19.28","14.68","11.88","11.66","0.000000","0.000000","",""
"06:28:45.497","GOREV","","","","","","","","","","","","","","","","","","","","","","","","","","","","26.43","18.62","19.20","14.85","11.92","11.62","0.000000","0.000000","",""
"06:28:45.664","GOREV","","","","","","","","","","","","","","","","","","","","","","","","","","","","26.45","18.64","19.12","14.86","11.92","11.58","0.000000","0.000000","",""
"06:28:45.832","GOREV","","","","","","","","","","","","","","","","","","","","","","","","","","","","26.44","18.65","19.03","14.94","11.75","11.54","0.000000","0.000000","",""
"06:28:46.002","GOREV","","","","","","","","","","","","","","","","","","","","","","","","","","","","26.46","18.65","18.95","14.91","11.95","11.51","0.000000","0.000000","",""
"06:28:46.167","GOREV","","","","","","","","","","","","","","","","","","","","","","","","","","","","26.44","18.66","18.86","14.87","11.71","11.47","0.000000","0.000000","",""
"06:28:46.337","GOREV","","","","","","","","","","","","","","","","","","","","","","","","","","","","26.44","18.67","18.77","14.74","11.70","11.43","0.000000","0.000000","",""
"06:28:46.499","GOREV","","","","","","","","","","","","","","","","","","","","","","","","","","","","26.43","18.66","18.68","14.81","11.94","11.40","0.000000","0.000000","",""
"06:28:46.670","GOREV","","","","","","","","","","","","","","","","","","","","","","","","","","","","26.45","18.66","18.59","14.67","11.95","11.36","0.000000","0.000000","",""
"06:28:46.835","GOREV","","","","","","","","","","","","","","","","","","","","","","","","","","","","26.45","18.65","18.51","14.82","11.98","11.33","0.000000","0.000000","",""
"06:28:47.031","GOREV","","","","","","","","","","","","","","","","","","","","","","","","","","","","26.45","18.65","18.42","14.79","11.82","11.29","0.000000","0.000000","",""
"06:28:47.167","GOREV","","","","","","","","","","","","","","","","","","","","","","","","","","","","26.44","18.66","18.34","14.79","11.80","11.26","0.000000","0.000000","",""
"06:28:47.333","GOREV","","","","","","","","","","","","","","","","","","","","","","","","","","","","26.46","18.66","18.25","14.77","11.89","11.22","0.000000","0.000000","",""
"06:28:47.501","GOREV","","","","","","","","","","","","","","","","","","","","","","","","","","","","26.46","18.68","18.17","14.85","12.04","11.18","0.000000","0.000000","",""
"06:28:47.667","GOREV","","","","","","","","","","","","","","","","","","","","","","","","","","","","26.46","18.68","18.08","14.97","11.75","11.15","0.000000","0.000000","",""
"06:28:47.835","GOREV","","","","","","","","","","","","","","","","","","","","","","","","","","","","26.45","18.67","18.00","14.90","11.86","11.11","0.000000","0.000000","",""
"06:28:48.005","GOREV","","","","","","","","","","","","","","","","","","","","","","","","","","","","26.45","18.66","17.91","14.78","11.91","11.07","0.000000","0.000000","",""
"06:28:48.172","GOREV","","","","","","","","","","","","","","","","","","","","","","","","","","","","26.48","18.66","17.83","14.71","11.85","11.04","0.000000","0.000000","",""
"06:28:48.335","GOREV","","","","","","","","","","","","","","","","","","","","","","","","","","","","26.48","18.65","17.74","14.73","11.91","11.00","0.000000","0.000000","",""
"06:28:48.501","GOREV","","","","","","","","","","","","","","","","","","","","","","","","","","","","26.47","18.66","17.65","14.98","12.03","10.96","0.000000","0.000000","",""
"06:28:48.676","GOREV","","","","","","","","","","","","","","","","","","","","","","","","","","","","26.45","18.68","17.57","14.79","11.84","10.93","0.000000","0.000000","",""
"06:28:48.842","GOREV","","","","","","","","","","","","","","","","","","","","","","","","","","","","26.47","18.69","17.48","14.79","11.85","10.89","0.000000","0.000000","",""
"06:28:49.007","GOREV","","","","","","","","","","","","","","","","","","","","","","","","","","","","26.45","18.69","17.39","14.84","12.02","10.86","0.000000","0.000000","",""
"06:28:49.174","GOREV","","","","","","","","","","","","","","","","","","","","","","","","","","","","26.46","18.68","17.31","14.78","11.97","10.82","0.000000","0.000000","",""
"06:28:49.340","GOREV","","","","","","","","","","","","","","","","","","","","","","","","","","","","26.46","18.66","17.22","14.75","11.94","10.79","0.000000","0.000000","",""
"06:28:49.507","GOREV","","","","","","","","","","","","","","","","","","","","","","","","","","","","26.44","18.63","17.13","14.74","11.78","10.75","0.000000","0.000000","",""
"06:28:49.672","GOREV","","","","","","","","","","","","","","","","","","","","","","","","","","","","26.45","18.64","17.05","15.01","11.77","10.72","0.000000","0.000000","",""
"06:28:49.842","GOREV","","","","","","","","","","","","","","","","","","","","","","","","","","","","26.45","18.64","16.96","14.90","11.93","10.68","0.000000","0.000000","",""
"06:28:50.004","GOREV","","","","","","","","","","","","","","","","","","","","","","","","","","","","26.45","18.63","16.88","14.80","11.73","10.64","0.000000","0.000000","",""
"06:28:50.189","GOREV","","","","","","","","","","","","","","","","","","","","","","","","","","","","26.43","18.62","16.79","14.75","11.84","10.60","0.000000","0.000000","",""
"06:28:50.338","GOREV","","","","","","","","","","","","","","","","","","","","","","","","","","","","26.45","18.65","16.70","14.96","11.83","10.57","0.000000","0.000000","",""
"06:28:50.519","GOREV","","","","","","","","","","","","","","","","","","","","","","","","","","","","26.46","18.63","16.61","14.79","11.80","10.53","0.000000","0.000000","",""
"06:28:50.672","GOREV","","","","","","","","","","","","","","","","","","","","","","","","","","","","26.44","18.63","16.53","14.85","11.98","10.50","0.000000","0.000000","",""
"06:28:50.849","GOREV","","","","","","","","","","","","","","","","","","","","","","","","","","","","26.45","18.64","16.44","14.71","11.77","10.46","0.000000","0.000000","",""
"06:28:51.005","GOREV","","","","","","","","","","","","","","","","","","","","","","","","","","","","26.44","18.65","16.36","14.83","11.76","10.42","0.000000","0.000000","",""
"06:28:51.178","GOREV","","","","","","","","","","","","","","","","","","","","","","","","","","","","26.42","18.64","16.27","14.93","11.67","10.39","0.000000","0.000000","",""
"06:28:51.350","GOREV","","","","","","","","","","","","","","","","","","","","","","","","","","","","26.46","18.65","16.18","14.77","11.94","10.35","0.000000","0.000000","",""
"06:28:51.507","GOREV","","","","","","","","","","","","","","","","","","","","","","","","","","","","26.45","18.66","16.09","14.95","11.96","10.31","0.000000","0.000000","",""
"06:28:51.678","GOREV","","","","","","","","","","","","","","","","","","","","","","","","","","","","26.47","18.67","16.01","14.86","11.78","10.28","0.000000","0.000000","",""
"06:28:51.845","GOREV","","","","","","","","","","","","","","","","","","","","","","","","","","","","26.45","18.67","15.92","14.79","11.79","10.24","0.000000","0.000000","",""
"06:28:52.012","GOREV","","","","","","","","","","","","","","","","","","","","","","","","","","","","26.46","18.64","15.84","14.90","11.75","10.20","0.000000","0.000000","",""
"06:28:52.175","GOREV","","","","","","","","","","","","","","","","","","","","","","","","","","","","26.46","18.64","15.75","14.65","11.89","10.17","0.000000","0.000000","",""
"06:28:52.342","GOREV","","","","","","","","","","","","","","","","","","","","","","","","","","","","26.45","18.65","15.67","14.80","11.87","10.13","0.000000","0.000000","",""
"06:28:52.508","GOREV","","","","","","","","","","","","","","","","","","","","","","","","","","","","26.44","18.66","15.58","14.86","11.84","10.09","0.000000","0.000000","",""
"06:28:52.680","GOREV","","","","","","","","","","","","","","","","","","","","","","","","","","","","26.44","18.67","15.49","14.82","11.67","10.05","0.000000","0.000000","",""
"06:28:52.846","GOREV","","","","","","","","","","","","","","","","","","","","","","","","","","","","26.47","18.68","15.41","14.84","11.87","10.02","0.000000","0.000000","",""
"06:28:53.012","GOREV","","","","","","","","","","","","","","","","","","","","","","","","","","","","26.46","18.68","15.32","14.86","11.98","9.98","0.000000","0.000000","",""
"06:28:53.180","GOREV","","","","","","","","","","","","","","","","","","","","","","","","","","","","26.44","18.65","15.23","14.75","11.88","9.94","0.000000","0.000000","",""
"06:28:53.359","GOREV","","","","","","","","","","","","","","","","","","","","","","","","","","","","26.45","18.65","15.15","14.76","11.91","9.91","0.000000","0.000000","",""
"06:28:53.530","GOREV","","","","","","","","","","","","","","","","","","","","","","","","","","","","26.45","18.65","15.06","14.88","11.69","9.87","0.000000","0.000000","",""
"06:28:53.677","GOREV","","","","","","","","","","","","","","","","","","","","","","","","","","","","26.46","18.67","14.97","14.75","11.80","9.83","0.000000","0.000000","",""
"06:28:53.867","GOREV","","","","","","","","","","","","","","","","","","","","","","","","","","","","26.45","18.65","14.89","14.82","11.96","9.80","0.000000","0.000000","",""
"06:28:54.018","GOREV","","","","","","","","","","","","","","","","","","","","","","","","","","","","26.45","18.67","14.80","14.83","11.83","9.76","0.000000","0.000000","",""
"06:28:54.177","GOREV","","","","","","","","","","","","","","","","","","","","","","","","","","","","26.42","18.66","14.71","14.77","11.89","9.72","0.000000","0.000000","",""
"06:28:54.344","GOREV","","","","","","","","","","","","","","","","","","","","","","","","","","","","26.41","18.67","14.63","14.78","11.82","9.69","0.000000","0.000000","",""
"06:28:54.512","GOREV","","","","","","","","","","","","","","","","","","","","","","","","","","","","26.41","18.65","14.54","14.84","11.83","9.65","0.000000","0.000000","",""
"06:28:54.679","GOREV","","","","","","","","","","","","","","","","","","","","","","","","","","","","26.45","18.65","14.45","14.68","11.66","9.61","0.000000","0.000000","",""
"06:28:54.849","GOREV","","","","","","","","","","","","","","","","","","","","","","","","","","","","26.44","18.65","14.37","14.88","11.81","9.58","0.000000","0.000000","",""
"06:28:55.027","GOREV","","","","","","","","","","","","","","","","","","","","","","","","","","","","26.45","18.66","14.28","14.95","12.02","9.54","0.000000","0.000000","",""
"06:28:55.180","GOREV","","","","","","","","","","","","","","","","","","","","","","","","","","","","26.45","18.64","14.20","14.90","11.84","9.51","0.000000","0.000000","",""
"06:28:55.347","GOREV","","","","","","","","","","","","","","","","","","","","","","","","","","","","26.47","18.64","14.11","14.91","11.95","9.47","0.000000","0.000000","",""
"06:28:55.530","GOREV","","","","","","","","","","","","","","","","","","","","","","","","","","","","26.49","18.64","14.03","14.94","11.89","9.43","0.000000","0.000000","",""
"06:28:55.690","GOREV","","","","","","","","","","","","","","","","","","","","","","","","","","","","26.48","18.63","13.94","14.87","11.93","9.40","0.000000","0.000000","",""
"06:28:55.848","GOREV","","","","","","","","","","","","","","","","","","","","","","","","","","","","26.46","18.64","13.85","14.87","11.85","9.36","0.000000","0.000000","",""
"06:28:56.019","GOREV","","","","","","","","","","","","","","","","","","","","","","","","","","","","26.45","18.65","13.77","14.85","11.89","9.32","0.000000","0.000000","",""
"06:28:56.184","GOREV","","","","","","","","","","","","","","","","","","","","","","","","","","","","26.43","18.65","13.68","14.76","11.93","9.29","0.000000","0.000000","",""
"06:28:56.380","GOREV","","","","","","","","","","","","","","","","","","","","","","","","","","","","26.42","18.66","13.60","14.79","11.98","9.26","0.000000","0.000000","",""
"06:28:56.516","GOREV","","","","","","","","","","","","","","","","","","","","","","","","","","","","26.43","18.64","13.51","14.83","11.91","9.22","0.000000","0.000000","",""
"06:28:56.682","GOREV","","","","","","","","","","","","","","","","","","","","","","","","","","","","26.45","18.66","13.42","14.87","12.02","9.18","0.000000","0.000000","",""
"06:28:56.854","GOREV","","","","","","","","","","","","","","","","","","","","","","","","","","","","26.47","18.67","13.34","14.92","11.93","9.15","0.000000","0.000000","",""
"06:28:57.016","GOREV","","","","","","","","","","","","","","","","","","","","","","","","","","","","26.45","18.67","13.25","14.82","11.96","9.12","0.000000","0.000000","",""
"06:28:57.197","GOREV","","","","","","","","","","","","","","","","","","","","","","","","","","","","26.44","18.67","13.17","14.79","11.84","9.08","0.000000","0.000000","",""
"06:28:57.356","GOREV","","","","","","","","","","","","","","","","","","","","","","","","","","","","26.45","18.67","13.08","14.89","11.94","9.04","0.000000","0.000000","",""
"06:28:57.517","GOREV","","","","","","","","","","","","","","","","","","","","","","","","","","","","26.43","18.66","13.00","14.80","11.73","9.00","0.000000","0.000000","",""
"06:28:57.684","GOREV","","","","","","","","","","","","","","","","","","","","","","","","","","","","26.44","18.66","12.91","14.92","11.87","8.97","0.000000","0.000000","",""
"06:28:57.869","GOREV","","","","","","","","","","","","","","","","","","","","","","","","","","","","26.45","18.69","12.83","14.82","11.85","8.94","0.000000","0.000000","",""
"06:28:58.020","GOREV","","","","","","","","","","","","","","","","","","","","","","","","","","","","26.46","18.66","12.74","14.83","11.82","8.90","0.000000","0.000000","",""
"06:28:58.184","GOREV","","","","","","","","","","","","","","","","","","","","","","","","","","","","26.44","18.65","12.66","14.71","11.99","8.87","0.000000","0.000000","",""
"06:28:58.355","GOREV","","","","","","","","","","","","","","","","","","","","","","","","","","","","26.45","18.65","12.57","14.79","11.96","8.83","0.000000","0.000000","",""
"06:28:58.523","GOREV","","","","","","","","","","","","","","","","","","","","","","","","","","","","26.46","18.64","12.48","14.88","12.03","8.79","0.000000","0.000000","",""
"06:28:58.688","GOREV","","","","","","","","","","","","","","","","","","","","","","","","","","","","26.45","18.66","12.40","14.75","11.79","8.76","0.000000","0.000000","",""
"06:28:58.858","GOREV","","","","","","","","","","","","","","","","","","","","","","","","","","","","26.45","18.65","12.31","14.68","11.68","8.72","0.000000","0.000000","",""
"06:28:59.019","GOREV","","","","","","","","","","","","","","","","","","","","","","","","","","","","26.46","18.64","12.23","15.05","11.79","8.69","0.000000","0.000000","",""
"06:28:59.191","GOREV","","","","","","","","","","","","","","","","","","","","","","","","","","","","26.45","18.64","12.14","14.69","11.95","8.65","0.000000","0.000000","",""
"06:28:59.353","GOREV","","","","","","","","","","","","","","","","","","","","","","","","","","","","26.43","18.66","12.06","14.72","11.96","8.61","0.000000","0.000000","",""
"06:28:59.539","GOREV","","","","","","","","","","","","","","","","","","","","","","","","","","","","26.45","18.65","11.97","14.85","11.66","8.58","0.000000","0.000000","",""
"06:28:59.692","GOREV","","","","","","","","","","","","","","","","","","","","","","","","","","","","26.44","18.68","11.89","14.85","11.72","8.54","0.000000","0.000000","",""
"06:28:59.853","GOREV","","","","","","","","","","","","","","","","","","","","","","","","","","","","26.47","18.67","11.81","14.75","11.90","8.51","0.000000","0.000000","",""
"06:29:00.020","GOREV","","","","","","","","","","","","","","","","","","","","","","","","","","","","26.49","18.64","11.72","14.84","11.96","8.47","0.000000","0.000000","",""
"06:29:00.192","GOREV","","","","","","","","","","","","","","","","","","","","","","","","","","","","26.48","18.68","11.63","14.85","11.81","8.44","0.000000","0.000000","",""
"06:29:00.355","GOREV","","","","","","","","","","","","","","","","","","","","","","","","","","","","26.46","18.67","11.55","14.85","11.93","8.40","0.000000","0.000000","",""
"06:29:00.524","GOREV","","","","","","","","","","","","","","","","","","","","","","","","","","","","26.46","18.66","11.46","14.85","11.80","8.36","0.000000","0.000000","",""
"06:29:00.688","GOREV","","","","","","","","","","","","","","","","","","","","","","","","","","","","26.46","18.66","11.37","14.89","11.85","8.32","0.000000","0.000000","",""
"06:29:00.861","GOREV","","","","","","","","","","","","","","","","","","","","","","","","","","","","26.45","18.65","11.29","14.82","11.82","8.29","0.000000","0.000000","",""
"06:29:01.022","GOREV","","","","","","","","","","","","","","","","","","","","","","","","","","","","26.47","18.67","11.20","14.79","11.96","8.26","0.000000","0.000000","",""
"06:29:01.193","GOREV","","","","","","","","","","","","","","","","","","","","","","","","","","","","26.45","18.63","11.12","14.88","11.81","8.22","0.000000","0.000000","",""
"06:29:01.356","GOREV","","","","","","","","","","","","","","","","","","","","","","","","","","","","26.47","18.65","11.03","14.93","11.82","8.19","0.000000","0.000000","",""
"06:29:01.527","GOREV","","","","","","","","","","","","","","","","","","","","","","","","","","","","26.46","18.62","10.95","14.64","11.66","8.15","0.000000","0.000000","",""
"06:29:01.691","GOREV","","","","","","","","","","","","","","","","","","","","","","","","","","","","26.43","18.64","10.86","14.97","11.77","8.12","0.000000","0.000000","",""
"06:29:01.860","GOREV","","","","","","","","","","","","","","","","","","","","","","","","","","","","26.44","18.66","10.78","14.84","11.81","8.08","0.000000","0.000000","",""
"06:29:02.024","GOREV","","","","","","","","","","","","","","","","","","","","","","","","","","","","26.43","18.67","10.69","14.79","11.78","8.05","0.000000","0.000000","",""
"06:29:02.190","GOREV","","","","","","","","","","","","","","","","","","","","","","","","","","","","26.45","18.66","10.60","14.74","11.91","8.01","0.000000","0.000000","",""
"06:29:02.360","GOREV","","","","","","","","","","","","","","","","","","","","","","","","","","","","26.46","18.67","10.52","14.77","11.98","7.97","0.000000","0.000000","",""
"06:29:02.525","GOREV","","","","","","","","","","","","","","","","","","","","","","","","","","","","26.48","18.68","10.43","14.79","11.97","7.94","0.000000","0.000000","",""
"06:29:02.692","GOREV","","","","","","","","","","","","","","","","","","","","","","","","","","","","26.47","18.65","10.35","14.81","11.84","7.90","0.000000","0.000000","",""
"06:29:02.866","GOREV","","","","","","","","","","","","","","","","","","","","","","","","","","","","26.45","18.65","10.26","14.67","11.85","7.86","0.000000","0.000000","",""
"06:29:03.031","GOREV","","","","","","","","","","","","","","","","","","","","","","","","","","","","26.45","18.67","10.18","14.76","11.83","7.83","0.000000","0.000000","",""
"06:29:03.192","GOREV","","","","","","","","","","","","","","","","","","","","","","","","","","","","26.46","18.65","10.09","14.67","11.81","7.79","0.000000","0.000000","",""
"06:29:03.359","GOREV","","","","","","","","","","","","","","","","","","","","","","","","","","","","26.43","18.64","10.01","14.85","11.97","7.76","0.000000","0.000000","",""
"06:29:03.526","GOREV","","","","","","","","","","","","","","","","","","","","","","","","","","","","26.43","18.65","9.92","14.86","11.81","7.72","0.000000","0.000000","",""
"06:29:03.693","GOREV","","","","","","","","","","","","","","","","","","","","","","","","","","","","26.42","18.65","9.84","14.71","12.05","7.69","0.000000","0.000000","",""
"06:29:03.861","GOREV","","","","","","","","","","","","","","","","","","","","","","","","","","","","26.44","18.65","9.75","14.81","11.81","7.65","0.000000","0.000000","",""
"06:29:04.032","GOREV","","","","","","","","","","","","","","","","","","","","","","","","","","","","26.46","18.65","9.67","14.80","11.83","7.61","0.000000","0.000000","",""
"06:29:04.200","GOREV","","","","","","","","","","","","","","","","","","","","","","","","","","","","26.46","18.63","9.58","14.79","11.85","7.58","0.000000","0.000000","",""
"06:29:04.359","GOREV","","","","","","","","","","","","","","","","","","","","","","","","","","","","26.46","18.65","9.49","14.72","11.89","7.54","0.000000","0.000000","",""
"06:29:04.541","GOREV","","","","","","","","","","","","","","","","","","","","","","","","","","","","26.47","18.68","9.41","14.87","11.88","7.50","0.000000","0.000000","",""
"06:29:04.695","GOREV","","","","","","","","","","","","","","","","","","","","","","","","","","","","26.46","18.66","9.32","14.99","11.69","7.47","0.000000","0.000000","",""
"06:29:04.862","GOREV","","","","","","","","","","","","","","","","","","","","","","","","","","","","26.46","18.65","9.24","14.85","12.09","7.43","0.000000","0.000000","",""
"06:29:05.028","GOREV","","","","","","","","","","","","","","","","","","","","","","","","","","","","26.46","18.64","9.15","14.89","11.63","7.39","0.000000","0.000000","",""
"06:29:05.195","GOREV","","","","","","","","","","","","","","","","","","","","","","","","","","","","26.45","18.63","9.07","14.93","11.87","7.36","0.000000","0.000000","",""
"06:29:05.365","GOREV","","","","","","","","","","","","","","","","","","","","","","","","","","","","26.45","18.61","8.98","14.83","11.75","7.33","0.000000","0.000000","",""
"06:29:05.532","GOREV","","","","","","","","","","","","","","","","","","","","","","","","","","","","26.45","18.62","8.89","14.80","11.87","7.29","0.000000","0.000000","",""
"06:29:05.697","GOREV","","","","","","","","","","","","","","","","","","","","","","","","","","","","26.44","18.65","8.81","14.92","11.78","7.25","0.000000","0.000000","",""
"06:29:05.863","GOREV","","","","","","","","","","","","","","","","","","","","","","","","","","","","26.45","18.64","8.72","14.76","11.79","7.21","0.000000","0.000000","",""
"06:29:06.029","GOREV","","","","","","","","","","","","","","","","","","","","","","","","","","","","26.46","18.64","8.64","14.89","11.85","7.18","0.000000","0.000000","",""
"06:29:06.198","GOREV","","","","","","","","","","","","","","","","","","","","","","","","","","","","26.45","18.65","8.55","14.96","11.75","7.14","0.000000","0.000000","",""
"06:29:06.378","GOREV","","","","","","","","","","","","","","","","","","","","","","","","","","","","26.46","18.63","8.47","14.82","11.85","7.10","0.000000","0.000000","",""
"06:29:06.532","GOREV","","","","","","","","","","","","","","","","","","","","","","","","","","","","26.46","18.62","8.38","14.88","11.87","7.07","0.000000","0.000000","",""
"06:29:06.702","GOREV","","","","","","","","","","","","","","","","","","","","","","","","","","","","26.46","18.61","8.29","14.95","12.00","7.03","0.000000","0.000000","",""
"06:29:06.878","GOREV","","","","","","","","","","","","","","","","","","","","","","","","","","","","26.46","18.64","8.21","14.72","11.84","6.99","0.000000","0.000000","",""
"06:29:07.030","GOREV","","","","","","","","","","","","","","","","","","","","","","","","","","","","26.46","18.64","8.12","14.68","11.84","6.95","0.000000","0.000000","",""
"06:29:07.202","GOREV","","","","","","","","","","","","","","","","","","","","","","","","","","","","26.47","18.67","8.04","14.73","11.81","6.92","0.000000","0.000000","",""
"06:29:07.366","GOREV","","","","","","","","","","","","","","","","","","","","","","","","","","","","26.45","18.66","7.95","14.88","11.68","6.88","0.000000","0.000000","",""
"06:29:07.532","GOREV","","","","","","","","","","","","","","","","","","","","","","","","","","","","26.46","18.68","7.86","14.74","11.67","6.85","0.000000","0.000000","",""
"06:29:07.703","GOREV","","","","","","","","","","","","","","","","","","","","","","","","","","","","26.45","18.66","7.78","14.83","11.84","6.81","0.000000","0.000000","",""
"06:29:07.866","GOREV","","","","","","","","","","","","","","","","","","","","","","","","","","","","26.46","18.64","7.69","14.77","11.79","6.77","0.000000","0.000000","",""
"06:29:08.036","GOREV","","","","","","","","","","","","","","","","","","","","","","","","","","","","26.45","18.65","7.60","14.82","11.98","6.74","0.000000","0.000000","",""
"06:29:08.200","GOREV","","","","","","","","","","","","","","","","","","","","","","","","","","","","26.43","18.65","7.52","14.87","11.84","6.70","0.000000","0.000000","",""
"06:29:08.388","GOREV","","","","","","","","","","","","","","","","","","","","","","","","","","","","26.45","18.64","7.43","14.90","11.80","6.66","0.000000","0.000000","",""
"06:29:08.550","GOREV","","","","","","","","","","","","","","","","","","","","","","","","","","","","26.45","18.67","7.35","14.76","11.78","6.63","0.000000","0.000000","",""
"06:29:08.700","GOREV","","","","","","","","","","","","","","","","","","","","","","","","","","","","26.43","18.65","7.26","14.60","11.94","6.60","0.000000","0.000000","",""
"06:29:08.874","GOREV","","","","","","","","","","","","","","","","","","","","","","","","","","","","26.43","18.64","7.18","14.83","11.70","6.56","0.000000","0.000000","",""
"06:29:09.041","GOREV","","","","","","","","","","","","","","","","","","","","","","","","","","","","26.46","18.66","7.09","14.77","11.78","6.53","0.000000","0.000000","",""
"06:29:09.202","GOREV","","","","","","","","","","","","","","","","","","","","","","","","","","","","26.44","18.65","7.00","14.80","11.82","6.49","0.000000","0.000000","",""
"06:29:09.382","GOREV","","","","","","","","","","","","","","","","","","","","","","","","","","","","26.42","18.64","6.91","14.91","11.84","6.45","0.000000","0.000000","",""
"06:29:09.541","GOREV","","","","","","","","","","","","","","","","","","","","","","","","","","","","26.44","18.64","6.83","14.90","11.91","6.42","0.000000","0.000000","",""
"06:29:09.704","GOREV","","","","","","","","","","","","","","","","","","","","","","","","","","","","26.47","18.64","6.74","14.96","11.85","6.38","0.000000","0.000000","",""
"06:29:09.873","GOREV","","","","","","","","","","","","","","","","","","","","","","","","","","","","26.48","18.65","6.66","14.94","11.83","6.34","0.000000","0.000000","",""
"06:29:10.035","GOREV","","","","","","","","","","","","","","","","","","","","","","","","","","","","26.47","18.65","6.57","14.85","11.85","6.30","0.000000","0.000000","",""
"06:29:10.216","GOREV","","","","","","","","","","","","","","","","","","","","","","","","","","","","26.46","18.66","6.48","14.76","11.84","6.27","0.000000","0.000000","",""
"06:29:10.370","GOREV","","","","","","","","","","","","","","","","","","","","","","","","","","","","26.47","18.64","6.40","14.84","11.86","6.23","0.000000","0.000000","",""
"06:29:10.542","GOREV","","","","","","","","","","","","","","","","","","","","","","","","","","","","26.46","18.63","6.31","14.74","11.92","6.19","0.000000","0.000000","",""
"06:29:10.705","GOREV","","","","","","","","","","","","","","","","","","","","","","","","","","","","26.46","18.65","6.23","14.87","11.91","6.15","0.000000","0.000000","",""
"06:29:10.877","GOREV","","","","","","","","","","","","","","","","","","","","","","","","","","","","26.46","18.66","6.14","14.69","11.96","6.12","0.000000","0.000000","",""
"06:29:11.052","GOREV","","","","","","","","","","","","","","","","","","","","","","","","","","","","26.46","18.68","6.06","14.86","11.91","6.08","0.000000","0.000000","",""
"06:29:11.208","GOREV","","","","","","","","","","","","","","","","","","","","","","","","","","","","26.47","18.67","5.98","14.78","11.89","6.04","0.000000","0.000000","",""
"06:29:11.371","GOREV","","","","","","","","","","","","","","","","","","","","","","","","","","","","26.47","18.66","5.89","14.93","11.72","6.00","0.000000","0.000000","",""
"06:29:11.540","GOREV","","","","","","","","","","","","","","","","","","","","","","","","","","","","26.48","18.68","5.80","14.89","11.79","5.97","0.000000","0.000000","",""
"06:29:11.710","GOREV","","","","","","","","","","","","","","","","","","","","","","","","","","","","26.46","18.66","5.72","14.99","11.74","5.93","0.000000","0.000000","",""
"06:29:11.873","GOREV","","","","","","","","","","","","","","","","","","","","","","","","","","","","26.44","18.64","5.63","14.81","11.90","5.89","0.000000","0.000000","",""
"06:29:12.039","GOREV","","","","","","","","","","","","","","","","","","","","","","","","","","","","26.46","18.64","5.55","14.67","11.99","5.85","0.000000","0.000000","",""
"06:29:12.206","GOREV","","","","","","","","","","","","","","","","","","","","","","","","","","","","26.45","18.65","5.46","14.69","11.83","5.82","0.000000","0.000000","",""
"06:29:12.376","GOREV","","","","","","","","","","","","","","","","","","","","","","","","","","","","26.45","18.63","5.38","14.67","11.89","5.78","0.000000","0.000000","",""
"06:29:12.554","GOREV","","","","","","","","","","","","","","","","","","","","","","","","","","","","26.47","18.65","5.29","14.75","12.01","5.74","0.000000","0.000000","",""
"06:29:12.712","GOREV","","","","","","","","","","","","","","","","","","","","","","","","","","","","26.45","18.65","5.21","14.75","11.71","5.71","0.000000","0.000000","",""
"06:29:12.878","GOREV","","","","","","","","","","","","","","","","","","","","","","","","","","","","26.45","18.64","5.12","14.75","11.79","5.67","0.000000","0.000000","",""
"06:29:13.041","GOREV","","","","","","","","","","","","","","","","","","","","","","","","","","","","26.44","18.63","5.04","14.74","11.78","5.64","0.000000","0.000000","",""
"06:29:13.207","GOREV","","","","","","","","","","","","","","","","","","","","","","","","","","","","26.42","18.65","4.95","14.92","11.93","5.60","0.000000","0.000000","",""
"06:29:13.386","GOREV","","","","","","","","","","","","","","","","","","","","","","","","","","","","26.40","18.63","4.86","14.85","11.88","5.56","0.000000","0.000000","",""
"06:29:13.545","GOREV","","","","","","","","","","","","","","","","","","","","","","","","","","","","26.42","18.64","4.78","14.81","11.94","5.53","0.000000","0.000000","",""
"06:29:13.711","GOREV","","","","","","","","","","","","","","","","","","","","","","","","","","","","26.42","18.68","4.69","14.84","11.83","5.49","0.000000","0.000000","",""
"06:29:13.875","GOREV","","","","","","","","","","","","","","","","","","","","","","","","","","","","26.44","18.66","4.61","14.65","11.79","5.46","0.000000","0.000000","",""
"06:29:14.049","GOREV","","","","","","","","","","","","","","","","","","","","","","","","","","","","26.44","18.66","4.52","14.69","11.78","5.42","0.000000","0.000000","",""
"06:29:14.210","GOREV","","","","","","","","","","","","","","","","","","","","","","","","","","","","26.45","18.66","4.43","14.77","11.77","5.39","0.000000","0.000000","",""
"06:29:14.378","GOREV","","","","","","","","","","","","","","","","","","","","","","","","","","","","26.47","18.65","4.35","14.82","11.90","5.35","0.000000","0.000000","",""
"06:29:14.548","GOREV","","","","","","","","","","","","","","","","","","","","","","","","","","","","26.46","18.65","4.26","14.86","11.92","5.31","0.000000","0.000000","",""
"06:29:14.714","GOREV","","","","","","","","","","","","","","","","","","","","","","","","","","","","26.45","18.65","4.18","14.91","11.88","5.27","0.000000","0.000000","",""
"06:29:14.879","GOREV","","","","","","","","","","","","","","","","","","","","","","","","","","","","26.47","18.64","4.09","14.72","11.82","5.24","0.000000","0.000000","",""
"06:29:15.044","GOREV","","","","","","","","","","","","","","","","","","","","","","","","","","","","26.46","18.65","4.01","14.93","11.95","5.20","0.000000","0.000000","",""
"06:29:15.211","GOREV","","","","","","","","","","","","","","","","","","","","","","","","","","","","26.46","18.62","3.92","14.86","11.94","5.16","0.000000","0.000000","",""
"06:29:15.378","GOREV","","","","","","","","","","","","","","","","","","","","","","","","","","","","26.48","18.63","3.83","14.73","11.82","5.13","0.000000","0.000000","",""
"06:29:15.545","GOREV","","","","","","","","","","","","","","","","","","","","","","","","","","","","26.46","18.65","3.75","14.87","11.95","5.09","0.000000","0.000000","",""
"06:29:15.712","GOREV","","","","","","","","","","","","","","","","","","","","","","","","","","","","26.46","18.66","3.66","14.60","11.76","5.05","0.000000","0.000000","",""
"06:29:15.879","GOREV","","","","","","","","","","","","","","","","","","","","","","","","","","","","26.46","18.64","3.58","14.88","11.72","5.02","0.000000","0.000000","",""
"06:29:16.046","GOREV","","","","","","","","","","","","","","","","","","","","","","","","","","","","26.49","18.64","3.49","14.77","11.83","4.98","0.000000","0.000000","",""
"06:29:16.218","GOREV","","","","","","","","","","","","","","","","","","","","","","","","","","","","26.46","18.63","3.40","15.01","11.78","4.94","0.000000","0.000000","",""
"06:29:16.399","GOREV","","","","","","","","","","","","","","","","","","","","","","","","","","","","26.49","18.64","3.32","14.77","11.86","4.91","0.000000","0.000000","",""
"06:29:16.552","GOREV","","","","","","","","","","","","","","","","","","","","","","","","","","","","26.47","18.64","3.23","14.88","11.97","4.87","0.000000","0.000000","",""
"06:29:16.715","GOREV","","","","","","","","","","","","","","","","","","","","","","","","","","","","26.48","18.66","3.14","14.90","11.91","4.84","0.000000","0.000000","",""
"06:29:16.886","GOREV","","","","","","","","","","","","","","","","","","","","","","","","","","","","26.47","18.66","3.06","14.76","11.94","4.80","0.000000","0.000000","",""
"06:29:17.047","GOREV","","","","","","","","","","","","","","","","","","","","","","","","","","","","26.45","18.64","2.97","14.72","11.79","4.76","0.000000","0.000000","",""
"06:29:17.218","GOREV","","","","","","","","","","","","","","","","","","","","","","","","","","","","26.44","18.64","2.89","14.72","11.74","4.73","0.000000","0.000000","",""
"06:29:17.385","GOREV","","","","","","","","","","","","","","","","","","","","","","","","","","","","26.46","18.67","2.80","14.83","11.90","4.69","0.000000","0.000000","",""
"06:29:17.549","GOREV","","","","","","","","","","","","","","","","","","","","","","","","","","","","26.45","18.63","2.71","14.89","11.78","4.66","0.000000","0.000000","",""
"06:29:17.719","GOREV","","","","","","","","","","","","","","","","","","","","","","","","","","","","26.47","18.63","2.63","14.83","12.01","4.62","0.000000","0.000000","",""
"06:29:17.884","GOREV","","","","","","","","","","","","","","","","","","","","","","","","","","","","26.48","18.64","2.54","14.84","11.97","4.58","0.000000","0.000000","",""
"06:29:18.049","GOREV","","","","","","","","","","","","","","","","","","","","","","","","","","","","26.47","18.64","2.46","14.83","11.80","4.55","0.000000","0.000000","",""
"06:29:18.222","GOREV","","","","","","","","","","","","","","","","","","","","","","","","","","","","26.46","18.65","2.37","14.76","11.81","4.51","0.000000","0.000000","",""
"06:29:18.388","GOREV","","","","","","","","","","","","","","","","","","","","","","","","","","","","26.44","18.65","2.29","14.78","11.82","4.47","0.000000","0.000000","",""
"06:29:18.551","GOREV","","","","","","","","","","","","","","","","","","","","","","","","","","","","26.45","18.64","2.20","14.78","11.91","4.44","0.000000","0.000000","",""
"06:29:18.730","GOREV","","","","","","","","","","","","","","","","","","","","","","","","","","","","26.42","18.64","2.12","14.73","12.03","4.40","0.000000","0.000000","",""
"06:29:18.884","GOREV","","","","","","","","","","","","","","","","","","","","","","","","","","","","26.43","18.67","2.03","14.88","11.78","4.36","0.000000","0.000000","",""
"06:29:19.057","GOREV","","","","","","","","","","","","","","","","","","","","","","","","","","","","26.43","18.65","1.95","14.79","11.78","4.33","0.000000","0.000000","",""
"06:29:19.223","GOREV","","","","","","","","","","","","","","","","","","","","","","","","","","","","26.46","18.65","1.86","14.85","11.84","4.29","0.000000","0.000000","",""
"06:29:19.389","GOREV","","","","","","","","","","","","","","","","","","","","","","","","","","","","26.44","18.63","1.77","14.63","11.80","4.25","0.000000","0.000000","",""
"06:29:19.551","GOREV","","","","","","","","","","","","","","","","","","","","","","","","","","","","26.45","18.62","1.69","14.82","11.81","4.22","0.000000","0.000000","",""
"06:29:19.724","GOREV","","","","","","","","","","","","","","","","","","","","","","","","","","","","26.47","18.64","1.60","14.73","11.99","4.18","0.000000","0.000000","",""
"06:29:19.886","GOREV","","","","","","","","","","","","","","","","","","","","","","","","","","","","26.48","18.63","1.51","14.79","11.86","4.14","0.000000","0.000000","",""
"06:29:20.056","GOREV","","","","","","","","","","","","","","","","","","","","","","","","","","","","26.47","18.64","1.43","14.87","11.76","4.11","0.000000","0.000000","",""
"06:29:20.237","GOREV","","","","","","","","","","","","","","","","","","","","","","","","","","","","26.49","18.66","1.34","14.81","11.74","4.07","0.000000","0.000000","",""
"06:29:20.387","GOREV","","","","","","","","","","","","","","","","","","","","","","","","","","","","26.46","18.65","1.26","14.89","11.89","4.03","0.000000","0.000000","",""
"06:29:20.554","GOREV","","","","","","","","","","","","","","","","","","","","","","","","","","","","26.43","18.62","1.17","14.80","11.76","4.00","0.000000","0.000000","",""
"06:29:20.742","GOREV","","","","","","","","","","","","","","","","","","","","","","","","","","","","26.44","18.63","1.09","14.93","11.74","3.96","0.000000","0.000000","",""
"06:29:20.901","GOREV","","","","","","","","","","","","","","","","","","","","","","","","","","","","26.45","18.63","1.01","14.72","11.83","3.92","0.000000","0.000000","",""
"06:29:21.053","GOREV","","","","","","","","","","","","","","","","","","","","","","","","","","","","26.45","18.64","0.92","14.95","11.80","3.89","0.000000","0.000000","",""
"06:29:21.254","GOREV","","","","","","","","","","","","","","","","","","","","","","","","","","","","26.42","18.63","0.83","14.73","11.80","3.85","0.000000","0.000000","",""
"06:29:21.389","GOREV","","","","","","","","","","","","","","","","","","","","","","","","","","","","26.43","18.63","0.75","14.65","11.81","3.82","0.000000","0.000000","",""
"06:29:21.555","GOREV","","","","","","","","","","","","","","","","","","","","","","","","","","","","26.43","18.61","0.66","14.88","11.80","3.78","0.000000","0.000000","",""
"06:29:21.722","GOREV","","","","","","","","","","","","","","","","","","","","","","","","","","","","26.44","18.61","0.58","14.85","11.77","3.74","0.000000","0.000000","",""
"06:29:21.889","GOREV","","","","","","","","","","","","","","","","","","","","","","","","","","","","26.45","18.63","0.49","14.94","11.79","3.70","0.000000","0.000000","",""
"06:29:22.057","GOREV","","","","","","","","","","","","","","","","","","","","","","","","","","","","26.45","18.65","0.41","14.82","11.79","3.67","0.000000","0.000000","",""
"06:29:22.223","GOREV","","","","","","","","","","","","","","","","","","","","","","","","","","","","26.47","18.66","0.32","14.85","11.81","3.63","0.000000","0.000000","",""
"06:29:22.402","GOREV","","","","","","","","","","","","","","","","","","","","","","","","","","","","26.46","18.65","0.24","14.84","11.98","3.60","0.000000","0.000000","",""
"06:29:22.557","GOREV","","","","","","","","","","","","","","","","","","","","","","","","","","","","26.45","18.67","0.15","14.82","11.86","3.56","0.000000","0.000000","",""
"06:29:22.733","GOREV","","","","","","","","","","","","","","","","","","","","","","","","","","","","26.47","18.67","0.07","14.74","11.80","3.52","0.000000","0.000000","",""
"06:29:22.894","GOREV","","","","","","","","","","","","","","","","","","","","","","","","","","","","26.46","18.64","-0.01","14.73","11.92","3.49","0.000000","0.000000","",""
"06:29:23.063","GOREV","","","","","","","","","","","","","","","","","","","","","","","","","","","","26.45","18.63","-0.09","14.87","11.94","3.45","0.000000","0.000000","",""
"06:29:23.225","GOREV","","","","","","","","","","","","","","","","","","","","","","","","","","","","26.43","18.62","-0.18","14.76","11.94","3.41","0.000000","0.000000","",""
"06:29:23.397","GOREV","","","","","","","","","","","","","","","","","","","","","","","","","","","","26.43","18.65","-0.26","14.92","11.71","3.38","0.000000","0.000000","",""
"06:29:23.576","GOREV","","","","","","","","","","","","","","","","","","","","","","","","","","","","26.46","18.65","-0.35","14.89","11.73","3.34","0.000000","0.000000","",""
"06:29:23.725","GOREV","","","","","","","","","","","","","","","","","","","","","","","","","","","","26.45","18.65","-0.44","14.82","11.73","3.30","0.000000","0.000000","",""
"06:29:23.908","GOREV","","","","","","","","","","","","","","","","","","","","","","","","","","","","26.46","18.64","-0.52","14.68","11.86","3.27","0.000000","0.000000","",""
"06:29:24.066","GOREV","","","","","","","","","","","","","","","","","","","","","","","","","","","","26.45","18.65","-0.61","14.71","11.75","3.23","0.000000","0.000000","",""
"06:29:24.227","GOREV","","","","","","","","","","","","","","","","","","","","","","","","","","","","26.46","18.67","-0.69","14.75","11.83","3.19","0.000000","0.000000","",""
"06:29:24.405","GOREV","","","","","","","","","","","","","","","","","","","","","","","","","","","","26.48","18.66","-0.78","14.84","11.85","3.16","0.000000","0.000000","",""
"06:29:24.565","GOREV","","","","","","","","","","","","","","","","","","","","","","","","","","","","26.48","18.63","-0.87","14.79","11.87","3.13","0.000000","0.000000","",""
"06:29:24.727","GOREV","","","","","","","","","","","","","","","","","","","","","","","","","","","","26.46","18.62","-0.96","14.82","11.78","3.09","0.000000","0.000000","",""
"06:29:24.898","GOREV","","","","","","","","","","","","","","","","","","","","","","","","","","","","26.43","18.64","-1.04","14.93","11.76","3.06","0.000000","0.000000","",""
"06:29:25.065","GOREV","","","","","","","","","","","","","","","","","","","","","","","","","","","","26.44","18.62","-1.13","14.75","11.81","3.02","0.000000","0.000000","",""
"06:29:25.228","GOREV","","","","","","","","","","","","","","","","","","","","","","","","","","","","26.46","18.64","-1.21","14.89","11.89","2.98","0.000000","0.000000","",""
"06:29:25.413","GOREV","","","","","","","","","","","","","","","","","","","","","","","","","","","","26.46","18.64","-1.30","14.85","11.88","2.94","0.000000","0.000000","",""
"06:29:25.562","GOREV","","","","","","","","","","","","","","","","","","","","","","","","","","","","26.46","18.64","-1.39","14.88","11.75","2.91","0.000000","0.000000","",""
"06:29:25.732","GOREV","","","","","","","","","","","","","","","","","","","","","","","","","","","","26.45","18.63","-1.47","14.83","11.88","2.87","0.000000","0.000000","",""
"06:29:25.896","GOREV","","","","","","","","","","","","","","","","","","","","","","","","","","","","26.44","18.66","-1.56","14.89","11.78","2.84","0.000000","0.000000","",""
"06:29:26.063","GOREV","","","","","","","","","","","","","","","","","","","","","","","","","","","","26.44","18.67","-1.65","14.79","11.83","2.80","0.000000","0.000000","",""
"06:29:26.234","GOREV","","","","","","","","","","","","","","","","","","","","","","","","","","","","26.45","18.67","-1.73","14.77","11.95","2.76","0.000000","0.000000","",""
"06:29:26.397","GOREV","","","","","","","","","","","","","","","","","","","","","","","","","","","","26.46","18.70","-1.82","15.09","11.82","2.73","0.000000","0.000000","",""
"06:29:26.567","GOREV","","","","","","","","","","","","","","","","","","","","","","","","","","","","26.46","18.66","-1.90","14.88","11.94","2.69","0.000000","0.000000","",""
"06:29:26.731","GOREV","","","","","","","","","","","","","","","","","","","","","","","","","","","","26.46","18.70","-1.98","14.70","11.70","2.65","0.000000","0.000000","",""
"06:29:26.908","GOREV","","","","","","","","","","","","","","","","","","","","","","","","","","","","26.45","18.68","-2.07","14.74","11.77","2.61","0.000000","0.000000","",""
"06:29:27.064","GOREV","","","","","","","","","","","","","","","","","","","","","","","","","","","","26.44","18.66","-2.16","14.83","11.92","2.58","0.000000","0.000000","",""
"06:29:27.251","GOREV","","","","","","","","","","","","","","","","","","","","","","","","","","","","26.44","18.67","-2.24","14.89","12.00","2.54","0.000000","0.000000","",""
"06:29:27.402","GOREV","","","","","","","","","","","","","","","","","","","","","","","","","","","","26.46","18.66","-2.33","14.99","11.81","2.50","0.000000","0.000000","",""
"06:29:27.565","GOREV","","","","","","","","","","","","","","","","","","","","","","","","","","","","26.45","18.63","-2.42","14.79","11.97","2.47","0.000000","0.000000","",""
"06:29:27.753","GOREV","","","","","","","","","","","","","","","","","","","","","","","","","","","","26.47","18.64","-2.50","14.80","11.93","2.43","0.000000","0.000000","",""
"06:29:27.899","GOREV","","","","","","","","","","","","","","","","","","","","","","","","","","","","26.45","18.64","-2.59","14.87","11.95","2.39","0.000000","0.000000","",""
"06:29:28.068","GOREV","","","","","","","","","","","","","","","","","","","","","","","","","","","","26.46","18.64","-2.67","14.71","11.89","2.36","0.000000","0.000000","",""
"06:29:28.232","GOREV","","","","","","","","","","","","","","","","","","","","","","","","","","","","26.45","18.64","-2.76","14.84","11.79","2.32","0.000000","0.000000","",""
"06:29:28.404","GOREV","","","","","","","","","","","","","","","","","","","","","","","","","","","","26.46","18.63","-2.84","14.99","11.93","2.28","0.000000","0.000000","",""
"06:29:28.576","GOREV","","","","","","","","","","","","","","","","","","","","","","","","","","","","26.45","18.63","-2.93","14.77","11.87","2.24","0.000000","0.000000","",""
"06:29:28.753","GOREV","","","","","","","","","","","","","","","","","","","","","","","","","","","","26.47","18.64","-3.02","14.76","11.83","2.20","0.000000","0.000000","",""
"06:29:28.907","GOREV","","","","","","","","","","","","","","","","","","","","","","","","","","","","26.43","18.65","-3.11","14.66","11.82","2.17","0.000000","0.000000","",""
"06:29:29.071","GOREV","","","","","","","","","","","","","","","","","","","","","","","","","","","","26.46","18.64","-3.19","14.93","11.95","2.14","0.000000","0.000000","",""
"06:29:29.234","GOREV","","","","","","","","","","","","","","","","","","","","","","","","","","","","26.45","18.64","-3.27","14.92","11.90","2.10","0.000000","0.000000","",""
"06:29:29.402","GOREV","","","","","","","","","","","","","","","","","","","","","","","","","","","","26.46","18.65","-3.36","14.63","11.87","2.06","0.000000","0.000000","",""
"06:29:29.575","GOREV","","","","","","","","","","","","","","","","","","","","","","","","","","","","26.46","18.65","-3.44","14.84","11.91","2.03","0.000000","0.000000","",""
"06:29:29.735","GOREV","","","","","","","","","","","","","","","","","","","","","","","","","","","","26.47","18.65","-3.53","14.77","11.93","1.99","0.000000","0.000000","",""
"06:29:29.902","GOREV","","","","","","","","","","","","","","","","","","","","","","","","","","","","26.46","18.65","-3.62","14.85","11.82","1.96","0.000000","0.000000","",""
"06:29:30.073","GOREV","","","","","","","","","","","","","","","","","","","","","","","","","","","","26.44","18.67","-3.70","14.81","11.54","1.92","0.000000","0.000000","",""
"06:29:30.241","GOREV","","","","","","","","","","","","","","","","","","","","","","","","","","","","26.46","18.67","-3.79","14.88","11.76","1.88","0.000000","0.000000","",""
"06:29:30.404","GOREV","","","","","","","","","","","","","","","","","","","","","","","","","","","","26.47","18.66","-3.87","14.86","11.83","1.85","0.000000","0.000000","",""
"06:29:30.569","GOREV","","","","","","","","","","","","","","","","","","","","","","","","","","","","26.47","18.65","-3.96","14.78","11.94","1.81","0.000000","0.000000","",""
"06:29:30.738","GOREV","","","","","","","","","","","","","","","","","","","","","","","","","","","","26.45","18.63","-4.05","14.92","11.77","1.78","0.000000","0.000000","",""
"06:29:30.917","GOREV","","","","","","","","","","","","","","","","","","","","","","","","","","","","26.45","18.63","-4.13","14.89","11.92","1.74","0.000000","0.000000","",""
"06:29:31.083","GOREV","","","","","","","","","","","","","","","","","","","","","","","","","","","","26.46","18.64","-4.22","14.88","11.87","1.70","0.000000","0.000000","",""
"06:29:31.237","GOREV","","","","","","","","","","","","","","","","","","","","","","","","","","","","26.46","18.65","-4.30","14.76","11.83","1.66","0.000000","0.000000","",""
"06:29:31.409","GOREV","","","","","","","","","","","","","","","","","","","","","","","","","","","","26.47","18.64","-4.39","14.92","11.88","1.63","0.000000","0.000000","",""
"06:29:31.572","GOREV","","","","","","","","","","","","","","","","","","","","","","","","","","","","26.47","18.66","-4.47","14.76","11.77","1.59","0.000000","0.000000","",""
"06:29:31.740","GOREV","","","","","","","","","","","","","","","","","","","","","","","","","","","","26.46","18.63","-4.56","14.88","11.87","1.55","0.000000","0.000000","",""
"06:29:31.911","GOREV","","","","","","","","","","","","","","","","","","","","","","","","","","","","26.46","18.64","-4.64","14.72","11.97","1.52","0.000000","0.000000","",""
"06:29:32.072","GOREV","","","","","","","","","","","","","","","","","","","","","","","","","","","","26.46","18.66","-4.73","14.88","11.90","1.48","0.000000","0.000000","",""
"06:29:32.253","GOREV","","","","","","","","","","","","","","","","","","","","","","","","","","","","26.45","18.65","-4.81","14.80","11.91","1.44","0.000000","0.000000","",""
"06:29:32.407","GOREV","","","","","","","","","","","","","","","","","","","","","","","","","","","","26.45","18.64","-4.90","14.73","11.94","1.41","0.000000","0.000000","",""
"06:29:32.574","GOREV","","","","","","","","","","","","","","","","","","","","","","","","","","","","26.46","18.60","-4.99","14.78","11.77","1.37","0.000000","0.000000","",""
"06:29:32.740","GOREV","","","","","","","","","","","","","","","","","","","","","","","","","","","","26.45","18.64","-5.07","14.93","11.73","1.33","0.000000","0.000000","",""
"06:29:32.907","GOREV","","","","","","","","","","","","","","","","","","","","","","","","","","","","26.46","18.64","-5.16","14.89","11.88","1.29","0.000000","0.000000","",""
"06:29:33.074","GOREV","","","","","","","","","","","","","","","","","","","","","","","","","","","","26.47","18.66","-5.24","14.81","11.93","1.26","0.000000","0.000000","",""
"06:29:33.278","GOREV","","","","","","","","","","","","","","","","","","","","","","","","","","","","26.47","18.64","-5.33","14.78","11.92","1.22","0.000000","0.000000","",""
"06:29:33.417","GOREV","","","","","","","","","","","","","","","","","","","","","","","","","","","","26.47","18.66","-5.41","14.69","11.72","1.18","0.000000","0.000000","",""
"06:29:33.580","GOREV","","","","","","","","","","","","","","","","","","","","","","","","","","","","26.47","18.65","-5.50","14.82","11.85","1.14","0.000000","0.000000","",""
"06:29:33.757","GOREV","","","","","","","","","","","","","","","","","","","","","","","","","","","","26.46","18.64","-5.59","14.76","12.03","1.11","0.000000","0.000000","",""
"06:29:33.909","GOREV","","","","","","","","","","","","","","","","","","","","","","","","","","","","26.46","18.62","-5.67","14.90","11.94","1.07","0.000000","0.000000","",""
"06:29:34.075","GOREV","","","","","","","","","","","","","","","","","","","","","","","","","","","","26.46","18.65","-5.76","14.81","11.79","1.03","0.000000","0.000000","",""
"06:29:34.245","GOREV","","","","","","","","","","","","","","","","","","","","","","","","","","","","26.46","18.66","-5.85","14.80","11.96","1.00","0.000000","0.000000","",""
"06:29:34.420","GOREV","","","","","","","","","","","","","","","","","","","","","","","","","","","","26.44","18.63","-5.93","14.83","11.72","0.96","0.000000","0.000000","",""
"06:29:34.582","GOREV","","","","","","","","","","","","","","","","","","","","","","","","","","","","26.45","18.66","-6.02","15.00","11.92","0.93","0.000000","0.000000","",""
"06:29:34.743","GOREV","","","","","","","","","","","","","","","","","","","","","","","","","","","","26.47","18.65","-6.11","14.84","11.96","0.89","0.000000","0.000000","",""
"06:29:34.913","GOREV","","","","","","","","","","","","","","","","","","","","","","","","","","","","26.44","18.63","-6.19","14.93","11.82","0.86","0.000000","0.000000","",""
"06:29:35.082","GOREV","","","","","","","","","","","","","","","","","","","","","","","","","","","","26.46","18.67","-6.28","14.93","11.70","0.82","0.000000","0.000000","",""
"06:29:35.246","GOREV","","","","","","","","","","","","","","","","","","","","","","","","","","","","26.45","18.65","-6.36","14.75","11.59","0.79","0.000000","0.000000","",""
"06:29:35.431","GOREV","","","","","","","","","","","","","","","","","","","","","","","","","","","","26.46","18.63","-6.45","14.92","11.90","0.75","0.000000","0.000000","",""
"06:29:35.587","GOREV","","","","","","","","","","","","","","","","","","","","","","","","","","","","26.46","18.64","-6.53","14.71","11.77","0.71","0.000000","0.000000","",""
"06:29:35.745","GOREV","","","","","","","","","","","","","","","","","","","","","","","","","","","","26.45","18.64","-6.62","14.80","11.78","0.68","0.000000","0.000000","",""
"06:29:35.912","GOREV","","","","","","","","","","","","","","","","","","","","","","","","","","","","26.47","18.64","-6.70","14.87","11.89","0.64","0.000000","0.000000","",""
"06:29:36.085","GOREV","","","","","","","","","","","","","","","","","","","","","","","","","","","","26.45","18.62","-6.79","14.75","11.69","0.60","0.000000","0.000000","",""
"06:29:36.258","GOREV","","","","","","","","","","","","","","","","","","","","","","","","","","","","26.46","18.61","-6.88","14.87","11.88","0.57","0.000000","0.000000","",""
"06:29:36.419","GOREV","","","","","","","","","","","","","","","","","","","","","","","","","","","","26.46","18.62","-6.96","14.86","11.76","0.53","0.000000","0.000000","",""
"06:29:36.580","GOREV","","","","","","","","","","","","","","","","","","","","","","","","","","","","26.46","18.65","-7.04","14.75","11.84","0.50","0.000000","0.000000","",""
"06:29:36.761","GOREV","","","","","","","","","","","","","","","","","","","","","","","","","","","","26.45","18.65","-7.13","14.80","11.77","0.46","0.000000","0.000000","",""
"06:29:36.914","GOREV","","","","","","","","","","","","","","","","","","","","","","","","","","","","26.45","18.68","-7.21","14.97","11.91","0.43","0.000000","0.000000","",""
"06:29:37.081","GOREV","","","","","","","","","","","","","","","","","","","","","","","","","","","","26.46","18.68","-7.30","14.84","11.61","0.39","0.000000","0.000000","",""
"06:29:37.248","GOREV","","","","","","","","","","","","","","","","","","","","","","","","","","","","26.46","18.67","-7.39","14.93","11.88","0.36","0.000000","0.000000","",""
"06:29:37.413","GOREV","","","","","","","","","","","","","","","","","","","","","","","","","","","","26.45","18.66","-7.47","14.73","11.87","0.32","0.000000","0.000000","",""
"06:29:37.587","GOREV","","","","","","","","","","","","","","","","","","","","","","","","","","","","26.44","18.63","-7.56","14.82","11.90","0.28","0.000000","0.000000","",""
"06:29:37.754","GOREV","","","","","","","","","","","","","","","","","","","","","","","","","","","","26.45","18.64","-7.64","14.80","11.80","0.24","0.000000","0.000000","",""
"06:29:37.916","GOREV","","","","","","","","","","","","","","","","","","","","","","","","","","","","26.45","18.64","-7.73","14.81","11.88","0.21","0.000000","0.000000","",""
"06:29:38.093","GOREV","","","","","","","","","","","","","","","","","","","","","","","","","","","","26.47","18.63","-7.81","14.99","11.84","0.17","0.000000","0.000000","",""
"06:29:38.268","GOREV","","","","","","","","","","","","","","","","","","","","","","","","","","","","26.47","18.66","-7.90","14.72","11.93","0.14","0.000000","0.000000","",""
"06:29:38.417","GOREV","","","","","","","","","","","","","","","","","","","","","","","","","","","","26.47","18.67","-7.99","14.68","11.82","0.10","0.000000","0.000000","",""
"06:29:38.595","GOREV","","","","","","","","","","","","","","","","","","","","","","","","","","","","26.47","18.68","-8.07","14.87","11.80","0.07","0.000000","0.000000","",""
"06:29:38.749","GOREV","","","","","","","","","","","","","","","","","","","","","","","","","","","","26.45","18.64","-8.16","14.94","11.96","0.03","0.000000","0.000000","",""
"06:29:38.928","GOREV","","","","","","","","","","","","","","","","","","","","","","","","","","","","26.44","18.64","-8.24","14.68","11.73","0.00","0.000000","0.000000","",""
"06:29:39.106","GOREV","","","","","","","","","","","","","","","","","","","","","","","","","","","","26.44","18.64","-8.33","14.81","12.02","-0.03","0.000000","0.000000","",""
"06:29:39.263","GOREV","","","","","","","","","","","","","","","","","","","","","","","","","","","","26.45","18.65","-8.42","14.89","11.83","-0.07","0.000000","0.000000","",""
"06:29:39.418","GOREV","","","","","","","","","","","","","","","","","","","","","","","","","","","","26.42","18.64","-8.50","14.94","11.91","-0.11","0.000000","0.000000","",""
"06:29:39.600","GOREV","","","","","","","","","","","","","","","","","","","","","","","","","","","","26.44","18.65","-8.59","14.75","11.79","-0.14","0.000000","0.000000","",""
"06:29:39.753","GOREV","","","","","","","","","","","","","","","","","","","","","","","","","","","","26.44","18.66","-8.68","14.80","11.91","-0.18","0.000000","0.000000","",""
"06:29:39.953","GOREV","","","","","","","","","","","","","","","","","","","","","","","","","","","","26.45","18.65","-8.76","14.89","11.86","-0.22","0.000000","0.000000","",""
"06:29:40.085","GOREV","","","","","","","","","","","","","","","","","","","","","","","","","","","","26.46","18.66","-8.85","14.81","11.81","-0.25","0.000000","0.000000","",""
"06:29:40.252","GOREV","","","","","","","","","","","","","","","","","","","","","","","","","","","","26.45","18.64","-8.94","14.85","11.83","-0.29","0.000000","0.000000","",""
"06:29:40.426","GOREV","","","","","","","","","","","","","","","","","","","","","","","","","","","","26.44","18.64","-9.02","14.80","11.82","-0.33","0.000000","0.000000","",""
"06:29:40.587","GOREV","","","","","","","","","","","","","","","","","","","","","","","","","","","","26.44","18.65","-9.11","14.85","11.97","-0.36","0.000000","0.000000","",""
"06:29:40.754","GOREV","","","","","","","","","","","","","","","","","","","","","","","","","","","","26.47","18.66","-9.19","14.81","11.99","-0.40","0.000000","0.000000","",""
"06:29:40.966","GOREV","","","","","","","","","","","","","","","","","","","","","","","","","","","","26.47","18.63","-9.28","14.76","11.90","-0.44","0.000000","0.000000","",""
"06:29:41.090","GOREV","","","","","","","","","","","","","","","","","","","","","","","","","","","","26.46","18.63","-9.36","14.88","11.84","-0.48","0.000000","0.000000","",""
"06:29:41.253","GOREV","","","","","","","","","","","","","","","","","","","","","","","","","","","","26.47","18.64","-9.45","14.81","11.80","-0.51","0.000000","0.000000","",""
"06:29:41.428","GOREV","","","","","","","","","","","","","","","","","","","","","","","","","","","","26.47","18.64","-9.53","14.98","11.73","-0.55","0.000000","0.000000","",""
"06:29:41.589","GOREV","","","","","","","","","","","","","","","","","","","","","","","","","","","","26.45","18.64","-9.62","14.80","11.92","-0.58","0.000000","0.000000","",""
"06:29:41.756","GOREV","","","","","","","","","","","","","","","","","","","","","","","","","","","","26.46","18.64","-9.71","14.78","11.97","-0.62","0.000000","0.000000","",""
"06:29:41.935","GOREV","","","","","","","","","","","","","","","","","","","","","","","","","","","","26.45","18.65","-9.79","14.76","11.88","-0.66","0.000000","0.000000","",""
"06:29:42.100","GOREV","","","","","","","","","","","","","","","","","","","","","","","","","","","","26.43","18.64","-9.87","14.88","11.94","-0.69","0.000000","0.000000","",""
"06:29:42.261","GOREV","","","","","","","","","","","","","","","","","","","","","","","","","","","","26.43","18.63","-9.96","14.75","11.89","-0.73","0.000000","0.000000","",""
"06:29:42.427","GOREV","","","","","","","","","","","","","","","","","","","","","","","","","","","","26.46","18.64","-10.05","14.87","11.82","-0.76","0.000000","0.000000","",""
"06:29:42.590","GOREV","","","","","","","","","","","","","","","","","","","","","","","","","","","","26.45","18.65","-10.13","14.84","11.89","-0.79","0.000000","0.000000","",""
"06:29:42.761","GOREV","","","","","","","","","","","","","","","","","","","","","","","","","","","","26.44","18.65","-10.22","14.83","11.78","-0.83","0.000000","0.000000","",""
"06:29:42.943","GOREV","","","","","","","","","","","","","","","","","","","","","","","","","","","","26.44","18.64","-10.30","14.78","11.87","-0.87","0.000000","0.000000","",""
"06:29:43.091","GOREV","","","","","","","","","","","","","","","","","","","","","","","","","","","","26.43","18.64","-10.39","14.81","11.87","-0.90","0.000000","0.000000","",""
"06:29:43.257","GOREV","","","","","","","","","","","","","","","","","","","","","","","","","","","","26.45","18.66","-10.48","14.74","11.98","-0.94","0.000000","0.000000","",""
"06:29:43.430","GOREV","","","","","","","","","","","","","","","","","","","","","","","","","","","","26.44","18.66","-10.56","14.81","11.90","-0.97","0.000000","0.000000","",""
"06:29:43.595","GOREV","","","","","","","","","","","","","","","","","","","","","","","","","","","","26.46","18.65","-10.65","14.78","11.99","-1.01","0.000000","0.000000","",""
"06:29:43.762","GOREV","","","","","","","","","","","","","","","","","","","","","","","","","","","","26.46","18.66","-10.73","14.93","11.76","-1.05","0.000000","0.000000","",""
"06:29:43.926","GOREV","","","","","","","","","","","","","","","","","","","","","","","","","","","","26.47","18.65","-10.82","14.88","11.72","-1.08","0.000000","0.000000","",""
"06:29:44.095","GOREV","","","","","","","","","","","","","","","","","","","","","","","","","","","","26.47","18.66","-10.90","14.79","11.76","-1.12","0.000000","0.000000","",""
"06:29:44.260","GOREV","","","","","","","","","","","","","","","","","","","","","","","","","","","","26.46","18.65","-10.99","14.72","11.89","-1.16","0.000000","0.000000","",""
"06:29:44.426","GOREV","","","","","","","","","","","","","","","","","","","","","","","","","","","","26.44","18.64","-11.07","14.75","11.95","-1.19","0.000000","0.000000","",""
"06:29:44.616","GOREV","","","","","","","","","","","","","","","","","","","","","","","","","","","","26.45","18.66","-11.16","14.93","11.77","-1.23","0.000000","0.000000","",""
"06:29:44.762","GOREV","","","","","","","","","","","","","","","","","","","","","","","","","","","","26.44","18.65","-11.24","14.84","11.77","-1.27","0.000000","0.000000","",""
"06:29:44.931","GOREV","","","","","","","","","","","","","","","","","","","","","","","","","","","","26.45","18.64","-11.32","14.86","11.79","-1.31","0.000000","0.000000","",""
"06:29:45.094","GOREV","","","","","","","","","","","","","","","","","","","","","","","","","","","","26.45","18.67","-11.41","14.85","11.66","-1.34","0.000000","0.000000","",""
"06:29:45.260","GOREV","","","","","","","","","","","","","","","","","","","","","","","","","","","","26.45","18.65","-11.50","14.84","11.80","-1.38","0.000000","0.000000","",""
"06:29:45.439","GOREV","","","","","","","","","","","","","","","","","","","","","","","","","","","","26.44","18.62","-11.58","14.85","11.79","-1.41","0.000000","0.000000","",""
"06:29:45.596","GOREV","","","","","","","","","","","","","","","","","","","","","","","","","","","","26.46","18.65","-11.67","14.83","11.80","-1.45","0.000000","0.000000","",""
"06:29:45.765","GOREV","","","","","","","","","","","","","","","","","","","","","","","","","","","","26.46","18.64","-11.75","14.93","11.79","-1.48","0.000000","0.000000","",""
"06:29:45.929","GOREV","","","","","","","","","","","","","","","","","","","","","","","","","","","","26.43","18.66","-11.84","14.88","11.74","-1.52","0.000000","0.000000","",""
"06:29:46.095","GOREV","","","","","","","","","","","","","","","","","","","","","","","","","","","","26.43","18.65","-11.93","14.92","11.91","-1.56","0.000000","0.000000","",""
"06:29:46.262","GOREV","","","","","","","","","","","","","","","","","","","","","","","","","","","","26.47","18.67","-12.01","14.93","11.96","-1.60","0.000000","0.000000","",""
"06:29:46.430","GOREV","","","","","","","","","","","","","","","","","","","","","","","","","","","","26.46","18.65","-12.10","14.85","11.65","-1.63","0.000000","0.000000","",""
"06:29:46.603","GOREV","","","","","","","","","","","","","","","","","","","","","","","","","","","","26.46","18.65","-12.18","14.77","11.80","-1.67","0.000000","0.000000","",""
"06:29:46.764","GOREV","","","","","","","","","","","","","","","","","","","","","","","","","","","","26.44","18.64","-12.27","14.65","11.79","-1.71","0.000000","0.000000","",""
"06:29:46.951","GOREV","","","","","","","","","","","","","","","","","","","","","","","","","","","","26.44","18.65","-12.36","14.69","11.91","-1.74","0.000000","0.000000","",""
"06:29:47.100","GOREV","","","","","","","","","","","","","","","","","","","","","","","","","","","","26.42","18.64","-12.44","14.94","11.70","-1.78","0.000000","0.000000","",""
"06:29:47.273","GOREV","","","","","","","","","","","","","","","","","","","","","","","","","","","","26.44","18.64","-12.52","14.91","11.80","-1.81","0.000000","0.000000","",""
"06:29:47.431","GOREV","","","","","","","","","","","","","","","","","","","","","","","","","","","","26.46","18.66","-12.61","14.72","11.86","-1.85","0.000000","0.000000","",""
"06:29:47.602","GOREV","","","","","","","","","","","","","","","","","","","","","","","","","","","","26.46","18.64","-12.69","14.76","12.02","-1.88","0.000000","0.000000","",""
"06:29:47.769","GOREV","","","","","","","","","","","","","","","","","","","","","","","","","","","","26.45","18.65","-12.78","14.86","11.83","-1.92","0.000000","0.000000","",""
"06:29:47.938","GOREV","","","","","","","","","","","","","","","","","","","","","","","","","","","","26.46","18.64","-12.87","14.76","11.92","-1.96","0.000000","0.000000","",""
"06:29:48.099","GOREV","","","","","","","","","","","","","","","","","","","","","","","","","","","","26.47","18.65","-12.95","14.75","11.72","-1.99","0.000000","0.000000","",""
"06:29:48.270","GOREV","","","","","","","","","","","","","","","","","","","","","","","","","","","","26.47","18.65","-13.04","14.83","11.85","-2.03","0.000000","0.000000","",""
"06:29:48.433","GOREV","","","","","","","","","","","","","","","","","","","","","","","","","","","","26.47","18.65","-13.13","14.83","11.99","-2.06","0.000000","0.000000","",""
"06:29:48.603","GOREV","","","","","","","","","","","","","","","","","","","","","","","","","","","","26.45","18.64","-13.21","14.98","11.93","-2.10","0.000000","0.000000","",""
"06:29:48.777","GOREV","","","","","","","","","","","","","","","","","","","","","","","","","","","","26.44","18.62","-13.30","14.99","12.00","-2.13","0.000000","0.000000","",""
"06:29:48.939","GOREV","","","","","","","","","","","","","","","","","","","","","","","","","","","","26.44","18.65","-13.38","14.82","11.80","-2.17","0.000000","0.000000","",""
"06:29:49.101","GOREV","","","","","","","","","","","","","","","","","","","","","","","","","","","","26.46","18.63","-13.46","14.90","11.92","-2.21","0.000000","0.000000","",""
"06:29:49.292","GOREV","","","","","","","","","","","","","","","","","","","","","","","","","","","","26.43","18.65","-13.55","14.73","11.81","-2.24","0.000000","0.000000","",""
"06:29:49.437","GOREV","","","","","","","","","","","","","","","","","","","","","","","","","","","","26.45","18.64","-13.64","14.88","11.99","-2.28","0.000000","0.000000","",""
"06:29:49.605","GOREV","","","","","","","","","","","","","","","","","","","","","","","","","","","","26.45","18.63","-13.72","14.73","11.83","-2.32","0.000000","0.000000","",""
"06:29:49.768","GOREV","","","","","","","","","","","","","","","","","","","","","","","","","","","","26.45","18.63","-13.81","14.76","11.73","-2.35","0.000000","0.000000","",""
"06:29:49.936","GOREV","","","","","","","","","","","","","","","","","","","","","","","","","","","","26.44","18.63","-13.90","14.92","11.81","-2.39","0.000000","0.000000","",""
"06:29:50.102","GOREV","","","","","","","","","","","","","","","","","","","","","","","","","","","","26.45","18.65","-13.98","14.80","11.97","-2.43","0.000000","0.000000","",""
"06:29:50.284","GOREV","","","","","","","","","","","","","","","","","","","","","","","","","","","","26.45","18.67","-14.07","14.85","11.76","-2.46","0.000000","0.000000","",""
"06:29:50.452","GOREV","","","","","","","","","","","","","","","","","","","","","","","","","","","","26.46","18.66","-14.16","14.68","11.74","-2.50","0.000000","0.000000","",""
"06:29:50.607","GOREV","","","","","","","","","","","","","","","","","","","","","","","","","","","","26.45","18.66","-14.24","14.73","11.83","-2.54","0.000000","0.000000","",""
"06:29:50.770","GOREV","","","","","","","","","","","","","","","","","","","","","","","","","","","","26.45","18.67","-14.32","14.86","11.85","-2.57","0.000000","0.000000","",""
"06:29:50.937","GOREV","","","","","","","","","","","","","","","","","","","","","","","","","","","","26.45","18.66","-14.41","14.79","11.76","-2.61","0.000000","0.000000","",""
"06:29:51.105","GOREV","","","","","","","","","","","","","","","","","","","","","","","","","","","","26.46","18.68","-14.49","14.94","11.80","-2.65","0.000000","0.000000","",""
"06:29:51.271","GOREV","","","","","","","","","","","","","","","","","","","","","","","","","","","","26.45","18.66","-14.57","14.90","11.78","-2.68","0.000000","0.000000","",""
"06:29:51.441","GOREV","","","","","","","","","","","","","","","","","","","","","","","","","","","","26.46","18.65","-14.66","14.82","11.72","-2.72","0.000000","0.000000","",""
"06:29:51.607","GOREV","","","","","","","","","","","","","","","","","","","","","","","","","","","","26.46","18.64","-14.74","14.72","11.78","-2.75","0.000000","0.000000","",""
"06:29:51.799","GOREV","","","","","","","","","","","","","","","","","","","","","","","","","","","","26.45","18.63","-14.83","14.91","11.89","-2.79","0.000000","0.000000","",""
"06:29:51.945","GOREV","","","","","","","","","","","","","","","","","","","","","","","","","","","","26.45","18.66","-14.91","14.71","11.80","-2.82","0.000000","0.000000","",""
"06:29:52.107","GOREV","","","","","","","","","","","","","","","","","","","","","","","","","","","","26.46","18.67","-15.00","14.78","11.96","-2.86","0.000000","0.000000","",""
"06:29:52.279","GOREV","","","","","","","","","","","","","","","","","","","","","","","","","","","","26.45","18.67","-15.09","14.86","11.98","-2.90","0.000000","0.000000","",""
"06:29:52.461","GOREV","","","","","","","","","","","","","","","","","","","","","","","","","","","","26.46","18.65","-15.17","14.80","11.86","-2.93","0.000000","0.000000","",""
"06:29:52.606","GOREV","","","","","","","","","","","","","","","","","","","","","","","","","","","","26.47","18.65","-15.25","14.78","11.92","-2.97","0.000000","0.000000","",""
"06:29:52.791","GOREV","","","","","","","","","","","","","","","","","","","","","","","","","","","","26.46","18.65","-15.34","14.78","11.90","-3.00","0.000000","0.000000","",""
"06:29:52.968","GOREV","","","","","","","","","","","","","","","","","","","","","","","","","","","","26.46","18.67","-15.42","14.89","12.01","-3.04","0.000000","0.000000","",""
"06:29:53.112","GOREV","","","","","","","","","","","","","","","","","","","","","","","","","","","","26.47","18.68","-15.51","14.82","11.78","-3.07","0.000000","0.000000","",""
"06:29:53.278","GOREV","","","","","","","","","","","","","","","","","","","","","","","","","","","","26.45","18.66","-15.59","14.92","11.90","-3.11","0.000000","0.000000","",""
"06:29:53.444","GOREV","","","","","","","","","","","","","","","","","","","","","","","","","","","","26.45","18.66","-15.68","14.66","11.92","-3.15","0.000000","0.000000","",""
"06:29:53.608","GOREV","","","","","","","","","","","","","","","","","","","","","","","","","","","","26.48","18.64","-15.77","15.05","11.88","-3.18","0.000000","0.000000","",""
"06:29:53.789","GOREV","","","","","","","","","","","","","","","","","","","","","","","","","","","","26.47","18.65","-15.85","14.84","11.83","-3.22","0.000000","0.000000","",""
"06:29:53.966","GOREV","","","","","","","","","","","","","","","","","","","","","","","","","","","","26.46","18.64","-15.93","14.80","11.71","-3.26","0.000000","0.000000","",""
"06:29:54.110","GOREV","","","","","","","","","","","","","","","","","","","","","","","","","","","","26.46","18.65","-16.02","14.89","11.92","-3.29","0.000000","0.000000","",""
"06:29:54.279","GOREV","","","","","","","","","","","","","","","","","","","","","","","","","","","","26.46","18.65","-16.11","14.74","11.91","-3.33","0.000000","0.000000","",""
"06:29:54.443","GOREV","","","","","","","","","","","","","","","","","","","","","","","","","","","","26.47","18.66","-16.19","14.95","11.96","-3.36","0.000000","0.000000","",""
"06:29:54.615","GOREV","","","","","","","","","","","","","","","","","","","","","","","","","","","","26.48","18.65","-16.28","14.92","12.01","-3.40","0.000000","0.000000","",""
"06:29:54.777","GOREV","","","","","","","","","","","","","","","","","","","","","","","","","","","","26.47","18.63","-16.37","14.83","11.85","-3.43","0.000000","0.000000","",""
"06:29:54.960","GOREV","","","","","","","","","","","","","","","","","","","","","","","","","","","","26.46","18.62","-16.45","14.75","11.87","-3.46","0.000000","0.000000","",""
"06:29:55.129","GOREV","","","","","","","","","","","","","","","","","","","","","","","","","","","","26.45","18.63","-16.54","14.88","11.92","-3.50","0.000000","0.000000","",""
"06:29:55.276","GOREV","","","","","","","","","","","","","","","","","","","","","","","","","","","","26.45","18.64","-16.62","14.99","11.69","-3.54","0.000000","0.000000","",""
"06:29:55.455","GOREV","","","","","","","","","","","","","","","","","","","","","","","","","","","","26.45","18.67","-16.71","15.01","11.77","-3.58","0.000000","0.000000","",""
"06:29:55.628","GOREV","","","","","","","","","","","","","","","","","","","","","","","","","","","","26.44","18.65","-16.79","14.81","11.75","-3.61","0.000000","0.000000","",""
"06:29:55.779","GOREV","","","","","","","","","","","","","","","","","","","","","","","","","","","","26.45","18.66","-16.88","14.88","11.77","-3.65","0.000000","0.000000","",""
"06:29:55.952","GOREV","","","","","","","","","","","","","","","","","","","","","","","","","","","","26.45","18.67","-16.96","14.78","11.91","-3.68","0.000000","0.000000","",""
"06:29:56.112","GOREV","","","","","","","","","","","","","","","","","","","","","","","","","","","","26.42","18.66","-17.04","14.86","11.84","-3.72","0.000000","0.000000","",""
"06:29:56.282","GOREV","","","","","","","","","","","","","","","","","","","","","","","","","","","","26.42","18.67","-17.13","14.91","11.80","-3.75","0.000000","0.000000","",""
"06:29:56.452","GOREV","","","","","","","","","","","","","","","","","","","","","","","","","","","","26.44","18.67","-17.22","14.76","11.85","-3.79","0.000000","0.000000","",""
"06:29:56.617","GOREV","","","","","","","","","","","","","","","","","","","","","","","","","","","","26.44","18.66","-17.30","14.90","11.89","-3.83","0.000000","0.000000","",""
"06:29:56.784","GOREV","","","","","","","","","","","","","","","","","","","","","","","","","","","","26.44","18.66","-17.39","14.91","11.91","-3.86","0.000000","0.000000","",""
"06:29:56.966","GOREV","","","","","","","","","","","","","","","","","","","","","","","","","","","","26.44","18.67","-17.47","14.76","11.72","-3.90","0.000000","0.000000","",""
"06:29:57.113","GOREV","","","","","","","","","","","","","","","","","","","","","","","","","","","","26.46","18.67","-17.56","14.73","11.80","-3.93","0.000000","0.000000","",""
"06:29:57.294","GOREV","","","","","","","","","","","","","","","","","","","","","","","","","","","","26.45","18.67","-17.64","14.84","11.94","-3.97","0.000000","0.000000","",""
"06:29:57.447","GOREV","","","","","","","","","","","","","","","","","","","","","","","","","","","","26.49","18.66","-17.73","14.81","11.95","-4.00","0.000000","0.000000","",""
"06:29:57.615","GOREV","","","","","","","","","","","","","","","","","","","","","","","","","","","","26.47","18.67","-17.81","14.79","11.80","-4.04","0.000000","0.000000","",""
"06:29:57.802","GOREV","","","","","","","","","","","","","","","","","","","","","","","","","","","","26.49","18.67","-17.90","14.73","11.73","-4.07","0.000000","0.000000","",""
"06:29:57.949","GOREV","","","","","","","","","","","","","","","","","","","","","","","","","","","","26.48","18.66","-17.98","14.89","11.70","-4.11","0.000000","0.000000","",""
"06:29:58.129","GOREV","","","","","","","","","","","","","","","","","","","","","","","","","","","","26.46","18.67","-18.07","14.79","11.72","-4.15","0.000000","0.000000","",""
"06:29:58.281","GOREV","","","","","","","","","","","","","","","","","","","","","","","","","","","","26.45","18.67","-18.15","14.81","11.97","-4.18","0.000000","0.000000","",""
"06:29:58.448","GOREV","","","","","","","","","","","","","","","","","","","","","","","","","","","","26.44","18.66","-18.24","14.81","11.95","-4.22","0.000000","0.000000","",""
"06:29:58.620","GOREV","","","","","","","","","","","","","","","","","","","","","","","","","","","","26.44","18.65","-18.32","14.91","11.77","-4.26","0.000000","0.000000","",""
"06:29:58.783","GOREV","","","","","","","","","","","","","","","","","","","","","","","","","","","","26.44","18.66","-18.41","14.87","11.88","-4.30","0.000000","0.000000","",""
"06:29:58.970","GOREV","","","","","","","","","","","","","","","","","","","","","","","","","","","","26.45","18.66","-18.49","14.89","11.79","-4.34","0.000000","0.000000","",""
"06:29:59.122","GOREV","","","","","","","","","","","","","","","","","","","","","","","","","","","","26.45","18.65","-18.58","14.73","11.91","-4.37","0.000000","0.000000","",""
"06:29:59.283","GOREV","","","","","","","","","","","","","","","","","","","","","","","","","","","","26.43","18.65","-18.66","14.83","11.88","-4.41","0.000000","0.000000","",""
"06:29:59.457","GOREV","","","","","","","","","","","","","","","","","","","","","","","","","","","","26.45","18.64","-18.75","14.87","11.94","-4.45","0.000000","0.000000","",""
"06:29:59.638","GOREV","","","","","","","","","","","","","","","","","","","","","","","","","","","","26.46","18.64","-18.83","14.65","11.80","-4.48","0.000000","0.000000","",""
"06:29:59.789","GOREV","","","","","","","","","","","","","","","","","","","","","","","","","","","","26.46","18.65","-18.92","14.78","11.84","-4.52","0.000000","0.000000","",""
"06:29:59.951","GOREV","","","","","","","","","","","","","","","","","","","","","","","","","","","","26.47","18.62","-19.01","14.95","11.90","-4.55","0.000000","0.000000","",""
"06:30:00.129","GOREV","","","","","","","","","","","","","","","","","","","","","","","","","","","","26.46","18.63","-19.10","14.89","11.88","-4.58","0.000000","0.000000","",""
"06:30:00.287","GOREV","","","","","","","","","","","","","","","","","","","","","","","","","","","","26.46","18.63","-19.19","14.71","11.81","-4.62","0.000000","0.000000","",""
"06:30:00.454","GOREV","","","","","","","","","","","","","","","","","","","","","","","","","","","","26.46","18.65","-19.27","14.76","11.79","-4.66","0.000000","0.000000","",""
"06:30:00.640","GOREV","","","","","","","","","","","","","","","","","","","","","","","","","","","","26.46","18.65","-19.36","14.81","11.95","-4.70","0.000000","0.000000","",""
"06:30:00.794","GOREV","","","","","","","","","","","","","","","","","","","","","","","","","","","","26.46","18.64","-19.45","14.72","11.75","-4.73","0.000000","0.000000","",""
"06:30:00.967","GOREV","","","","","","","","","","","","","","","","","","","","","","","","","","","","26.46","18.63","-19.53","14.91","11.92","-4.76","0.000000","0.000000","",""
"06:30:01.124","GOREV","","","","","","","","","","","","","","","","","","","","","","","","","","","","26.46","18.63","-19.62","14.85","11.83","-4.80","0.000000","0.000000","",""
"06:30:01.290","GOREV","","","","","","","","","","","","","","","","","","","","","","","","","","","","26.46","18.65","-19.70","14.72","11.79","-4.84","0.000000","0.000000","",""
"06:30:01.454","GOREV","","","","","","","","","","","","","","","","","","","","","","","","","","","","26.47","18.64","-19.79","14.87","11.85","-4.87","0.000000","0.000000","",""
"06:30:01.640","GOREV","","","","","","","","","","","","","","","","","","","","","","","","","","","","26.46","18.65","-19.87","14.92","12.03","-4.91","0.000000","0.000000","",""
"06:30:01.788","GOREV","","","","","","","","","","","","","","","","","","","","","","","","","","","","26.44","18.63","-19.96","14.93","11.78","-4.95","0.000000","0.000000","",""
"06:30:01.961","GOREV","","","","","","","","","","","","","","","","","","","","","","","","","","","","26.45","18.64","-20.04","14.77","11.80","-4.98","0.000000","0.000000","",""
"06:30:02.139","GOREV","","","","","","","","","","","","","","","","","","","","","","","","","","","","26.43","18.65","-20.13","14.89","11.94","-5.02","0.000000","0.000000","",""
"06:30:02.288","GOREV","","","","","","","","","","","","","","","","","","","","","","","","","","","","26.43","18.65","-20.22","14.76","11.81","-5.06","0.000000","0.000000","",""
"06:30:02.455","GOREV","","","","","","","","","","","","","","","","","","","","","","","","","","","","26.44","18.63","-20.30","14.82","11.83","-5.10","0.000000","0.000000","",""
"06:30:02.629","GOREV","","","","","","","","","","","","","","","","","","","","","","","","","","","","26.45","18.65","-20.39","14.81","11.71","-5.14","0.000000","0.000000","",""
"06:30:02.794","GOREV","","","","","","","","","","","","","","","","","","","","","","","","","","","","26.45","18.66","-20.47","14.58","11.92","-5.17","0.000000","0.000000","",""
"06:30:02.957","GOREV","","","","","","","","","","","","","","","","","","","","","","","","","","","","26.46","18.64","-20.55","14.64","11.87","-5.21","0.000000","0.000000","",""
"06:30:03.130","GOREV","","","","","","","","","","","","","","","","","","","","","","","","","","","","26.44","18.66","-20.63","14.69","12.01","-5.25","0.000000","0.000000","",""
"06:30:03.295","GOREV","","","","","","","","","","","","","","","","","","","","","","","","","","","","26.45","18.65","-20.72","14.75","12.01","-5.28","0.000000","0.000000","",""
"06:30:03.468","GOREV","","","","","","","","","","","","","","","","","","","","","","","","","","","","26.44","18.68","-20.81","14.68","11.91","-5.32","0.000000","0.000000","",""
"06:30:03.635","GOREV","","","","","","","","","","","","","","","","","","","","","","","","","","","","26.44","18.66","-20.90","14.85","11.95","-5.36","0.000000","0.000000","",""
"06:30:03.791","GOREV","","","","","","","","","","","","","","","","","","","","","","","","","","","","26.44","18.66","-20.98","14.92","11.84","-5.39","0.000000","0.000000","",""
"06:30:03.964","GOREV","","","","","","","","","","","","","","","","","","","","","","","","","","","","26.44","18.65","-21.06","14.84","12.08","-5.43","0.000000","0.000000","",""
"06:30:04.128","GOREV","","","","","","","","","","","","","","","","","","","","","","","","","","","","26.43","18.63","-21.15","14.80","11.76","-5.47","0.000000","0.000000","",""
"06:30:04.296","GOREV","","","","","","","","","","","","","","","","","","","","","","","","","","","","26.44","18.64","-21.24","14.80","11.90","-5.50","0.000000","0.000000","",""
"06:30:04.462","GOREV","","","","","","","","","","","","","","","","","","","","","","","","","","","","26.46","18.67","-21.32","14.97","11.70","-5.54","0.000000","0.000000","",""
"06:30:04.626","GOREV","","","","","","","","","","","","","","","","","","","","","","","","","","","","26.47","18.67","-21.41","14.83","11.80","-5.57","0.000000","0.000000","",""
"06:30:04.811","GOREV","","","","","","","","","","","","","","","","","","","","","","","","","","","","26.46","18.64","-21.50","14.96","11.71","-5.61","0.000000","0.000000","",""
"06:30:04.960","GOREV","","","","","","","","","","","","","","","","","","","","","","","","","","","","26.46","18.65","-21.58","14.72","11.78","-5.64","0.000000","0.000000","",""
"06:30:05.141","GOREV","","","","","","","","","","","","","","","","","","","","","","","","","","","","26.46","18.67","-21.67","14.93","11.91","-5.68","0.000000","0.000000","",""
"06:30:05.293","GOREV","","","","","","","","","","","","","","","","","","","","","","","","","","","","26.45","18.68","-21.75","14.82","11.92","-5.72","0.000000","0.000000","",""
"06:30:05.481","GOREV","","","","","","","","","","","","","","","","","","","","","","","","","","","","26.45","18.67","-21.84","14.79","11.77","-5.75","0.000000","0.000000","",""
"06:30:05.628","GOREV","","","","","","","","","","","","","","","","","","","","","","","","","","","","26.46","18.66","-21.92","14.78","11.84","-5.78","0.000000","0.000000","",""
"06:30:05.795","GOREV","","","","","","","","","","","","","","","","","","","","","","","","","","","","26.44","18.66","-22.01","14.85","11.98","-5.82","0.000000","0.000000","",""
"06:30:05.961","GOREV","","","","","","","","","","","","","","","","","","","","","","","","","","","","26.45","18.64","-22.09","14.78","11.95","-5.86","0.000000","0.000000","",""
"06:30:06.155","GOREV","","","","","","","","","","","","","","","","","","","","","","","","","","","","26.44","18.63","-22.18","14.91","11.91","-5.90","0.000000","0.000000","",""
"06:30:06.309","GOREV","","","","","","","","","","","","","","","","","","","","","","","","","","","","26.44","18.66","-22.27","14.88","11.67","-5.93","0.000000","0.000000","",""
"06:30:06.465","GOREV","","","","","","","","","","","","","","","","","","","","","","","","","","","","26.47","18.67","-22.35","14.96","11.80","-5.97","0.000000","0.000000","",""
"06:30:06.630","GOREV","","","","","","","","","","","","","","","","","","","","","","","","","","","","26.47","18.66","-22.44","14.82","11.87","-6.01","0.000000","0.000000","",""
"06:30:06.801","GOREV","","","","","","","","","","","","","","","","","","","","","","","","","","","","26.47","18.68","-22.53","14.82","11.95","-6.04","0.000000","0.000000","",""
"06:30:06.966","GOREV","","","","","","","","","","","","","","","","","","","","","","","","","","","","26.46","18.66","-22.61","14.81","11.92","-6.08","0.000000","0.000000","",""
"06:30:07.133","GOREV","","","","","","","","","","","","","","","","","","","","","","","","","","","","26.46","18.66","-22.70","14.88","11.71","-6.12","0.000000","0.000000","",""
"06:30:07.296","GOREV","","","","","","","","","","","","","","","","","","","","","","","","","","","","26.44","18.65","-22.79","14.74","11.88","-6.15","0.000000","0.000000","",""
"06:30:07.464","GOREV","","","","","","","","","","","","","","","","","","","","","","","","","","","","26.45","18.65","-22.88","14.88","11.97","-6.19","0.000000","0.000000","",""
"06:30:07.634","GOREV","","","","","","","","","","","","","","","","","","","","","","","","","","","","26.47","18.68","-22.96","14.82","11.54","-6.23","0.000000","0.000000","",""
"06:30:07.798","GOREV","","","","","","","","","","","","","","","","","","","","","","","","","","","","26.49","18.67","-23.05","14.93","11.87","-6.26","0.000000","0.000000","",""
"06:30:07.965","GOREV","","","","","","","","","","","","","","","","","","","","","","","","","","","","26.46","18.64","-23.13","14.84","11.80","-6.30","0.000000","0.000000","",""
"06:30:08.136","GOREV","","","","","","","","","","","","","","","","","","","","","","","","","","","","26.46","18.65","-23.21","14.87","11.68","-6.33","0.000000","0.000000","",""
"06:30:08.302","GOREV","","","","","","","","","","","","","","","","","","","","","","","","","","","","26.46","18.66","-23.30","14.85","11.85","-6.36","0.000000","0.000000","",""
"06:30:08.478","GOREV","","","","","","","","","","","","","","","","","","","","","","","","","","","","26.45","18.68","-23.38","14.85","11.88","-6.40","0.000000","0.000000","",""
"06:30:08.632","GOREV","","","","","","","","","","","","","","","","","","","","","","","","","","","","26.49","18.66","-23.47","14.84","11.85","-6.43","0.000000","0.000000","",""
"06:30:08.800","GOREV","","","","","","","","","","","","","","","","","","","","","","","","","","","","26.48","18.63","-23.55","14.78","11.95","-6.47","0.000000","0.000000","",""
"06:30:08.970","GOREV","","","","","","","","","","","","","","","","","","","","","","","","","","","","26.47","18.63","-23.64","14.71","11.88","-6.51","0.000000","0.000000","",""
"06:30:09.143","GOREV","","","","","","","","","","","","","","","","","","","","","","","","","","","","26.48","18.65","-23.72","14.85","11.95","-6.54","0.000000","0.000000","",""
"06:30:09.304","GOREV","","","","","","","","","","","","","","","","","","","","","","","","","","","","26.46","18.65","-23.81","14.70","11.84","-6.58","0.000000","0.000000","",""
"06:30:09.467","GOREV","","","","","","","","","","","","","","","","","","","","","","","","","","","","26.47","18.65","-23.90","14.85","11.81","-6.62","0.000000","0.000000","",""
"06:30:09.640","GOREV","","","","","","","","","","","","","","","","","","","","","","","","","","","","26.47","18.64","-23.98","14.68","11.93","-6.66","0.000000","0.000000","",""
"06:30:09.821","GOREV","","","","","","","","","","","","","","","","","","","","","","","","","","","","26.45","18.62","-24.07","14.84","11.93","-6.70","0.000000","0.000000","",""
"06:30:09.968","GOREV","","","","","","","","","","","","","","","","","","","","","","","","","","","","26.45","18.62","-24.16","14.86","11.73","-6.73","0.000000","0.000000","",""
"06:30:10.142","GOREV","","","","","","","","","","","","","","","","","","","","","","","","","","","","26.48","18.65","-24.24","14.84","11.88","-6.77","0.000000","0.000000","",""
"06:30:10.303","GOREV","","","","","","","","","","","","","","","","","","","","","","","","","","","","26.47","18.65","-24.33","14.85","11.97","-6.81","0.000000","0.000000","",""
"06:30:10.471","GOREV","","","","","","","","","","","","","","","","","","","","","","","","","","","","26.46","18.67","-24.41","14.66","11.88","-6.84","0.000000","0.000000","",""
"06:30:10.636","GOREV","","","","","","","","","","","","","","","","","","","","","","","","","","","","26.45","18.66","-24.50","14.74","11.91","-6.87","0.000000","0.000000","",""
"06:30:10.806","GOREV","","","","","","","","","","","","","","","","","","","","","","","","","","","","26.46","18.65","-24.58","14.79","11.93","-6.91","0.000000","0.000000","",""
"06:30:10.976","GOREV","","","","","","","","","","","","","","","","","","","","","","","","","","","","26.46","18.66","-24.67","14.56","11.89","-6.95","0.000000","0.000000","",""
"06:30:11.150","GOREV","","","","","","","","","","","","","","","","","","","","","","","","","","","","26.44","18.64","-24.75","14.81","11.84","-6.98","0.000000","0.000000","",""
"06:30:11.309","GOREV","","","","","","","","","","","","","","","","","","","","","","","","","","","","26.44","18.64","-24.84","14.87","11.74","-7.02","0.000000","0.000000","",""
"06:30:11.474","GOREV","","","","","","","","","","","","","","","","","","","","","","","","","","","","26.46","18.64","-24.93","14.75","11.83","-7.06","0.000000","0.000000","",""
"06:30:11.638","GOREV","","","","","","","","","","","","","","","","","","","","","","","","","","","","26.45","18.62","-25.01","14.89","11.76","-7.10","0.000000","0.000000","",""
"06:30:11.810","GOREV","","","","","","","","","","","","","","","","","","","","","","","","","","","","26.45","18.63","-25.10","14.82","11.91","-7.13","0.000000","0.000000","",""
"06:30:11.971","GOREV","","","","","","","","","","","","","","","","","","","","","","","","","","","","26.49","18.66","-25.18","14.73","11.94","-7.17","0.000000","0.000000","",""
"06:30:12.140","GOREV","","","","","","","","","","","","","","","","","","","","","","","","","","","","26.49","18.66","-25.27","14.85","11.75","-7.21","0.000000","0.000000","",""
"06:30:12.305","GOREV","","","","","","","","","","","","","","","","","","","","","","","","","","","","26.49","18.68","-25.35","14.92","11.79","-7.25","0.000000","0.000000","",""
"06:30:12.497","GOREV","","","","","","","","","","","","","","","","","","","","","","","","","","","","26.49","18.68","-25.44","14.81","11.78","-7.28","0.000000","0.000000","",""
"06:30:12.662","GOREV","","","","","","","","","","","","","","","","","","","","","","","","","","","","26.45","18.64","-25.52","14.85","11.79","-7.32","0.000000","0.000000","",""
"06:30:12.807","GOREV","","","","","","","","","","","","","","","","","","","","","","","","","","","","26.46","18.62","-25.61","14.79","11.82","-7.36","0.000000","0.000000","",""
"06:30:13.008","GOREV","","","","","","","","","","","","","","","","","","","","","","","","","","","","26.45","18.63","-25.70","14.84","11.74","-7.39","0.000000","0.000000","",""
"06:30:13.143","GOREV","","","","","","","","","","","","","","","","","","","","","","","","","","","","26.45","18.66","-25.78","14.92","11.78","-7.43","0.000000","0.000000","",""
"06:30:13.307","GOREV","","","","","","","","","","","","","","","","","","","","","","","","","","","","26.45","18.66","-25.87","14.91","11.95","-7.47","0.000000","0.000000","",""
"06:30:13.487","GOREV","","","","","","","","","","","","","","","","","","","","","","","","","","","","26.46","18.66","-25.95","14.90","11.71","-7.50","0.000000","0.000000","",""
"06:30:13.653","GOREV","","","","","","","","","","","","","","","","","","","","","","","","","","","","26.47","18.68","-26.04","14.64","11.81","-7.54","0.000000","0.000000","",""
"06:30:13.808","GOREV","","","","","","","","","","","","","","","","","","","","","","","","","","","","26.45","18.67","-26.13","14.79","11.81","-7.58","0.000000","0.000000","",""
"06:30:13.982","GOREV","","","","","","","","","","","","","","","","","","","","","","","","","","","","26.45","18.66","-26.21","14.87","11.62","-7.61","0.000000","0.000000","",""
"06:30:14.151","GOREV","","","","","","","","","","","","","","","","","","","","","","","","","","","","26.46","18.67","-26.30","14.78","11.89","-7.65","0.000000","0.000000","",""
"06:30:14.315","GOREV","","","","","","","","","","","","","","","","","","","","","","","","","","","","26.45","18.67","-26.38","14.94","11.85","-7.69","0.000000","0.000000","",""
"06:30:14.476","GOREV","","","","","","","","","","","","","","","","","","","","","","","","","","","","26.45","18.67","-26.47","14.76","11.74","-7.72","0.000000","0.000000","",""
"06:30:14.651","GOREV","","","","","","","","","","","","","","","","","","","","","","","","","","","","26.46","18.65","-26.56","14.81","11.72","-7.76","0.000000","0.000000","",""
"06:30:14.826","GOREV","","","","","","","","","","","","","","","","","","","","","","","","","","","","26.45","18.66","-26.64","14.84","11.87","-7.79","0.000000","0.000000","",""
"06:30:15.001","GOREV","","","","","","","","","","","","","","","","","","","","","","","","","","","","26.45","18.65","-26.73","14.73","12.07","-7.82","0.000000","0.000000","",""
"06:30:15.172","GOREV","","","","","","","","","","","","","","","","","","","","","","","","","","","","26.47","18.64","-26.82","14.85","11.81","-7.86","0.000000","0.000000","",""
"06:30:15.318","GOREV","","","","","","","","","","","","","","","","","","","","","","","","","","","","26.47","18.66","-26.90","14.75","11.89","-7.89","0.000000","0.000000","",""
"06:30:15.478","GOREV","","","","","","","","","","","","","","","","","","","","","","","","","","","","26.46","18.65","-26.99","14.85","11.67","-7.93","0.000000","0.000000","",""
"06:30:15.645","GOREV","","","","","","","","","","","","","","","","","","","","","","","","","","","","26.45","18.63","-27.07","14.70","11.76","-7.97","0.000000","0.000000","",""
"06:30:15.814","GOREV","","","","","","","","","","","","","","","","","","","","","","","","","","","","26.46","18.63","-27.16","14.88","11.81","-8.01","0.000000","0.000000","",""
"06:30:15.979","GOREV","","","","","","","","","","","","","","","","","","","","","","","","","","","","26.44","18.65","-27.24","14.67","11.90","-8.04","0.000000","0.000000","",""
"06:30:16.144","GOREV","","","","","","","","","","","","","","","","","","","","","","","","","","","","26.45","18.66","-27.33","14.62","11.73","-8.08","0.000000","0.000000","",""
"06:30:16.326","GOREV","","","","","","","","","","","","","","","","","","","","","","","","","","","","26.45","18.67","-27.41","14.61","11.89","-8.12","0.000000","0.000000","",""
"06:30:16.483","GOREV","","","","","","","","","","","","","","","","","","","","","","","","","","","","26.44","18.66","-27.50","14.82","11.80","-8.15","0.000000","0.000000","",""
"06:30:16.659","GOREV","","","","","","","","","","","","","","","","","","","","","","","","","","","","26.45","18.66","-27.59","14.72","11.79","-8.19","0.000000","0.000000","",""
"06:30:16.813","GOREV","","","","","","","","","","","","","","","","","","","","","","","","","","","","26.47","18.66","-27.67","14.89","11.85","-8.22","0.000000","0.000000","",""
"06:30:16.984","GOREV","","","","","","","","","","","","","","","","","","","","","","","","","","","","26.45","18.67","-27.76","14.78","11.79","-8.26","0.000000","0.000000","",""
"06:30:17.146","GOREV","","","","","","","","","","","","","","","","","","","","","","","","","","","","26.46","18.64","-27.84","14.75","11.78","-8.30","0.000000","0.000000","",""
"06:30:17.313","GOREV","","","","","","","","","","","","","","","","","","","","","","","","","","","","26.48","18.66","-27.93","14.83","11.80","-8.34","0.000000","0.000000","",""
"06:30:17.482","GOREV","","","","","","","","","","","","","","","","","","","","","","","","","","","","26.48","18.65","-28.01","14.65","11.89","-8.37","0.000000","0.000000","",""
"06:30:17.652","GOREV","","","","","","","","","","","","","","","","","","","","","","","","","","","","26.47","18.68","-28.10","14.84","11.94","-8.41","0.000000","0.000000","",""
"06:30:17.826","GOREV","","","","","","","","","","","","","","","","","","","","","","","","","","","","26.46","18.68","-28.19","14.84","11.92","-8.45","0.000000","0.000000","",""
"06:30:17.980","GOREV","","","","","","","","","","","","","","","","","","","","","","","","","","","","26.46","18.68","-28.27","14.77","11.81","-8.48","0.000000","0.000000","",""
"06:30:18.154","GOREV","","","","","","","","","","","","","","","","","","","","","","","","","","","","26.46","18.67","-28.35","14.98","11.91","-8.52","0.000000","0.000000","",""
"06:30:18.315","GOREV","","","","","","","","","","","","","","","","","","","","","","","","","","","","26.47","18.66","-28.44","14.83","11.90","-8.56","0.000000","0.000000","",""
"06:30:18.482","GOREV","","","","","","","","","","","","","","","","","","","","","","","","","","","","26.45","18.66","-28.52","14.86","11.86","-8.59","0.000000","0.000000","",""
"06:30:18.660","GOREV","","","","","","","","","","","","","","","","","","","","","","","","","","","","26.46","18.67","-28.61","14.80","11.88","-8.63","0.000000","0.000000","",""
"06:30:18.816","GOREV","","","","","","","","","","","","","","","","","","","","","","","","","","","","26.47","18.63","-28.70","14.73","11.91","-8.66","0.000000","0.000000","",""
"06:30:19.004","GOREV","","","","","","","","","","","","","","","","","","","","","","","","","","","","26.48","18.66","-28.78","14.96","11.75","-8.70","0.000000","0.000000","",""
"06:30:19.150","GOREV","","","","","","","","","","","","","","","","","","","","","","","","","","","","26.47","18.66","-28.87","14.79","11.89","-8.74","0.000000","0.000000","",""
"06:30:19.333","GOREV","","","","","","","","","","","","","","","","","","","","","","","","","","","","26.45","18.65","-28.95","14.83","11.75","-8.77","0.000000","0.000000","",""
"06:30:19.484","GOREV","","","","","","","","","","","","","","","","","","","","","","","","","","","","26.45","18.65","-29.04","14.70","11.94","-8.81","0.000000","0.000000","",""
"06:30:19.670","GOREV","","","","","","","","","","","","","","","","","","","","","","","","","","","","26.44","18.63","-29.13","14.88","11.75","-8.85","0.000000","0.000000","",""
"06:30:19.821","GOREV","","","","","","","","","","","","","","","","","","","","","","","","","","","","26.46","18.64","-29.21","14.94","11.93","-8.88","0.000000","0.000000","",""
"06:30:19.987","GOREV","","","","","","","","","","","","","","","","","","","","","","","","","","","","26.48","18.63","-29.30","14.92","11.78","-8.92","0.000000","0.000000","",""
"06:30:20.151","GOREV","","","","","","","","","","","","","","","","","","","","","","","","","","","","26.45","18.64","-29.38","14.86","11.78","-8.95","0.000000","0.000000","",""
"06:30:20.319","GOREV","","","","","","","","","","","","","","","","","","","","","","","","","","","","26.45","18.69","-29.47","14.76","11.80","-8.99","0.000000","0.000000","",""
"06:30:20.497","GOREV","","","","","","","","","","","","","","","","","","","","","","","","","","","","26.45","18.67","-29.55","14.84","12.01","-9.03","0.000000","0.000000","",""
"06:30:20.656","GOREV","","","","","","","","","","","","","","","","","","","","","","","","","","","","26.46","18.67","-29.64","14.83","11.87","-9.06","0.000000","0.000000","",""
"06:30:20.821","GOREV","","","","","","","","","","","","","","","","","","","","","","","","","","","","26.44","18.68","-29.72","14.92","11.78","-9.10","0.000000","0.000000","",""
"06:30:20.987","GOREV","","","","","","","","","","","","","","","","","","","","","","","","","","","","26.45","18.68","-29.81","14.83","11.94","-9.14","0.000000","0.000000","",""
"06:30:21.173","GOREV","","","","","","","","","","","","","","","","","","","","","","","","","","","","26.47","18.67","-29.89","14.87","11.94","-9.17","0.000000","0.000000","",""
"06:30:21.324","GOREV","","","","","","","","","","","","","","","","","","","","","","","","","","","","26.46","18.67","-29.98","14.94","11.80","-9.21","0.000000","0.000000","",""
"06:30:21.486","GOREV","","","","","","","","","","","","","","","","","","","","","","","","","","","","26.47","18.67","-30.06","14.88","11.92","-9.25","0.000000","0.000000","",""
"06:30:21.653","GOREV","","","","","","","","","","","","","","","","","","","","","","","","","","","","26.46","18.66","-30.15","14.87","11.91","-9.29","0.000000","0.000000","",""
"06:30:21.830","GOREV","","","","","","","","","","","","","","","","","","","","","","","","","","","","26.49","18.65","-30.23","14.75","11.73","-9.32","0.000000","0.000000","",""
"06:30:22.001","GOREV","","","","","","","","","","","","","","","","","","","","","","","","","","","","26.48","18.67","-30.32","15.01","11.88","-9.36","0.000000","0.000000","",""
"06:30:22.162","GOREV","","","","","","","","","","","","","","","","","","","","","","","","","","","","26.45","18.67","-30.40","14.81","11.79","-9.40","0.000000","0.000000","",""
"06:30:22.321","GOREV","","","","","","","","","","","","","","","","","","","","","","","","","","","","26.44","18.66","-30.49","14.88","11.81","-9.44","0.000000","0.000000","",""
"06:30:22.519","GOREV","","","","","","","","","","","","","","","","","","","","","","","","","","","","26.47","18.68","-30.58","14.87","11.89","-9.47","0.000000","0.000000","",""
"06:30:22.667","GOREV","","","","","","","","","","","","","","","","","","","","","","","","","","","","26.46","18.65","-30.66","14.74","12.05","-9.51","0.000000","0.000000","",""
"06:30:22.823","GOREV","","","","","","","","","","","","","","","","","","","","","","","","","","","","26.48","18.65","-30.75","14.85","11.88","-9.55","0.000000","0.000000","",""
"06:30:22.997","GOREV","","","","","","","","","","","","","","","","","","","","","","","","","","","","26.49","18.67","-30.83","14.88","11.78","-9.58","0.000000","0.000000","",""
"06:30:23.168","GOREV","","","","","","","","","","","","","","","","","","","","","","","","","","","","26.49","18.66","-30.92","14.80","11.99","-9.62","0.000000","0.000000","",""
"06:30:23.323","GOREV","","","","","","","","","","","","","","","","","","","","","","","","","","","","26.47","18.67","-31.00","14.87","11.90","-9.66","0.000000","0.000000","",""
"06:30:23.489","GOREV","","","","","","","","","","","","","","","","","","","","","","","","","","","","26.47","18.64","-31.09","14.80","11.86","-9.69","0.000000","0.000000","",""
"06:30:23.659","GOREV","","","","","","","","","","","","","","","","","","","","","","","","","","","","26.46","18.67","-31.17","14.89","11.90","-9.73","0.000000","0.000000","",""
"06:30:23.825","GOREV","","","","","","","","","","","","","","","","","","","","","","","","","","","","26.46","18.65","-31.26","14.79","11.86","-9.77","0.000000","0.000000","",""
"06:30:23.991","GOREV","","","","","","","","","","","","","","","","","","","","","","","","","","","","26.46","18.64","-31.34","14.67","11.83","-9.81","0.000000","0.000000","",""
"06:30:24.180","GOREV","","","","","","","","","","","","","","","","","","","","","","","","","","","","26.46","18.63","-31.43","14.63","11.73","-9.84","0.000000","0.000000","",""
"06:30:24.331","GOREV","","","","","","","","","","","","","","","","","","","","","","","","","","","","26.47","18.66","-31.51","14.73","11.81","-9.88","0.000000","0.000000","",""
"06:30:24.498","GOREV","","","","","","","","","","","","","","","","","","","","","","","","","","","","26.48","18.62","-31.60","14.74","11.91","-9.91","0.000000","0.000000","",""
"06:30:24.659","GOREV","","","","","","","","","","","","","","","","","","","","","","","","","","","","26.48","18.62","-31.68","14.79","11.98","-9.95","0.000000","0.000000","",""
"06:30:24.847","GOREV","","","","","","","","","","","","","","","","","","","","","","","","","","","","26.46","18.64","-31.77","14.80","11.79","-9.99","0.000000","0.000000","",""
"06:30:24.994","GOREV","","","","","","","","","","","","","","","","","","","","","","","","","","","","26.44","18.65","-31.85","14.91","11.76","-10.02","0.000000","0.000000","",""
"06:30:25.160","GOREV","","","","","","","","","","","","","","","","","","","","","","","","","","","","26.44","18.65","-31.93","14.72","11.74","-10.06","0.000000","0.000000","",""
"06:30:25.326","GOREV","","","","","","","","","","","","","","","","","","","","","","","","","","","","26.46","18.67","-32.02","14.85","11.82","-10.10","0.000000","0.000000","",""
"06:30:25.494","GOREV","","","","","","","","","","","","","","","","","","","","","","","","","","","","26.45","18.66","-32.10","14.78","11.88","-10.13","0.000000","0.000000","",""
"06:30:25.663","GOREV","","","","","","","","","","","","","","","","","","","","","","","","","","","","26.47","18.66","-32.19","14.86","12.05","-10.17","0.000000","0.000000","",""
"06:30:25.831","GOREV","","","","","","","","","","","","","","","","","","","","","","","","","","","","26.44","18.68","-32.27","14.92","11.67","-10.21","0.000000","0.000000","",""
"06:30:25.994","GOREV","","","","","","","","","","","","","","","","","","","","","","","","","","","","26.43","18.67","-32.36","14.86","11.90","-10.24","0.000000","0.000000","",""
"06:30:26.165","GOREV","","","","","","","","","","","","","","","","","","","","","","","","","","","","26.43","18.66","-32.44","14.71","11.97","-10.28","0.000000","0.000000","",""
"06:30:26.328","GOREV","","","","","","","","","","","","","","","","","","","","","","","","","","","","26.44","18.64","-32.53","14.89","11.82","-10.31","0.000000","0.000000","",""
"06:30:26.516","GOREV","","","","","","","","","","","","","","","","","","","","","","","","","","","","26.47","18.66","-32.61","14.90","11.94","-10.35","0.000000","0.000000","",""
"06:30:26.662","GOREV","","","","","","","","","","","","","","","","","","","","","","","","","","","","26.45","18.64","-32.70","14.69","11.79","-10.39","0.000000","0.000000","",""
"06:30:26.829","GOREV","","","","","","","","","","","","","","","","","","","","","","","","","","","","26.46","18.65","-32.78","14.87","11.86","-10.43","0.000000","0.000000","",""
"06:30:27.001","GOREV","","","","","","","","","","","","","","","","","","","","","","","","","","","","26.46","18.65","-32.87","14.96","11.83","-10.46","0.000000","0.000000","",""
"06:30:27.163","GOREV","","","","","","","","","","","","","","","","","","","","","","","","","","","","26.46","18.66","-32.95","14.91","11.81","-10.50","0.000000","0.000000","",""
"06:30:27.329","GOREV","","","","","","","","","","","","","","","","","","","","","","","","","","","","26.46","18.69","-33.04","14.75","11.83","-10.54","0.000000","0.000000","",""
"06:30:27.497","GOREV","","","","","","","","","","","","","","","","","","","","","","","","","","","","26.46","18.65","-33.12","14.72","11.91","-10.57","0.000000","0.000000","",""
"06:30:27.664","GOREV","","","","","","","","","","","","","","","","","","","","","","","","","","","","26.47","18.65","-33.21","14.86","11.86","-10.61","0.000000","0.000000","",""
"06:30:27.863","GOREV","","","","","","","","","","","","","","","","","","","","","","","","","","","","26.47","18.64","-33.29","14.87","11.76","-10.64","0.000000","0.000000","",""
"06:30:27.997","GOREV","","","","","","","","","","","","","","","","","","","","","","","","","","","","26.46","18.64","-33.38","14.82","11.92","-10.68","0.000000","0.000000","",""
"06:30:28.173","GOREV","","","","","","","","","","","","","","","","","","","","","","","","","","","","26.45","18.66","-33.46","14.83","11.98","-10.71","0.000000","0.000000","",""
"06:30:28.353","GOREV","","","","","","","","","","","","","","","","","","","","","","","","","","","","26.45","18.64","-33.55","14.78","11.68","-10.75","0.000000","0.000000","",""
"06:30:28.501","GOREV","","","","","","","","","","","","","","","","","","","","","","","","","","","","26.47","18.66","-33.63","14.77","11.93","-10.79","0.000000","0.000000","",""
"06:30:28.670","GOREV","","","","","","","","","","","","","","","","","","","","","","","","","","","","26.46","18.67","-33.72","14.76","11.87","-10.82","0.000000","0.000000","",""
"06:30:28.837","GOREV","","","","","","","","","","","","","","","","","","","","","","","","","","","","26.47","18.65","-33.81","14.76","12.01","-10.86","0.000000","0.000000","",""
"06:30:28.998","GOREV","","","","","","","","","","","","","","","","","","","","","","","","","","","","26.47","18.64","-33.89","14.65","11.78","-10.90","0.000000","0.000000","",""
"06:30:29.176","GOREV","","","","","","","","","","","","","","","","","","","","","","","","","","","","26.46","18.62","-33.97","14.82","11.87","-10.93","0.000000","0.000000","",""
"06:30:29.361","GOREV","","","","","","","","","","","","","","","","","","","","","","","","","","","","26.45","18.62","-34.06","14.88","11.73","-10.97","0.000000","0.000000","",""
"06:30:29.500","GOREV","","","","","","","","","","","","","","","","","","","","","","","","","","","","26.44","18.63","-34.14","14.86","11.65","-11.01","0.000000","0.000000","",""
"06:30:29.670","GOREV","","","","","","","","","","","","","","","","","","","","","","","","","","","","26.44","18.66","-34.23","14.87","11.79","-11.04","0.000000","0.000000","",""
"06:30:29.838","GOREV","","","","","","","","","","","","","","","","","","","","","","","","","","","","26.46","18.69","-34.32","14.83","11.93","-11.08","0.000000","0.000000","",""
"06:30:30.002","GOREV","","","","","","","","","","","","","","","","","","","","","","","","","","","","26.45","18.66","-34.40","14.56","11.82","-11.12","0.000000","0.000000","",""
"06:30:30.200","GOREV","","","","","","","","","","","","","","","","","","","","","","","","","","","","26.45","18.66","-34.48","14.86","11.79","-11.15","0.000000","0.000000","",""
"06:30:30.335","GOREV","","","","","","","","","","","","","","","","","","","","","","","","","","","","26.47","18.66","-34.57","14.84","11.86","-11.19","0.000000","0.000000","",""
"06:30:30.502","GOREV","","","","","","","","","","","","","","","","","","","","","","","","","","","","26.47","18.65","-34.66","14.82","11.90","-11.22","0.000000","0.000000","",""
"06:30:30.688","GOREV","","","","","","","","","","","","","","","","","","","","","","","","","","","","26.46","18.64","-34.75","14.77","11.87","-11.26","0.000000","0.000000","",""
"06:30:30.855","GOREV","","","","","","","","","","","","","","","","","","","","","","","","","","","","26.49","18.64","-34.83","14.78","11.71","-11.30","0.000000","0.000000","",""
"06:30:31.002","GOREV","","","","","","","","","","","","","","","","","","","","","","","","","","","","26.50","18.65","-34.92","14.85","11.78","-11.34","0.000000","0.000000","",""
"06:30:31.179","GOREV","","","","","","","","","","","","","","","","","","","","","","","","","","","","26.47","18.64","-35.00","14.78","11.94","-11.37","0.000000","0.000000","",""
"06:30:31.371","GOREV","","","","","","","","","","","","","","","","","","","","","","","","","","","","26.46","18.63","-35.09","14.68","11.81","-11.40","0.000000","0.000000","",""
"06:30:31.503","GOREV","","","","","","","","","","","","","","","","","","","","","","","","","","","","26.46","18.65","-35.18","14.76","11.95","-11.44","0.000000","0.000000","",""
"06:30:31.670","GOREV","","","","","","","","","","","","","","","","","","","","","","","","","","","","26.46","18.64","-35.26","14.77","11.88","-11.48","0.000000","0.000000","",""
"06:30:31.837","GOREV","","","","","","","","","","","","","","","","","","","","","","","","","","","","26.45","18.63","-35.35","14.84","11.68","-11.51","0.000000","0.000000","",""
"06:30:32.003","GOREV","","","","","","","","","","","","","","","","","","","","","","","","","","","","26.46","18.68","-35.43","14.82","11.85","-11.55","0.000000","0.000000","",""
"06:30:32.170","GOREV","","","","","","","","","","","","","","","","","","","","","","","","","","","","26.45","18.65","-35.52","14.77","11.71","-11.59","0.000000","0.000000","",""
"06:30:32.366","GOREV","","","","","","","","","","","","","","","","","","","","","","","","","","","","26.45","18.65","-35.61","14.87","11.81","-11.62","0.000000","0.000000","",""
"06:30:32.507","GOREV","","","","","","","","","","","","","","","","","","","","","","","","","","","","26.46","18.64","-35.70","14.87","12.03","-11.66","0.000000","0.000000","",""
"06:30:32.672","GOREV","","","","","","","","","","","","","","","","","","","","","","","","","","","","26.47","18.63","-35.78","14.82","11.95","-11.70","0.000000","0.000000","",""
"06:30:32.853","GOREV","","","","","","","","","","","","","","","","","","","","","","","","","","","","26.47","18.63","-35.87","14.66","11.96","-11.74","0.000000","0.000000","",""
"06:30:33.028","GOREV","","","","","","","","","","","","","","","","","","","","","","","","","","","","26.48","18.67","-35.95","14.99","11.83","-11.78","0.000000","0.000000","",""
"06:30:33.173","GOREV","","","","","","","","","","","","","","","","","","","","","","","","","","","","26.49","18.64","-36.04","14.71","11.85","-11.81","0.000000","0.000000","",""
"06:30:33.344","GOREV","","","","","","","","","","","","","","","","","","","","","","","","","","","","26.47","18.64","-36.12","14.84","11.87","-11.85","0.000000","0.000000","",""
"06:30:33.513","GOREV","","","","","","","","","","","","","","","","","","","","","","","","","","","","26.48","18.66","-36.21","14.96","11.69","-11.89","0.000000","0.000000","",""
"06:30:33.678","GOREV","","","","","","","","","","","","","","","","","","","","","","","","","","","","26.49","18.66","-36.30","14.78","11.90","-11.92","0.000000","0.000000","",""
"06:30:33.841","GOREV","","","","","","","","","","","","","","","","","","","","","","","","","","","","26.48","18.65","-36.38","14.74","11.94","-11.96","0.000000","0.000000","",""
"06:30:34.010","GOREV","","","","","","","","","","","","","","","","","","","","","","","","","","","","26.48","18.66","-36.47","14.70","11.96","-12.00","0.000000","0.000000","",""
"06:30:34.179","GOREV","","","","","","","","","","","","","","","","","","","","","","","","","","","","26.46","18.66","-36.55","14.86","11.86","-12.03","0.000000","0.000000","",""
"06:30:34.354","GOREV","","","","","","","","","","","","","","","","","","","","","","","","","","","","26.44","18.66","-36.64","14.84","11.83","-12.07","0.000000","0.000000","",""
"06:30:34.508","GOREV","","","","","","","","","","","","","","","","","","","","","","","","","","","","26.46","18.67","-36.72","14.78","11.87","-12.10","0.000000","0.000000","",""
"06:30:34.678","GOREV","","","","","","","","","","","","","","","","","","","","","","","","","","","","26.45","18.65","-36.81","14.70","11.90","-12.14","0.000000","0.000000","",""
"06:30:34.846","GOREV","","","","","","","","","","","","","","","","","","","","","","","","","","","","26.46","18.67","-36.90","14.66","11.86","-12.18","0.000000","0.000000","",""
"06:30:35.008","GOREV","","","","","","","","","","","","","","","","","","","","","","","","","","","","26.46","18.70","-36.98","15.04","11.95","-12.22","0.000000","0.000000","",""
"06:30:35.186","GOREV","","","","","","","","","","","","","","","","","","","","","","","","","","","","26.45","18.67","-37.07","14.98","11.80","-12.25","0.000000","0.000000","",""
"06:30:35.350","GOREV","","","","","","","","","","","","","","","","","","","","","","","","","","","","26.45","18.67","-37.15","14.81","11.92","-12.29","0.000000","0.000000","",""
"06:30:35.509","GOREV","","","","","","","","","","","","","","","","","","","","","","","","","","","","26.43","18.66","-37.24","14.86","11.82","-12.33","0.000000","0.000000","",""
"06:30:35.709","GOREV","","","","","","","","","","","","","","","","","","","","","","","","","","","","26.44","18.66","-37.32","14.93","11.86","-12.36","0.000000","0.000000","",""
"06:30:35.850","GOREV","","","","","","","","","","","","","","","","","","","","","","","","","","","","26.42","18.64","-37.41","14.78","11.77","-12.40","0.000000","0.000000","",""
"06:30:36.010","GOREV","","","","","","","","","","","","","","","","","","","","","","","","","","","","26.45","18.65","-37.49","14.81","11.94","-12.44","0.000000","0.000000","",""
"06:30:36.177","GOREV","","","","","","","","","","","","","","","","","","","","","","","","","","","","26.46","18.65","-37.58","14.76","11.81","-12.48","0.000000","0.000000","",""
"06:30:36.344","GOREV","","","","","","","","","","","","","","","","","","","","","","","","","","","","26.47","18.66","-37.66","14.83","11.72","-12.51","0.000000","0.000000","",""
"06:30:36.511","GOREV","","","","","","","","","","","","","","","","","","","","","","","","","","","","26.47","18.64","-37.75","14.84","11.77","-12.55","0.000000","0.000000","",""
"06:30:36.683","GOREV","","","","","","","","","","","","","","","","","","","","","","","","","","","","26.47","18.63","-37.83","14.88","12.00","-12.58","0.000000","0.000000","",""
"06:30:36.859","GOREV","","","","","","","","","","","","","","","","","","","","","","","","","","","","26.47","18.63","-37.92","14.84","11.84","-12.62","0.000000","0.000000","",""
"06:30:37.013","GOREV","","","","","","","","","","","","","","","","","","","","","","","","","","","","26.47","18.61","-38.00","14.97","11.59","-12.66","0.000000","0.000000","",""
"06:30:37.183","GOREV","","","","","","","","","","","","","","","","","","","","","","","","","","","","26.44","18.63","-38.08","14.68","11.85","-12.69","0.000000","0.000000","",""
"06:30:37.364","GOREV","","","","","","","","","","","","","","","","","","","","","","","","","","","","26.44","18.65","-38.17","14.87","11.97","-12.73","0.000000","0.000000","",""
"06:30:37.513","GOREV","","","","","","","","","","","","","","","","","","","","","","","","","","","","26.47","18.66","-38.26","14.73","11.91","-12.77","0.000000","0.000000","",""
"06:30:37.682","GOREV","","","","","","","","","","","","","","","","","","","","","","","","","","","","26.45","18.67","-38.34","14.86","11.87","-12.80","0.000000","0.000000","",""
"06:30:37.866","GOREV","","","","","","","","","","","","","","","","","","","","","","","","","","","","26.45","18.67","-38.42","14.82","11.87","-12.84","0.000000","0.000000","",""
"06:30:38.016","GOREV","","","","","","","","","","","","","","","","","","","","","","","","","","","","26.45","18.67","-38.51","14.63","11.86","-12.88","0.000000","0.000000","",""
"06:30:38.180","GOREV","","","","","","","","","","","","","","","","","","","","","","","","","","","","26.46","18.65","-38.60","14.88","11.78","-12.91","0.000000","0.000000","",""
"06:30:38.353","GOREV","","","","","","","","","","","","","","","","","","","","","","","","","","","","26.44","18.65","-38.68","14.92","11.89","-12.95","0.000000","0.000000","",""
"06:30:38.515","GOREV","","","","","","","","","","","","","","","","","","","","","","","","","","","","26.46","18.63","-38.77","14.78","11.77","-12.99","0.000000","0.000000","",""
"06:30:38.698","GOREV","","","","","","","","","","","","","","","","","","","","","","","","","","","","26.45","18.64","-38.85","14.85","11.82","-13.02","0.000000","0.000000","",""
"06:30:38.854","GOREV","","","","","","","","","","","","","","","","","","","","","","","","","","","","26.46","18.68","-38.94","14.80","11.75","-13.06","0.000000","0.000000","",""
"06:30:39.018","GOREV","","","","","","","","","","","","","","","","","","","","","","","","","","","","26.45","18.66","-39.02","14.90","11.81","-13.09","0.000000","0.000000","",""
"06:30:39.185","GOREV","","","","","","","","","","","","","","","","","","","","","","","","","","","","26.47","18.64","-39.11","14.81","11.82","-13.13","0.000000","0.000000","",""
"06:30:39.350","GOREV","","","","","","","","","","","","","","","","","","","","","","","","","","","","26.47","18.62","-39.19","14.79","11.78","-13.17","0.000000","0.000000","",""
"06:30:39.516","GOREV","","","","","","","","","","","","","","","","","","","","","","","","","","","","26.46","18.63","-39.28","14.98","11.82","-13.21","0.000000","0.000000","",""
"06:30:39.683","GOREV","","","","","","","","","","","","","","","","","","","","","","","","","","","","26.45","18.65","-39.36","14.63","11.76","-13.24","0.000000","0.000000","",""
"06:30:39.854","GOREV","","","","","","","","","","","","","","","","","","","","","","","","","","","","26.49","18.65","-39.44","14.70","11.73","-13.28","0.000000","0.000000","",""
"06:30:40.021","GOREV","","","","","","","","","","","","","","","","","","","","","","","","","","","","26.48","18.63","-39.53","14.86","11.93","-13.32","0.000000","0.000000","",""
"06:30:40.183","GOREV","","","","","","","","","","","","","","","","","","","","","","","","","","","","26.47","18.65","-39.62","14.85","12.00","-13.35","0.000000","0.000000","",""
"06:30:40.358","GOREV","","","","","","","","","","","","","","","","","","","","","","","","","","","","26.46","18.65","-39.71","14.84","11.85","-13.39","0.000000","0.000000","",""
"06:30:40.524","GOREV","","","","","","","","","","","","","","","","","","","","","","","","","","","","26.44","18.66","-39.79","14.81","11.87","-13.43","0.000000","0.000000","",""
"06:30:40.691","GOREV","","","","","","","","","","","","","","","","","","","","","","","","","","","","26.45","18.66","-39.88","14.87","11.79","-13.46","0.000000","0.000000","",""
"06:30:40.855","GOREV","","","","","","","","","","","","","","","","","","","","","","","","","","","","26.46","18.66","-39.96","14.86","11.92","-13.50","0.000000","0.000000","",""
"06:30:41.033","GOREV","","","","","","","","","","","","","","","","","","","","","","","","","","","","26.47","18.67","-40.05","14.97","11.83","-13.54","0.000000","0.000000","",""
"06:30:41.185","GOREV","","","","","","","","","","","","","","","","","","","","","","","","","","","","26.48","18.68","-40.13","14.76","11.73","-13.57","0.000000","0.000000","",""
"06:30:41.364","GOREV","","","","","","","","","","","","","","","","","","","","","","","","","","","","26.48","18.65","-40.22","14.96","11.84","-13.61","0.000000","0.000000","",""
"06:30:41.532","GOREV","","","","","","","","","","","","","","","","","","","","","","","","","","","","26.46","18.66","-40.30","14.74","11.94","-13.64","0.000000","0.000000","",""
"06:30:41.686","GOREV","","","","","","","","","","","","","","","","","","","","","","","","","","","","26.46","18.66","-40.39","14.99","11.75","-13.68","0.000000","0.000000","",""
"06:30:41.854","GOREV","","","","","","","","","","","","","","","","","","","","","","","","","","","","26.49","18.67","-40.47","14.68","11.83","-13.72","0.000000","0.000000","",""
"06:30:42.020","GOREV","","","","","","","","","","","","","","","","","","","","","","","","","","","","26.49","18.67","-40.55","14.88","11.87","-13.75","0.000000","0.000000","",""
"06:30:42.189","GOREV","","","","","","","","","","","","","","","","","","","","","","","","","","","","26.47","18.67","-40.64","14.76","12.01","-13.79","0.000000","0.000000","",""
"06:30:42.362","GOREV","","","","","","","","","","","","","","","","","","","","","","","","","","","","26.47","18.65","-40.72","14.90","11.96","-13.83","0.000000","0.000000","",""
"06:30:42.532","GOREV","","","","","","","","","","","","","","","","","","","","","","","","","","","","26.46","18.65","-40.81","14.74","11.83","-13.86","0.000000","0.000000","",""
"06:30:42.688","GOREV","","","","","","","","","","","","","","","","","","","","","","","","","","","","26.45","18.68","-40.90","14.63","11.66","-13.90","0.000000","0.000000","",""
"06:30:42.861","GOREV","","","","","","","","","","","","","","","","","","","","","","","","","","","","26.45","18.68","-40.98","14.67","11.87","-13.93","0.000000","0.000000","",""
"06:30:43.033","GOREV","","","","","","","","","","","","","","","","","","","","","","","","","","","","26.46","18.67","-41.06","14.62","11.86","-13.97","0.000000","0.000000","",""
"06:30:43.190","GOREV","","","","","","","","","","","","","","","","","","","","","","","","","","","","26.45","18.66","-41.15","14.77","11.75","-14.01","0.000000","0.000000","",""
"06:30:43.376","GOREV","","","","","","","","","","","","","","","","","","","","","","","","","","","","26.44","18.68","-41.23","14.91","11.75","-14.05","0.000000","0.000000","",""
"06:30:43.529","GOREV","","","","","","","","","","","","","","","","","","","","","","","","","","","","26.46","18.65","-41.32","14.83","11.66","-14.08","0.000000","0.000000","",""
"06:30:43.690","GOREV","","","","","","","","","","","","","","","","","","","","","","","","","","","","26.47","18.67","-41.41","14.89","11.75","-14.12","0.000000","0.000000","",""
"06:30:43.858","GOREV","","","","","","","","","","","","","","","","","","","","","","","","","","","","26.48","18.66","-41.49","14.87","11.75","-14.15","0.000000","0.000000","",""
"06:30:44.023","GOREV","","","","","","","","","","","","","","","","","","","","","","","","","","","","26.49","18.65","-41.58","14.96","11.84","-14.19","0.000000","0.000000","",""
"06:30:44.196","GOREV","","","","","","","","","","","","","","","","","","","","","","","","","","","","26.47","18.65","-41.66","14.86","11.83","-14.23","0.000000","0.000000","",""
"06:30:44.371","GOREV","","","","","","","","","","","","","","","","","","","","","","","","","","","","26.45","18.63","-41.75","14.83","11.86","-14.27","0.000000","0.000000","",""
"06:30:44.528","GOREV","","","","","","","","","","","","","","","","","","","","","","","","","","","","26.46","18.63","-41.84","14.79","11.77","-14.30","0.000000","0.000000","",""
"06:30:44.695","GOREV","","","","","","","","","","","","","","","","","","","","","","","","","","","","26.46","18.65","-41.92","14.89","11.77","-14.34","0.000000","0.000000","",""
"06:30:44.864","GOREV","","","","","","","","","","","","","","","","","","","","","","","","","","","","26.47","18.64","-42.01","14.90","12.03","-14.37","0.000000","0.000000","",""
"06:30:45.071","GOREV","","","","","","","","","","","","","","","","","","","","","","","","","","","","26.48","18.64","-42.09","14.81","11.73","-14.41","0.000000","0.000000","",""
"06:30:45.204","GOREV","","","","","","","","","","","","","","","","","","","","","","","","","","","","26.48","18.63","-42.17","14.65","11.74","-14.45","0.000000","0.000000","",""
"06:30:45.362","GOREV","","","","","","","","","","","","","","","","","","","","","","","","","","","","26.46","18.64","-42.26","14.71","11.75","-14.48","0.000000","0.000000","",""
"06:30:45.525","GOREV","","","","","","","","","","","","","","","","","","","","","","","","","","","","26.47","18.65","-42.34","14.70","11.93","-14.52","0.000000","0.000000","",""
"06:30:45.697","GOREV","","","","","","","","","","","","","","","","","","","","","","","","","","","","26.46","18.65","-42.43","14.84","11.78","-14.56","0.000000","0.000000","",""
"06:30:45.861","GOREV","","","","","","","","","","","","","","","","","","","","","","","","","","","","26.47","18.68","-42.52","14.81","11.83","-14.60","0.000000","0.000000","",""
"06:30:46.029","GOREV","","","","","","","","","","","","","","","","","","","","","","","","","","","","26.49","18.65","-42.60","14.93","11.82","-14.63","0.000000","0.000000","",""
"06:30:46.196","GOREV","","","","","","","","","","","","","","","","","","","","","","","","","","","","26.47","18.66","-42.69","14.72","11.71","-14.67","0.000000","0.000000","",""
"06:30:46.366","GOREV","","","","","","","","","","","","","","","","","","","","","","","","","","","","26.46","18.65","-42.77","14.76","11.85","-14.71","0.000000","0.000000","",""
"06:30:46.531","GOREV","","","","","","","","","","","","","","","","","","","","","","","","","","","","26.45","18.64","-42.86","14.65","11.75","-14.75","0.000000","0.000000","",""
"06:30:46.694","GOREV","","","","","","","","","","","","","","","","","","","","","","","","","","","","26.46","18.64","-42.94","14.89","11.97","-14.79","0.000000","0.000000","",""
