ZAMAN,KAYNAK,ANA_0_DURUM,ANA_1_IRT,ANA_2_HIZ,ANA_3_SIC,ANA_4_NEM,ANA_5_EN,ANA_6_BOY,ANA_7_PITCH,ANA_8_ROLL,ANA_9_YAW,ANA_10_BASMS,ANA_11_BASBMP,ANA_12_BASTOP,ANA_13,ANA_14,ANA_15,ANA_16,ANA_17,ANA_18,ANA_19,ANA_20_IVMEX,ANA_21_IVMEY,ANA_22_IVMEZ,ANA_23,ANA_24,ANA_25,ANA_26,GOREV_0_DURUM,GOREV_1_EN,GOREV_2_BOY,GOREV_3_IVMEX,GOREV_4_IVMEY,GOREV_5_IVMEZ,GOREV_6_FILTREX,GOREV_7_FILTREY,GOREV_8_FILTREZ
"06:32:04.324","GOREV","","","","","","","","","","","","","","","","","","","","","","","","","","","","26.35","18.69","-82.67","14.75","11.85","-31.83","0.000000","0.000000","",""
"06:32:04.326","GOREV","","","","","","","","","","","","","","","","","","","","","","","","","","","","26.32","18.68","-82.76","14.66","11.82","-31.87","0.000000","0.000000","",""
"06:32:04.487","GOREV","","","","","","","","","","","","","","","","","","","","","","","","","","","","26.32","18.69","-82.84","14.62","11.82","-31.90","0.000000","0.000000","",""
"06:32:04.677","GOREV","","","","","","","","","","","","","","","","","","","","","","","","","","","","26.34","18.69","-82.93","14.63","11.82","-31.94","0.000000","0.000000","",""
"06:32:04.836","GOREV","","","","","","","","","","","","","","","","","","","","","","","","","","","","26.32","18.68","-83.01","14.68","11.95","-31.97","0.000000","0.000000","",""
"06:32:04.984","GOREV","","","","","","","","","","","","","","","","","","","","","","","","","","","","26.33","18.66","-83.10","14.84","11.80","-32.01","0.000000","0.000000","",""
"06:32:05.166","GOREV","","","","","","","","","","","","","","","","","","","","","","","","","","","","26.34","18.68","-83.18","14.70","11.70","-32.05","0.000000","0.000000","",""
"06:32:05.318","GOREV","","","","","","","","","","","","","","","","","","","","","","","","","","","","26.34","18.68","-83.27","14.57","11.83","-32.08","0.000000","0.000000","",""
"06:32:05.497","GOREV","","","","","","","","","","","","","","","","","","","","","","","","","","","","26.33","18.67","-83.36","14.75","11.83","-32.12","0.000000","0.000000","",""
"06:32:05.651","GOREV","","","","","","","","","","","","","","","","","","","","","","","","","","","","26.32","18.68","-83.44","14.81","11.93","-32.16","0.000000","0.000000","",""
"06:32:05.822","GOREV","","","","","","","","","","","","","","","","","","","","","","","","","","","","26.32","18.68","-83.53","14.63","11.97","-32.20","0.000000","0.000000","",""
"06:32:05.984","GOREV","","","","","","","","","","","","","","","","","","","","","","","","","","","","26.35","18.69","-83.61","14.60","11.84","-32.23","0.000000","0.000000","",""
"06:32:06.165","GOREV","","","","","","","","","","","","","","","","","","","","","","","","","","","","26.35","18.68","-83.70","14.74","11.83","-32.27","0.000000","0.000000","",""
"06:32:06.340","GOREV","","","","","","","","","","","","","","","","","","","","","","","","","","","","26.35","18.66","-83.79","14.63","11.77","-32.31","0.000000","0.000000","",""
"06:32:06.486","GOREV","","","","","","","","","","","","","","","","","","","","","","","","","","","","26.32","18.65","-83.87","14.64","11.81","-32.34","0.000000","0.000000","",""
"06:32:06.660","GOREV","","","","","","","","","","","","","","","","","","","","","","","","","","","","26.33","18.65","-83.96","14.58","11.96","-32.38","0.000000","0.000000","",""
"06:32:06.820","GOREV","","","","","","","","","","","","","","","","","","","","","","","","","","","","26.35","18.67","-84.04","14.61","11.78","-32.42","0.000000","0.000000","",""
"06:32:07.013","GOREV","","","","","","","","","","","","","","","","","","","","","","","","","","","","26.33","18.65","-84.13","14.76","11.97","-32.45","0.000000","0.000000","",""
"06:32:07.154","GOREV","","","","","","","","","","","","","","","","","","","","","","","","","","","","26.32","18.67","-84.22","14.79","11.97","-32.49","0.000000","0.000000","",""
"06:32:07.321","GOREV","","","","","","","","","","","","","","","","","","","","","","","","","","","","26.33","18.66","-84.30","14.43","11.88","-32.52","0.000000","0.000000","",""
"06:32:07.491","GOREV","","","","","","","","","","","","","","","","","","","","","","","","","","","","26.34","18.68","-84.39","14.64","11.96","-32.56","0.000000","0.000000","",""
"06:32:07.655","GOREV","","","","","","","","","","","","","","","","","","","","","","","","","","","","26.32","18.68","-84.47","14.73","11.93","-32.60","0.000000","0.000000","",""
"06:32:07.822","GOREV","","","","","","","","","","","","","","","","","","","","","","","","","","","","26.32","18.64","-84.56","14.59","11.89","-32.63","0.000000","0.000000","",""
"06:32:07.991","GOREV","","","","","","","","","","","","","","","","","","","","","","","","","","","","26.32","18.67","-84.64","14.62","11.85","-32.67","0.000000","0.000000","",""
"06:32:08.157","GOREV","","","","","","","","","","","","","","","","","","","","","","","","","","","","26.32","18.66","-84.73","14.73","11.87","-32.71","0.000000","0.000000","",""
"06:32:08.323","GOREV","","","","","","","","","","","","","","","","","","","","","","","","","","","","26.30","18.65","-84.81","14.76","11.88","-32.74","0.000000","0.000000","",""
"06:32:08.579","GOREV","","","","","","","","","","","","","","","","","","","","","","","","","","","","26.32","18.64","-84.90","14.66","11.92","-32.78","0.000000","0.000000","",""
"06:32:08.656","GOREV","","","","","","","","","","","","","","","","","","","","","","","","","","","","26.33","18.66","-84.98","14.75","11.83","-32.82","0.000000","0.000000","",""
"06:32:08.824","GOREV","","","","","","","","","","","","","","","","","","","","","","","","","","","","26.33","18.64","-85.07","14.69","11.86","-32.85","0.000000","0.000000","",""
"06:32:09.071","GOREV","","","","","","","","","","","","","","","","","","","","","","","","","","","","26.32","18.65","-85.15","14.50","11.91","-32.89","0.000000","0.000000","",""
"06:32:09.157","GOREV","","","","","","","","","","","","","","","","","","","","","","","","","","","","26.35","18.68","-85.24","14.62","11.81","-32.93","0.000000","0.000000","",""
"06:32:09.330","GOREV","","","","","","","","","","","","","","","","","","","","","","","","","","","","26.33","18.63","-85.32","14.63","12.19","-32.96","0.000000","0.000000","",""
"06:32:09.493","GOREV","","","","","","","","","","","","","","","","","","","","","","","","","","","","26.32","18.65","-85.40","14.64","11.92","-33.00","0.000000","0.000000","",""
"06:32:09.661","GOREV","","","","","","","","","","","","","","","","","","","","","","","","","","","","26.32","18.63","-85.49","14.75","12.02","-33.04","0.000000","0.000000","",""
"06:32:09.826","GOREV","","","","","","","","","","","","","","","","","","","","","","","","","","","","26.33","18.67","-85.57","14.68","11.77","-33.07","0.000000","0.000000","",""
"06:32:09.992","GOREV","","","","","","","","","","","","","","","","","","","","","","","","","","","","26.33","18.69","-85.66","14.77","11.87","-33.11","0.000000","0.000000","",""
"06:32:10.162","GOREV","","","","","","","","","","","","","","","","","","","","","","","","","","","","26.32","18.69","-85.75","14.68","11.91","-33.15","0.000000","0.000000","",""
"06:32:10.328","GOREV","","","","","","","","","","","","","","","","","","","","","","","","","","","","26.32","18.70","-85.83","14.77","11.90","-33.18","0.000000","0.000000","",""
"06:32:10.493","GOREV","","","","","","","","","","","","","","","","","","","","","","","","","","","","26.34","18.70","-85.92","14.73","11.97","-33.22","0.000000","0.000000","",""
"06:32:10.661","GOREV","","","","","","","","","","","","","","","","","","","","","","","","","","","","26.33","18.68","-86.00","14.56","11.86","-33.25","0.000000","0.000000","",""
"06:32:10.829","GOREV","","","","","","","","","","","","","","","","","","","","","","","","","","","","26.32","18.69","-86.09","14.51","11.89","-33.30","0.000000","0.000000","",""
"06:32:10.999","GOREV","","","","","","","","","","","","","","","","","","","","","","","","","","","","26.33","18.65","-86.18","14.58","11.98","-33.33","0.000000","0.000000","",""
"06:32:11.160","GOREV","","","","","","","","","","","","","","","","","","","","","","","","","","","","26.33","18.67","-86.26","14.58","11.90","-33.37","0.000000","0.000000","",""
"06:32:11.331","GOREV","","","","","","","","","","","","","","","","","","","","","","","","","","","","26.34","18.67","-86.35","14.70","11.99","-33.40","0.000000","0.000000","",""
"06:32:11.497","GOREV","","","","","","","","","","","","","","","","","","","","","","","","","","","","26.35","18.70","-86.43","14.63","11.93","-33.44","0.000000","0.000000","",""
"06:32:11.662","GOREV","","","","","","","","","","","","","","","","","","","","","","","","","","","","26.33","18.68","-86.51","14.67","11.96","-33.48","0.000000","0.000000","",""
"06:32:11.856","GOREV","","","","","","","","","","","","","","","","","","","","","","","","","","","","26.32","18.68","-86.60","14.67","11.74","-33.52","0.000000","0.000000","",""
"06:32:11.998","GOREV","","","","","","","","","","","","","","","","","","","","","","","","","","","","26.31","18.68","-86.68","14.73","11.88","-33.55","0.000000","0.000000","",""
"06:32:12.161","GOREV","","","","","","","","","","","","","","","","","","","","","","","","","","","","26.30","18.66","-86.76","14.70","11.78","-33.59","0.000000","0.000000","",""
"06:32:12.360","GOREV","","","","","","","","","","","","","","","","","","","","","","","","","","","","26.32","18.66","-86.85","14.74","11.85","-33.63","0.000000","0.000000","",""
"06:32:12.497","GOREV","","","","","","","","","","","","","","","","","","","","","","","","","","","","26.30","18.67","-86.93","14.63","11.91","-33.66","0.000000","0.000000","",""
"06:32:12.686","GOREV","","","","","","","","","","","","","","","","","","","","","","","","","","","","26.31","18.66","-87.02","14.58","11.82","-33.70","0.000000","0.000000","",""
"06:32:12.832","GOREV","","","","","","","","","","","","","","","","","","","","","","","","","","","","26.33","18.66","-87.10","14.76","12.06","-33.74","0.000000","0.000000","",""
"06:32:13.009","GOREV","","","","","","","","","","","","","","","","","","","","","","","","","","","","26.33","18.66","-87.19","14.61","11.90","-33.77","0.000000","0.000000","",""
"06:32:13.163","GOREV","","","","","","","","","","","","","","","","","","","","","","","","","","","","26.31","18.67","-87.27","14.73","11.97","-33.81","0.000000","0.000000","",""
"06:32:13.334","GOREV","","","","","","","","","","","","","","","","","","","","","","","","","","","","26.31","18.67","-87.36","14.68","11.86","-33.85","0.000000","0.000000","",""
"06:32:13.499","GOREV","","","","","","","","","","","","","","","","","","","","","","","","","","","","26.33","18.67","-87.45","14.90","11.73","-33.88","0.000000","0.000000","",""
"06:32:13.665","GOREV","","","","","","","","","","","","","","","","","","","","","","","","","","","","26.33","18.70","-87.53","14.60","11.86","-33.92","0.000000","0.000000","",""
"06:32:13.835","GOREV","","","","","","","","","","","","","","","","","","","","","","","","","","","","26.33","18.68","-87.61","14.54","12.00","-33.95","0.000000","0.000000","",""
"06:32:14.001","GOREV","","","","","","","","","","","","","","","","","","","","","","","","","","","","26.37","18.71","-87.70","14.68","11.89","-33.99","0.000000","0.000000","",""
"06:32:14.168","GOREV","","","","","","","","","","","","","","","","","","","","","","","","","","","","26.33","18.69","-87.78","14.64","11.75","-34.02","0.000000","0.000000","",""
"06:32:14.375","GOREV","","","","","","","","","","","","","","","","","","","","","","","","","","","","26.32","18.66","-87.87","14.51","11.79","-34.06","0.000000","0.000000","",""
"06:32:14.500","GOREV","","","","","","","","","","","","","","","","","","","","","","","","","","","","26.33","18.68","-87.96","14.87","12.00","-34.09","0.000000","0.000000","",""
"06:32:14.666","GOREV","","","","","","","","","","","","","","","","","","","","","","","","","","","","26.34","18.66","-88.04","14.53","12.04","-34.13","0.000000","0.000000","",""
"06:32:14.843","GOREV","","","","","","","","","","","","","","","","","","","","","","","","","","","","26.33","18.68","-88.13","14.65","11.84","-34.17","0.000000","0.000000","",""
"06:32:15.000","GOREV","","","","","","","","","","","","","","","","","","","","","","","","","","","","26.33","18.70","-88.21","14.62","11.99","-34.21","0.000000","0.000000","",""
"06:32:15.167","GOREV","","","","","","","","","","","","","","","","","","","","","","","","","","","","26.33","18.69","-88.30","14.74","11.74","-34.24","0.000000","0.000000","",""
"06:32:15.334","GOREV","","","","","","","","","","","","","","","","","","","","","","","","","","","","26.34","18.67","-88.39","14.75","11.89","-34.28","0.000000","0.000000","",""
"06:32:15.500","GOREV","","","","","","","","","","","","","","","","","","","","","","","","","","","","26.32","18.67","-88.47","14.72","11.88","-34.32","0.000000","0.000000","",""
"06:32:15.668","GOREV","","","","","","","","","","","","","","","","","","","","","","","","","","","","26.34","18.68","-88.56","14.78","11.92","-34.36","0.000000","0.000000","",""
"06:32:15.836","GOREV","","","","","","","","","","","","","","","","","","","","","","","","","","","","26.34","18.68","-88.65","14.53","11.77","-34.39","0.000000","0.000000","",""
"06:32:16.002","GOREV","","","","","","","","","","","","","","","","","","","","","","","","","","","","26.32","18.65","-88.73","14.72","11.92","-34.43","0.000000","0.000000","",""
"06:32:16.171","GOREV","","","","","","","","","","","","","","","","","","","","","","","","","","","","26.32","18.65","-88.82","14.71","11.82","-34.46","0.000000","0.000000","",""
"06:32:16.337","GOREV","","","","","","","","","","","","","","","","","","","","","","","","","","","","26.32","18.68","-88.91","14.80","11.86","-34.50","0.000000","0.000000","",""
"06:32:16.503","GOREV","","","","","","","","","","","","","","","","","","","","","","","","","","","","26.33","18.69","-88.99","14.60","11.91","-34.54","0.000000","0.000000","",""
"06:32:16.674","GOREV","","","","","","","","","","","","","","","","","","","","","","","","","","","","26.33","18.70","-89.08","14.64","11.81","-34.58","0.000000","0.000000","",""
"06:32:16.836","GOREV","","","","","","","","","","","","","","","","","","","","","","","","","","","","26.32","18.68","-89.17","14.56","12.02","-34.61","0.000000","0.000000","",""
"06:32:17.030","GOREV","","","","","","","","","","","","","","","","","","","","","","","","","","","","26.32","18.68","-89.25","14.73","11.89","-34.65","0.000000","0.000000","",""
"06:32:17.170","GOREV","","","","","","","","","","","","","","","","","","","","","","","","","","","","26.32","18.69","-89.33","14.75","11.81","-34.69","0.000000","0.000000","",""
"06:32:17.338","GOREV","","","","","","","","","","","","","","","","","","","","","","","","","","","","26.31","18.69","-89.42","14.88","11.99","-34.72","0.000000","0.000000","",""
"06:32:17.504","GOREV","","","","","","","","","","","","","","","","","","","","","","","","","","","","26.33","18.68","-89.51","14.66","11.87","-34.76","0.000000","0.000000","",""
"06:32:17.671","GOREV","","","","","","","","","","","","","","","","","","","","","","","","","","","","26.33","18.65","-89.59","14.61","11.98","-34.79","0.000000","0.000000","",""
"06:32:17.839","GOREV","","","","","","","","","","","","","","","","","","","","","","","","","","","","26.32","18.67","-89.68","14.70","11.93","-34.83","0.000000","0.000000","",""
"06:32:18.037","GOREV","","","","","","","","","","","","","","","","","","","","","","","","","","","","26.33","18.67","-89.77","14.70","11.96","-34.86","0.000000","0.000000","",""
"06:32:18.177","GOREV","","","","","","","","","","","","","","","","","","","","","","","","","","","","26.31","18.67","-89.85","14.59","11.94","-34.90","0.000000","0.000000","",""
"06:32:18.340","GOREV","","","","","","","","","","","","","","","","","","","","","","","","","","","","26.34","18.67","-89.94","14.72","11.70","-34.94","0.000000","0.000000","",""
"06:32:18.506","GOREV","","","","","","","","","","","","","","","","","","","","","","","","","","","","26.32","18.67","-90.03","14.60","11.80","-34.97","0.000000","0.000000","",""
"06:32:18.673","GOREV","","","","","","","","","","","","","","","","","","","","","","","","","","","","26.33","18.68","-90.11","14.60","11.76","-35.01","0.000000","0.000000","",""
"06:32:18.840","GOREV","","","","","","","","","","","","","","","","","","","","","","","","","","","","26.33","18.69","-90.20","14.71","11.94","-35.05","0.000000","0.000000","",""
"06:32:19.006","GOREV","","","","","","","","","","","","","","","","","","","","","","","","","","","","26.32","18.70","-90.29","14.76","11.82","-35.08","0.000000","0.000000","",""
"06:32:19.194","GOREV","","","","","","","","","","","","","","","","","","","","","","","","","","","","26.34","18.67","-90.37","14.73","11.79","-35.12","0.000000","0.000000","",""
"06:32:19.341","GOREV","","","","","","","","","","","","","","","","","","","","","","","","","","","","26.33","18.67","-90.46","14.61","11.90","-35.16","0.000000","0.000000","",""
"06:32:19.508","GOREV","","","","","","","","","","","","","","","","","","","","","","","","","","","","26.35","18.69","-90.54","14.73","11.64","-35.20","0.000000","0.000000","",""
"06:32:19.678","GOREV","","","","","","","","","","","","","","","","","","","","","","","","","","","","26.34","18.68","-90.63","14.70","11.99","-35.24","0.000000","0.000000","",""
"06:32:19.852","GOREV","","","","","","","","","","","","","","","","","","","","","","","","","","","","26.34","18.68","-90.71","14.77","11.85","-35.27","0.000000","0.000000","",""
"06:32:20.031","GOREV","","","","","","","","","","","","","","","","","","","","","","","","","","","","26.33","18.69","-90.80","14.56","11.76","-35.31","0.000000","0.000000","",""
"06:32:20.180","GOREV","","","","","","","","","","","","","","","","","","","","","","","","","","","","26.34","18.69","-90.89","14.69","11.85","-35.35","0.000000","0.000000","",""
"06:32:20.347","GOREV","","","","","","","","","","","","","","","","","","","","","","","","","","","","26.33","18.69","-90.97","14.62","11.83","-35.38","0.000000","0.000000","",""
"06:32:20.517","GOREV","","","","","","","","","","","","","","","","","","","","","","","","","","","","26.34","18.72","-91.06","14.68","11.71","-35.42","0.000000","0.000000","",""
"06:32:20.683","GOREV","","","","","","","","","","","","","","","","","","","","","","","","","","","","26.32","18.69","-91.14","14.63","11.77","-35.45","0.000000","0.000000","",""
"06:32:20.843","GOREV","","","","","","","","","","","","","","","","","","","","","","","","","","","","26.30","18.69","-91.23","14.70","12.01","-35.49","0.000000","0.000000","",""
"06:32:21.019","GOREV","","","","","","","","","","","","","","","","","","","","","","","","","","","","26.31","18.69","-91.32","14.77","11.84","-35.53","0.000000","0.000000","",""
"06:32:21.193","GOREV","","","","","","","","","","","","","","","","","","","","","","","","","","","","26.33","18.66","-91.40","14.57","11.77","-35.56","0.000000","0.000000","",""
"06:32:21.344","GOREV","","","","","","","","","","","","","","","","","","","","","","","","","","","","26.35","18.66","-91.49","14.71","11.87","-35.60","0.000000","0.000000","",""
"06:32:21.517","GOREV","","","","","","","","","","","","","","","","","","","","","","","","","","","","26.33","18.65","-91.58","14.59","11.96","-35.63","0.000000","0.000000","",""
"06:32:21.677","GOREV","","","","","","","","","","","","","","","","","","","","","","","","","","","","26.30","18.64","-91.66","14.74","12.00","-35.67","0.000000","0.000000","",""
"06:32:21.850","GOREV","","","","","","","","","","","","","","","","","","","","","","","","","","","","26.32","18.64","-91.75","14.61","11.77","-35.71","0.000000","0.000000","",""
"06:32:22.011","GOREV","","","","","","","","","","","","","","","","","","","","","","","","","","","","26.32","18.67","-91.83","14.66","11.95","-35.75","0.000000","0.000000","",""
"06:32:22.214","GOREV","","","","","","","","","","","","","","","","","","","","","","","","","","","","26.34","18.68","-91.92","14.66","11.93","-35.79","0.000000","0.000000","",""
"06:32:22.346","GOREV","","","","","","","","","","","","","","","","","","","","","","","","","","","","26.33","18.67","-92.01","14.80","11.90","-35.82","0.000000","0.000000","",""
"06:32:22.531","GOREV","","","","","","","","","","","","","","","","","","","","","","","","","","","","26.34","18.69","-92.09","14.45","11.82","-35.86","0.000000","0.000000","",""
"06:32:22.689","GOREV","","","","","","","","","","","","","","","","","","","","","","","","","","","","26.30","18.69","-92.18","14.68","11.77","-35.90","0.000000","0.000000","",""
"06:32:22.847","GOREV","","","","","","","","","","","","","","","","","","","","","","","","","","","","26.32","18.71","-92.26","14.74","11.97","-35.94","0.000000","0.000000","",""
"06:32:23.026","GOREV","","","","","","","","","","","","","","","","","","","","","","","","","","","","26.32","18.68","-92.34","14.73","11.81","-35.98","0.000000","0.000000","",""
"06:32:23.180","GOREV","","","","","","","","","","","","","","","","","","","","","","","","","","","","26.35","18.69","-92.43","14.70","11.81","-36.01","0.000000","0.000000","",""
"06:32:23.346","GOREV","","","","","","","","","","","","","","","","","","","","","","","","","","","","26.33","18.69","-92.52","14.69","11.82","-36.05","0.000000","0.000000","",""
"06:32:23.514","GOREV","","","","","","","","","","","","","","","","","","","","","","","","","","","","26.36","18.69","-92.60","14.67","11.98","-36.08","0.000000","0.000000","",""
"06:32:23.681","GOREV","","","","","","","","","","","","","","","","","","","","","","","","","","","","26.35","18.71","-92.69","14.71","11.91","-36.12","0.000000","0.000000","",""
"06:32:23.853","GOREV","","","","","","","","","","","","","","","","","","","","","","","","","","","","26.37","18.70","-92.77","14.63","11.83","-36.16","0.000000","0.000000","",""
"06:32:24.031","GOREV","","","","","","","","","","","","","","","","","","","","","","","","","","","","26.36","18.69","-92.86","14.57","11.81","-36.20","0.000000","0.000000","",""
"06:32:24.204","GOREV","","","","","","","","","","","","","","","","","","","","","","","","","","","","26.35","18.70","-92.94","14.58","12.07","-36.24","0.000000","0.000000","",""
"06:32:24.349","GOREV","","","","","","","","","","","","","","","","","","","","","","","","","","","","26.33","18.69","-93.03","14.67","11.83","-36.27","0.000000","0.000000","",""
"06:32:24.519","GOREV","","","","","","","","","","","","","","","","","","","","","","","","","","","","26.33","18.69","-93.12","14.60","11.84","-36.31","0.000000","0.000000","",""
"06:32:24.708","GOREV","","","","","","","","","","","","","","","","","","","","","","","","","","","","26.31","18.69","-93.20","14.57","12.00","-36.34","0.000000","0.000000","",""
"06:32:24.849","GOREV","","","","","","","","","","","","","","","","","","","","","","","","","","","","26.32","18.68","-93.29","14.67","11.93","-36.38","0.000000","0.000000","",""
"06:32:25.017","GOREV","","","","","","","","","","","","","","","","","","","","","","","","","","","","26.32","18.66","-93.37","14.78","12.00","-36.42","0.000000","0.000000","",""
"06:32:25.201","GOREV","","","","","","","","","","","","","","","","","","","","","","","","","","","","26.33","18.67","-93.46","14.65","11.91","-36.45","0.000000","0.000000","",""
"06:32:25.350","GOREV","","","","","","","","","","","","","","","","","","","","","","","","","","","","26.32","18.68","-93.55","14.60","11.90","-36.49","0.000000","0.000000","",""
"06:32:25.523","GOREV","","","","","","","","","","","","","","","","","","","","","","","","","","","","26.33","18.67","-93.63","14.64","11.77","-36.53","0.000000","0.000000","",""
"06:32:25.693","GOREV","","","","","","","","","","","","","","","","","","","","","","","","","","","","26.35","18.69","-93.72","14.50","11.83","-36.56","0.000000","0.000000","",""
"06:32:25.851","GOREV","","","","","","","","","","","","","","","","","","","","","","","","","","","","26.33","18.68","-93.80","14.50","11.82","-36.60","0.000000","0.000000","",""
"06:32:26.023","GOREV","","","","","","","","","","","","","","","","","","","","","","","","","","","","26.33","18.67","-93.89","14.58","11.77","-36.64","0.000000","0.000000","",""
"06:32:26.188","GOREV","","","","","","","","","","","","","","","","","","","","","","","","","","","","26.33","18.67","-93.97","14.59","11.91","-36.67","0.000000","0.000000","",""
"06:32:26.354","GOREV","","","","","","","","","","","","","","","","","","","","","","","","","","","","26.34","18.68","-94.06","14.70","11.83","-36.71","0.000000","0.000000","",""
"06:32:26.538","GOREV","","","","","","","","","","","","","","","","","","","","","","","","","","","","26.33","18.68","-94.14","14.64","11.82","-36.75","0.000000","0.000000","",""
"06:32:26.689","GOREV","","","","","","","","","","","","","","","","","","","","","","","","","","","","26.33","18.70","-94.23","14.70","11.90","-36.78","0.000000","0.000000","",""
"06:32:26.854","GOREV","","","","","","","","","","","","","","","","","","","","","","","","","","","","26.35","18.67","-94.32","14.55","11.84","-36.82","0.000000","0.000000","",""
"06:32:27.053","GOREV","","","","","","","","","","","","","","","","","","","","","","","","","","","","26.34","18.66","-94.40","14.63","11.84","-36.85","0.000000","0.000000","",""
"06:32:27.189","GOREV","","","","","","","","","","","","","","","","","","","","","","","","","","","","26.34","18.65","-94.49","14.69","11.86","-36.89","0.000000","0.000000","",""
"06:32:27.354","GOREV","","","","","","","","","","","","","","","","","","","","","","","","","","","","26.34","18.67","-94.58","14.64","12.00","-36.93","0.000000","0.000000","",""
"06:32:27.538","GOREV","","","","","","","","","","","","","","","","","","","","","","","","","","","","26.30","18.67","-94.66","14.63","12.01","-36.97","0.000000","0.000000","",""
"06:32:27.688","GOREV","","","","","","","","","","","","","","","","","","","","","","","","","","","","26.31","18.68","-94.75","14.78","12.04","-37.00","0.000000","0.000000","",""
"06:32:27.859","GOREV","","","","","","","","","","","","","","","","","","","","","","","","","","","","26.32","18.68","-94.83","14.78","11.78","-37.04","0.000000","0.000000","",""
"06:32:28.025","GOREV","","","","","","","","","","","","","","","","","","","","","","","","","","","","26.32","18.69","-94.92","14.69","11.70","-37.08","0.000000","0.000000","",""
"06:32:28.188","GOREV","","","","","","","","","","","","","","","","","","","","","","","","","","","","26.31","18.69","-95.00","14.64","11.88","-37.11","0.000000","0.000000","",""
"06:32:28.373","GOREV","","","","","","","","","","","","","","","","","","","","","","","","","","","","26.33","18.67","-95.09","14.62","11.96","-37.15","0.000000","0.000000","",""
"06:32:28.527","GOREV","","","","","","","","","","","","","","","","","","","","","","","","","","","","26.34","18.69","-95.18","14.75","11.92","-37.19","0.000000","0.000000","",""
"06:32:28.690","GOREV","","","","","","","","","","","","","","","","","","","","","","","","","","","","26.34","18.68","-95.26","14.75","11.85","-37.23","0.000000","0.000000","",""
"06:32:28.888","GOREV","","","","","","","","","","","","","","","","","","","","","","","","","","","","26.36","18.66","-95.34","14.61","11.83","-37.26","0.000000","0.000000","",""
"06:32:29.030","GOREV","","","","","","","","","","","","","","","","","","","","","","","","","","","","26.34","18.68","-95.43","14.71","12.01","-37.30","0.000000","0.000000","",""
"06:32:29.209","GOREV","","","","","","","","","","","","","","","","","","","","","","","","","","","","26.32","18.70","-95.51","14.66","11.83","-37.34","0.000000","0.000000","",""
"06:32:29.357","GOREV","","","","","","","","","","","","","","","","","","","","","","","","","","","","26.31","18.69","-95.60","14.55","11.87","-37.37","0.000000","0.000000","",""
"06:32:29.540","GOREV","","","","","","","","","","","","","","","","","","","","","","","","","","","","26.31","18.70","-95.69","14.66","11.71","-37.41","0.000000","0.000000","",""
"06:32:29.691","GOREV","","","","","","","","","","","","","","","","","","","","","","","","","","","","26.33","18.71","-95.77","14.67","11.87","-37.45","0.000000","0.000000","",""
"06:32:29.859","GOREV","","","","","","","","","","","","","","","","","","","","","","","","","","","","26.33","18.69","-95.86","14.85","12.01","-37.49","0.000000","0.000000","",""
"06:32:30.195","GOREV","","","","","","","","","","","","","","","","","","","","","","","","","","","","26.35","18.69","-96.03","14.61","11.92","-37.56","0.000000","0.000000","",""
"06:32:30.371","GOREV","","","","","","","","","","","","","","","","","","","","","","","","","","","","26.33","18.67","-96.11","14.68","11.94","-37.59","0.000000","0.000000","",""
"06:32:30.530","GOREV","","","","","","","","","","","","","","","","","","","","","","","","","","","","26.32","18.68","-96.20","14.77","11.86","-37.63","0.000000","0.000000","",""
"06:32:30.694","GOREV","","","","","","","","","","","","","","","","","","","","","","","","","","","","26.34","18.71","-96.28","14.67","11.97","-37.67","0.000000","0.000000","",""
"06:32:30.861","GOREV","","","","","","","","","","","","","","","","","","","","","","","","","","","","26.33","18.73","-96.37","14.55","11.88","-37.70","0.000000","0.000000","",""
"06:32:31.027","GOREV","","","","","","","","","","","","","","","","","","","","","","","","","","","","26.32","18.71","-96.45","14.68","11.71","-37.74","0.000000","0.000000","",""
"06:32:31.193","GOREV","","","","","","","","","","","","","","","","","","","","","","","","","","","","26.34","18.69","-96.54","14.65","12.00","-37.78","0.000000","0.000000","",""
"06:32:31.376","GOREV","","","","","","","","","","","","","","","","","","","","","","","","","","","","26.32","18.67","-96.62","14.75","11.68","-37.82","0.000000","0.000000","",""
"06:32:31.553","GOREV","","","","","","","","","","","","","","","","","","","","","","","","","","","","26.32","18.67","-96.71","14.52","11.89","-37.86","0.000000","0.000000","",""
"06:32:31.694","GOREV","","","","","","","","","","","","","","","","","","","","","","","","","","","","26.33","18.65","-96.80","14.68","11.92","-37.89","0.000000","0.000000","",""
"06:32:31.861","GOREV","","","","","","","","","","","","","","","","","","","","","","","","","","","","26.34","18.65","-96.88","14.77","11.81","-37.93","0.000000","0.000000","",""
"06:32:32.027","GOREV","","","","","","","","","","","","","","","","","","","","","","","","","","","","26.32","18.66","-96.97","14.52","11.88","-37.96","0.000000","0.000000","",""
"06:32:32.194","GOREV","","","","","","","","","","","","","","","","","","","","","","","","","","","","26.32","18.67","-97.06","14.69","11.79","-38.00","0.000000","0.000000","",""
"06:32:32.364","GOREV","","","","","","","","","","","","","","","","","","","","","","","","","","","","26.31","18.68","-97.14","14.60","11.94","-38.04","0.000000","0.000000","",""
"06:32:32.528","GOREV","","","","","","","","","","","","","","","","","","","","","","","","","","","","26.31","18.70","-97.23","14.79","12.00","-38.08","0.000000","0.000000","",""
"06:32:32.695","GOREV","","","","","","","","","","","","","","","","","","","","","","","","","","","","26.31","18.69","-97.31","14.76","11.77","-38.11","0.000000","0.000000","",""
"06:32:32.865","GOREV","","","","","","","","","","","","","","","","","","","","","","","","","","","","26.29","18.69","-97.39","14.71","11.95","-38.15","0.000000","0.000000","",""
"06:32:33.034","GOREV","","","","","","","","","","","","","","","","","","","","","","","","","","","","26.30","18.70","-97.48","14.81","11.90","-38.19","0.000000","0.000000","",""
"06:32:33.197","GOREV","","","","","","","","","","","","","","","","","","","","","","","","","","","","26.31","18.69","-97.56","14.71","11.92","-38.22","0.000000","0.000000","",""
"06:32:33.385","GOREV","","","","","","","","","","","","","","","","","","","","","","","","","","","","26.33","18.69","-97.65","14.56","11.85","-38.26","0.000000","0.000000","",""
"06:32:33.532","GOREV","","","","","","","","","","","","","","","","","","","","","","","","","","","","26.34","18.68","-97.74","14.74","12.05","-38.29","0.000000","0.000000","",""
"06:32:33.697","GOREV","","","","","","","","","","","","","","","","","","","","","","","","","","","","26.35","18.69","-97.82","14.57","11.96","-38.33","0.000000","0.000000","",""
"06:32:33.864","GOREV","","","","","","","","","","","","","","","","","","","","","","","","","","","","26.33","18.70","-97.91","14.60","11.91","-38.37","0.000000","0.000000","",""
"06:32:34.063","GOREV","","","","","","","","","","","","","","","","","","","","","","","","","","","","26.32","18.71","-98.00","14.59","11.76","-38.40","0.000000","0.000000","",""
"06:32:34.198","GOREV","","","","","","","","","","","","","","","","","","","","","","","","","","","","26.32","18.69","-98.08","14.68","11.95","-38.44","0.000000","0.000000","",""
"06:32:34.368","GOREV","","","","","","","","","","","","","","","","","","","","","","","","","","","","26.31","18.67","-98.17","14.52","11.86","-38.47","0.000000","0.000000","",""
"06:32:34.556","GOREV","","","","","","","","","","","","","","","","","","","","","","","","","","","","26.32","18.64","-98.25","14.54","12.00","-38.51","0.000000","0.000000","",""
"06:32:34.705","GOREV","","","","","","","","","","","","","","","","","","","","","","","","","","","","26.32","18.66","-98.34","14.73","11.87","-38.54","0.000000","0.000000","",""
"06:32:34.870","GOREV","","","","","","","","","","","","","","","","","","","","","","","","","","","","26.33","18.68","-98.42","14.70","11.94","-38.58","0.000000","0.000000","",""
"06:32:35.033","GOREV","","","","","","","","","","","","","","","","","","","","","","","","","","","","26.34","18.66","-98.51","14.60","11.70","-38.62","0.000000","0.000000","",""
"06:32:35.225","GOREV","","","","","","","","","","","","","","","","","","","","","","","","","","","","26.34","18.67","-98.59","14.70","11.96","-38.65","0.000000","0.000000","",""
"06:32:35.371","GOREV","","","","","","","","","","","","","","","","","","","","","","","","","","","","26.35","18.66","-98.68","14.58","11.86","-38.69","0.000000","0.000000","",""
"06:32:35.537","GOREV","","","","","","","","","","","","","","","","","","","","","","","","","","","","26.35","18.67","-98.76","14.64","11.80","-38.73","0.000000","0.000000","",""
"06:32:35.718","GOREV","","","","","","","","","","","","","","","","","","","","","","","","","","","","26.33","18.67","-98.85","14.72","11.83","-38.76","0.000000","0.000000","",""
"06:32:35.868","GOREV","","","","","","","","","","","","","","","","","","","","","","","","","","","","26.35","18.71","-98.93","14.66","11.83","-38.80","0.000000","0.000000","",""
"06:32:36.041","GOREV","","","","","","","","","","","","","","","","","","","","","","","","","","","","26.35","18.70","-99.02","14.67","11.79","-38.84","0.000000","0.000000","",""
"06:32:36.201","GOREV","","","","","","","","","","","","","","","","","","","","","","","","","","","","26.35","18.72","-99.10","14.63","11.87","-38.88","0.000000","0.000000","",""
"06:32:36.373","GOREV","","","","","","","","","","","","","","","","","","","","","","","","","","","","26.34","18.70","-99.19","14.62","11.86","-38.91","0.000000","0.000000","",""
"06:32:36.535","GOREV","","","","","","","","","","","","","","","","","","","","","","","","","","","","26.35","18.70","-99.27","14.73","11.89","-38.95","0.000000","0.000000","",""
"06:32:36.707","GOREV","","","","","","","","","","","","","","","","","","","","","","","","","","","","26.34","18.69","-99.36","14.74","11.80","-38.99","0.000000","0.000000","",""
"06:32:36.873","GOREV","","","","","","","","","","","","","","","","","","","","","","","","","","","","26.34","18.69","-99.44","14.49","11.82","-39.02","0.000000","0.000000","",""
"06:32:37.035","GOREV","","","","","","","","","","","","","","","","","","","","","","","","","","","","26.35","18.68","-99.52","14.62","11.86","-39.06","0.000000","0.000000","",""
"06:32:37.214","GOREV","","","","","","","","","","","","","","","","","","","","","","","","","","","","26.33","18.68","-99.61","14.64","11.75","-39.10","0.000000","0.000000","",""
"06:32:37.383","GOREV","","","","","","","","","","","","","","","","","","","","","","","","","","","","26.33","18.67","-99.69","14.65","11.99","-39.14","0.000000","0.000000","",""
"06:32:37.559","GOREV","","","","","","","","","","","","","","","","","","","","","","","","","","","","26.33","18.66","-99.78","14.74","11.86","-39.17","0.000000","0.000000","",""
"06:32:37.704","GOREV","","","","","","","","","","","","","","","","","","","","","","","","","","","","26.33","18.64","-99.87","14.82","11.87","-39.21","0.000000","0.000000","",""
"06:32:37.871","GOREV","","","","","","","","","","","","","","","","","","","","","","","","","","","","26.34","18.65","-99.95","14.69","11.88","-39.25","0.000000","0.000000","",""
"06:32:38.049","GOREV","","","","","","","","","","","","","","","","","","","","","","","","","","","","26.31","18.64","-100.04","14.79","11.92","-39.28","0.000000","0.000000","",""
"06:32:38.208","GOREV","","","","","","","","","","","","","","","","","","","","","","","","","","","","26.31","18.67","-100.12","14.65","11.83","-39.32","0.000000","0.000000","",""
"06:32:38.376","GOREV","","","","","","","","","","","","","","","","","","","","","","","","","","","","26.33","18.67","-100.21","14.71","11.93","-39.36","0.000000","0.000000","",""
"06:32:38.542","GOREV","","","","","","","","","","","","","","","","","","","","","","","","","","","","26.35","18.69","-100.29","14.68","11.88","-39.40","0.000000","0.000000","",""
"06:32:38.710","GOREV","","","","","","","","","","","","","","","","","","","","","","","","","","","","26.35","18.70","-100.38","14.63","11.93","-39.43","0.000000","0.000000","",""
"06:32:38.885","GOREV","","","","","","","","","","","","","","","","","","","","","","","","","","","","26.30","18.68","-100.46","14.53","11.94","-39.47","0.000000","0.000000","",""
"06:32:39.048","GOREV","","","","","","","","","","","","","","","","","","","","","","","","","","","","26.30","18.68","-100.55","14.55","11.92","-39.51","0.000000","0.000000","",""
"06:32:39.213","GOREV","","","","","","","","","","","","","","","","","","","","","","","","","","","","26.30","18.65","-100.63","14.80","11.63","-39.54","0.000000","0.000000","",""
"06:32:39.384","GOREV","","","","","","","","","","","","","","","","","","","","","","","","","","","","26.30","18.65","-100.72","14.71","11.91","-39.58","0.000000","0.000000","",""
"06:32:39.550","GOREV","","","","","","","","","","","","","","","","","","","","","","","","","","","","26.33","18.69","-100.80","14.66","12.04","-39.61","0.000000","0.000000","",""
"06:32:39.720","GOREV","","","","","","","","","","","","","","","","","","","","","","","","","","","","26.35","18.71","-100.89","14.62","11.95","-39.65","0.000000","0.000000","",""
"06:32:39.906","GOREV","","","","","","","","","","","","","","","","","","","","","","","","","","","","26.32","18.68","-100.97","14.66","11.89","-39.69","0.000000","0.000000","",""
"06:32:40.074","GOREV","","","","","","","","","","","","","","","","","","","","","","","","","","","","26.35","18.65","-101.06","14.63","11.87","-39.73","0.000000","0.000000","",""
"06:32:40.230","GOREV","","","","","","","","","","","","","","","","","","","","","","","","","","","","26.35","18.69","-101.14","14.65","11.99","-39.76","0.000000","0.000000","",""
"06:32:40.389","GOREV","","","","","","","","","","","","","","","","","","","","","","","","","","","","26.36","18.71","-101.23","14.68","11.86","-39.80","0.000000","0.000000","",""
"06:32:40.559","GOREV","","","","","","","","","","","","","","","","","","","","","","","","","","","","26.37","18.70","-101.31","14.56","11.97","-39.84","0.000000","0.000000","",""
"06:32:40.732","GOREV","","","","","","","","","","","","","","","","","","","","","","","","","","","","26.37","18.69","-101.40","14.67","11.86","-39.88","0.000000","0.000000","",""
"06:32:40.893","GOREV","","","","","","","","","","","","","","","","","","","","","","","","","","","","26.35","18.66","-101.48","14.54","11.72","-39.92","0.000000","0.000000","",""
"06:32:41.064","GOREV","","","","","","","","","","","","","","","","","","","","","","","","","","","","26.32","18.66","-101.57","14.51","11.91","-39.95","0.000000","0.000000","",""
"06:32:41.228","GOREV","","","","","","","","","","","","","","","","","","","","","","","","","","","","26.32","18.66","-101.66","14.66","11.93","-39.99","0.000000","0.000000","",""
"06:32:41.417","GOREV","","","","","","","","","","","","","","","","","","","","","","","","","","","","26.32","18.64","-101.74","14.48","11.89","-40.03","0.000000","0.000000","",""
"06:32:41.567","GOREV","","","","","","","","","","","","","","","","","","","","","","","","","","","","26.31","18.65","-101.83","14.71","11.78","-40.07","0.000000","0.000000","",""
"06:32:41.734","GOREV","","","","","","","","","","","","","","","","","","","","","","","","","","","","26.33","18.64","-101.91","14.53","11.76","-40.10","0.000000","0.000000","",""
"06:32:41.901","GOREV","","","","","","","","","","","","","","","","","","","","","","","","","","","","26.34","18.67","-102.00","14.68","11.86","-40.14","0.000000","0.000000","",""
"06:32:42.082","GOREV","","","","","","","","","","","","","","","","","","","","","","","","","","","","26.35","18.66","-102.08","14.67","11.92","-40.17","0.000000","0.000000","",""
"06:32:42.240","GOREV","","","","","","","","","","","","","","","","","","","","","","","","","","","","26.36","18.68","-102.17","14.70","11.76","-40.21","0.000000","0.000000","",""
"06:32:42.408","GOREV","","","","","","","","","","","","","","","","","","","","","","","","","","","","26.35","18.69","-102.25","14.70","11.89","-40.24","0.000000","0.000000","",""
"06:32:42.573","GOREV","","","","","","","","","","","","","","","","","","","","","","","","","","","","26.36","18.68","-102.34","14.63","12.03","-40.28","0.000000","0.000000","",""
"06:32:42.769","GOREV","","","","","","","","","","","","","","","","","","","","","","","","","","","","26.33","18.70","-102.42","14.69","11.80","-40.31","0.000000","0.000000","",""
"06:32:42.934","GOREV","","","","","","","","","","","","","","","","","","","","","","","","","","","","26.32","18.69","-102.51","14.72","11.92","-40.35","0.000000","0.000000","",""
"06:32:43.076","GOREV","","","","","","","","","","","","","","","","","","","","","","","","","","","","26.31","18.65","-102.59","14.69","11.86","-40.39","0.000000","0.000000","",""
"06:32:43.247","GOREV","","","","","","","","","","","","","","","","","","","","","","","","","","","","26.31","18.64","-102.68","14.56","11.81","-40.42","0.000000","0.000000","",""
"06:32:43.412","GOREV","","","","","","","","","","","","","","","","","","","","","","","","","","","","26.32","18.67","-102.77","14.55","11.74","-40.46","0.000000","0.000000","",""
"06:32:43.580","GOREV","","","","","","","","","","","","","","","","","","","","","","","","","","","","26.34","18.65","-102.85","14.81","11.84","-40.50","0.000000","0.000000","",""
"06:32:43.748","GOREV","","","","","","","","","","","","","","","","","","","","","","","","","","","","26.34","18.65","-102.94","14.71","11.89","-40.53","0.000000","0.000000","",""
"06:32:43.918","GOREV","","","","","","","","","","","","","","","","","","","","","","","","","","","","26.34","18.68","-103.02","14.61","11.85","-40.57","0.000000","0.000000","",""
"06:32:44.083","GOREV","","","","","","","","","","","","","","","","","","","","","","","","","","","","26.30","18.68","-103.11","14.61","11.87","-40.60","0.000000","0.000000","",""
"06:32:44.252","GOREV","","","","","","","","","","","","","","","","","","","","","","","","","","","","26.30","18.68","-103.20","14.70","12.00","-40.64","0.000000","0.000000","",""
"06:32:44.449","GOREV","","","","","","","","","","","","","","","","","","","","","","","","","","","","26.31","18.68","-103.28","14.64","11.95","-40.68","0.000000","0.000000","",""
"06:32:44.588","GOREV","","","","","","","","","","","","","","","","","","","","","","","","","","","","26.32","18.70","-103.36","14.56","11.86","-40.71","0.000000","0.000000","",""
"06:32:44.761","GOREV","","","","","","","","","","","","","","","","","","","","","","","","","","","","26.31","18.67","-103.45","14.66","11.81","-40.75","0.000000","0.000000","",""
"06:32:44.941","GOREV","","","","","","","","","","","","","","","","","","","","","","","","","","","","26.34","18.69","-103.54","14.72","11.65","-40.79","0.000000","0.000000","",""
"06:32:45.100","GOREV","","","","","","","","","","","","","","","","","","","","","","","","","","","","26.34","18.70","-103.62","14.78","12.07","-40.82","0.000000","0.000000","",""
"06:32:45.262","GOREV","","","","","","","","","","","","","","","","","","","","","","","","","","","","26.33","18.68","-103.71","14.69","11.79","-40.86","0.000000","0.000000","",""
"06:32:45.428","GOREV","","","","","","","","","","","","","","","","","","","","","","","","","","","","26.34","18.70","-103.79","14.64","11.93","-40.89","0.000000","0.000000","",""
"06:32:45.597","GOREV","","","","","","","","","","","","","","","","","","","","","","","","","","","","26.31","18.69","-103.88","14.70","11.63","-40.93","0.000000","0.000000","",""
"06:32:45.764","GOREV","","","","","","","","","","","","","","","","","","","","","","","","","","","","26.33","18.68","-103.96","14.71","11.83","-40.97","0.000000","0.000000","",""
"06:32:45.952","GOREV","","","","","","","","","","","","","","","","","","","","","","","","","","","","26.33","18.70","-104.05","14.68","11.87","-41.00","0.000000","0.000000","",""
"06:32:46.099","GOREV","","","","","","","","","","","","","","","","","","","","","","","","","","","","26.34","18.69","-104.13","14.58","11.86","-41.04","0.000000","0.000000","",""
"06:32:46.270","GOREV","","","","","","","","","","","","","","","","","","","","","","","","","","","","26.35","18.70","-104.22","14.61","11.81","-41.08","0.000000","0.000000","",""
"06:32:46.440","GOREV","","","","","","","","","","","","","","","","","","","","","","","","","","","","26.35","18.71","-104.30","14.46","11.85","-41.12","0.000000","0.000000","",""
"06:32:46.602","GOREV","","","","","","","","","","","","","","","","","","","","","","","","","","","","26.35","18.70","-104.39","14.69","11.96","-41.16","0.000000","0.000000","",""
"06:32:46.804","GOREV","","","","","","","","","","","","","","","","","","","","","","","","","","","","26.34","18.67","-104.47","14.66","11.86","-41.19","0.000000","0.000000","",""
"06:32:46.941","GOREV","","","","","","","","","","","","","","","","","","","","","","","","","","","","26.35","18.67","-104.56","14.82","11.98","-41.23","0.000000","0.000000","",""
"06:32:47.107","GOREV","","","","","","","","","","","","","","","","","","","","","","","","","","","","26.37","18.70","-104.64","14.60","11.84","-41.27","0.000000","0.000000","",""
"06:32:47.281","GOREV","","","","","","","","","","","","","","","","","","","","","","","","","","","","26.35","18.70","-104.73","14.70","11.82","-41.31","0.000000","0.000000","",""
"06:32:47.454","GOREV","","","","","","","","","","","","","","","","","","","","","","","","","","","","26.35","18.71","-104.81","14.63","11.87","-41.34","0.000000","0.000000","",""
"06:32:47.613","GOREV","","","","","","","","","","","","","","","","","","","","","","","","","","","","26.37","18.72","-104.90","14.58","11.79","-41.38","0.000000","0.000000","",""
"06:32:47.781","GOREV","","","","","","","","","","","","","","","","","","","","","","","","","","","","26.34","18.70","-104.98","14.67","11.91","-41.41","0.000000","0.000000","",""
"06:32:47.948","GOREV","","","","","","","","","","","","","","","","","","","","","","","","","","","","26.30","18.69","-105.07","14.55","11.85","-41.45","0.000000","0.000000","",""
"06:32:48.118","GOREV","","","","","","","","","","","","","","","","","","","","","","","","","","","","26.33","18.70","-105.15","14.75","12.05","-41.49","0.000000","0.000000","",""
"06:32:48.286","GOREV","","","","","","","","","","","","","","","","","","","","","","","","","","","","26.32","18.67","-105.24","14.71","11.85","-41.52","0.000000","0.000000","",""
"06:32:48.457","GOREV","","","","","","","","","","","","","","","","","","","","","","","","","","","","26.32","18.66","-105.33","14.54","11.82","-41.56","0.000000","0.000000","",""
"06:32:48.620","GOREV","","","","","","","","","","","","","","","","","","","","","","","","","","","","26.33","18.64","-105.41","14.66","11.97","-41.60","0.000000","0.000000","",""
"06:32:48.799","GOREV","","","","","","","","","","","","","","","","","","","","","","","","","","","","26.33","18.65","-105.50","14.63","11.93","-41.63","0.000000","0.000000","",""
"06:32:48.954","GOREV","","","","","","","","","","","","","","","","","","","","","","","","","","","","26.35","18.69","-105.59","14.67","11.84","-41.67","0.000000","0.000000","",""
"06:32:49.137","GOREV","","","","","","","","","","","","","","","","","","","","","","","","","","","","26.36","18.70","-105.67","14.76","11.95","-41.71","0.000000","0.000000","",""
"06:32:49.296","GOREV","","","","","","","","","","","","","","","","","","","","","","","","","","","","26.37","18.73","-105.76","14.65","11.96","-41.74","0.000000","0.000000","",""
"06:32:49.460","GOREV","","","","","","","","","","","","","","","","","","","","","","","","","","","","26.36","18.73","-105.84","14.62","11.94","-41.78","0.000000","0.000000","",""
"06:32:49.627","GOREV","","","","","","","","","","","","","","","","","","","","","","","","","","","","26.36","18.72","-105.93","14.55","11.87","-41.82","0.000000","0.000000","",""
"06:32:49.799","GOREV","","","","","","","","","","","","","","","","","","","","","","","","","","","","26.35","18.69","-106.02","14.52","12.01","-41.85","0.000000","0.000000","",""
"06:32:49.963","GOREV","","","","","","","","","","","","","","","","","","","","","","","","","","","","26.35","18.67","-106.10","14.64","11.82","-41.89","0.000000","0.000000","",""
"06:32:50.131","GOREV","","","","","","","","","","","","","","","","","","","","","","","","","","","","26.32","18.67","-106.18","14.65","11.89","-41.92","0.000000","0.000000","",""
"06:32:50.303","GOREV","","","","","","","","","","","","","","","","","","","","","","","","","","","","26.31","18.68","-106.27","14.82","12.01","-41.96","0.000000","0.000000","",""
"06:32:50.466","GOREV","","","","","","","","","","","","","","","","","","","","","","","","","","","","26.30","18.67","-106.36","14.52","11.85","-42.00","0.000000","0.000000","",""
"06:32:50.640","GOREV","","","","","","","","","","","","","","","","","","","","","","","","","","","","26.32","18.68","-106.44","14.58","11.98","-42.04","0.000000","0.000000","",""
"06:32:50.802","GOREV","","","","","","","","","","","","","","","","","","","","","","","","","","","","26.33","18.68","-106.53","14.71","11.93","-42.07","0.000000","0.000000","",""
"06:32:50.972","GOREV","","","","","","","","","","","","","","","","","","","","","","","","","","","","26.33","18.68","-106.62","14.68","11.91","-42.10","0.000000","0.000000","",""
"06:32:51.165","GOREV","","","","","","","","","","","","","","","","","","","","","","","","","","","","26.33","18.69","-106.70","14.64","11.81","-42.14","0.000000","0.000000","",""
"06:32:51.306","GOREV","","","","","","","","","","","","","","","","","","","","","","","","","","","","26.34","18.69","-106.79","14.73","11.83","-42.18","0.000000","0.000000","",""
"06:32:51.490","GOREV","","","","","","","","","","","","","","","","","","","","","","","","","","","","26.37","18.70","-106.87","14.72","11.86","-42.21","0.000000","0.000000","",""
"06:32:51.643","GOREV","","","","","","","","","","","","","","","","","","","","","","","","","","","","26.35","18.69","-106.96","14.83","11.93","-42.25","0.000000","0.000000","",""
"06:32:51.812","GOREV","","","","","","","","","","","","","","","","","","","","","","","","","","","","26.35","18.69","-107.05","14.74","11.94","-42.29","0.000000","0.000000","",""
"06:32:51.977","GOREV","","","","","","","","","","","","","","","","","","","","","","","","","","","","26.36","18.68","-107.13","14.66","11.75","-42.33","0.000000","0.000000","",""
"06:32:52.146","GOREV","","","","","","","","","","","","","","","","","","","","","","","","","","","","26.36","18.67","-107.22","14.55","12.00","-42.36","0.000000","0.000000","",""
"06:32:52.313","GOREV","","","","","","","","","","","","","","","","","","","","","","","","","","","","26.34","18.67","-107.31","14.52","11.93","-42.40","0.000000","0.000000","",""
"06:32:52.490","GOREV","","","","","","","","","","","","","","","","","","","","","","","","","","","","26.32","18.67","-107.39","14.84","11.87","-42.43","0.000000","0.000000","",""
"06:32:52.650","GOREV","","","","","","","","","","","","","","","","","","","","","","","","","","","","26.35","18.69","-107.48","14.63","11.88","-42.47","0.000000","0.000000","",""
"06:32:52.822","GOREV","","","","","","","","","","","","","","","","","","","","","","","","","","","","26.36","18.67","-107.56","14.76","11.92","-42.51","0.000000","0.000000","",""
"06:32:52.984","GOREV","","","","","","","","","","","","","","","","","","","","","","","","","","","","26.32","18.70","-107.65","14.67","11.93","-42.55","0.000000","0.000000","",""
"06:32:53.153","GOREV","","","","","","","","","","","","","","","","","","","","","","","","","","","","26.31","18.68","-107.74","14.66","11.94","-42.58","0.000000","0.000000","",""
"06:32:53.334","GOREV","","","","","","","","","","","","","","","","","","","","","","","","","","","","26.34","18.70","-107.82","14.52","11.87","-42.62","0.000000","0.000000","",""
"06:32:53.489","GOREV","","","","","","","","","","","","","","","","","","","","","","","","","","","","26.35","18.69","-107.91","14.78","11.99","-42.66","0.000000","0.000000","",""
"06:32:53.670","GOREV","","","","","","","","","","","","","","","","","","","","","","","","","","","","26.34","18.68","-108.00","14.50","11.89","-42.70","0.000000","0.000000","",""
"06:32:53.837","GOREV","","","","","","","","","","","","","","","","","","","","","","","","","","","","26.35","18.67","-108.08","14.48","11.73","-42.73","0.000000","0.000000","",""
"06:32:53.992","GOREV","","","","","","","","","","","","","","","","","","","","","","","","","","","","26.35","18.67","-108.17","14.66","11.81","-42.77","0.000000","0.000000","",""
"06:32:54.175","GOREV","","","","","","","","","","","","","","","","","","","","","","","","","","","","26.34","18.69","-108.26","14.73","11.91","-42.81","0.000000","0.000000","",""
"06:32:54.333","GOREV","","","","","","","","","","","","","","","","","","","","","","","","","","","","26.34","18.69","-108.34","14.54","11.97","-42.84","0.000000","0.000000","",""
"06:32:54.507","GOREV","","","","","","","","","","","","","","","","","","","","","","","","","","","","26.33","18.69","-108.43","14.69","11.89","-42.88","0.000000","0.000000","",""
"06:32:54.670","GOREV","","","","","","","","","","","","","","","","","","","","","","","","","","","","26.33","18.70","-108.51","14.66","11.96","-42.92","0.000000","0.000000","",""
"06:32:54.833","GOREV","","","","","","","","","","","","","","","","","","","","","","","","","","","","26.32","18.68","-108.60","14.61","11.89","-42.96","0.000000","0.000000","",""
"06:32:55.019","GOREV","","","","","","","","","","","","","","","","","","","","","","","","","","","","26.34","18.67","-108.68","14.59","11.91","-42.99","0.000000","0.000000","",""
"06:32:55.168","GOREV","","","","","","","","","","","","","","","","","","","","","","","","","","","","26.32","18.66","-108.77","14.63","11.88","-43.03","0.000000","0.000000","",""
"06:32:55.341","GOREV","","","","","","","","","","","","","","","","","","","","","","","","","","","","26.32","18.67","-108.86","14.57","11.91","-43.07","0.000000","0.000000","",""
"06:32:55.506","GOREV","","","","","","","","","","","","","","","","","","","","","","","","","","","","26.31","18.65","-108.95","14.56","11.88","-43.10","0.000000","0.000000","",""
"06:32:55.684","GOREV","","","","","","","","","","","","","","","","","","","","","","","","","","","","26.34","18.67","-109.03","14.62","11.77","-43.14","0.000000","0.000000","",""
"06:32:55.844","GOREV","","","","","","","","","","","","","","","","","","","","","","","","","","","","26.35","18.68","-109.12","14.55","11.75","-43.18","0.000000","0.000000","",""
"06:32:56.007","GOREV","","","","","","","","","","","","","","","","","","","","","","","","","","","","26.33","18.69","-109.20","14.88","12.01","-43.21","0.000000","0.000000","",""
"06:32:56.176","GOREV","","","","","","","","","","","","","","","","","","","","","","","","","","","","26.31","18.70","-109.29","14.75","11.97","-43.25","0.000000","0.000000","",""
"06:32:56.363","GOREV","","","","","","","","","","","","","","","","","","","","","","","","","","","","26.32","18.69","-109.37","14.75","11.73","-43.28","0.000000","0.000000","",""
"06:32:56.525","GOREV","","","","","","","","","","","","","","","","","","","","","","","","","","","","26.34","18.69","-109.46","14.63","11.82","-43.32","0.000000","0.000000","",""
"06:32:56.681","GOREV","","","","","","","","","","","","","","","","","","","","","","","","","","","","26.35","18.68","-109.54","14.58","11.81","-43.36","0.000000","0.000000","",""
"06:32:56.880","GOREV","","","","","","","","","","","","","","","","","","","","","","","","","","","","26.33","18.66","-109.63","14.70","11.82","-43.39","0.000000","0.000000","",""
"06:32:57.016","GOREV","","","","","","","","","","","","","","","","","","","","","","","","","","","","26.33","18.66","-109.72","14.65","11.94","-43.43","0.000000","0.000000","",""
"06:32:57.188","GOREV","","","","","","","","","","","","","","","","","","","","","","","","","","","","26.33","18.67","-109.80","14.70","11.86","-43.47","0.000000","0.000000","",""
"06:32:57.352","GOREV","","","","","","","","","","","","","","","","","","","","","","","","","","","","26.35","18.66","-109.89","14.56","11.93","-43.50","0.000000","0.000000","",""
"06:32:57.520","GOREV","","","","","","","","","","","","","","","","","","","","","","","","","","","","26.36","18.66","-109.97","14.81","11.88","-43.54","0.000000","0.000000","",""
"06:32:57.687","GOREV","","","","","","","","","","","","","","","","","","","","","","","","","","","","26.35","18.68","-110.06","14.60","11.81","-43.58","0.000000","0.000000","",""
"06:32:57.862","GOREV","","","","","","","","","","","","","","","","","","","","","","","","","","","","26.33","18.70","-110.14","14.72","11.88","-43.61","0.000000","0.000000","",""
"06:32:58.024","GOREV","","","","","","","","","","","","","","","","","","","","","","","","","","","","26.32","18.67","-110.23","14.54","12.02","-43.65","0.000000","0.000000","",""
"06:32:58.208","GOREV","","","","","","","","","","","","","","","","","","","","","","","","","","","","26.34","18.67","-110.31","14.81","12.05","-43.69","0.000000","0.000000","",""
"06:32:58.364","GOREV","","","","","","","","","","","","","","","","","","","","","","","","","","","","26.34","18.68","-110.40","14.61","11.87","-43.72","0.000000","0.000000","",""
"06:32:58.534","GOREV","","","","","","","","","","","","","","","","","","","","","","","","","","","","26.32","18.67","-110.48","14.64","11.85","-43.76","0.000000","0.000000","",""
"06:32:58.698","GOREV","","","","","","","","","","","","","","","","","","","","","","","","","","","","26.31","18.68","-110.57","14.60","11.79","-43.80","0.000000","0.000000","",""
"06:32:58.864","GOREV","","","","","","","","","","","","","","","","","","","","","","","","","","","","26.33","18.68","-110.65","14.70","11.75","-43.83","0.000000","0.000000","",""
"06:32:59.036","GOREV","","","","","","","","","","","","","","","","","","","","","","","","","","","","26.34","18.66","-110.74","14.80","12.04","-43.87","0.000000","0.000000","",""
"06:32:59.198","GOREV","","","","","","","","","","","","","","","","","","","","","","","","","","","","26.33","18.68","-110.83","14.64","12.10","-43.91","0.000000","0.000000","",""
"06:32:59.388","GOREV","","","","","","","","","","","","","","","","","","","","","","","","","","","","26.32","18.66","-110.91","14.73","11.81","-43.94","0.000000","0.000000","",""
"06:32:59.548","GOREV","","","","","","","","","","","","","","","","","","","","","","","","","","","","26.34","18.64","-110.99","14.62","11.89","-43.98","0.000000","0.000000","",""
"06:32:59.710","GOREV","","","","","","","","","","","","","","","","","","","","","","","","","","","","26.32","18.65","-111.08","14.64","11.94","-44.01","0.000000","0.000000","",""
"06:32:59.878","GOREV","","","","","","","","","","","","","","","","","","","","","","","","","","","","26.34","18.66","-111.16","14.71","11.93","-44.05","0.000000","0.000000","",""
"06:33:00.038","GOREV","","","","","","","","","","","","","","","","","","","","","","","","","","","","26.35","18.69","-111.25","14.70","11.97","-44.08","0.000000","0.000000","",""
"06:33:00.210","GOREV","","","","","","","","","","","","","","","","","","","","","","","","","","","","26.35","18.69","-111.34","14.58","11.95","-44.12","0.000000","0.000000","",""
"06:33:00.386","GOREV","","","","","","","","","","","","","","","","","","","","","","","","","","","","26.33","18.69","-111.42","14.73","11.93","-44.16","0.000000","0.000000","",""
"06:33:00.555","GOREV","","","","","","","","","","","","","","","","","","","","","","","","","","","","26.31","18.70","-111.51","14.63","12.02","-44.19","0.000000","0.000000","",""
"06:33:00.710","GOREV","","","","","","","","","","","","","","","","","","","","","","","","","","","","26.32","18.68","-111.60","14.53","11.83","-44.23","0.000000","0.000000","",""
"06:33:00.901","GOREV","","","","","","","","","","","","","","","","","","","","","","","","","","","","26.31","18.67","-111.68","14.82","11.97","-44.27","0.000000","0.000000","",""
"06:33:01.046","GOREV","","","","","","","","","","","","","","","","","","","","","","","","","","","","26.32","18.67","-111.76","14.49","11.94","-44.31","0.000000","0.000000","",""
"06:33:01.227","GOREV","","","","","","","","","","","","","","","","","","","","","","","","","","","","26.34","18.68","-111.85","14.80","12.00","-44.34","0.000000","0.000000","",""
"06:33:01.382","GOREV","","","","","","","","","","","","","","","","","","","","","","","","","","","","26.33","18.68","-111.94","14.57","11.92","-44.38","0.000000","0.000000","",""
"06:33:01.550","GOREV","","","","","","","","","","","","","","","","","","","","","","","","","","","","26.33","18.66","-112.02","14.58","11.92","-44.41","0.000000","0.000000","",""
"06:33:01.719","GOREV","","","","","","","","","","","","","","","","","","","","","","","","","","","","26.32","18.68","-112.11","14.60","12.06","-44.45","0.000000","0.000000","",""
"06:33:01.902","GOREV","","","","","","","","","","","","","","","","","","","","","","","","","","","","26.31","18.67","-112.19","14.56","11.85","-44.48","0.000000","0.000000","",""
"06:33:02.056","GOREV","","","","","","","","","","","","","","","","","","","","","","","","","","","","26.31","18.67","-112.27","14.60","11.83","-44.52","0.000000","0.000000","",""
"06:33:02.234","GOREV","","","","","","","","","","","","","","","","","","","","","","","","","","","","26.32","18.68","-112.36","14.61","11.87","-44.56","0.000000","0.000000","",""
"06:33:02.390","GOREV","","","","","","","","","","","","","","","","","","","","","","","","","","","","26.33","18.68","-112.44","14.72","11.96","-44.59","0.000000","0.000000","",""
"06:33:02.557","GOREV","","","","","","","","","","","","","","","","","","","","","","","","","","","","26.32","18.67","-112.53","14.89","12.04","-44.63","0.000000","0.000000","",""
"06:33:02.728","GOREV","","","","","","","","","","","","","","","","","","","","","","","","","","","","26.33","18.68","-112.62","14.53","11.94","-44.67","0.000000","0.000000","",""
"06:33:02.893","GOREV","","","","","","","","","","","","","","","","","","","","","","","","","","","","26.34","18.68","-112.70","14.77","11.90","-44.71","0.000000","0.000000","",""
"06:33:03.064","GOREV","","","","","","","","","","","","","","","","","","","","","","","","","","","","26.33","18.68","-112.79","14.68","11.82","-44.75","0.000000","0.000000","",""
"06:33:03.232","GOREV","","","","","","","","","","","","","","","","","","","","","","","","","","","","26.29","18.67","-112.87","14.65","11.99","-44.78","0.000000","0.000000","",""
"06:33:03.402","GOREV","","","","","","","","","","","","","","","","","","","","","","","","","","","","26.31","18.67","-112.96","14.53","11.94","-44.82","0.000000","0.000000","",""
"06:33:03.565","GOREV","","","","","","","","","","","","","","","","","","","","","","","","","","","","26.34","18.65","-113.05","14.73","11.95","-44.86","0.000000","0.000000","",""
"06:33:03.733","GOREV","","","","","","","","","","","","","","","","","","","","","","","","","","","","26.34","18.67","-113.13","14.47","11.88","-44.90","0.000000","0.000000","",""
"06:33:03.908","GOREV","","","","","","","","","","","","","","","","","","","","","","","","","","","","26.33","18.67","-113.22","14.70","11.89","-44.93","0.000000","0.000000","",""
"06:33:04.077","GOREV","","","","","","","","","","","","","","","","","","","","","","","","","","","","26.34","18.67","-113.31","14.56","11.99","-44.97","0.000000","0.000000","",""
"06:33:04.237","GOREV","","","","","","","","","","","","","","","","","","","","","","","","","","","","26.34","18.67","-113.39","14.77","11.89","-45.01","0.000000","0.000000","",""
"06:33:04.410","GOREV","","","","","","","","","","","","","","","","","","","","","","","","","","","","26.33","18.67","-113.48","14.62","11.79","-45.04","0.000000","0.000000","",""
"06:33:04.573","GOREV","","","","","","","","","","","","","","","","","","","","","","","","","","","","26.33","18.68","-113.56","14.65","11.93","-45.07","0.000000","0.000000","",""
"06:33:04.741","GOREV","","","","","","","","","","","","","","","","","","","","","","","","","","","","26.32","18.68","-113.65","14.80","11.75","-45.11","0.000000","0.000000","",""
"06:33:04.914","GOREV","","","","","","","","","","","","","","","","","","","","","","","","","","","","26.35","18.67","-113.73","14.63","11.82","-45.15","0.000000","0.000000","",""
"06:33:05.076","GOREV","","","","","","","","","","","","","","","","","","","","","","","","","","","","26.33","18.67","-113.82","14.65","11.97","-45.19","0.000000","0.000000","",""
"06:33:05.244","GOREV","","","","","","","","","","","","","","","","","","","","","","","","","","","","26.33","18.67","-113.91","14.63","11.74","-45.22","0.000000","0.000000","",""
"06:33:05.412","GOREV","","","","","","","","","","","","","","","","","","","","","","","","","","","","26.34","18.68","-113.99","14.59","11.77","-45.26","0.000000","0.000000","",""
"06:33:05.610","GOREV","","","","","","","","","","","","","","","","","","","","","","","","","","","","26.34","18.68","-114.07","14.57","11.82","-45.29","0.000000","0.000000","",""
"06:33:05.749","GOREV","","","","","","","","","","","","","","","","","","","","","","","","","","","","26.34","18.68","-114.16","14.75","11.94","-45.33","0.000000","0.000000","",""
"06:33:05.929","GOREV","","","","","","","","","","","","","","","","","","","","","","","","","","","","26.34","18.68","-114.24","14.67","11.87","-45.37","0.000000","0.000000","",""
"06:33:06.084","GOREV","","","","","","","","","","","","","","","","","","","","","","","","","","","","26.34","18.70","-114.33","14.82","12.02","-45.40","0.000000","0.000000","",""
"06:33:06.256","GOREV","","","","","","","","","","","","","","","","","","","","","","","","","","","","26.32","18.71","-114.42","14.65","11.79","-45.44","0.000000","0.000000","",""
"06:33:06.429","GOREV","","","","","","","","","","","","","","","","","","","","","","","","","","","","26.32","18.70","-114.50","14.60","11.97","-45.48","0.000000","0.000000","",""
"06:33:06.589","GOREV","","","","","","","","","","","","","","","","","","","","","","","","","","","","26.31","18.69","-114.59","14.43","11.91","-45.52","0.000000","0.000000","",""
"06:33:06.764","GOREV","","","","","","","","","","","","","","","","","","","","","","","","","","","","26.31","18.67","-114.68","14.70","11.76","-45.55","0.000000","0.000000","",""
"06:33:06.925","GOREV","","","","","","","","","","","","","","","","","","","","","","","","","","","","26.33","18.67","-114.76","14.79","11.98","-45.59","0.000000","0.000000","",""
"06:33:07.111","GOREV","","","","","","","","","","","","","","","","","","","","","","","","","","","","26.32","18.64","-114.84","14.55","11.91","-45.63","0.000000","0.000000","",""
"06:33:07.281","GOREV","","","","","","","","","","","","","","","","","","","","","","","","","","","","26.32","18.67","-114.93","14.71","11.82","-45.67","0.000000","0.000000","",""
"06:33:07.431","GOREV","","","","","","","","","","","","","","","","","","","","","","","","","","","","26.31","18.68","-115.01","14.58","11.81","-45.70","0.000000","0.000000","",""
"06:33:07.596","GOREV","","","","","","","","","","","","","","","","","","","","","","","","","","","","26.33","18.66","-115.10","14.63","11.84","-45.74","0.000000","0.000000","",""
"06:33:07.766","GOREV","","","","","","","","","","","","","","","","","","","","","","","","","","","","26.34","18.67","-115.18","14.73","11.94","-45.77","0.000000","0.000000","",""
"06:33:07.946","GOREV","","","","","","","","","","","","","","","","","","","","","","","","","","","","26.33","18.67","-115.27","14.61","11.93","-45.81","0.000000","0.000000","",""
"06:33:08.102","GOREV","","","","","","","","","","","","","","","","","","","","","","","","","","","","26.32","18.67","-115.35","14.64","11.84","-45.84","0.000000","0.000000","",""
"06:33:08.267","GOREV","","","","","","","","","","","","","","","","","","","","","","","","","","","","26.31","18.66","-115.43","14.60","11.97","-45.88","0.000000","0.000000","",""
"06:33:08.454","GOREV","","","","","","","","","","","","","","","","","","","","","","","","","","","","26.32","18.67","-115.52","14.57","11.87","-45.92","0.000000","0.000000","",""
"06:33:08.616","GOREV","","","","","","","","","","","","","","","","","","","","","","","","","","","","26.33","18.69","-115.61","14.58","11.86","-45.96","0.000000","0.000000","",""
"06:33:08.772","GOREV","","","","","","","","","","","","","","","","","","","","","","","","","","","","26.33","18.66","-115.69","14.50","11.83","-45.99","0.000000","0.000000","",""
"06:33:08.940","GOREV","","","","","","","","","","","","","","","","","","","","","","","","","","","","26.34","18.69","-115.77","14.56","11.96","-46.03","0.000000","0.000000","",""
"06:33:09.107","GOREV","","","","","","","","","","","","","","","","","","","","","","","","","","","","26.35","18.69","-115.86","14.68","11.86","-46.07","0.000000","0.000000","",""
"06:33:09.286","GOREV","","","","","","","","","","","","","","","","","","","","","","","","","","","","26.34","18.70","-115.94","14.52","11.98","-46.10","0.000000","0.000000","",""
"06:33:09.443","GOREV","","","","","","","","","","","","","","","","","","","","","","","","","","","","26.35","18.72","-116.03","14.60","11.87","-46.14","0.000000","0.000000","",""
"06:33:09.617","GOREV","","","","","","","","","","","","","","","","","","","","","","","","","","","","26.34","18.71","-116.11","14.64","11.81","-46.18","0.000000","0.000000","",""
"06:33:09.782","GOREV","","","","","","","","","","","","","","","","","","","","","","","","","","","","26.34","18.71","-116.20","14.71","11.85","-46.21","0.000000","0.000000","",""
"06:33:09.948","GOREV","","","","","","","","","","","","","","","","","","","","","","","","","","","","26.33","18.68","-116.28","14.63","11.98","-46.25","0.000000","0.000000","",""
"06:33:10.124","GOREV","","","","","","","","","","","","","","","","","","","","","","","","","","","","26.33","18.67","-116.37","14.61","11.81","-46.29","0.000000","0.000000","",""
"06:33:10.286","GOREV","","","","","","","","","","","","","","","","","","","","","","","","","","","","26.32","18.66","-116.45","14.68","11.86","-46.32","0.000000","0.000000","",""
"06:33:10.463","GOREV","","","","","","","","","","","","","","","","","","","","","","","","","","","","26.35","18.67","-116.54","14.74","11.96","-46.36","0.000000","0.000000","",""
"06:33:10.624","GOREV","","","","","","","","","","","","","","","","","","","","","","","","","","","","26.33","18.67","-116.62","14.54","11.91","-46.39","0.000000","0.000000","",""
"06:33:10.787","GOREV","","","","","","","","","","","","","","","","","","","","","","","","","","","","26.33","18.67","-116.71","14.75","11.88","-46.43","0.000000","0.000000","",""
"06:33:10.955","GOREV","","","","","","","","","","","","","","","","","","","","","","","","","","","","26.33","18.67","-116.80","14.58","11.92","-46.47","0.000000","0.000000","",""
"06:33:11.134","GOREV","","","","","","","","","","","","","","","","","","","","","","","","","","","","26.31","18.65","-116.88","14.69","11.81","-46.50","0.000000","0.000000","",""
"06:33:11.311","GOREV","","","","","","","","","","","","","","","","","","","","","","","","","","","","26.32","18.66","-116.97","14.62","11.80","-46.54","0.000000","0.000000","",""
"06:33:11.471","GOREV","","","","","","","","","","","","","","","","","","","","","","","","","","","","26.32","18.68","-117.05","14.64","11.95","-46.58","0.000000","0.000000","",""
"06:33:11.627","GOREV","","","","","","","","","","","","","","","","","","","","","","","","","","","","26.32","18.68","-117.14","14.70","11.85","-46.61","0.000000","0.000000","",""
"06:33:11.800","GOREV","","","","","","","","","","","","","","","","","","","","","","","","","","","","26.34","18.69","-117.23","14.58","11.83","-46.65","0.000000","0.000000","",""
"06:33:11.967","GOREV","","","","","","","","","","","","","","","","","","","","","","","","","","","","26.34","18.69","-117.31","14.68","11.93","-46.69","0.000000","0.000000","",""
"06:33:12.165","GOREV","","","","","","","","","","","","","","","","","","","","","","","","","","","","26.35","18.68","-117.40","14.42","11.87","-46.72","0.000000","0.000000","",""
"06:33:12.298","GOREV","","","","","","","","","","","","","","","","","","","","","","","","","","","","26.33","18.67","-117.49","14.76","11.89","-46.76","0.000000","0.000000","",""
"06:33:12.466","GOREV","","","","","","","","","","","","","","","","","","","","","","","","","","","","26.34","18.68","-117.57","14.53","12.00","-46.80","0.000000","0.000000","",""
"06:33:12.639","GOREV","","","","","","","","","","","","","","","","","","","","","","","","","","","","26.35","18.67","-117.66","14.66","11.86","-46.83","0.000000","0.000000","",""
"06:33:12.803","GOREV","","","","","","","","","","","","","","","","","","","","","","","","","","","","26.37","18.67","-117.75","14.61","11.76","-46.87","0.000000","0.000000","",""
"06:33:12.971","GOREV","","","","","","","","","","","","","","","","","","","","","","","","","","","","26.35","18.68","-117.83","14.72","12.13","-46.91","0.000000","0.000000","",""
"06:33:13.151","GOREV","","","","","","","","","","","","","","","","","","","","","","","","","","","","26.32","18.68","-117.92","14.63","11.92","-46.95","0.000000","0.000000","",""
"06:33:13.306","GOREV","","","","","","","","","","","","","","","","","","","","","","","","","","","","26.33","18.69","-118.01","14.78","11.89","-46.99","0.000000","0.000000","",""
"06:33:13.479","GOREV","","","","","","","","","","","","","","","","","","","","","","","","","","","","26.33","18.68","-118.09","14.85","11.87","-47.02","0.000000","0.000000","",""
"06:33:13.650","GOREV","","","","","","","","","","","","","","","","","","","","","","","","","","","","26.33","18.67","-118.18","14.67","11.95","-47.06","0.000000","0.000000","",""
"06:33:13.810","GOREV","","","","","","","","","","","","","","","","","","","","","","","","","","","","26.34","18.68","-118.26","14.62","11.85","-47.09","0.000000","0.000000","",""
"06:33:14.009","GOREV","","","","","","","","","","","","","","","","","","","","","","","","","","","","26.34","18.67","-118.35","14.68","11.80","-47.13","0.000000","0.000000","",""
"06:33:14.350","GOREV","","","","","","","","","","","","","","","","","","","","","","","","","","","","26.37","18.65","-118.52","14.55","11.82","-47.20","0.000000","0.000000","",""
"06:33:14.481","GOREV","","","","","","","","","","","","","","","","","","","","","","","","","","","","26.37","18.67","-118.61","14.57","11.97","-47.24","0.000000","0.000000","",""
"06:33:14.661","GOREV","","","","","","","","","","","","","","","","","","","","","","","","","","","","26.34","18.68","-118.69","14.70","11.90","-47.28","0.000000","0.000000","",""
"06:33:14.827","GOREV","","","","","","","","","","","","","","","","","","","","","","","","","","","","26.33","18.67","-118.78","14.78","11.92","-47.32","0.000000","0.000000","",""
"06:33:14.988","GOREV","","","","","","","","","","","","","","","","","","","","","","","","","","","","26.32","18.67","-118.86","14.72","11.71","-47.35","0.000000","0.000000","",""
"06:33:15.154","GOREV","","","","","","","","","","","","","","","","","","","","","","","","","","","","26.34","18.70","-118.95","14.82","11.80","-47.39","0.000000","0.000000","",""
"06:33:15.329","GOREV","","","","","","","","","","","","","","","","","","","","","","","","","","","","26.36","18.71","-119.03","14.68","12.11","-47.43","0.000000","0.000000","",""
"06:33:15.501","GOREV","","","","","","","","","","","","","","","","","","","","","","","","","","","","26.37","18.68","-119.12","14.74","11.71","-47.46","0.000000","0.000000","",""
"06:33:15.663","GOREV","","","","","","","","","","","","","","","","","","","","","","","","","","","","26.34","18.68","-119.21","14.75","11.89","-47.50","0.000000","0.000000","",""
"06:33:15.843","GOREV","","","","","","","","","","","","","","","","","","","","","","","","","","","","26.34","18.68","-119.29","14.57","11.83","-47.54","0.000000","0.000000","",""
"06:33:15.994","GOREV","","","","","","","","","","","","","","","","","","","","","","","","","","","","26.33","18.68","-119.38","14.68","11.92","-47.58","0.000000","0.000000","",""
"06:33:16.165","GOREV","","","","","","","","","","","","","","","","","","","","","","","","","","","","26.33","18.68","-119.47","14.57","11.84","-47.61","0.000000","0.000000","",""
"06:33:16.341","GOREV","","","","","","","","","","","","","","","","","","","","","","","","","","","","26.34","18.69","-119.55","14.60","11.90","-47.65","0.000000","0.000000","",""
"06:33:16.500","GOREV","","","","","","","","","","","","","","","","","","","","","","","","","","","","26.34","18.67","-119.64","14.65","11.94","-47.69","0.000000","0.000000","",""
"06:33:16.671","GOREV","","","","","","","","","","","","","","","","","","","","","","","","","","","","26.33","18.68","-119.73","14.64","11.86","-47.73","0.000000","0.000000","",""
"06:33:16.834","GOREV","","","","","","","","","","","","","","","","","","","","","","","","","","","","26.33","18.69","-119.81","14.75","11.93","-47.76","0.000000","0.000000","",""
"06:33:17.020","GOREV","","","","","","","","","","","","","","","","","","","","","","","","","","","","26.32","18.67","-119.90","14.59","11.97","-47.80","0.000000","0.000000","",""
"06:33:17.169","GOREV","","","","","","","","","","","","","","","","","","","","","","","","","","","","26.31","18.68","-119.98","14.68","11.85","-47.84","0.000000","0.000000","",""
"06:33:17.341","GOREV","","","","","","","","","","","","","","","","","","","","","","","","","","","","26.33","18.70","-120.07","14.60","11.85","-47.87","0.000000","0.000000","",""
"06:33:17.513","GOREV","","","","","","","","","","","","","","","","","","","","","","","","","","","","26.32","18.67","-120.16","14.73","11.74","-47.91","0.000000","0.000000","",""
"06:33:17.673","GOREV","","","","","","","","","","","","","","","","","","","","","","","","","","","","26.35","18.69","-120.24","14.62","11.95","-47.95","0.000000","0.000000","",""
"06:33:17.841","GOREV","","","","","","","","","","","","","","","","","","","","","","","","","","","","26.33","18.69","-120.32","14.74","11.89","-47.99","0.000000","0.000000","",""
"06:33:18.021","GOREV","","","","","","","","","","","","","","","","","","","","","","","","","","","","26.32","18.69","-120.41","14.78","11.80","-48.02","0.000000","0.000000","",""
"06:33:18.191","GOREV","","","","","","","","","","","","","","","","","","","","","","","","","","","","26.33","18.67","-120.49","14.90","11.93","-48.06","0.000000","0.000000","",""
"06:33:18.345","GOREV","","","","","","","","","","","","","","","","","","","","","","","","","","","","26.35","18.70","-120.58","14.67","11.91","-48.10","0.000000","0.000000","",""
"06:33:18.516","GOREV","","","","","","","","","","","","","","","","","","","","","","","","","","","","26.34","18.69","-120.66","14.63","11.97","-48.13","0.000000","0.000000","",""
"06:33:18.690","GOREV","","","","","","","","","","","","","","","","","","","","","","","","","","","","26.35","18.69","-120.75","14.79","11.86","-48.17","0.000000","0.000000","",""
"06:33:18.850","GOREV","","","","","","","","","","","","","","","","","","","","","","","","","","","","26.35","18.66","-120.83","14.77","11.94","-48.20","0.000000","0.000000","",""
"06:33:19.034","GOREV","","","","","","","","","","","","","","","","","","","","","","","","","","","","26.35","18.66","-120.92","14.67","11.98","-48.24","0.000000","0.000000","",""
"06:33:19.184","GOREV","","","","","","","","","","","","","","","","","","","","","","","","","","","","26.34","18.67","-121.00","14.61","11.89","-48.28","0.000000","0.000000","",""
"06:33:19.352","GOREV","","","","","","","","","","","","","","","","","","","","","","","","","","","","26.32","18.68","-121.09","14.60","11.99","-48.31","0.000000","0.000000","",""
"06:33:19.533","GOREV","","","","","","","","","","","","","","","","","","","","","","","","","","","","26.32","18.68","-121.17","14.64","11.82","-48.35","0.000000","0.000000","",""
"06:33:19.701","GOREV","","","","","","","","","","","","","","","","","","","","","","","","","","","","26.32","18.66","-121.26","14.64","11.91","-48.39","0.000000","0.000000","",""
"06:33:19.861","GOREV","","","","","","","","","","","","","","","","","","","","","","","","","","","","26.30","18.68","-121.35","14.72","11.87","-48.43","0.000000","0.000000","",""
"06:33:20.023","GOREV","","","","","","","","","","","","","","","","","","","","","","","","","","","","26.30","18.68","-121.43","14.63","11.87","-48.46","0.000000","0.000000","",""
"06:33:20.196","GOREV","","","","","","","","","","","","","","","","","","","","","","","","","","","","26.33","18.68","-121.52","14.64","12.02","-48.50","0.000000","0.000000","",""
"06:33:20.363","GOREV","","","","","","","","","","","","","","","","","","","","","","","","","","","","26.33","18.70","-121.60","14.72","11.88","-48.53","0.000000","0.000000","",""
"06:33:20.529","GOREV","","","","","","","","","","","","","","","","","","","","","","","","","","","","26.35","18.68","-121.69","14.55","11.90","-48.57","0.000000","0.000000","",""
"06:33:20.696","GOREV","","","","","","","","","","","","","","","","","","","","","","","","","","","","26.34","18.68","-121.77","14.63","11.96","-48.60","0.000000","0.000000","",""
"06:33:20.867","GOREV","","","","","","","","","","","","","","","","","","","","","","","","","","","","26.35","18.68","-121.86","14.62","11.78","-48.64","0.000000","0.000000","",""
"06:33:21.032","GOREV","","","","","","","","","","","","","","","","","","","","","","","","","","","","26.34","18.68","-121.94","14.53","11.83","-48.68","0.000000","0.000000","",""
"06:33:21.199","GOREV","","","","","","","","","","","","","","","","","","","","","","","","","","","","26.33","18.68","-122.03","14.52","11.77","-48.71","0.000000","0.000000","",""
"06:33:21.411","GOREV","","","","","","","","","","","","","","","","","","","","","","","","","","","","26.33","18.67","-122.11","14.71","11.98","-48.75","0.000000","0.000000","",""
"06:33:21.536","GOREV","","","","","","","","","","","","","","","","","","","","","","","","","","","","26.35","18.66","-122.20","14.58","11.72","-48.78","0.000000","0.000000","",""
"06:33:21.703","GOREV","","","","","","","","","","","","","","","","","","","","","","","","","","","","26.34","18.69","-122.28","14.57","11.81","-48.82","0.000000","0.000000","",""
"06:33:21.877","GOREV","","","","","","","","","","","","","","","","","","","","","","","","","","","","26.37","18.69","-122.36","14.61","11.80","-48.85","0.000000","0.000000","",""
"06:33:22.039","GOREV","","","","","","","","","","","","","","","","","","","","","","","","","","","","26.37","18.70","-122.45","14.80","11.92","-48.89","0.000000","0.000000","",""
"06:33:22.211","GOREV","","","","","","","","","","","","","","","","","","","","","","","","","","","","26.34","18.70","-122.54","14.73","11.81","-48.92","0.000000","0.000000","",""
"06:33:22.374","GOREV","","","","","","","","","","","","","","","","","","","","","","","","","","","","26.32","18.68","-122.62","14.71","11.83","-48.96","0.000000","0.000000","",""
"06:33:22.556","GOREV","","","","","","","","","","","","","","","","","","","","","","","","","","","","26.33","18.71","-122.71","14.64","11.83","-49.00","0.000000","0.000000","",""
"06:33:22.711","GOREV","","","","","","","","","","","","","","","","","","","","","","","","","","","","26.35","18.69","-122.79","14.73","11.83","-49.03","0.000000","0.000000","",""
"06:33:22.898","GOREV","","","","","","","","","","","","","","","","","","","","","","","","","","","","26.35","18.69","-122.88","14.77","11.91","-49.07","0.000000","0.000000","",""
"06:33:23.047","GOREV","","","","","","","","","","","","","","","","","","","","","","","","","","","","26.35","18.67","-122.96","14.71","11.96","-49.11","0.000000","0.000000","",""
"06:33:23.238","GOREV","","","","","","","","","","","","","","","","","","","","","","","","","","","","26.34","18.68","-123.05","14.62","11.88","-49.14","0.000000","0.000000","",""
"06:33:23.383","GOREV","","","","","","","","","","","","","","","","","","","","","","","","","","","","26.34","18.68","-123.13","14.59","11.85","-49.18","0.000000","0.000000","",""
"06:33:23.551","GOREV","","","","","","","","","","","","","","","","","","","","","","","","","","","","26.33","18.68","-123.22","14.61","11.82","-49.22","0.000000","0.000000","",""
"06:33:23.738","GOREV","","","","","","","","","","","","","","","","","","","","","","","","","","","","26.33","18.66","-123.30","14.50","11.80","-49.25","0.000000","0.000000","",""
"06:33:23.905","GOREV","","","","","","","","","","","","","","","","","","","","","","","","","","","","26.33","18.69","-123.39","14.56","11.90","-49.29","0.000000","0.000000","",""
"06:33:24.054","GOREV","","","","","","","","","","","","","","","","","","","","","","","","","","","","26.32","18.69","-123.47","14.69","11.84","-49.33","0.000000","0.000000","",""
"06:33:24.273","GOREV","","","","","","","","","","","","","","","","","","","","","","","","","","","","26.32","18.67","-123.56","14.81","11.83","-49.37","0.000000","0.000000","",""
"06:33:24.391","GOREV","","","","","","","","","","","","","","","","","","","","","","","","","","","","26.32","18.68","-123.65","14.68","11.72","-49.41","0.000000","0.000000","",""
"06:33:24.583","GOREV","","","","","","","","","","","","","","","","","","","","","","","","","","","","26.32","18.67","-123.73","14.59","11.82","-49.45","0.000000","0.000000","",""
"06:33:24.726","GOREV","","","","","","","","","","","","","","","","","","","","","","","","","","","","26.32","18.66","-123.82","14.66","11.94","-49.48","0.000000","0.000000","",""
"06:33:24.912","GOREV","","","","","","","","","","","","","","","","","","","","","","","","","","","","26.32","18.68","-123.90","14.54","11.77","-49.52","0.000000","0.000000","",""
"06:33:25.080","GOREV","","","","","","","","","","","","","","","","","","","","","","","","","","","","26.33","18.69","-123.98","14.64","11.82","-49.56","0.000000","0.000000","",""
"06:33:25.242","GOREV","","","","","","","","","","","","","","","","","","","","","","","","","","","","26.33","18.70","-124.07","14.60","11.93","-49.60","0.000000","0.000000","",""
"06:33:25.398","GOREV","","","","","","","","","","","","","","","","","","","","","","","","","","","","26.34","18.69","-124.16","14.76","11.85","-49.64","0.000000","0.000000","",""
"06:33:25.582","GOREV","","","","","","","","","","","","","","","","","","","","","","","","","","","","26.33","18.67","-124.24","14.79","11.84","-49.67","0.000000","0.000000","",""
"06:33:25.752","GOREV","","","","","","","","","","","","","","","","","","","","","","","","","","","","26.33","18.69","-124.33","14.59","11.93","-49.71","0.000000","0.000000","",""
"06:33:25.902","GOREV","","","","","","","","","","","","","","","","","","","","","","","","","","","","26.32","18.70","-124.41","14.65","11.90","-49.75","0.000000","0.000000","",""
"06:33:26.103","GOREV","","","","","","","","","","","","","","","","","","","","","","","","","","","","26.33","18.68","-124.49","14.64","11.89","-49.78","0.000000","0.000000","",""
"06:33:26.252","GOREV","","","","","","","","","","","","","","","","","","","","","","","","","","","","26.35","18.68","-124.58","14.76","11.91","-49.82","0.000000","0.000000","",""
"06:33:26.407","GOREV","","","","","","","","","","","","","","","","","","","","","","","","","","","","26.37","18.68","-124.67","14.55","11.97","-49.86","0.000000","0.000000","",""
"06:33:26.581","GOREV","","","","","","","","","","","","","","","","","","","","","","","","","","","","26.36","18.70","-124.75","14.56","11.87","-49.89","0.000000","0.000000","",""
"06:33:26.742","GOREV","","","","","","","","","","","","","","","","","","","","","","","","","","","","26.35","18.69","-124.83","14.53","11.95","-49.93","0.000000","0.000000","",""
"06:33:26.911","GOREV","","","","","","","","","","","","","","","","","","","","","","","","","","","","26.35","18.67","-124.92","14.67","11.88","-49.97","0.000000","0.000000","",""
"06:33:27.104","GOREV","","","","","","","","","","","","","","","","","","","","","","","","","","","","26.36","18.66","-125.01","14.63","11.71","-50.01","0.000000","0.000000","",""
"06:33:27.245","GOREV","","","","","","","","","","","","","","","","","","","","","","","","","","","","26.34","18.63","-125.09","14.62","11.79","-50.04","0.000000","0.000000","",""
"06:33:27.414","GOREV","","","","","","","","","","","","","","","","","","","","","","","","","","","","26.32","18.67","-125.18","14.69","11.80","-50.08","0.000000","0.000000","",""
"06:33:27.596","GOREV","","","","","","","","","","","","","","","","","","","","","","","","","","","","26.33","18.67","-125.27","14.69","12.06","-50.11","0.000000","0.000000","",""
"06:33:27.750","GOREV","","","","","","","","","","","","","","","","","","","","","","","","","","","","26.32","18.67","-125.35","14.63","11.83","-50.15","0.000000","0.000000","",""
"06:33:27.918","GOREV","","","","","","","","","","","","","","","","","","","","","","","","","","","","26.32","18.69","-125.44","14.61","11.92","-50.19","0.000000","0.000000","",""
"06:33:28.085","GOREV","","","","","","","","","","","","","","","","","","","","","","","","","","","","26.34","18.69","-125.52","14.62","11.79","-50.23","0.000000","0.000000","",""
"06:33:28.282","GOREV","","","","","","","","","","","","","","","","","","","","","","","","","","","","26.35","18.67","-125.60","14.51","11.94","-50.27","0.000000","0.000000","",""
"06:33:28.421","GOREV","","","","","","","","","","","","","","","","","","","","","","","","","","","","26.33","18.67","-125.69","14.69","11.87","-50.30","0.000000","0.000000","",""
"06:33:28.593","GOREV","","","","","","","","","","","","","","","","","","","","","","","","","","","","26.33","18.68","-125.78","14.74","11.87","-50.34","0.000000","0.000000","",""
"06:33:28.757","GOREV","","","","","","","","","","","","","","","","","","","","","","","","","","","","26.34","18.68","-125.87","14.70","11.95","-50.38","0.000000","0.000000","",""
"06:33:28.925","GOREV","","","","","","","","","","","","","","","","","","","","","","","","","","","","26.35","18.69","-125.95","14.67","11.84","-50.41","0.000000","0.000000","",""
"06:33:29.092","GOREV","","","","","","","","","","","","","","","","","","","","","","","","","","","","26.35","18.68","-126.04","14.51","11.85","-50.45","0.000000","0.000000","",""
"06:33:29.261","GOREV","","","","","","","","","","","","","","","","","","","","","","","","","","","","26.35","18.68","-126.12","14.70","11.81","-50.49","0.000000","0.000000","",""
"06:33:29.433","GOREV","","","","","","","","","","","","","","","","","","","","","","","","","","","","26.35","18.68","-126.21","14.68","11.85","-50.52","0.000000","0.000000","",""
"06:33:29.616","GOREV","","","","","","","","","","","","","","","","","","","","","","","","","","","","26.35","18.68","-126.30","14.74","12.02","-50.56","0.000000","0.000000","",""
"06:33:29.765","GOREV","","","","","","","","","","","","","","","","","","","","","","","","","","","","26.34","18.68","-126.38","14.43","11.93","-50.60","0.000000","0.000000","",""
"06:33:29.942","GOREV","","","","","","","","","","","","","","","","","","","","","","","","","","","","26.37","18.70","-126.47","14.75","11.80","-50.63","0.000000","0.000000","",""
"06:33:30.104","GOREV","","","","","","","","","","","","","","","","","","","","","","","","","","","","26.35","18.67","-126.56","14.56","11.86","-50.67","0.000000","0.000000","",""
"06:33:30.269","GOREV","","","","","","","","","","","","","","","","","","","","","","","","","","","","26.35","18.66","-126.64","14.69","11.89","-50.71","0.000000","0.000000","",""
"06:33:30.440","GOREV","","","","","","","","","","","","","","","","","","","","","","","","","","","","26.36","18.68","-126.73","14.50","11.76","-50.75","0.000000","0.000000","",""
"06:33:30.604","GOREV","","","","","","","","","","","","","","","","","","","","","","","","","","","","26.37","18.70","-126.82","14.77","11.91","-50.78","0.000000","0.000000","",""
"06:33:30.772","GOREV","","","","","","","","","","","","","","","","","","","","","","","","","","","","26.34","18.69","-126.90","14.63","11.94","-50.82","0.000000","0.000000","",""
"06:33:30.941","GOREV","","","","","","","","","","","","","","","","","","","","","","","","","","","","26.35","18.71","-126.99","14.73","11.89","-50.85","0.000000","0.000000","",""
"06:33:31.114","GOREV","","","","","","","","","","","","","","","","","","","","","","","","","","","","26.34","18.70","-127.07","14.70","11.76","-50.89","0.000000","0.000000","",""
"06:33:31.278","GOREV","","","","","","","","","","","","","","","","","","","","","","","","","","","","26.33","18.66","-127.16","14.56","11.74","-50.92","0.000000","0.000000","",""
"06:33:31.449","GOREV","","","","","","","","","","","","","","","","","","","","","","","","","","","","26.33","18.62","-127.25","14.56","11.65","-50.96","0.000000","0.000000","",""
"06:33:31.612","GOREV","","","","","","","","","","","","","","","","","","","","","","","","","","","","26.36","18.62","-127.33","14.72","11.77","-50.99","0.000000","0.000000","",""
"06:33:31.782","GOREV","","","","","","","","","","","","","","","","","","","","","","","","","","","","26.34","18.65","-127.42","14.79","11.87","-51.03","0.000000","0.000000","",""
"06:33:31.969","GOREV","","","","","","","","","","","","","","","","","","","","","","","","","","","","26.33","18.65","-127.50","14.66","11.81","-51.07","0.000000","0.000000","",""
"06:33:32.114","GOREV","","","","","","","","","","","","","","","","","","","","","","","","","","","","26.33","18.64","-127.59","14.66","12.00","-51.10","0.000000","0.000000","",""
"06:33:32.287","GOREV","","","","","","","","","","","","","","","","","","","","","","","","","","","","26.33","18.66","-127.67","14.44","11.78","-51.14","0.000000","0.000000","",""
"06:33:32.457","GOREV","","","","","","","","","","","","","","","","","","","","","","","","","","","","26.33","18.67","-127.76","14.73","11.90","-51.18","0.000000","0.000000","",""
"06:33:32.620","GOREV","","","","","","","","","","","","","","","","","","","","","","","","","","","","26.33","18.64","-127.84","14.64","11.77","-51.22","0.000000","0.000000","",""
"06:33:32.800","GOREV","","","","","","","","","","","","","","","","","","","","","","","","","","","","26.35","18.68","-127.93","14.61","11.95","-51.25","0.000000","0.000000","",""
"06:33:32.962","GOREV","","","","","","","","","","","","","","","","","","","","","","","","","","","","26.34","18.67","-128.01","14.71","11.78","-51.29","0.000000","0.000000","",""
"06:33:33.132","GOREV","","","","","","","","","","","","","","","","","","","","","","","","","","","","26.36","18.70","-128.09","14.52","11.97","-51.33","0.000000","0.000000","",""
"06:33:33.298","GOREV","","","","","","","","","","","","","","","","","","","","","","","","","","","","26.36","18.66","-128.18","14.70","11.95","-51.37","0.000000","0.000000","",""
"06:33:33.459","GOREV","","","","","","","","","","","","","","","","","","","","","","","","","","","","26.35","18.67","-128.27","14.83","11.85","-51.40","0.000000","0.000000","",""
"06:33:33.631","GOREV","","","","","","","","","","","","","","","","","","","","","","","","","","","","26.36","18.65","-128.35","14.69","11.85","-51.44","0.000000","0.000000","",""
"06:33:33.795","GOREV","","","","","","","","","","","","","","","","","","","","","","","","","","","","26.34","18.65","-128.44","14.80","11.83","-51.48","0.000000","0.000000","",""
"06:33:33.964","GOREV","","","","","","","","","","","","","","","","","","","","","","","","","","","","26.34","18.64","-128.52","14.67","12.08","-51.52","0.000000","0.000000","",""
"06:33:34.141","GOREV","","","","","","","","","","","","","","","","","","","","","","","","","","","","26.32","18.66","-128.61","14.66","11.91","-51.55","0.000000","0.000000","",""
"06:33:34.298","GOREV","","","","","","","","","","","","","","","","","","","","","","","","","","","","26.33","18.69","-128.69","14.57","11.83","-51.59","0.000000","0.000000","",""
"06:33:34.479","GOREV","","","","","","","","","","","","","","","","","","","","","","","","","","","","26.33","18.69","-128.78","14.81","11.84","-51.63","0.000000","0.000000","",""
"06:33:34.645","GOREV","","","","","","","","","","","","","","","","","","","","","","","","","","","","26.35","18.68","-128.86","14.88","11.96","-51.66","0.000000","0.000000","",""
"06:33:34.815","GOREV","","","","","","","","","","","","","","","","","","","","","","","","","","","","26.35","18.69","-128.95","14.68","11.96","-51.70","0.000000","0.000000","",""
"06:33:34.972","GOREV","","","","","","","","","","","","","","","","","","","","","","","","","","","","26.35","18.70","-129.04","14.65","11.86","-51.74","0.000000","0.000000","",""
"06:33:35.143","GOREV","","","","","","","","","","","","","","","","","","","","","","","","","","","","26.32","18.69","-129.12","14.78","11.70","-51.77","0.000000","0.000000","",""
"06:33:35.346","GOREV","","","","","","","","","","","","","","","","","","","","","","","","","","","","26.33","18.68","-129.21","14.61","12.01","-51.81","0.000000","0.000000","",""
"06:33:35.485","GOREV","","","","","","","","","","","","","","","","","","","","","","","","","","","","26.35","18.70","-129.30","14.67","12.01","-51.84","0.000000","0.000000","",""
"06:33:35.643","GOREV","","","","","","","","","","","","","","","","","","","","","","","","","","","","26.34","18.69","-129.39","14.64","11.88","-51.88","0.000000","0.000000","",""
"06:33:35.828","GOREV","","","","","","","","","","","","","","","","","","","","","","","","","","","","26.33","18.70","-129.47","14.61","11.98","-51.92","0.000000","0.000000","",""
"06:33:35.980","GOREV","","","","","","","","","","","","","","","","","","","","","","","","","","","","26.33","18.69","-129.56","14.62","11.82","-51.95","0.000000","0.000000","",""
"06:33:36.146","GOREV","","","","","","","","","","","","","","","","","","","","","","","","","","","","26.33","18.69","-129.64","14.65","11.76","-51.99","0.000000","0.000000","",""
"06:33:36.314","GOREV","","","","","","","","","","","","","","","","","","","","","","","","","","","","26.34","18.67","-129.73","14.57","12.02","-52.03","0.000000","0.000000","",""
"06:33:36.482","GOREV","","","","","","","","","","","","","","","","","","","","","","","","","","","","26.35","18.70","-129.82","14.75","11.92","-52.06","0.000000","0.000000","",""
"06:33:36.664","GOREV","","","","","","","","","","","","","","","","","","","","","","","","","","","","26.35","18.70","-129.90","14.73","11.98","-52.10","0.000000","0.000000","",""
"06:33:36.821","GOREV","","","","","","","","","","","","","","","","","","","","","","","","","","","","26.35","18.69","-129.98","14.72","11.75","-52.14","0.000000","0.000000","",""
"06:33:36.990","GOREV","","","","","","","","","","","","","","","","","","","","","","","","","","","","26.33","18.67","-130.07","14.64","11.97","-52.18","0.000000","0.000000","",""
"06:33:37.169","GOREV","","","","","","","","","","","","","","","","","","","","","","","","","","","","26.36","18.69","-130.16","14.66","11.98","-52.21","0.000000","0.000000","",""
"06:33:37.327","GOREV","","","","","","","","","","","","","","","","","","","","","","","","","","","","26.35","18.68","-130.24","14.72","11.87","-52.25","0.000000","0.000000","",""
"06:33:37.489","GOREV","","","","","","","","","","","","","","","","","","","","","","","","","","","","26.37","18.67","-130.33","14.59","11.76","-52.29","0.000000","0.000000","",""
"06:33:37.662","GOREV","","","","","","","","","","","","","","","","","","","","","","","","","","","","26.34","18.69","-130.42","14.57","11.91","-52.32","0.000000","0.000000","",""
"06:33:37.826","GOREV","","","","","","","","","","","","","","","","","","","","","","","","","","","","26.34","18.69","-130.50","14.71","11.83","-52.36","0.000000","0.000000","",""
"06:33:37.993","GOREV","","","","","","","","","","","","","","","","","","","","","","","","","","","","26.33","18.68","-130.59","14.69","11.92","-52.40","0.000000","0.000000","",""
"06:33:38.168","GOREV","","","","","","","","","","","","","","","","","","","","","","","","","","","","26.35","18.66","-130.68","14.62","11.88","-52.43","0.000000","0.000000","",""
"06:33:38.329","GOREV","","","","","","","","","","","","","","","","","","","","","","","","","","","","26.33","18.66","-130.76","14.78","11.94","-52.47","0.000000","0.000000","",""
"06:33:38.497","GOREV","","","","","","","","","","","","","","","","","","","","","","","","","","","","26.33","18.67","-130.85","14.67","11.85","-52.50","0.000000","0.000000","",""
"06:33:38.668","GOREV","","","","","","","","","","","","","","","","","","","","","","","","","","","","26.32","18.67","-130.94","14.71","11.79","-52.54","0.000000","0.000000","",""
"06:33:38.836","GOREV","","","","","","","","","","","","","","","","","","","","","","","","","","","","26.33","18.69","-131.02","14.60","11.93","-52.58","0.000000","0.000000","",""
"06:33:39.001","GOREV","","","","","","","","","","","","","","","","","","","","","","","","","","","","26.34","18.66","-131.11","14.55","12.02","-52.62","0.000000","0.000000","",""
"06:33:39.169","GOREV","","","","","","","","","","","","","","","","","","","","","","","","","","","","26.33","18.70","-131.20","14.76","11.86","-52.65","0.000000","0.000000","",""
"06:33:39.337","GOREV","","","","","","","","","","","","","","","","","","","","","","","","","","","","26.33","18.69","-131.28","14.71","11.97","-52.69","0.000000","0.000000","",""
"06:33:39.519","GOREV","","","","","","","","","","","","","","","","","","","","","","","","","","","","26.33","18.68","-131.37","14.70","11.85","-52.73","0.000000","0.000000","",""
"06:33:39.673","GOREV","","","","","","","","","","","","","","","","","","","","","","","","","","","","26.34","18.69","-131.45","14.61","11.82","-52.77","0.000000","0.000000","",""
"06:33:39.908","GOREV","","","","","","","","","","","","","","","","","","","","","","","","","","","","26.32","18.64","-131.54","14.64","11.90","-52.81","0.000000","0.000000","",""
"06:33:40.009","GOREV","","","","","","","","","","","","","","","","","","","","","","","","","","","","26.33","18.68","-131.62","14.73","11.89","-52.84","0.000000","0.000000","",""
"06:33:40.196","GOREV","","","","","","","","","","","","","","","","","","","","","","","","","","","","26.33","18.68","-131.71","14.73","12.07","-52.87","0.000000","0.000000","",""
"06:33:40.351","GOREV","","","","","","","","","","","","","","","","","","","","","","","","","","","","26.31","18.65","-131.79","14.67","11.82","-52.91","0.000000","0.000000","",""
"06:33:40.512","GOREV","","","","","","","","","","","","","","","","","","","","","","","","","","","","26.33","18.66","-131.88","14.66","11.88","-52.95","0.000000","0.000000","",""
"06:33:40.685","GOREV","","","","","","","","","","","","","","","","","","","","","","","","","","","","26.31","18.65","-131.97","14.69","11.88","-52.99","0.000000","0.000000","",""
"06:33:40.882","GOREV","","","","","","","","","","","","","","","","","","","","","","","","","","","","26.31","18.63","-132.06","14.62","11.87","-53.03","0.000000","0.000000","",""
"06:33:41.020","GOREV","","","","","","","","","","","","","","","","","","","","","","","","","","","","26.32","18.68","-132.14","14.63","11.90","-53.07","0.000000","0.000000","",""
"06:33:41.190","GOREV","","","","","","","","","","","","","","","","","","","","","","","","","","","","26.35","18.69","-132.23","14.74","12.00","-53.11","0.000000","0.000000","",""
"06:33:41.352","GOREV","","","","","","","","","","","","","","","","","","","","","","","","","","","","26.33","18.69","-132.31","14.74","11.77","-53.14","0.000000","0.000000","",""
"06:33:41.525","GOREV","","","","","","","","","","","","","","","","","","","","","","","","","","","","26.33","18.68","-132.40","14.65","11.83","-53.18","0.000000","0.000000","",""
"06:33:41.692","GOREV","","","","","","","","","","","","","","","","","","","","","","","","","","","","26.35","18.67","-132.48","14.66","11.86","-53.21","0.000000","0.000000","",""
"06:33:41.857","GOREV","","","","","","","","","","","","","","","","","","","","","","","","","","","","26.34","18.68","-132.57","14.71","11.91","-53.25","0.000000","0.000000","",""
"06:33:42.024","GOREV","","","","","","","","","","","","","","","","","","","","","","","","","","","","26.34","18.70","-132.65","14.71","11.93","-53.29","0.000000","0.000000","",""
"06:33:42.195","GOREV","","","","","","","","","","","","","","","","","","","","","","","","","","","","26.35","18.69","-132.74","14.71","11.85","-53.32","0.000000","0.000000","",""
"06:33:42.361","GOREV","","","","","","","","","","","","","","","","","","","","","","","","","","","","26.34","18.68","-132.82","14.71","11.83","-53.36","0.000000","0.000000","",""
"06:33:42.528","GOREV","","","","","","","","","","","","","","","","","","","","","","","","","","","","26.34","18.68","-132.91","14.71","11.86","-53.40","0.000000","0.000000","",""
"06:33:42.709","GOREV","","","","","","","","","","","","","","","","","","","","","","","","","","","","26.33","18.70","-133.00","14.71","11.76","-53.44","0.000000","0.000000","",""
"06:33:42.870","GOREV","","","","","","","","","","","","","","","","","","","","","","","","","","","","26.34","18.72","-133.08","14.71","11.82","-53.47","0.000000","0.000000","",""
"06:33:43.034","GOREV","","","","","","","","","","","","","","","","","","","","","","","","","","","","26.35","18.67","-133.17","14.74","11.79","-53.51","0.000000","0.000000","",""
"06:33:43.199","GOREV","","","","","","","","","","","","","","","","","","","","","","","","","","","","26.33","18.66","-133.26","14.76","11.88","-53.55","0.000000","0.000000","",""
"06:33:43.383","GOREV","","","","","","","","","","","","","","","","","","","","","","","","","","","","26.33","18.68","-133.34","14.82","11.97","-53.58","0.000000","0.000000","",""
"06:33:43.535","GOREV","","","","","","","","","","","","","","","","","","","","","","","","","","","","26.34","18.69","-133.43","14.69","11.89","-53.62","0.000000","0.000000","",""
"06:33:43.709","GOREV","","","","","","","","","","","","","","","","","","","","","","","","","","","","26.35","18.69","-133.51","14.73","11.94","-53.65","0.000000","0.000000","",""
"06:33:43.871","GOREV","","","","","","","","","","","","","","","","","","","","","","","","","","","","26.34","18.70","-133.60","14.63","11.89","-53.69","0.000000","0.000000","",""
"06:33:44.043","GOREV","","","","","","","","","","","","","","","","","","","","","","","","","","","","26.32","18.69","-133.68","14.59","11.97","-53.73","0.000000","0.000000","",""
"06:33:44.214","GOREV","","","","","","","","","","","","","","","","","","","","","","","","","","","","26.32","18.69","-133.77","14.57","11.82","-53.76","0.000000","0.000000","",""
"06:33:44.375","GOREV","","","","","","","","","","","","","","","","","","","","","","","","","","","","26.32","18.70","-133.85","14.61","11.75","-53.80","0.000000","0.000000","",""
"06:33:44.543","GOREV","","","","","","","","","","","","","","","","","","","","","","","","","","","","26.34","18.71","-133.94","14.61","11.85","-53.84","0.000000","0.000000","",""
"06:33:44.715","GOREV","","","","","","","","","","","","","","","","","","","","","","","","","","","","26.34","18.70","-134.02","14.63","11.79","-53.87","0.000000","0.000000","",""
"06:33:44.879","GOREV","","","","","","","","","","","","","","","","","","","","","","","","","","","","26.35","18.67","-134.11","14.83","12.00","-53.91","0.000000","0.000000","",""
"06:33:45.060","GOREV","","","","","","","","","","","","","","","","","","","","","","","","","","","","26.35","18.68","-134.19","14.75","11.82","-53.95","0.000000","0.000000","",""
"06:33:45.233","GOREV","","","","","","","","","","","","","","","","","","","","","","","","","","","","26.35","18.72","-134.28","14.71","11.64","-53.99","0.000000","0.000000","",""
"06:33:45.388","GOREV","","","","","","","","","","","","","","","","","","","","","","","","","","","","26.34","18.69","-134.36","14.62","11.86","-54.03","0.000000","0.000000","",""
"06:33:45.562","GOREV","","","","","","","","","","","","","","","","","","","","","","","","","","","","26.33","18.70","-134.45","14.71","11.91","-54.07","0.000000","0.000000","",""
"06:33:45.724","GOREV","","","","","","","","","","","","","","","","","","","","","","","","","","","","26.35","18.72","-134.53","14.72","11.91","-54.10","0.000000","0.000000","",""
"06:33:45.892","GOREV","","","","","","","","","","","","","","","","","","","","","","","","","","","","26.34","18.70","-134.62","14.53","11.87","-54.14","0.000000","0.000000","",""
"06:33:46.054","GOREV","","","","","","","","","","","","","","","","","","","","","","","","","","","","26.33","18.68","-134.70","14.66","11.99","-54.18","0.000000","0.000000","",""
"06:33:46.227","GOREV","","","","","","","","","","","","","","","","","","","","","","","","","","","","26.34","18.64","-134.79","14.76","11.90","-54.22","0.000000","0.000000","",""
"06:33:46.390","GOREV","","","","","","","","","","","","","","","","","","","","","","","","","","","","26.34","18.67","-134.88","14.68","11.89","-54.25","0.000000","0.000000","",""
"06:33:46.563","GOREV","","","","","","","","","","","","","","","","","","","","","","","","","","","","26.33","18.68","-134.96","14.71","11.80","-54.29","0.000000","0.000000","",""
"06:33:46.727","GOREV","","","","","","","","","","","","","","","","","","","","","","","","","","","","26.33","18.66","-135.05","14.82","11.93","-54.32","0.000000","0.000000","",""
"06:33:46.897","GOREV","","","","","","","","","","","","","","","","","","","","","","","","","","","","26.33","18.70","-135.13","14.63","11.89","-54.36","0.000000","0.000000","",""
"06:33:47.061","GOREV","","","","","","","","","","","","","","","","","","","","","","","","","","","","26.33","18.70","-135.22","14.74","11.88","-54.40","0.000000","0.000000","",""
"06:33:47.230","GOREV","","","","","","","","","","","","","","","","","","","","","","","","","","","","26.32","18.69","-135.30","14.52","12.00","-54.43","0.000000","0.000000","",""
"06:33:47.398","GOREV","","","","","","","","","","","","","","","","","","","","","","","","","","","","26.32","18.66","-135.39","14.69","11.92","-54.47","0.000000","0.000000","",""
"06:33:47.566","GOREV","","","","","","","","","","","","","","","","","","","","","","","","","","","","26.33","18.67","-135.47","14.69","11.88","-54.51","0.000000","0.000000","",""
"06:33:47.767","GOREV","","","","","","","","","","","","","","","","","","","","","","","","","","","","26.33","18.67","-135.56","14.71","11.95","-54.54","0.000000","0.000000","",""
"06:33:47.901","GOREV","","","","","","","","","","","","","","","","","","","","","","","","","","","","26.34","18.69","-135.65","14.57","11.92","-54.58","0.000000","0.000000","",""
"06:33:48.089","GOREV","","","","","","","","","","","","","","","","","","","","","","","","","","","","26.33","18.70","-135.73","14.82","11.71","-54.62","0.000000","0.000000","",""
"06:33:48.237","GOREV","","","","","","","","","","","","","","","","","","","","","","","","","","","","26.36","18.68","-135.82","14.60","11.98","-54.66","0.000000","0.000000","",""
"06:33:48.405","GOREV","","","","","","","","","","","","","","","","","","","","","","","","","","","","26.35","18.68","-135.90","14.60","11.70","-54.69","0.000000","0.000000","",""
"06:33:48.573","GOREV","","","","","","","","","","","","","","","","","","","","","","","","","","","","26.34","18.66","-135.99","14.60","11.94","-54.73","0.000000","0.000000","",""
"06:33:48.747","GOREV","","","","","","","","","","","","","","","","","","","","","","","","","","","","26.35","18.68","-136.08","14.93","11.83","-54.76","0.000000","0.000000","",""
"06:33:48.922","GOREV","","","","","","","","","","","","","","","","","","","","","","","","","","","","26.34","18.68","-136.16","14.57","11.76","-54.80","0.000000","0.000000","",""
"06:33:49.084","GOREV","","","","","","","","","","","","","","","","","","","","","","","","","","","","26.35","18.70","-136.25","14.71","11.86","-54.84","0.000000","0.000000","",""
"06:33:49.253","GOREV","","","","","","","","","","","","","","","","","","","","","","","","","","","","26.35","18.69","-136.34","14.67","11.92","-54.88","0.000000","0.000000","",""
"06:33:49.416","GOREV","","","","","","","","","","","","","","","","","","","","","","","","","","","","26.34","18.69","-136.42","14.59","11.94","-54.91","0.000000","0.000000","",""
"06:33:49.594","GOREV","","","","","","","","","","","","","","","","","","","","","","","","","","","","26.33","18.71","-136.51","14.71","11.91","-54.95","0.000000","0.000000","",""
"06:33:49.769","GOREV","","","","","","","","","","","","","","","","","","","","","","","","","","","","26.33","18.69","-136.59","14.61","11.86","-54.99","0.000000","0.000000","",""
"06:33:49.926","GOREV","","","","","","","","","","","","","","","","","","","","","","","","","","","","26.33","18.70","-136.68","14.54","12.01","-55.02","0.000000","0.000000","",""
"06:33:50.084","GOREV","","","","","","","","","","","","","","","","","","","","","","","","","","","","26.35","18.67","-136.77","14.68","11.62","-55.06","0.000000","0.000000","",""
"06:33:50.280","GOREV","","","","","","","","","","","","","","","","","","","","","","","","","","","","26.34","18.68","-136.85","14.57","11.88","-55.10","0.000000","0.000000","",""
"06:33:50.421","GOREV","","","","","","","","","","","","","","","","","","","","","","","","","","","","26.34","18.67","-136.94","14.83","11.99","-55.14","0.000000","0.000000","",""
"06:33:50.591","GOREV","","","","","","","","","","","","","","","","","","","","","","","","","","","","26.30","18.68","-137.02","14.73","11.93","-55.18","0.000000","0.000000","",""
"06:33:50.761","GOREV","","","","","","","","","","","","","","","","","","","","","","","","","","","","26.34","18.67","-137.11","14.64","11.87","-55.21","0.000000","0.000000","",""
"06:33:50.925","GOREV","","","","","","","","","","","","","","","","","","","","","","","","","","","","26.34","18.68","-137.19","14.69","12.02","-55.25","0.000000","0.000000","",""
"06:33:51.106","GOREV","","","","","","","","","","","","","","","","","","","","","","","","","","","","26.34","18.66","-137.28","14.69","11.85","-55.28","0.000000","0.000000","",""
"06:33:51.261","GOREV","","","","","","","","","","","","","","","","","","","","","","","","","","","","26.32","18.67","-137.37","14.77","12.04","-55.31","0.000000","0.000000","",""
"06:33:51.429","GOREV","","","","","","","","","","","","","","","","","","","","","","","","","","","","26.33","18.65","-137.45","14.61","11.78","-55.35","0.000000","0.000000","",""
"06:33:51.604","GOREV","","","","","","","","","","","","","","","","","","","","","","","","","","","","26.35","18.65","-137.54","14.68","11.83","-55.39","0.000000","0.000000","",""
"06:33:51.771","GOREV","","","","","","","","","","","","","","","","","","","","","","","","","","","","26.36","18.67","-137.62","14.60","12.01","-55.43","0.000000","0.000000","",""
"06:33:51.933","GOREV","","","","","","","","","","","","","","","","","","","","","","","","","","","","26.31","18.67","-137.71","14.51","11.87","-55.47","0.000000","0.000000","",""
"06:33:52.104","GOREV","","","","","","","","","","","","","","","","","","","","","","","","","","","","26.33","18.66","-137.80","14.61","11.84","-55.51","0.000000","0.000000","",""
"06:33:52.271","GOREV","","","","","","","","","","","","","","","","","","","","","","","","","","","","26.34","18.65","-137.88","14.71","11.83","-55.54","0.000000","0.000000","",""
"06:33:52.436","GOREV","","","","","","","","","","","","","","","","","","","","","","","","","","","","26.32","18.65","-137.97","14.59","11.71","-55.58","0.000000","0.000000","",""
"06:33:52.611","GOREV","","","","","","","","","","","","","","","","","","","","","","","","","","","","26.32","18.67","-138.05","14.73","11.91","-55.62","0.000000","0.000000","",""
"06:33:52.775","GOREV","","","","","","","","","","","","","","","","","","","","","","","","","","","","26.33","18.68","-138.14","14.65","11.97","-55.65","0.000000","0.000000","",""
"06:33:52.949","GOREV","","","","","","","","","","","","","","","","","","","","","","","","","","","","26.33","18.67","-138.22","14.63","11.81","-55.69","0.000000","0.000000","",""
"06:33:53.107","GOREV","","","","","","","","","","","","","","","","","","","","","","","","","","","","26.35","18.69","-138.31","14.68","11.81","-55.73","0.000000","0.000000","",""
"06:33:53.282","GOREV","","","","","","","","","","","","","","","","","","","","","","","","","","","","26.34","18.65","-138.39","14.60","11.91","-55.77","0.000000","0.000000","",""
"06:33:53.447","GOREV","","","","","","","","","","","","","","","","","","","","","","","","","","","","26.36","18.65","-138.48","14.69","11.86","-55.80","0.000000","0.000000","",""
"06:33:53.611","GOREV","","","","","","","","","","","","","","","","","","","","","","","","","","","","26.36","18.66","-138.56","14.84","11.87","-55.84","0.000000","0.000000","",""
"06:33:53.779","GOREV","","","","","","","","","","","","","","","","","","","","","","","","","","","","26.34","18.66","-138.65","14.69","11.94","-55.88","0.000000","0.000000","",""
"06:33:53.953","GOREV","","","","","","","","","","","","","","","","","","","","","","","","","","","","26.35","18.69","-138.73","14.78","11.80","-55.92","0.000000","0.000000","",""
"06:33:54.116","GOREV","","","","","","","","","","","","","","","","","","","","","","","","","","","","26.34","18.71","-138.82","14.64","11.97","-55.95","0.000000","0.000000","",""
"06:33:54.285","GOREV","","","","","","","","","","","","","","","","","","","","","","","","","","","","26.34","18.68","-138.90","14.87","11.99","-55.99","0.000000","0.000000","",""
"06:33:54.457","GOREV","","","","","","","","","","","","","","","","","","","","","","","","","","","","26.32","18.70","-138.98","14.71","12.01","-56.03","0.000000","0.000000","",""
"06:33:54.623","GOREV","","","","","","","","","","","","","","","","","","","","","","","","","","","","26.34","18.68","-139.07","14.73","11.74","-56.06","0.000000","0.000000","",""
"06:33:54.789","GOREV","","","","","","","","","","","","","","","","","","","","","","","","","","","","26.34","18.68","-139.15","14.80","11.81","-56.10","0.000000","0.000000","",""
"06:33:54.960","GOREV","","","","","","","","","","","","","","","","","","","","","","","","","","","","26.33","18.66","-139.24","14.74","11.75","-56.14","0.000000","0.000000","",""
"06:33:55.131","GOREV","","","","","","","","","","","","","","","","","","","","","","","","","","","","26.33","18.66","-139.33","14.49","11.92","-56.18","0.000000","0.000000","",""
"06:33:55.291","GOREV","","","","","","","","","","","","","","","","","","","","","","","","","","","","26.35","18.68","-139.41","14.68","11.86","-56.22","0.000000","0.000000","",""
"06:33:55.465","GOREV","","","","","","","","","","","","","","","","","","","","","","","","","","","","26.37","18.68","-139.49","14.67","11.87","-56.26","0.000000","0.000000","",""
"06:33:55.643","GOREV","","","","","","","","","","","","","","","","","","","","","","","","","","","","26.36","18.68","-139.58","14.67","11.77","-56.30","0.000000","0.000000","",""
"06:33:55.801","GOREV","","","","","","","","","","","","","","","","","","","","","","","","","","","","26.32","18.68","-139.67","14.71","11.93","-56.33","0.000000","0.000000","",""
"06:33:55.963","GOREV","","","","","","","","","","","","","","","","","","","","","","","","","","","","26.31","18.69","-139.75","14.62","11.73","-56.37","0.000000","0.000000","",""
"06:33:56.135","GOREV","","","","","","","","","","","","","","","","","","","","","","","","","","","","26.32","18.70","-139.84","14.69","11.76","-56.40","0.000000","0.000000","",""
"06:33:56.299","GOREV","","","","","","","","","","","","","","","","","","","","","","","","","","","","26.32","18.69","-139.92","14.63","11.86","-56.44","0.000000","0.000000","",""
"06:33:56.474","GOREV","","","","","","","","","","","","","","","","","","","","","","","","","","","","26.32","18.69","-140.01","14.57","11.85","-56.48","0.000000","0.000000","",""
"06:33:56.654","GOREV","","","","","","","","","","","","","","","","","","","","","","","","","","","","26.32","18.67","-140.09","14.87","11.89","-56.51","0.000000","0.000000","",""
"06:33:56.804","GOREV","","","","","","","","","","","","","","","","","","","","","","","","","","","","26.33","18.67","-140.18","14.93","12.08","-56.55","0.000000","0.000000","",""
"06:33:56.971","GOREV","","","","","","","","","","","","","","","","","","","","","","","","","","","","26.33","18.68","-140.27","14.72","11.83","-56.59","0.000000","0.000000","",""
"06:33:57.139","GOREV","","","","","","","","","","","","","","","","","","","","","","","","","","","","26.34","18.67","-140.35","14.66","11.87","-56.63","0.000000","0.000000","",""
"06:33:57.315","GOREV","","","","","","","","","","","","","","","","","","","","","","","","","","","","26.33","18.68","-140.44","14.60","11.79","-56.66","0.000000","0.000000","",""
"06:33:57.474","GOREV","","","","","","","","","","","","","","","","","","","","","","","","","","","","26.32","18.67","-140.52","14.65","11.90","-56.70","0.000000","0.000000","",""
"06:33:57.649","GOREV","","","","","","","","","","","","","","","","","","","","","","","","","","","","26.32","18.68","-140.61","14.61","11.79","-56.73","0.000000","0.000000","",""
"06:33:57.811","GOREV","","","","","","","","","","","","","","","","","","","","","","","","","","","","26.33","18.68","-140.69","14.63","12.13","-56.77","0.000000","0.000000","",""
"06:33:57.994","GOREV","","","","","","","","","","","","","","","","","","","","","","","","","","","","26.33","18.67","-140.78","14.58","11.82","-56.80","0.000000","0.000000","",""
"06:33:58.146","GOREV","","","","","","","","","","","","","","","","","","","","","","","","","","","","26.33","18.66","-140.86","14.78","11.86","-56.84","0.000000","0.000000","",""
"06:33:58.332","GOREV","","","","","","","","","","","","","","","","","","","","","","","","","","","","26.32","18.65","-140.95","14.54","11.89","-56.88","0.000000","0.000000","",""
"06:33:58.483","GOREV","","","","","","","","","","","","","","","","","","","","","","","","","","","","26.30","18.66","-141.03","14.46","11.91","-56.91","0.000000","0.000000","",""
"06:33:58.651","GOREV","","","","","","","","","","","","","","","","","","","","","","","","","","","","26.31","18.68","-141.12","14.64","11.90","-56.95","0.000000","0.000000","",""
"06:33:58.819","GOREV","","","","","","","","","","","","","","","","","","","","","","","","","","","","26.31","18.70","-141.20","14.58","11.94","-56.99","0.000000","0.000000","",""
"06:33:58.989","GOREV","","","","","","","","","","","","","","","","","","","","","","","","","","","","26.34","18.69","-141.29","14.66","12.03","-57.03","0.000000","0.000000","",""
"06:33:59.164","GOREV","","","","","","","","","","","","","","","","","","","","","","","","","","","","26.33","18.68","-141.37","14.59","11.93","-57.06","0.000000","0.000000","",""
"06:33:59.322","GOREV","","","","","","","","","","","","","","","","","","","","","","","","","","","","26.33","18.68","-141.46","14.73","11.69","-57.10","0.000000","0.000000","",""
"06:33:59.491","GOREV","","","","","","","","","","","","","","","","","","","","","","","","","","","","26.33","18.67","-141.55","14.77","11.85","-57.13","0.000000","0.000000","",""
"06:33:59.658","GOREV","","","","","","","","","","","","","","","","","","","","","","","","","","","","26.33","18.66","-141.63","14.57","12.01","-57.17","0.000000","0.000000","",""
"06:33:59.829","GOREV","","","","","","","","","","","","","","","","","","","","","","","","","","","","26.32","18.66","-141.71","14.73","11.94","-57.21","0.000000","0.000000","",""
"06:33:59.998","GOREV","","","","","","","","","","","","","","","","","","","","","","","","","","","","26.37","18.67","-141.80","14.70","11.84","-57.25","0.000000","0.000000","",""
"06:34:00.162","GOREV","","","","","","","","","","","","","","","","","","","","","","","","","","","","26.35","18.66","-141.88","14.75","11.83","-57.28","0.000000","0.000000","",""
"06:34:00.330","GOREV","","","","","","","","","","","","","","","","","","","","","","","","","","","","26.36","18.66","-141.97","14.61","11.86","-57.32","0.000000","0.000000","",""
"06:34:00.498","GOREV","","","","","","","","","","","","","","","","","","","","","","","","","","","","26.33","18.65","-142.06","14.56","11.84","-57.36","0.000000","0.000000","",""
"06:34:00.666","GOREV","","","","","","","","","","","","","","","","","","","","","","","","","","","","26.33","18.66","-142.14","14.64","11.99","-57.40","0.000000","0.000000","",""
"06:34:00.838","GOREV","","","","","","","","","","","","","","","","","","","","","","","","","","","","26.34","18.68","-142.23","14.59","11.89","-57.44","0.000000","0.000000","",""
"06:34:01.006","GOREV","","","","","","","","","","","","","","","","","","","","","","","","","","","","26.31","18.68","-142.31","14.81","11.97","-57.48","0.000000","0.000000","",""
"06:34:01.184","GOREV","","","","","","","","","","","","","","","","","","","","","","","","","","","","26.31","18.68","-142.39","14.73","11.77","-57.52","0.000000","0.000000","",""
"06:34:01.337","GOREV","","","","","","","","","","","","","","","","","","","","","","","","","","","","26.34","18.69","-142.48","14.57","11.96","-57.56","0.000000","0.000000","",""
"06:34:01.510","GOREV","","","","","","","","","","","","","","","","","","","","","","","","","","","","26.31","18.66","-142.57","14.59","11.80","-57.59","0.000000","0.000000","",""
"06:34:01.687","GOREV","","","","","","","","","","","","","","","","","","","","","","","","","","","","26.31","18.65","-142.65","14.64","11.96","-57.63","0.000000","0.000000","",""
"06:34:01.842","GOREV","","","","","","","","","","","","","","","","","","","","","","","","","","","","26.30","18.66","-142.74","14.73","11.68","-57.67","0.000000","0.000000","",""
"06:34:02.012","GOREV","","","","","","","","","","","","","","","","","","","","","","","","","","","","26.29","18.67","-142.82","14.70","11.88","-57.70","0.000000","0.000000","",""
"06:34:02.180","GOREV","","","","","","","","","","","","","","","","","","","","","","","","","","","","26.31","18.66","-142.90","14.80","11.72","-57.74","0.000000","0.000000","",""
"06:34:02.345","GOREV","","","","","","","","","","","","","","","","","","","","","","","","","","","","26.32","18.69","-142.99","14.57","11.92","-57.78","0.000000","0.000000","",""
"06:34:02.522","GOREV","","","","","","","","","","","","","","","","","","","","","","","","","","","","26.33","18.68","-143.07","14.55","11.78","-57.81","0.000000","0.000000","",""
"06:34:02.685","GOREV","","","","","","","","","","","","","","","","","","","","","","","","","","","","26.33","18.66","-143.16","14.72","11.88","-57.85","0.000000","0.000000","",""
"06:34:02.855","GOREV","","","","","","","","","","","","","","","","","","","","","","","","","","","","26.31","18.64","-143.24","14.68","11.83","-57.88","0.000000","0.000000","",""
"06:34:03.021","GOREV","","","","","","","","","","","","","","","","","","","","","","","","","","","","26.32","18.67","-143.33","14.82","11.84","-57.92","0.000000","0.000000","",""
"06:34:03.184","GOREV","","","","","","","","","","","","","","","","","","","","","","","","","","","","26.34","18.68","-143.42","14.64","11.90","-57.96","0.000000","0.000000","",""
"06:34:03.352","GOREV","","","","","","","","","","","","","","","","","","","","","","","","","","","","26.34","18.65","-143.50","14.68","11.79","-58.00","0.000000","0.000000","",""
"06:34:03.529","GOREV","","","","","","","","","","","","","","","","","","","","","","","","","","","","26.34","18.66","-143.59","14.67","11.74","-58.04","0.000000","0.000000","",""
"06:34:03.712","GOREV","","","","","","","","","","","","","","","","","","","","","","","","","","","","26.34","18.67","-143.68","14.58","11.91","-58.08","0.000000","0.000000","",""
"06:34:03.857","GOREV","","","","","","","","","","","","","","","","","","","","","","","","","","","","26.33","18.66","-143.76","14.58","11.88","-58.11","0.000000","0.000000","",""
"06:34:04.024","GOREV","","","","","","","","","","","","","","","","","","","","","","","","","","","","26.33","18.68","-143.85","14.62","11.92","-58.15","0.000000","0.000000","",""
"06:34:04.192","GOREV","","","","","","","","","","","","","","","","","","","","","","","","","","","","26.33","18.67","-143.93","14.83","11.89","-58.19","0.000000","0.000000","",""
"06:34:04.360","GOREV","","","","","","","","","","","","","","","","","","","","","","","","","","","","26.35","18.65","-144.02","14.65","11.93","-58.22","0.000000","0.000000","",""
"06:34:04.531","GOREV","","","","","","","","","","","","","","","","","","","","","","","","","","","","26.35","18.67","-144.10","14.69","11.91","-58.26","0.000000","0.000000","",""
"06:34:04.702","GOREV","","","","","","","","","","","","","","","","","","","","","","","","","","","","26.34","18.68","-144.19","14.63","11.87","-58.30","0.000000","0.000000","",""
"06:34:04.870","GOREV","","","","","","","","","","","","","","","","","","","","","","","","","","","","26.34","18.70","-144.28","14.69","11.95","-58.33","0.000000","0.000000","",""
"06:34:05.036","GOREV","","","","","","","","","","","","","","","","","","","","","","","","","","","","26.33","18.71","-144.36","14.71","11.73","-58.37","0.000000","0.000000","",""
"06:34:05.203","GOREV","","","","","","","","","","","","","","","","","","","","","","","","","","","","26.32","18.70","-144.45","14.67","11.83","-58.40","0.000000","0.000000","",""
"06:34:05.380","GOREV","","","","","","","","","","","","","","","","","","","","","","","","","","","","26.34","18.69","-144.54","14.51","11.95","-58.44","0.000000","0.000000","",""
"06:34:05.540","GOREV","","","","","","","","","","","","","","","","","","","","","","","","","","","","26.33","18.72","-144.62","14.66","11.78","-58.48","0.000000","0.000000","",""
"06:34:05.704","GOREV","","","","","","","","","","","","","","","","","","","","","","","","","","","","26.34","18.70","-144.71","14.58","11.94","-58.51","0.000000","0.000000","",""
"06:34:05.874","GOREV","","","","","","","","","","","","","","","","","","","","","","","","","","","","26.34","18.68","-144.79","14.81","11.96","-58.55","0.000000","0.000000","",""
"06:34:06.050","GOREV","","","","","","","","","","","","","","","","","","","","","","","","","","","","26.35","18.66","-144.88","14.68","12.04","-58.59","0.000000","0.000000","",""
"06:34:06.220","GOREV","","","","","","","","","","","","","","","","","","","","","","","","","","","","26.35","18.69","-144.97","14.59","11.82","-58.62","0.000000","0.000000","",""
"06:34:06.376","GOREV","","","","","","","","","","","","","","","","","","","","","","","","","","","","26.34","18.68","-145.05","14.50","12.07","-58.66","0.000000","0.000000","",""
"06:34:06.549","GOREV","","","","","","","","","","","","","","","","","","","","","","","","","","","","26.32","18.68","-145.14","14.69","11.89","-58.69","0.000000","0.000000","",""
"06:34:06.711","GOREV","","","","","","","","","","","","","","","","","","","","","","","","","","","","26.34","18.68","-145.22","14.87","11.76","-58.73","0.000000","0.000000","",""
"06:34:06.897","GOREV","","","","","","","","","","","","","","","","","","","","","","","","","","","","26.34","18.66","-145.30","14.63","11.89","-58.77","0.000000","0.000000","",""
"06:34:07.067","GOREV","","","","","","","","","","","","","","","","","","","","","","","","","","","","26.32","18.66","-145.39","14.79","11.96","-58.81","0.000000","0.000000","",""
"06:34:07.216","GOREV","","","","","","","","","","","","","","","","","","","","","","","","","","","","26.31","18.69","-145.47","14.62","11.90","-58.84","0.000000","0.000000","",""
"06:34:07.386","GOREV","","","","","","","","","","","","","","","","","","","","","","","","","","","","26.33","18.69","-145.56","14.74","11.92","-58.88","0.000000","0.000000","",""
"06:34:07.553","GOREV","","","","","","","","","","","","","","","","","","","","","","","","","","","","26.32","18.66","-145.64","14.56","11.82","-58.92","0.000000","0.000000","",""
"06:34:07.719","GOREV","","","","","","","","","","","","","","","","","","","","","","","","","","","","26.35","18.70","-145.73","14.55","11.94","-58.96","0.000000","0.000000","",""
"06:34:07.887","GOREV","","","","","","","","","","","","","","","","","","","","","","","","","","","","26.34","18.69","-145.81","14.73","11.85","-58.99","0.000000","0.000000","",""
"06:34:08.057","GOREV","","","","","","","","","","","","","","","","","","","","","","","","","","","","26.34","18.69","-145.90","14.66","11.97","-59.03","0.000000","0.000000","",""
"06:34:08.223","GOREV","","","","","","","","","","","","","","","","","","","","","","","","","","","","26.32","18.69","-145.99","14.70","11.91","-59.07","0.000000","0.000000","",""
"06:34:08.395","GOREV","","","","","","","","","","","","","","","","","","","","","","","","","","","","26.34","18.67","-146.07","14.68","11.80","-59.10","0.000000","0.000000","",""
"06:34:08.558","GOREV","","","","","","","","","","","","","","","","","","","","","","","","","","","","26.35","18.67","-146.16","14.62","11.83","-59.14","0.000000","0.000000","",""
"06:34:08.733","GOREV","","","","","","","","","","","","","","","","","","","","","","","","","","","","26.35","18.66","-146.24","14.65","11.80","-59.17","0.000000","0.000000","",""
"06:34:08.895","GOREV","","","","","","","","","","","","","","","","","","","","","","","","","","","","26.33","18.64","-146.33","14.59","11.79","-59.21","0.000000","0.000000","",""
"06:34:09.062","GOREV","","","","","","","","","","","","","","","","","","","","","","","","","","","","26.33","18.67","-146.41","14.63","11.75","-59.25","0.000000","0.000000","",""
"06:34:09.231","GOREV","","","","","","","","","","","","","","","","","","","","","","","","","","","","26.34","18.68","-146.50","14.63","11.86","-59.29","0.000000","0.000000","",""
"06:34:09.398","GOREV","","","","","","","","","","","","","","","","","","","","","","","","","","","","26.35","18.67","-146.58","14.79","11.97","-59.32","0.000000","0.000000","",""
"06:34:09.567","GOREV","","","","","","","","","","","","","","","","","","","","","","","","","","","","26.35","18.71","-146.67","14.66","11.91","-59.36","0.000000","0.000000","",""
"06:34:09.738","GOREV","","","","","","","","","","","","","","","","","","","","","","","","","","","","26.35","18.69","-146.76","14.72","11.77","-59.40","0.000000","0.000000","",""
"06:34:09.902","GOREV","","","","","","","","","","","","","","","","","","","","","","","","","","","","26.34","18.69","-146.84","14.70","11.74","-59.43","0.000000","0.000000","",""
"06:34:10.071","GOREV","","","","","","","","","","","","","","","","","","","","","","","","","","","","26.33","18.67","-146.93","14.47","11.80","-59.47","0.000000","0.000000","",""
"06:34:10.241","GOREV","","","","","","","","","","","","","","","","","","","","","","","","","","","","26.34","18.70","-147.02","14.72","11.92","-59.51","0.000000","0.000000","",""
"06:34:10.424","GOREV","","","","","","","","","","","","","","","","","","","","","","","","","","","","26.33","18.68","-147.10","14.59","11.85","-59.54","0.000000","0.000000","",""
"06:34:10.582","GOREV","","","","","","","","","","","","","","","","","","","","","","","","","","","","26.33","18.67","-147.19","14.64","11.85","-59.58","0.000000","0.000000","",""
"06:34:10.744","GOREV","","","","","","","","","","","","","","","","","","","","","","","","","","","","26.34","18.68","-147.27","14.69","11.93","-59.62","0.000000","0.000000","",""
"06:34:10.914","GOREV","","","","","","","","","","","","","","","","","","","","","","","","","","","","26.33","18.67","-147.36","14.57","11.92","-59.65","0.000000","0.000000","",""
"06:34:11.095","GOREV","","","","","","","","","","","","","","","","","","","","","","","","","","","","26.33","18.67","-147.45","14.56","11.81","-59.69","0.000000","0.000000","",""
"06:34:11.245","GOREV","","","","","","","","","","","","","","","","","","","","","","","","","","","","26.35","18.65","-147.53","14.61","11.98","-59.73","0.000000","0.000000","",""
"06:34:11.418","GOREV","","","","","","","","","","","","","","","","","","","","","","","","","","","","26.34","18.66","-147.62","14.69","11.95","-59.77","0.000000","0.000000","",""
"06:34:11.582","GOREV","","","","","","","","","","","","","","","","","","","","","","","","","","","","26.33","18.67","-147.70","14.61","11.86","-59.80","0.000000","0.000000","",""
"06:34:11.750","GOREV","","","","","","","","","","","","","","","","","","","","","","","","","","","","26.33","18.67","-147.79","14.58","11.77","-59.84","0.000000","0.000000","",""
"06:34:11.924","GOREV","","","","","","","","","","","","","","","","","","","","","","","","","","","","26.34","18.67","-147.87","14.64","11.88","-59.87","0.000000","0.000000","",""
"06:34:12.087","GOREV","","","","","","","","","","","","","","","","","","","","","","","","","","","","26.35","18.70","-147.96","14.72","11.85","-59.91","0.000000","0.000000","",""
"06:34:12.254","GOREV","","","","","","","","","","","","","","","","","","","","","","","","","","","","26.34","18.66","-148.04","14.79","11.88","-59.94","0.000000","0.000000","",""
"06:34:12.433","GOREV","","","","","","","","","","","","","","","","","","","","","","","","","","","","26.34","18.65","-148.13","14.64","11.73","-59.98","0.000000","0.000000","",""
"06:34:12.599","GOREV","","","","","","","","","","","","","","","","","","","","","","","","","","","","26.34","18.64","-148.22","14.66","12.00","-60.01","0.000000","0.000000","",""
"06:34:12.758","GOREV","","","","","","","","","","","","","","","","","","","","","","","","","","","","26.34","18.67","-148.30","14.69","11.80","-60.05","0.000000","0.000000","",""
"06:34:12.927","GOREV","","","","","","","","","","","","","","","","","","","","","","","","","","","","26.34","18.65","-148.39","14.79","11.84","-60.09","0.000000","0.000000","",""
"06:34:13.095","GOREV","","","","","","","","","","","","","","","","","","","","","","","","","","","","26.35","18.68","-148.47","14.73","11.96","-60.12","0.000000","0.000000","",""
"06:34:13.275","GOREV","","","","","","","","","","","","","","","","","","","","","","","","","","","","26.34","18.68","-148.56","14.64","12.00","-60.16","0.000000","0.000000","",""
"06:34:13.429","GOREV","","","","","","","","","","","","","","","","","","","","","","","","","","","","26.35","18.69","-148.64","14.67","11.95","-60.19","0.000000","0.000000","",""
"06:34:13.597","GOREV","","","","","","","","","","","","","","","","","","","","","","","","","","","","26.36","18.68","-148.73","14.66","11.87","-60.23","0.000000","0.000000","",""
"06:34:13.765","GOREV","","","","","","","","","","","","","","","","","","","","","","","","","","","","26.32","18.68","-148.81","14.76","11.91","-60.27","0.000000","0.000000","",""
"06:34:13.933","GOREV","","","","","","","","","","","","","","","","","","","","","","","","","","","","26.33","18.69","-148.89","14.55","11.73","-60.31","0.000000","0.000000","",""
"06:34:14.106","GOREV","","","","","","","","","","","","","","","","","","","","","","","","","","","","26.33","18.68","-148.98","14.74","11.83","-60.34","0.000000","0.000000","",""
"06:34:14.272","GOREV","","","","","","","","","","","","","","","","","","","","","","","","","","","","26.34","18.66","-149.06","14.55","11.92","-60.38","0.000000","0.000000","",""
"06:34:14.441","GOREV","","","","","","","","","","","","","","","","","","","","","","","","","","","","26.35","18.66","-149.15","14.68","11.73","-60.42","0.000000","0.000000","",""
"06:34:14.611","GOREV","","","","","","","","","","","","","","","","","","","","","","","","","","","","26.34","18.66","-149.23","14.74","11.84","-60.45","0.000000","0.000000","",""
"06:34:14.773","GOREV","","","","","","","","","","","","","","","","","","","","","","","","","","","","26.35","18.68","-149.32","14.59","11.93","-60.49","0.000000","0.000000","",""
"06:34:14.946","GOREV","","","","","","","","","","","","","","","","","","","","","","","","","","","","26.35","18.66","-149.41","14.58","11.81","-60.53","0.000000","0.000000","",""
"06:34:15.109","GOREV","","","","","","","","","","","","","","","","","","","","","","","","","","","","26.34","18.68","-149.49","14.63","11.76","-60.56","0.000000","0.000000","",""
"06:34:15.279","GOREV","","","","","","","","","","","","","","","","","","","","","","","","","","","","26.33","18.66","-149.58","14.87","11.92","-60.60","0.000000","0.000000","",""
"06:34:15.455","GOREV","","","","","","","","","","","","","","","","","","","","","","","","","","","","26.34","18.65","-149.67","14.66","11.89","-60.64","0.000000","0.000000","",""
"06:34:15.613","GOREV","","","","","","","","","","","","","","","","","","","","","","","","","","","","26.35","18.68","-149.75","14.64","11.93","-60.67","0.000000","0.000000","",""
"06:34:15.784","GOREV","","","","","","","","","","","","","","","","","","","","","","","","","","","","26.35","18.68","-149.84","14.49","11.97","-60.71","0.000000","0.000000","",""
"06:34:15.956","GOREV","","","","","","","","","","","","","","","","","","","","","","","","","","","","26.34","18.66","-149.92","14.72","11.95","-60.75","0.000000","0.000000","",""
"06:34:16.122","GOREV","","","","","","","","","","","","","","","","","","","","","","","","","","","","26.32","18.66","-150.01","14.68","11.89","-60.79","0.000000","0.000000","",""
"06:34:16.285","GOREV","","","","","","","","","","","","","","","","","","","","","","","","","","","","26.31","18.66","-150.09","14.57","11.97","-60.83","0.000000","0.000000","",""
"06:34:16.458","GOREV","","","","","","","","","","","","","","","","","","","","","","","","","","","","26.34","18.68","-150.18","14.61","11.94","-60.86","0.000000","0.000000","",""
"06:34:16.628","GOREV","","","","","","","","","","","","","","","","","","","","","","","","","","","","26.36","18.67","-150.27","14.58","11.77","-60.90","0.000000","0.000000","",""
"06:34:16.788","GOREV","","","","","","","","","","","","","","","","","","","","","","","","","","","","26.32","18.67","-150.35","14.83","11.85","-60.94","0.000000","0.000000","",""
"06:34:16.955","GOREV","","","","","","","","","","","","","","","","","","","","","","","","","","","","26.33","18.67","-150.44","14.56","11.86","-60.97","0.000000","0.000000","",""
"06:34:17.145","GOREV","","","","","","","","","","","","","","","","","","","","","","","","","","","","26.33","18.67","-150.52","14.61","12.01","-61.01","0.000000","0.000000","",""
"06:34:17.291","GOREV","","","","","","","","","","","","","","","","","","","","","","","","","","","","26.34","18.67","-150.60","14.74","11.98","-61.05","0.000000","0.000000","",""
"06:34:17.460","GOREV","","","","","","","","","","","","","","","","","","","","","","","","","","","","26.36","18.70","-150.69","14.62","11.73","-61.08","0.000000","0.000000","",""
"06:34:17.628","GOREV","","","","","","","","","","","","","","","","","","","","","","","","","","","","26.34","18.71","-150.78","14.74","11.88","-61.12","0.000000","0.000000","",""
"06:34:17.795","GOREV","","","","","","","","","","","","","","","","","","","","","","","","","","","","26.34","18.70","-150.86","14.69","11.92","-61.16","0.000000","0.000000","",""
"06:34:17.963","GOREV","","","","","","","","","","","","","","","","","","","","","","","","","","","","26.34","18.71","-150.95","14.56","12.02","-61.19","0.000000","0.000000","",""
"06:34:18.131","GOREV","","","","","","","","","","","","","","","","","","","","","","","","","","","","26.33","18.70","-151.03","14.73","11.70","-61.23","0.000000","0.000000","",""
"06:34:18.302","GOREV","","","","","","","","","","","","","","","","","","","","","","","","","","","","26.34","18.69","-151.12","14.72","11.77","-61.27","0.000000","0.000000","",""
"06:34:18.468","GOREV","","","","","","","","","","","","","","","","","","","","","","","","","","","","26.39","18.68","-151.20","14.96","12.05","-61.30","0.000000","0.000000","",""
"06:34:18.635","GOREV","","","","","","","","","","","","","","","","","","","","","","","","","","","","26.34","18.68","-151.29","14.73","11.80","-61.34","0.000000","0.000000","",""
"06:34:18.803","GOREV","","","","","","","","","","","","","","","","","","","","","","","","","","","","26.34","18.65","-151.38","14.59","11.73","-61.38","0.000000","0.000000","",""
"06:34:18.974","GOREV","","","","","","","","","","","","","","","","","","","","","","","","","","","","26.36","18.67","-151.46","14.74","11.81","-61.42","0.000000","0.000000","",""
"06:34:19.138","GOREV","","","","","","","","","","","","","","","","","","","","","","","","","","","","26.35","18.66","-151.54","14.75","11.89","-61.45","0.000000","0.000000","",""
"06:34:19.307","GOREV","","","","","","","","","","","","","","","","","","","","","","","","","","","","26.33","18.67","-151.63","14.58","11.82","-61.49","0.000000","0.000000","",""
"06:34:19.475","GOREV","","","","","","","","","","","","","","","","","","","","","","","","","","","","26.32","18.65","-151.72","14.63","11.86","-61.52","0.000000","0.000000","",""
"06:34:19.642","GOREV","","","","","","","","","","","","","","","","","","","","","","","","","","","","26.34","18.67","-151.80","14.62","11.81","-61.56","0.000000","0.000000","",""
"06:34:19.810","GOREV","","","","","","","","","","","","","","","","","","","","","","","","","","","","26.33","18.69","-151.89","14.66","11.78","-61.60","0.000000","0.000000","",""
"06:34:19.978","GOREV","","","","","","","","","","","","","","","","","","","","","","","","","","","","26.33","18.70","-151.97","14.63","11.92","-61.64","0.000000","0.000000","",""
"06:34:20.152","GOREV","","","","","","","","","","","","","","","","","","","","","","","","","","","","26.32","18.67","-152.05","14.58","12.02","-61.67","0.000000","0.000000","",""
"06:34:20.315","GOREV","","","","","","","","","","","","","","","","","","","","","","","","","","","","26.32","18.67","-152.14","14.60","11.92","-61.71","0.000000","0.000000","",""
"06:34:20.492","GOREV","","","","","","","","","","","","","","","","","","","","","","","","","","","","26.34","18.68","-152.22","14.60","11.95","-61.75","0.000000","0.000000","",""
"06:34:20.657","GOREV","","","","","","","","","","","","","","","","","","","","","","","","","","","","26.33","18.68","-152.31","14.69","12.03","-61.78","0.000000","0.000000","",""
"06:34:20.825","GOREV","","","","","","","","","","","","","","","","","","","","","","","","","","","","26.34","18.67","-152.39","14.73","12.03","-61.82","0.000000","0.000000","",""
"06:34:20.999","GOREV","","","","","","","","","","","","","","","","","","","","","","","","","","","","26.34","18.67","-152.48","14.75","11.86","-61.86","0.000000","0.000000","",""
"06:34:21.158","GOREV","","","","","","","","","","","","","","","","","","","","","","","","","","","","26.32","18.65","-152.56","14.66","11.78","-61.90","0.000000","0.000000","",""
"06:34:21.324","GOREV","","","","","","","","","","","","","","","","","","","","","","","","","","","","26.35","18.64","-152.65","14.57","11.77","-61.94","0.000000","0.000000","",""
"06:34:21.500","GOREV","","","","","","","","","","","","","","","","","","","","","","","","","","","","26.35","18.66","-152.74","14.75","11.98","-61.97","0.000000","0.000000","",""
"06:34:21.663","GOREV","","","","","","","","","","","","","","","","","","","","","","","","","","","","26.34","18.65","-152.82","14.55","12.03","-62.01","0.000000","0.000000","",""
"06:34:21.827","GOREV","","","","","","","","","","","","","","","","","","","","","","","","","","","","26.36","18.65","-152.91","14.64","11.79","-62.05","0.000000","0.000000","",""
"06:34:21.993","GOREV","","","","","","","","","","","","","","","","","","","","","","","","","","","","26.35","18.67","-152.99","14.65","11.89","-62.08","0.000000","0.000000","",""
"06:34:22.168","GOREV","","","","","","","","","","","","","","","","","","","","","","","","","","","","26.33","18.66","-153.08","14.65","12.03","-62.11","0.000000","0.000000","",""
"06:34:22.329","GOREV","","","","","","","","","","","","","","","","","","","","","","","","","","","","26.33","18.69","-153.16","14.77","12.06","-62.15","0.000000","0.000000","",""
"06:34:22.502","GOREV","","","","","","","","","","","","","","","","","","","","","","","","","","","","26.32","18.68","-153.25","14.75","11.85","-62.19","0.000000","0.000000","",""
"06:34:22.669","GOREV","","","","","","","","","","","","","","","","","","","","","","","","","","","","26.33","18.68","-153.33","14.73","11.79","-62.23","0.000000","0.000000","",""
"06:34:22.835","GOREV","","","","","","","","","","","","","","","","","","","","","","","","","","","","26.36","18.68","-153.42","14.60","11.83","-62.27","0.000000","0.000000","",""
"06:34:23.000","GOREV","","","","","","","","","","","","","","","","","","","","","","","","","","","","26.35","18.69","-153.51","14.54","11.98","-62.30","0.000000","0.000000","",""
"06:34:23.193","GOREV","","","","","","","","","","","","","","","","","","","","","","","","","","","","26.35","18.70","-153.59","14.73","11.85","-62.34","0.000000","0.000000","",""
"06:34:23.358","GOREV","","","","","","","","","","","","","","","","","","","","","","","","","","","","26.32","18.70","-153.68","14.59","12.01","-62.38","0.000000","0.000000","",""
"06:34:23.505","GOREV","","","","","","","","","","","","","","","","","","","","","","","","","","","","26.34","18.69","-153.76","14.70","11.77","-62.41","0.000000","0.000000","",""
"06:34:23.688","GOREV","","","","","","","","","","","","","","","","","","","","","","","","","","","","26.33","18.67","-153.85","14.66","12.01","-62.45","0.000000","0.000000","",""
"06:34:23.841","GOREV","","","","","","","","","","","","","","","","","","","","","","","","","","","","26.32","18.68","-153.94","14.59","11.91","-62.49","0.000000","0.000000","",""
"06:34:24.033","GOREV","","","","","","","","","","","","","","","","","","","","","","","","","","","","26.32","18.70","-154.02","14.65","11.84","-62.53","0.000000","0.000000","",""
"06:34:24.181","GOREV","","","","","","","","","","","","","","","","","","","","","","","","","","","","26.33","18.67","-154.11","14.78","11.95","-62.56","0.000000","0.000000","",""
"06:34:24.352","GOREV","","","","","","","","","","","","","","","","","","","","","","","","","","","","26.33","18.67","-154.19","14.57","11.87","-62.60","0.000000","0.000000","",""
"06:34:24.513","GOREV","","","","","","","","","","","","","","","","","","","","","","","","","","","","26.33","18.68","-154.28","14.69","11.82","-62.64","0.000000","0.000000","",""
"06:34:24.686","GOREV","","","","","","","","","","","","","","","","","","","","","","","","","","","","26.34","18.65","-154.37","14.68","11.83","-62.67","0.000000","0.000000","",""
"06:34:24.850","GOREV","","","","","","","","","","","","","","","","","","","","","","","","","","","","26.35","18.64","-154.45","14.60","11.98","-62.71","0.000000","0.000000","",""
"06:34:25.026","GOREV","","","","","","","","","","","","","","","","","","","","","","","","","","","","26.32","18.64","-154.53","14.71","11.85","-62.75","0.000000","0.000000","",""
"06:34:25.192","GOREV","","","","","","","","","","","","","","","","","","","","","","","","","","","","26.33","18.65","-154.62","14.65","11.80","-62.79","0.000000","0.000000","",""
"06:34:25.356","GOREV","","","","","","","","","","","","","","","","","","","","","","","","","","","","26.30","18.64","-154.71","14.66","11.96","-62.82","0.000000","0.000000","",""
"06:34:25.525","GOREV","","","","","","","","","","","","","","","","","","","","","","","","","","","","26.33","18.64","-154.79","14.73","11.91","-62.86","0.000000","0.000000","",""
"06:34:25.706","GOREV","","","","","","","","","","","","","","","","","","","","","","","","","","","","26.33","18.63","-154.88","14.60","11.84","-62.89","0.000000","0.000000","",""
"06:34:25.857","GOREV","","","","","","","","","","","","","","","","","","","","","","","","","","","","26.33","18.63","-154.96","14.74","12.02","-62.93","0.000000","0.000000","",""
"06:34:26.024","GOREV","","","","","","","","","","","","","","","","","","","","","","","","","","","","26.33","18.64","-155.05","14.66","11.93","-62.97","0.000000","0.000000","",""
"06:34:26.191","GOREV","","","","","","","","","","","","","","","","","","","","","","","","","","","","26.34","18.67","-155.13","14.59","11.92","-63.00","0.000000","0.000000","",""
"06:34:26.360","GOREV","","","","","","","","","","","","","","","","","","","","","","","","","","","","26.34","18.67","-155.22","14.68","11.78","-63.04","0.000000","0.000000","",""
"06:34:26.532","GOREV","","","","","","","","","","","","","","","","","","","","","","","","","","","","26.34","18.67","-155.30","14.66","11.88","-63.08","0.000000","0.000000","",""
"06:34:26.696","GOREV","","","","","","","","","","","","","","","","","","","","","","","","","","","","26.35","18.66","-155.39","14.55","11.87","-63.11","0.000000","0.000000","",""
"06:34:26.864","GOREV","","","","","","","","","","","","","","","","","","","","","","","","","","","","26.35","18.65","-155.47","14.60","11.84","-63.15","0.000000","0.000000","",""
"06:34:27.031","GOREV","","","","","","","","","","","","","","","","","","","","","","","","","","","","26.34","18.67","-155.56","14.65","11.90","-63.18","0.000000","0.000000","",""
"06:34:27.200","GOREV","","","","","","","","","","","","","","","","","","","","","","","","","","","","26.35","18.70","-155.64","14.69","11.69","-63.22","0.000000","0.000000","",""
"06:34:27.387","GOREV","","","","","","","","","","","","","","","","","","","","","","","","","","","","26.36","18.70","-155.73","14.64","11.83","-63.26","0.000000","0.000000","",""
"06:34:27.536","GOREV","","","","","","","","","","","","","","","","","","","","","","","","","","","","26.36","18.69","-155.82","14.64","12.07","-63.30","0.000000","0.000000","",""
"06:34:27.704","GOREV","","","","","","","","","","","","","","","","","","","","","","","","","","","","26.35","18.69","-155.90","14.72","11.96","-63.33","0.000000","0.000000","",""
"06:34:27.883","GOREV","","","","","","","","","","","","","","","","","","","","","","","","","","","","26.33","18.69","-155.98","14.62","11.87","-63.37","0.000000","0.000000","",""
"06:34:28.039","GOREV","","","","","","","","","","","","","","","","","","","","","","","","","","","","26.32","18.70","-156.07","14.74","11.97","-63.41","0.000000","0.000000","",""
"06:34:28.208","GOREV","","","","","","","","","","","","","","","","","","","","","","","","","","","","26.33","18.67","-156.16","14.65","11.93","-63.45","0.000000","0.000000","",""
"06:34:28.379","GOREV","","","","","","","","","","","","","","","","","","","","","","","","","","","","26.34","18.69","-156.24","14.58","11.92","-63.49","0.000000","0.000000","",""
"06:34:28.544","GOREV","","","","","","","","","","","","","","","","","","","","","","","","","","","","26.33","18.70","-156.33","14.62","11.99","-63.52","0.000000","0.000000","",""
"06:34:28.711","GOREV","","","","","","","","","","","","","","","","","","","","","","","","","","","","26.33","18.68","-156.41","14.79","11.96","-63.56","0.000000","0.000000","",""
"06:34:28.884","GOREV","","","","","","","","","","","","","","","","","","","","","","","","","","","","26.34","18.68","-156.50","14.65","11.76","-63.60","0.000000","0.000000","",""
"06:34:29.050","GOREV","","","","","","","","","","","","","","","","","","","","","","","","","","","","26.34","18.65","-156.58","14.72","12.04","-63.64","0.000000","0.000000","",""
"06:34:29.219","GOREV","","","","","","","","","","","","","","","","","","","","","","","","","","","","26.34","18.65","-156.67","14.54","11.88","-63.67","0.000000","0.000000","",""
"06:34:29.387","GOREV","","","","","","","","","","","","","","","","","","","","","","","","","","","","26.33","18.68","-156.76","14.71","11.82","-63.71","0.000000","0.000000","",""
"06:34:29.552","GOREV","","","","","","","","","","","","","","","","","","","","","","","","","","","","26.34","18.66","-156.84","14.71","11.90","-63.75","0.000000","0.000000","",""
"06:34:29.725","GOREV","","","","","","","","","","","","","","","","","","","","","","","","","","","","26.33","18.65","-156.93","14.65","11.90","-63.79","0.000000","0.000000","",""
"06:34:29.896","GOREV","","","","","","","","","","","","","","","","","","","","","","","","","","","","26.34","18.68","-157.01","14.63","11.88","-63.82","0.000000","0.000000","",""
"06:34:30.055","GOREV","","","","","","","","","","","","","","","","","","","","","","","","","","","","26.34","18.66","-157.10","14.72","11.81","-63.86","0.000000","0.000000","",""
"06:34:30.226","GOREV","","","","","","","","","","","","","","","","","","","","","","","","","","","","26.33","18.68","-157.18","14.70","12.02","-63.89","0.000000","0.000000","",""
"06:34:30.391","GOREV","","","","","","","","","","","","","","","","","","","","","","","","","","","","26.34","18.66","-157.27","14.73","12.03","-63.93","0.000000","0.000000","",""
"06:34:30.561","GOREV","","","","","","","","","","","","","","","","","","","","","","","","","","","","26.34","18.66","-157.35","14.75","11.89","-63.97","0.000000","0.000000","",""
"06:34:30.728","GOREV","","","","","","","","","","","","","","","","","","","","","","","","","","","","26.32","18.67","-157.44","14.79","11.81","-64.01","0.000000","0.000000","",""
"06:34:30.895","GOREV","","","","","","","","","","","","","","","","","","","","","","","","","","","","26.32","18.68","-157.52","14.80","12.01","-64.05","0.000000","0.000000","",""
"06:34:31.081","GOREV","","","","","","","","","","","","","","","","","","","","","","","","","","","","26.31","18.68","-157.61","14.67","11.88","-64.08","0.000000","0.000000","",""
"06:34:31.235","GOREV","","","","","","","","","","","","","","","","","","","","","","","","","","","","26.32","18.69","-157.69","14.77","11.99","-64.12","0.000000","0.000000","",""
"06:34:31.403","GOREV","","","","","","","","","","","","","","","","","","","","","","","","","","","","26.32","18.68","-157.78","14.79","11.91","-64.16","0.000000","0.000000","",""
"06:34:31.566","GOREV","","","","","","","","","","","","","","","","","","","","","","","","","","","","26.32","18.68","-157.87","14.71","11.94","-64.20","0.000000","0.000000","",""
"06:34:31.737","GOREV","","","","","","","","","","","","","","","","","","","","","","","","","","","","26.34","18.68","-157.95","14.74","11.90","-64.23","0.000000","0.000000","",""
"06:34:31.903","GOREV","","","","","","","","","","","","","","","","","","","","","","","","","","","","26.33","18.67","-158.04","14.67","11.79","-64.27","0.000000","0.000000","",""
"06:34:32.101","GOREV","","","","","","","","","","","","","","","","","","","","","","","","","","","","26.33","18.68","-158.12","14.61","11.86","-64.31","0.000000","0.000000","",""
"06:34:32.237","GOREV","","","","","","","","","","","","","","","","","","","","","","","","","","","","26.32","18.69","-158.21","14.69","11.84","-64.34","0.000000","0.000000","",""
"06:34:32.405","GOREV","","","","","","","","","","","","","","","","","","","","","","","","","","","","26.32","18.67","-158.29","14.83","11.84","-64.38","0.000000","0.000000","",""
"06:34:32.574","GOREV","","","","","","","","","","","","","","","","","","","","","","","","","","","","26.34","18.67","-158.37","14.56","11.91","-64.42","0.000000","0.000000","",""
"06:34:32.742","GOREV","","","","","","","","","","","","","","","","","","","","","","","","","","","","26.35","18.68","-158.46","14.76","11.91","-64.45","0.000000","0.000000","",""
"06:34:32.926","GOREV","","","","","","","","","","","","","","","","","","","","","","","","","","","","26.37","18.68","-158.54","14.61","11.83","-64.49","0.000000","0.000000","",""
"06:34:33.077","GOREV","","","","","","","","","","","","","","","","","","","","","","","","","","","","26.37","18.66","-158.63","14.59","11.83","-64.53","0.000000","0.000000","",""
"06:34:33.248","GOREV","","","","","","","","","","","","","","","","","","","","","","","","","","","","26.36","18.65","-158.72","14.68","11.89","-64.57","0.000000","0.000000","",""
"06:34:33.422","GOREV","","","","","","","","","","","","","","","","","","","","","","","","","","","","26.36","18.66","-158.80","14.62","11.78","-64.60","0.000000","0.000000","",""
"06:34:33.584","GOREV","","","","","","","","","","","","","","","","","","","","","","","","","","","","26.34","18.64","-158.89","14.81","11.91","-64.64","0.000000","0.000000","",""
"06:34:33.750","GOREV","","","","","","","","","","","","","","","","","","","","","","","","","","","","26.32","18.66","-158.97","14.80","11.78","-64.67","0.000000","0.000000","",""
"06:34:33.919","GOREV","","","","","","","","","","","","","","","","","","","","","","","","","","","","26.32","18.66","-159.06","14.66","11.94","-64.71","0.000000","0.000000","",""
"06:34:34.098","GOREV","","","","","","","","","","","","","","","","","","","","","","","","","","","","26.34","18.68","-159.14","14.75","11.83","-64.75","0.000000","0.000000","",""
"06:34:34.256","GOREV","","","","","","","","","","","","","","","","","","","","","","","","","","","","26.35","18.68","-159.22","14.55","12.01","-64.79","0.000000","0.000000","",""
"06:34:34.425","GOREV","","","","","","","","","","","","","","","","","","","","","","","","","","","","26.35","18.70","-159.31","14.84","11.75","-64.82","0.000000","0.000000","",""
"06:34:34.590","GOREV","","","","","","","","","","","","","","","","","","","","","","","","","","","","26.37","18.68","-159.39","14.64","11.74","-64.86","0.000000","0.000000","",""
"06:34:34.766","GOREV","","","","","","","","","","","","","","","","","","","","","","","","","","","","26.37","18.68","-159.48","14.75","11.91","-64.90","0.000000","0.000000","",""
"06:34:34.932","GOREV","","","","","","","","","","","","","","","","","","","","","","","","","","","","26.34","18.66","-159.56","14.54","11.67","-64.93","0.000000","0.000000","",""
"06:34:35.104","GOREV","","","","","","","","","","","","","","","","","","","","","","","","","","","","26.35","18.69","-159.65","14.49","11.93","-64.97","0.000000","0.000000","",""
"06:34:35.262","GOREV","","","","","","","","","","","","","","","","","","","","","","","","","","","","26.34","18.69","-159.73","14.74","11.71","-65.01","0.000000","0.000000","",""
"06:34:35.428","GOREV","","","","","","","","","","","","","","","","","","","","","","","","","","","","26.34","18.68","-159.82","14.68","11.84","-65.05","0.000000","0.000000","",""
"06:34:35.596","GOREV","","","","","","","","","","","","","","","","","","","","","","","","","","","","26.35","18.65","-159.91","14.74","11.92","-65.08","0.000000","0.000000","",""
"06:34:35.765","GOREV","","","","","","","","","","","","","","","","","","","","","","","","","","","","26.34","18.66","-159.99","14.73","12.01","-65.12","0.000000","0.000000","",""
"06:34:35.934","GOREV","","","","","","","","","","","","","","","","","","","","","","","","","","","","26.35","18.66","-160.07","14.60","11.84","-65.16","0.000000","0.000000","",""
"06:34:36.119","GOREV","","","","","","","","","","","","","","","","","","","","","","","","","","","","26.35","18.67","-160.16","14.67","11.99","-65.19","0.000000","0.000000","",""
"06:34:36.286","GOREV","","","","","","","","","","","","","","","","","","","","","","","","","","","","26.34","18.68","-160.24","14.60","11.80","-65.23","0.000000","0.000000","",""
"06:34:36.441","GOREV","","","","","","","","","","","","","","","","","","","","","","","","","","","","26.33","18.67","-160.33","14.64","11.89","-65.27","0.000000","0.000000","",""
"06:34:36.604","GOREV","","","","","","","","","","","","","","","","","","","","","","","","","","","","26.32","18.68","-160.41","14.64","11.77","-65.30","0.000000","0.000000","",""
"06:34:36.772","GOREV","","","","","","","","","","","","","","","","","","","","","","","","","","","","26.32","18.67","-160.50","14.85","12.09","-65.34","0.000000","0.000000","",""
"06:34:36.953","GOREV","","","","","","","","","","","","","","","","","","","","","","","","","","","","26.34","18.65","-160.58","14.62","11.77","-65.38","0.000000","0.000000","",""
"06:34:37.109","GOREV","","","","","","","","","","","","","","","","","","","","","","","","","","","","26.34","18.68","-160.67","14.77","11.86","-65.42","0.000000","0.000000","",""
"06:34:37.279","GOREV","","","","","","","","","","","","","","","","","","","","","","","","","","","","26.33","18.68","-160.75","14.65","11.91","-65.45","0.000000","0.000000","",""
"06:34:37.448","GOREV","","","","","","","","","","","","","","","","","","","","","","","","","","","","26.34","18.71","-160.84","14.72","11.87","-65.49","0.000000","0.000000","",""
"06:34:37.612","GOREV","","","","","","","","","","","","","","","","","","","","","","","","","","","","26.35","18.69","-160.92","14.69","11.92","-65.53","0.000000","0.000000","",""
"06:34:37.792","GOREV","","","","","","","","","","","","","","","","","","","","","","","","","","","","26.35","18.68","-161.01","14.67","12.00","-65.56","0.000000","0.000000","",""
"06:34:37.951","GOREV","","","","","","","","","","","","","","","","","","","","","","","","","","","","26.35","18.67","-161.10","14.78","11.84","-65.60","0.000000","0.000000","",""
"06:34:38.113","GOREV","","","","","","","","","","","","","","","","","","","","","","","","","","","","26.34","18.67","-161.18","14.58","11.84","-65.64","0.000000","0.000000","",""
"06:34:38.285","GOREV","","","","","","","","","","","","","","","","","","","","","","","","","","","","26.36","18.66","-161.27","14.62","11.72","-65.68","0.000000","0.000000","",""
"06:34:38.450","GOREV","","","","","","","","","","","","","","","","","","","","","","","","","","","","26.37","18.68","-161.35","14.53","11.70","-65.71","0.000000","0.000000","",""
"06:34:38.635","GOREV","","","","","","","","","","","","","","","","","","","","","","","","","","","","26.34","18.66","-161.44","14.64","11.74","-65.75","0.000000","0.000000","",""
"06:34:38.785","GOREV","","","","","","","","","","","","","","","","","","","","","","","","","","","","26.32","18.64","-161.53","14.75","11.85","-65.79","0.000000","0.000000","",""
"06:34:38.953","GOREV","","","","","","","","","","","","","","","","","","","","","","","","","","","","26.31","18.64","-161.62","14.69","11.74","-65.82","0.000000","0.000000","",""
"06:34:39.121","GOREV","","","","","","","","","","","","","","","","","","","","","","","","","","","","26.34","18.65","-161.70","14.62","12.05","-65.86","0.000000","0.000000","",""
"06:34:39.305","GOREV","","","","","","","","","","","","","","","","","","","","","","","","","","","","26.35","18.68","-161.79","14.61","11.84","-65.89","0.000000","0.000000","",""
"06:34:39.468","GOREV","","","","","","","","","","","","","","","","","","","","","","","","","","","","26.35","18.67","-161.88","14.66","11.93","-65.93","0.000000","0.000000","",""
"06:34:39.632","GOREV","","","","","","","","","","","","","","","","","","","","","","","","","","","","26.36","18.68","-161.96","14.70","11.70","-65.96","0.000000","0.000000","",""
"06:34:39.793","GOREV","","","","","","","","","","","","","","","","","","","","","","","","","","","","26.35","18.69","-162.05","14.74","11.90","-66.00","0.000000","0.000000","",""
"06:34:39.986","GOREV","","","","","","","","","","","","","","","","","","","","","","","","","","","","26.35","18.67","-162.13","14.52","11.96","-66.04","0.000000","0.000000","",""
"06:34:40.129","GOREV","","","","","","","","","","","","","","","","","","","","","","","","","","","","26.35","18.64","-162.22","14.57","11.94","-66.08","0.000000","0.000000","",""
"06:34:40.305","GOREV","","","","","","","","","","","","","","","","","","","","","","","","","","","","26.33","18.65","-162.31","14.63","11.82","-66.12","0.000000","0.000000","",""
"06:34:40.470","GOREV","","","","","","","","","","","","","","","","","","","","","","","","","","","","26.34","18.68","-162.39","14.72","11.75","-66.15","0.000000","0.000000","",""
"06:34:40.638","GOREV","","","","","","","","","","","","","","","","","","","","","","","","","","","","26.35","18.64","-162.48","14.66","11.98","-66.19","0.000000","0.000000","",""
"06:34:40.801","GOREV","","","","","","","","","","","","","","","","","","","","","","","","","","","","26.35","18.68","-162.56","14.63","11.78","-66.23","0.000000","0.000000","",""
"06:34:40.974","GOREV","","","","","","","","","","","","","","","","","","","","","","","","","","","","26.34","18.67","-162.65","14.69","11.79","-66.27","0.000000","0.000000","",""
"06:34:41.152","GOREV","","","","","","","","","","","","","","","","","","","","","","","","","","","","26.35","18.68","-162.73","14.72","11.72","-66.30","0.000000","0.000000","",""
"06:34:41.308","GOREV","","","","","","","","","","","","","","","","","","","","","","","","","","","","26.35","18.67","-162.82","14.66","11.98","-66.34","0.000000","0.000000","",""
"06:34:41.476","GOREV","","","","","","","","","","","","","","","","","","","","","","","","","","","","26.34","18.67","-162.91","14.71","11.92","-66.37","0.000000","0.000000","",""
"06:34:41.640","GOREV","","","","","","","","","","","","","","","","","","","","","","","","","","","","26.34","18.69","-162.99","14.76","12.06","-66.41","0.000000","0.000000","",""
"06:34:41.809","GOREV","","","","","","","","","","","","","","","","","","","","","","","","","","","","26.32","18.68","-163.07","14.76","11.87","-66.45","0.000000","0.000000","",""
"06:34:41.981","GOREV","","","","","","","","","","","","","","","","","","","","","","","","","","","","26.35","18.65","-163.16","14.73","11.87","-66.49","0.000000","0.000000","",""
"06:34:42.149","GOREV","","","","","","","","","","","","","","","","","","","","","","","","","","","","26.33","18.66","-163.25","14.80","11.85","-66.53","0.000000","0.000000","",""
"06:34:42.312","GOREV","","","","","","","","","","","","","","","","","","","","","","","","","","","","26.32","18.65","-163.33","14.76","11.87","-66.57","0.000000","0.000000","",""
"06:34:42.499","GOREV","","","","","","","","","","","","","","","","","","","","","","","","","","","","26.32","18.68","-163.42","14.73","11.77","-66.60","0.000000","0.000000","",""
"06:34:42.670","GOREV","","","","","","","","","","","","","","","","","","","","","","","","","","","","26.33","18.69","-163.51","14.61","11.86","-66.64","0.000000","0.000000","",""
"06:34:42.816","GOREV","","","","","","","","","","","","","","","","","","","","","","","","","","","","26.34","18.66","-163.60","14.64","11.87","-66.68","0.000000","0.000000","",""
"06:34:43.004","GOREV","","","","","","","","","","","","","","","","","","","","","","","","","","","","26.35","18.65","-163.68","14.65","11.95","-66.71","0.000000","0.000000","",""
"06:34:43.183","GOREV","","","","","","","","","","","","","","","","","","","","","","","","","","","","26.36","18.64","-163.77","14.57","11.93","-66.75","0.000000","0.000000","",""
"06:34:43.321","GOREV","","","","","","","","","","","","","","","","","","","","","","","","","","","","26.35","18.66","-163.85","14.71","11.88","-66.79","0.000000","0.000000","",""
"06:34:43.492","GOREV","","","","","","","","","","","","","","","","","","","","","","","","","","","","26.35","18.68","-163.94","14.59","11.80","-66.83","0.000000","0.000000","",""
"06:34:43.657","GOREV","","","","","","","","","","","","","","","","","","","","","","","","","","","","26.36","18.66","-164.03","14.65","11.93","-66.86","0.000000","0.000000","",""
"06:34:43.830","GOREV","","","","","","","","","","","","","","","","","","","","","","","","","","","","26.37","18.70","-164.11","14.59","11.88","-66.90","0.000000","0.000000","",""
"06:34:43.991","GOREV","","","","","","","","","","","","","","","","","","","","","","","","","","","","26.37","18.73","-164.20","14.74","11.85","-66.94","0.000000","0.000000","",""
"06:34:44.161","GOREV","","","","","","","","","","","","","","","","","","","","","","","","","","","","26.35","18.69","-164.28","14.82","11.91","-66.97","0.000000","0.000000","",""
"06:34:44.326","GOREV","","","","","","","","","","","","","","","","","","","","","","","","","","","","26.35","18.69","-164.37","14.79","11.71","-67.01","0.000000","0.000000","",""
"06:34:44.502","GOREV","","","","","","","","","","","","","","","","","","","","","","","","","","","","26.37","18.68","-164.45","14.54","11.89","-67.05","0.000000","0.000000","",""
"06:34:44.688","GOREV","","","","","","","","","","","","","","","","","","","","","","","","","","","","26.36","18.70","-164.54","14.57","11.81","-67.08","0.000000","0.000000","",""
"06:34:44.831","GOREV","","","","","","","","","","","","","","","","","","","","","","","","","","","","26.35","18.66","-164.62","14.60","11.79","-67.12","0.000000","0.000000","",""
"06:34:44.999","GOREV","","","","","","","","","","","","","","","","","","","","","","","","","","","","26.35","18.65","-164.71","14.49","11.87","-67.15","0.000000","0.000000","",""
"06:34:45.166","GOREV","","","","","","","","","","","","","","","","","","","","","","","","","","","","26.34","18.65","-164.79","14.71","11.83","-67.19","0.000000","0.000000","",""
"06:34:45.353","GOREV","","","","","","","","","","","","","","","","","","","","","","","","","","","","26.32","18.65","-164.88","14.71","11.72","-67.23","0.000000","0.000000","",""
"06:34:45.506","GOREV","","","","","","","","","","","","","","","","","","","","","","","","","","","","26.30","18.66","-164.97","14.60","11.74","-67.26","0.000000","0.000000","",""
"06:34:45.674","GOREV","","","","","","","","","","","","","","","","","","","","","","","","","","","","26.33","18.68","-165.05","14.67","11.73","-67.30","0.000000","0.000000","",""
"06:34:45.839","GOREV","","","","","","","","","","","","","","","","","","","","","","","","","","","","26.33","18.66","-165.14","14.59","11.84","-67.34","0.000000","0.000000","",""
"06:34:46.006","GOREV","","","","","","","","","","","","","","","","","","","","","","","","","","","","26.33","18.66","-165.23","14.85","11.83","-67.37","0.000000","0.000000","",""
"06:34:46.174","GOREV","","","","","","","","","","","","","","","","","","","","","","","","","","","","26.34","18.68","-165.31","14.59","11.98","-67.41","0.000000","0.000000","",""
"06:34:46.347","GOREV","","","","","","","","","","","","","","","","","","","","","","","","","","","","26.34","18.65","-165.40","14.66","11.97","-67.45","0.000000","0.000000","",""
"06:34:46.514","GOREV","","","","","","","","","","","","","","","","","","","","","","","","","","","","26.37","18.66","-165.48","14.68","11.79","-67.48","0.000000","0.000000","",""
"06:34:46.682","GOREV","","","","","","","","","","","","","","","","","","","","","","","","","","","","26.38","18.67","-165.56","14.69","11.83","-67.52","0.000000","0.000000","",""
"06:34:46.847","GOREV","","","","","","","","","","","","","","","","","","","","","","","","","","","","26.37","18.67","-165.65","14.62","11.92","-67.55","0.000000","0.000000","",""
"06:34:47.018","GOREV","","","","","","","","","","","","","","","","","","","","","","","","","","","","26.35","18.67","-165.73","14.66","11.82","-67.59","0.000000","0.000000","",""
"06:34:47.183","GOREV","","","","","","","","","","","","","","","","","","","","","","","","","","","","26.35","18.68","-165.82","14.62","11.79","-67.63","0.000000","0.000000","",""
"06:34:47.365","GOREV","","","","","","","","","","","","","","","","","","","","","","","","","","","","26.36","18.69","-165.90","14.57","11.88","-67.66","0.000000","0.000000","",""
"06:34:47.518","GOREV","","","","","","","","","","","","","","","","","","","","","","","","","","","","26.34","18.70","-165.99","14.71","11.92","-67.70","0.000000","0.000000","",""
"06:34:47.693","GOREV","","","","","","","","","","","","","","","","","","","","","","","","","","","","26.33","18.68","-166.07","14.71","11.94","-67.74","0.000000","0.000000","",""
"06:34:47.854","GOREV","","","","","","","","","","","","","","","","","","","","","","","","","","","","26.33","18.67","-166.16","14.61","11.81","-67.77","0.000000","0.000000","",""
"06:34:48.021","GOREV","","","","","","","","","","","","","","","","","","","","","","","","","","","","26.35","18.69","-166.24","14.49","11.94","-67.81","0.000000","0.000000","",""
"06:34:48.189","GOREV","","","","","","","","","","","","","","","","","","","","","","","","","","","","26.32","18.68","-166.33","14.61","11.95","-67.85","0.000000","0.000000","",""
"06:34:48.368","GOREV","","","","","","","","","","","","","","","","","","","","","","","","","","","","26.33","18.68","-166.41","14.64","12.02","-67.88","0.000000","0.000000","",""
"06:34:48.525","GOREV","","","","","","","","","","","","","","","","","","","","","","","","","","","","26.32","18.69","-166.50","14.69","11.94","-67.92","0.000000","0.000000","",""
"06:34:48.695","GOREV","","","","","","","","","","","","","","","","","","","","","","","","","","","","26.33","18.69","-166.59","14.69","11.84","-67.96","0.000000","0.000000","",""
"06:34:48.862","GOREV","","","","","","","","","","","","","","","","","","","","","","","","","","","","26.33","18.68","-166.67","14.69","11.77","-67.99","0.000000","0.000000","",""
"06:34:49.031","GOREV","","","","","","","","","","","","","","","","","","","","","","","","","","","","26.34","18.68","-166.75","14.77","12.00","-68.03","0.000000","0.000000","",""
"06:34:49.197","GOREV","","","","","","","","","","","","","","","","","","","","","","","","","","","","26.34","18.68","-166.84","14.59","11.82","-68.06","0.000000","0.000000","",""
"06:34:49.364","GOREV","","","","","","","","","","","","","","","","","","","","","","","","","","","","26.37","18.68","-166.93","14.66","11.79","-68.10","0.000000","0.000000","",""
"06:34:49.552","GOREV","","","","","","","","","","","","","","","","","","","","","","","","","","","","26.35","18.67","-167.01","14.73","11.91","-68.14","0.000000","0.000000","",""
"06:34:49.701","GOREV","","","","","","","","","","","","","","","","","","","","","","","","","","","","26.35","18.68","-167.10","14.66","11.91","-68.18","0.000000","0.000000","",""
"06:34:49.869","GOREV","","","","","","","","","","","","","","","","","","","","","","","","","","","","26.33","18.65","-167.18","14.71","11.97","-68.21","0.000000","0.000000","",""
"06:34:50.048","GOREV","","","","","","","","","","","","","","","","","","","","","","","","","","","","26.31","18.65","-167.27","14.66","11.88","-68.25","0.000000","0.000000","",""
"06:34:50.203","GOREV","","","","","","","","","","","","","","","","","","","","","","","","","","","","26.34","18.66","-167.35","14.74","11.97","-68.28","0.000000","0.000000","",""
"06:34:50.380","GOREV","","","","","","","","","","","","","","","","","","","","","","","","","","","","26.32","18.65","-167.44","14.65","12.06","-68.32","0.000000","0.000000","",""
"06:34:50.541","GOREV","","","","","","","","","","","","","","","","","","","","","","","","","","","","26.31","18.67","-167.52","14.66","11.88","-68.36","0.000000","0.000000","",""
"06:34:50.708","GOREV","","","","","","","","","","","","","","","","","","","","","","","","","","","","26.32","18.65","-167.60","14.62","11.77","-68.39","0.000000","0.000000","",""
"06:34:50.885","GOREV","","","","","","","","","","","","","","","","","","","","","","","","","","","","26.33","18.66","-167.69","14.64","11.94","-68.43","0.000000","0.000000","",""
"06:34:51.044","GOREV","","","","","","","","","","","","","","","","","","","","","","","","","","","","26.33","18.65","-167.77","14.58","11.84","-68.47","0.000000","0.000000","",""
"06:34:51.230","GOREV","","","","","","","","","","","","","","","","","","","","","","","","","","","","26.33","18.67","-167.86","14.87","11.80","-68.50","0.000000","0.000000","",""
"06:34:51.385","GOREV","","","","","","","","","","","","","","","","","","","","","","","","","","","","26.33","18.66","-167.95","14.79","11.93","-68.54","0.000000","0.000000","",""
"06:34:51.548","GOREV","","","","","","","","","","","","","","","","","","","","","","","","","","","","26.35","18.65","-168.03","14.64","11.90","-68.58","0.000000","0.000000","",""
"06:34:51.716","GOREV","","","","","","","","","","","","","","","","","","","","","","","","","","","","26.33","18.66","-168.11","14.51","11.74","-68.62","0.000000","0.000000","",""
"06:34:51.883","GOREV","","","","","","","","","","","","","","","","","","","","","","","","","","","","26.34","18.67","-168.20","14.69","12.04","-68.65","0.000000","0.000000","",""
"06:34:52.078","GOREV","","","","","","","","","","","","","","","","","","","","","","","","","","","","26.33","18.67","-168.29","14.66","12.05","-68.69","0.000000","0.000000","",""
"06:34:52.233","GOREV","","","","","","","","","","","","","","","","","","","","","","","","","","","","26.32","18.66","-168.37","14.63","11.84","-68.72","0.000000","0.000000","",""
"06:34:52.402","GOREV","","","","","","","","","","","","","","","","","","","","","","","","","","","","26.34","18.66","-168.46","14.76","11.86","-68.76","0.000000","0.000000","",""
"06:34:52.561","GOREV","","","","","","","","","","","","","","","","","","","","","","","","","","","","26.34","18.67","-168.55","14.66","11.67","-68.79","0.000000","0.000000","",""
"06:34:52.723","GOREV","","","","","","","","","","","","","","","","","","","","","","","","","","","","26.33","18.68","-168.63","14.63","11.84","-68.83","0.000000","0.000000","",""
"06:34:52.913","GOREV","","","","","","","","","","","","","","","","","","","","","","","","","","","","26.35","18.69","-168.72","14.69","11.84","-68.87","0.000000","0.000000","",""
"06:34:53.078","GOREV","","","","","","","","","","","","","","","","","","","","","","","","","","","","26.32","18.67","-168.80","14.68","11.72","-68.90","0.000000","0.000000","",""
"06:34:53.243","GOREV","","","","","","","","","","","","","","","","","","","","","","","","","","","","26.31","18.65","-168.89","14.60","12.01","-68.94","0.000000","0.000000","",""
"06:34:53.394","GOREV","","","","","","","","","","","","","","","","","","","","","","","","","","","","26.32","18.66","-168.98","14.62","11.72","-68.97","0.000000","0.000000","",""
"06:34:53.563","GOREV","","","","","","","","","","","","","","","","","","","","","","","","","","","","26.34","18.67","-169.06","14.67","11.91","-69.01","0.000000","0.000000","",""
"06:34:53.730","GOREV","","","","","","","","","","","","","","","","","","","","","","","","","","","","26.33","18.71","-169.15","14.59","11.94","-69.05","0.000000","0.000000","",""
"06:34:53.900","GOREV","","","","","","","","","","","","","","","","","","","","","","","","","","","","26.33","18.68","-169.23","14.69","11.92","-69.09","0.000000","0.000000","",""
"06:34:54.076","GOREV","","","","","","","","","","","","","","","","","","","","","","","","","","","","26.33","18.69","-169.32","14.66","11.83","-69.12","0.000000","0.000000","",""
"06:34:54.234","GOREV","","","","","","","","","","","","","","","","","","","","","","","","","","","","26.35","18.68","-169.40","14.57","11.75","-69.16","0.000000","0.000000","",""
"06:34:54.403","GOREV","","","","","","","","","","","","","","","","","","","","","","","","","","","","26.36","18.68","-169.49","14.73","11.86","-69.20","0.000000","0.000000","",""
"06:34:54.571","GOREV","","","","","","","","","","","","","","","","","","","","","","","","","","","","26.35","18.67","-169.57","14.78","11.89","-69.23","0.000000","0.000000","",""
"06:34:54.739","GOREV","","","","","","","","","","","","","","","","","","","","","","","","","","","","26.34","18.66","-169.66","14.67","11.83","-69.27","0.000000","0.000000","",""
"06:34:54.907","GOREV","","","","","","","","","","","","","","","","","","","","","","","","","","","","26.33","18.66","-169.74","14.75","11.95","-69.30","0.000000","0.000000","",""
"06:34:55.074","GOREV","","","","","","","","","","","","","","","","","","","","","","","","","","","","26.33","18.67","-169.82","14.73","12.00","-69.34","0.000000","0.000000","",""
"06:34:55.257","GOREV","","","","","","","","","","","","","","","","","","","","","","","","","","","","26.35","18.65","-169.91","14.53","11.97","-69.38","0.000000","0.000000","",""
"06:34:55.413","GOREV","","","","","","","","","","","","","","","","","","","","","","","","","","","","26.36","18.68","-169.99","14.83","11.94","-69.41","0.000000","0.000000","",""
"06:34:55.583","GOREV","","","","","","","","","","","","","","","","","","","","","","","","","","","","26.34","18.67","-170.08","14.60","11.91","-69.45","0.000000","0.000000","",""
"06:34:55.747","GOREV","","","","","","","","","","","","","","","","","","","","","","","","","","","","26.34","18.66","-170.17","14.70","11.81","-69.48","0.000000","0.000000","",""
"06:34:55.914","GOREV","","","","","","","","","","","","","","","","","","","","","","","","","","","","26.34","18.65","-170.25","14.73","11.85","-69.52","0.000000","0.000000","",""
"06:34:56.099","GOREV","","","","","","","","","","","","","","","","","","","","","","","","","","","","26.34","18.65","-170.34","14.67","11.88","-69.56","0.000000","0.000000","",""
"06:34:56.277","GOREV","","","","","","","","","","","","","","","","","","","","","","","","","","","","26.35","18.65","-170.43","14.75","11.77","-69.60","0.000000","0.000000","",""
"06:34:56.419","GOREV","","","","","","","","","","","","","","","","","","","","","","","","","","","","26.34","18.68","-170.51","14.62","11.98","-69.63","0.000000","0.000000","",""
"06:34:56.587","GOREV","","","","","","","","","","","","","","","","","","","","","","","","","","","","26.35","18.68","-170.60","14.70","11.97","-69.67","0.000000","0.000000","",""
"06:34:56.757","GOREV","","","","","","","","","","","","","","","","","","","","","","","","","","","","26.35","18.68","-170.69","14.53","11.84","-69.70","0.000000","0.000000","",""
"06:34:56.935","GOREV","","","","","","","","","","","","","","","","","","","","","","","","","","","","26.34","18.68","-170.77","14.77","11.75","-69.74","0.000000","0.000000","",""
"06:34:57.099","GOREV","","","","","","","","","","","","","","","","","","","","","","","","","","","","26.37","18.69","-170.86","14.59","11.79","-69.78","0.000000","0.000000","",""
"06:34:57.264","GOREV","","","","","","","","","","","","","","","","","","","","","","","","","","","","26.37","18.67","-170.94","14.61","11.82","-69.82","0.000000","0.000000","",""
"06:34:57.426","GOREV","","","","","","","","","","","","","","","","","","","","","","","","","","","","26.35","18.68","-171.03","14.67","11.90","-69.85","0.000000","0.000000","",""
"06:34:57.597","GOREV","","","","","","","","","","","","","","","","","","","","","","","","","","","","26.33","18.67","-171.11","14.64","12.05","-69.89","0.000000","0.000000","",""
"06:34:57.764","GOREV","","","","","","","","","","","","","","","","","","","","","","","","","","","","26.34","18.69","-171.20","14.66","11.93","-69.92","0.000000","0.000000","",""
"06:34:57.931","GOREV","","","","","","","","","","","","","","","","","","","","","","","","","","","","26.34","18.67","-171.29","14.76","11.90","-69.96","0.000000","0.000000","",""
"06:34:58.103","GOREV","","","","","","","","","","","","","","","","","","","","","","","","","","","","26.35","18.65","-171.37","14.66","11.72","-70.00","0.000000","0.000000","",""
"06:34:58.268","GOREV","","","","","","","","","","","","","","","","","","","","","","","","","","","","26.34","18.66","-171.46","14.70","11.83","-70.03","0.000000","0.000000","",""
"06:34:58.437","GOREV","","","","","","","","","","","","","","","","","","","","","","","","","","","","26.33","18.68","-171.54","14.71","12.01","-70.07","0.000000","0.000000","",""
"06:34:58.615","GOREV","","","","","","","","","","","","","","","","","","","","","","","","","","","","26.33","18.67","-171.63","14.81","11.79","-70.11","0.000000","0.000000","",""
"06:34:58.775","GOREV","","","","","","","","","","","","","","","","","","","","","","","","","","","","26.34","18.68","-171.71","14.58","11.88","-70.14","0.000000","0.000000","",""
"06:34:58.940","GOREV","","","","","","","","","","","","","","","","","","","","","","","","","","","","26.35","18.68","-171.80","14.65","11.88","-70.18","0.000000","0.000000","",""
"06:34:59.106","GOREV","","","","","","","","","","","","","","","","","","","","","","","","","","","","26.35","18.67","-171.88","14.59","12.02","-70.21","0.000000","0.000000","",""
"06:34:59.276","GOREV","","","","","","","","","","","","","","","","","","","","","","","","","","","","26.33","18.64","-171.97","14.70","11.80","-70.25","0.000000","0.000000","",""
"06:34:59.442","GOREV","","","","","","","","","","","","","","","","","","","","","","","","","","","","26.33","18.65","-172.06","14.59","11.81","-70.29","0.000000","0.000000","",""
"06:34:59.623","GOREV","","","","","","","","","","","","","","","","","","","","","","","","","","","","26.35","18.66","-172.15","14.71","11.88","-70.33","0.000000","0.000000","",""
"06:34:59.778","GOREV","","","","","","","","","","","","","","","","","","","","","","","","","","","","26.32","18.67","-172.23","14.63","11.92","-70.36","0.000000","0.000000","",""
"06:34:59.953","GOREV","","","","","","","","","","","","","","","","","","","","","","","","","","","","26.33","18.67","-172.32","14.65","11.80","-70.40","0.000000","0.000000","",""
"06:35:00.131","GOREV","","","","","","","","","","","","","","","","","","","","","","","","","","","","26.34","18.70","-172.41","14.77","11.86","-70.44","0.000000","0.000000","",""
"06:35:00.284","GOREV","","","","","","","","","","","","","","","","","","","","","","","","","","","","26.34","18.69","-172.49","14.77","11.87","-70.47","0.000000","0.000000","",""
"06:35:00.454","GOREV","","","","","","","","","","","","","","","","","","","","","","","","","","","","26.35","18.71","-172.58","14.79","11.89","-70.51","0.000000","0.000000","",""
"06:35:00.617","GOREV","","","","","","","","","","","","","","","","","","","","","","","","","","","","26.35","18.71","-172.67","14.57","11.87","-70.55","0.000000","0.000000","",""
"06:35:00.796","GOREV","","","","","","","","","","","","","","","","","","","","","","","","","","","","26.35","18.67","-172.75","14.77","11.88","-70.58","0.000000","0.000000","",""
"06:35:00.959","GOREV","","","","","","","","","","","","","","","","","","","","","","","","","","","","26.35","18.65","-172.84","14.68","11.85","-70.62","0.000000","0.000000","",""
"06:35:01.142","GOREV","","","","","","","","","","","","","","","","","","","","","","","","","","","","26.33","18.66","-172.92","14.57","12.03","-70.66","0.000000","0.000000","",""
"06:35:01.292","GOREV","","","","","","","","","","","","","","","","","","","","","","","","","","","","26.32","18.67","-173.01","14.73","11.91","-70.69","0.000000","0.000000","",""
"06:35:01.459","GOREV","","","","","","","","","","","","","","","","","","","","","","","","","","","","26.35","18.67","-173.10","14.76","11.71","-70.73","0.000000","0.000000","",""
"06:35:01.628","GOREV","","","","","","","","","","","","","","","","","","","","","","","","","","","","26.33","18.66","-173.18","14.79","11.84","-70.77","0.000000","0.000000","",""
"06:35:01.804","GOREV","","","","","","","","","","","","","","","","","","","","","","","","","","","","26.35","18.67","-173.27","14.78","12.08","-70.80","0.000000","0.000000","",""
"06:35:01.962","GOREV","","","","","","","","","","","","","","","","","","","","","","","","","","","","26.36","18.69","-173.35","14.68","11.86","-70.84","0.000000","0.000000","",""
"06:35:02.130","GOREV","","","","","","","","","","","","","","","","","","","","","","","","","","","","26.35","18.68","-173.44","14.64","11.88","-70.88","0.000000","0.000000","",""
"06:35:02.303","GOREV","","","","","","","","","","","","","","","","","","","","","","","","","","","","26.34","18.68","-173.53","14.64","11.92","-70.91","0.000000","0.000000","",""
"06:35:02.466","GOREV","","","","","","","","","","","","","","","","","","","","","","","","","","","","26.32","18.67","-173.61","14.71","11.93","-70.95","0.000000","0.000000","",""
"06:35:02.635","GOREV","","","","","","","","","","","","","","","","","","","","","","","","","","","","26.32","18.68","-173.69","14.61","11.81","-70.99","0.000000","0.000000","",""
"06:35:02.816","GOREV","","","","","","","","","","","","","","","","","","","","","","","","","","","","26.33","18.67","-173.78","14.71","12.16","-71.02","0.000000","0.000000","",""
"06:35:02.970","GOREV","","","","","","","","","","","","","","","","","","","","","","","","","","","","26.33","18.67","-173.87","14.83","11.81","-71.06","0.000000","0.000000","",""
"06:35:03.137","GOREV","","","","","","","","","","","","","","","","","","","","","","","","","","","","26.31","18.67","-173.95","14.63","12.05","-71.09","0.000000","0.000000","",""
"06:35:03.308","GOREV","","","","","","","","","","","","","","","","","","","","","","","","","","","","26.31","18.71","-174.03","14.61","11.90","-71.13","0.000000","0.000000","",""
"06:35:03.472","GOREV","","","","","","","","","","","","","","","","","","","","","","","","","","","","26.32","18.68","-174.12","14.58","11.95","-71.16","0.000000","0.000000","",""
"06:35:03.642","GOREV","","","","","","","","","","","","","","","","","","","","","","","","","","","","26.33","18.65","-174.21","14.76","11.93","-71.20","0.000000","0.000000","",""
"06:35:03.812","GOREV","","","","","","","","","","","","","","","","","","","","","","","","","","","","26.34","18.64","-174.29","14.59","12.00","-71.24","0.000000","0.000000","",""
"06:35:03.983","GOREV","","","","","","","","","","","","","","","","","","","","","","","","","","","","26.35","18.67","-174.38","14.56","11.96","-71.27","0.000000","0.000000","",""
"06:35:04.145","GOREV","","","","","","","","","","","","","","","","","","","","","","","","","","","","26.34","18.69","-174.47","14.49","11.85","-71.31","0.000000","0.000000","",""
"06:35:04.313","GOREV","","","","","","","","","","","","","","","","","","","","","","","","","","","","26.34","18.69","-174.55","14.71","11.83","-71.34","0.000000","0.000000","",""
"06:35:04.479","GOREV","","","","","","","","","","","","","","","","","","","","","","","","","","","","26.34","18.68","-174.63","14.73","11.83","-71.38","0.000000","0.000000","",""
"06:35:04.654","GOREV","","","","","","","","","","","","","","","","","","","","","","","","","","","","26.34","18.68","-174.72","14.71","11.65","-71.42","0.000000","0.000000","",""
"06:35:04.821","GOREV","","","","","","","","","","","","","","","","","","","","","","","","","","","","26.35","18.68","-174.81","14.56","11.84","-71.46","0.000000","0.000000","",""
"06:35:04.985","GOREV","","","","","","","","","","","","","","","","","","","","","","","","","","","","26.35","18.70","-174.89","14.66","11.87","-71.49","0.000000","0.000000","",""
"06:35:05.158","GOREV","","","","","","","","","","","","","","","","","","","","","","","","","","","","26.35","18.70","-174.98","14.64","11.88","-71.53","0.000000","0.000000","",""
"06:35:05.323","GOREV","","","","","","","","","","","","","","","","","","","","","","","","","","","","26.34","18.69","-175.06","14.70","11.85","-71.56","0.000000","0.000000","",""
"06:35:05.487","GOREV","","","","","","","","","","","","","","","","","","","","","","","","","","","","26.33","18.66","-175.15","14.82","11.82","-71.60","0.000000","0.000000","",""
"06:35:05.656","GOREV","","","","","","","","","","","","","","","","","","","","","","","","","","","","26.33","18.67","-175.24","14.75","11.91","-71.64","0.000000","0.000000","",""
"06:35:05.824","GOREV","","","","","","","","","","","","","","","","","","","","","","","","","","","","26.36","18.68","-175.32","14.68","11.90","-71.68","0.000000","0.000000","",""
"06:35:05.991","GOREV","","","","","","","","","","","","","","","","","","","","","","","","","","","","26.34","18.70","-175.41","14.66","11.70","-71.71","0.000000","0.000000","",""
"06:35:06.159","GOREV","","","","","","","","","","","","","","","","","","","","","","","","","","","","26.31","18.66","-175.49","14.61","11.96","-71.75","0.000000","0.000000","",""
"06:35:06.333","GOREV","","","","","","","","","","","","","","","","","","","","","","","","","","","","26.35","18.66","-175.58","14.73","11.88","-71.79","0.000000","0.000000","",""
"06:35:06.496","GOREV","","","","","","","","","","","","","","","","","","","","","","","","","","","","26.34","18.67","-175.66","14.77","11.86","-71.83","0.000000","0.000000","",""
"06:35:06.669","GOREV","","","","","","","","","","","","","","","","","","","","","","","","","","","","26.32","18.67","-175.75","14.80","12.03","-71.86","0.000000","0.000000","",""
"06:35:06.831","GOREV","","","","","","","","","","","","","","","","","","","","","","","","","","","","26.35","18.68","-175.84","14.52","11.88","-71.90","0.000000","0.000000","",""
"06:35:06.999","GOREV","","","","","","","","","","","","","","","","","","","","","","","","","","","","26.35","18.67","-175.92","14.60","11.77","-71.94","0.000000","0.000000","",""
"06:35:07.169","GOREV","","","","","","","","","","","","","","","","","","","","","","","","","","","","26.35","18.66","-176.00","14.79","11.89","-71.98","0.000000","0.000000","",""
"06:35:07.353","GOREV","","","","","","","","","","","","","","","","","","","","","","","","","","","","26.34","18.68","-176.09","14.65","11.97","-72.01","0.000000","0.000000","",""
"06:35:07.503","GOREV","","","","","","","","","","","","","","","","","","","","","","","","","","","","26.32","18.66","-176.17","14.75","11.98","-72.05","0.000000","0.000000","",""
"06:35:07.677","GOREV","","","","","","","","","","","","","","","","","","","","","","","","","","","","26.33","18.67","-176.26","14.73","12.00","-72.09","0.000000","0.000000","",""
"06:35:07.839","GOREV","","","","","","","","","","","","","","","","","","","","","","","","","","","","26.32","18.66","-176.35","14.50","11.87","-72.12","0.000000","0.000000","",""
"06:35:08.010","GOREV","","","","","","","","","","","","","","","","","","","","","","","","","","","","26.33","18.66","-176.43","14.53","12.01","-72.16","0.000000","0.000000","",""
"06:35:08.176","GOREV","","","","","","","","","","","","","","","","","","","","","","","","","","","","26.33","18.68","-176.52","14.69","11.88","-72.20","0.000000","0.000000","",""
"06:35:08.349","GOREV","","","","","","","","","","","","","","","","","","","","","","","","","","","","26.32","18.67","-176.61","14.66","11.87","-72.23","0.000000","0.000000","",""
"06:35:08.519","GOREV","","","","","","","","","","","","","","","","","","","","","","","","","","","","26.30","18.67","-176.69","14.65","11.86","-72.27","0.000000","0.000000","",""
"06:35:08.683","GOREV","","","","","","","","","","","","","","","","","","","","","","","","","","","","26.33","18.70","-176.78","14.81","11.92","-72.30","0.000000","0.000000","",""
"06:35:08.853","GOREV","","","","","","","","","","","","","","","","","","","","","","","","","","","","26.32","18.66","-176.86","14.76","12.06","-72.34","0.000000","0.000000","",""
"06:35:09.020","GOREV","","","","","","","","","","","","","","","","","","","","","","","","","","","","26.34","18.67","-176.95","14.59","11.93","-72.37","0.000000","0.000000","",""
"06:35:09.183","GOREV","","","","","","","","","","","","","","","","","","","","","","","","","","","","26.34","18.67","-177.04","14.64","11.98","-72.41","0.000000","0.000000","",""
"06:35:09.376","GOREV","","","","","","","","","","","","","","","","","","","","","","","","","","","","26.34","18.68","-177.12","14.58","11.74","-72.45","0.000000","0.000000","",""
"06:35:09.519","GOREV","","","","","","","","","","","","","","","","","","","","","","","","","","","","26.35","18.71","-177.21","14.58","12.01","-72.49","0.000000","0.000000","",""
"06:35:09.691","GOREV","","","","","","","","","","","","","","","","","","","","","","","","","","","","26.34","18.64","-177.30","14.72","12.12","-72.53","0.000000","0.000000","",""
"06:35:09.855","GOREV","","","","","","","","","","","","","","","","","","","","","","","","","","","","26.36","18.66","-177.38","14.68","12.03","-72.57","0.000000","0.000000","",""
"06:35:10.042","GOREV","","","","","","","","","","","","","","","","","","","","","","","","","","","","26.35","18.63","-177.47","14.56","11.83","-72.60","0.000000","0.000000","",""
"06:35:10.194","GOREV","","","","","","","","","","","","","","","","","","","","","","","","","","","","26.35","18.63","-177.55","14.80","11.80","-72.64","0.000000","0.000000","",""
"06:35:10.358","GOREV","","","","","","","","","","","","","","","","","","","","","","","","","","","","26.34","18.67","-177.64","14.68","11.87","-72.67","0.000000","0.000000","",""
"06:35:10.531","GOREV","","","","","","","","","","","","","","","","","","","","","","","","","","","","26.33","18.66","-177.72","14.89","11.84","-72.71","0.000000","0.000000","",""
"06:35:10.730","GOREV","","","","","","","","","","","","","","","","","","","","","","","","","","","","26.32","18.66","-177.81","14.74","11.87","-72.75","0.000000","0.000000","",""
"06:35:10.863","GOREV","","","","","","","","","","","","","","","","","","","","","","","","","","","","26.33","18.64","-177.89","14.65","11.96","-72.78","0.000000","0.000000","",""
"06:35:11.070","GOREV","","","","","","","","","","","","","","","","","","","","","","","","","","","","26.34","18.67","-177.98","14.75","11.88","-72.82","0.000000","0.000000","",""
"06:35:11.202","GOREV","","","","","","","","","","","","","","","","","","","","","","","","","","","","26.34","18.69","-178.06","14.72","11.98","-72.86","0.000000","0.000000","",""
"06:35:11.365","GOREV","","","","","","","","","","","","","","","","","","","","","","","","","","","","26.34","18.69","-178.15","14.62","11.90","-72.89","0.000000","0.000000","",""
"06:35:11.536","GOREV","","","","","","","","","","","","","","","","","","","","","","","","","","","","26.35","18.70","-178.23","14.65","11.96","-72.93","0.000000","0.000000","",""
"06:35:11.702","GOREV","","","","","","","","","","","","","","","","","","","","","","","","","","","","26.33","18.68","-178.32","14.74","11.85","-72.97","0.000000","0.000000","",""
"06:35:11.870","GOREV","","","","","","","","","","","","","","","","","","","","","","","","","","","","26.31","18.67","-178.40","14.62","11.87","-73.00","0.000000","0.000000","",""
"06:35:12.052","GOREV","","","","","","","","","","","","","","","","","","","","","","","","","","","","26.33","18.67","-178.49","14.54","11.80","-73.04","0.000000","0.000000","",""
"06:35:12.218","GOREV","","","","","","","","","","","","","","","","","","","","","","","","","","","","26.33","18.65","-178.57","14.64","11.80","-73.07","0.000000","0.000000","",""
"06:35:12.380","GOREV","","","","","","","","","","","","","","","","","","","","","","","","","","","","26.33","18.64","-178.66","14.71","11.95","-73.11","0.000000","0.000000","",""
"06:35:12.546","GOREV","","","","","","","","","","","","","","","","","","","","","","","","","","","","26.32","18.65","-178.75","14.75","11.91","-73.15","0.000000","0.000000","",""
"06:35:12.710","GOREV","","","","","","","","","","","","","","","","","","","","","","","","","","","","26.32","18.66","-178.83","14.62","12.03","-73.19","0.000000","0.000000","",""
"06:35:12.888","GOREV","","","","","","","","","","","","","","","","","","","","","","","","","","","","26.32","18.67","-178.92","14.59","11.89","-73.22","0.000000","0.000000","",""
"06:35:13.067","GOREV","","","","","","","","","","","","","","","","","","","","","","","","","","","","26.34","18.69","-179.00","14.82","12.02","-73.26","0.000000","0.000000","",""
"06:35:13.217","GOREV","","","","","","","","","","","","","","","","","","","","","","","","","","","","26.34","18.68","-179.09","14.47","11.84","-73.29","0.000000","0.000000","",""
"06:35:13.381","GOREV","","","","","","","","","","","","","","","","","","","","","","","","","","","","26.32","18.66","-179.18","14.59","11.65","-73.33","0.000000","0.000000","",""
"06:35:13.561","GOREV","","","","","","","","","","","","","","","","","","","","","","","","","","","","26.35","18.68","-179.26","14.74","11.87","-73.37","0.000000","0.000000","",""
"06:35:13.718","GOREV","","","","","","","","","","","","","","","","","","","","","","","","","","","","26.34","18.67","-179.34","14.80","11.81","-73.41","0.000000","0.000000","",""
"06:35:13.885","GOREV","","","","","","","","","","","","","","","","","","","","","","","","","","","","26.33","18.67","-179.43","14.65","11.79","-73.44","0.000000","0.000000","",""
"06:35:14.055","GOREV","","","","","","","","","","","","","","","","","","","","","","","","","","","","26.32","18.66","-179.51","14.71","11.97","-73.48","0.000000","0.000000","",""
"06:35:14.221","GOREV","","","","","","","","","","","","","","","","","","","","","","","","","","","","26.35","18.69","-179.60","14.55","12.01","-73.52","0.000000","0.000000","",""
"06:35:14.392","GOREV","","","","","","","","","","","","","","","","","","","","","","","","","","","","26.34","18.69","-179.69","14.78","12.13","-73.56","0.000000","0.000000","",""
"06:35:14.557","GOREV","","","","","","","","","","","","","","","","","","","","","","","","","","","","26.33","18.69","-179.77","14.68","11.93","-73.59","0.000000","0.000000","",""
"06:35:14.725","GOREV","","","","","","","","","","","","","","","","","","","","","","","","","","","","26.32","18.68","-179.86","14.84","11.92","-73.63","0.000000","0.000000","",""
"06:35:14.901","GOREV","","","","","","","","","","","","","","","","","","","","","","","","","","","","26.34","18.71","-179.94","14.54","11.79","-73.67","0.000000","0.000000","",""
"06:35:15.065","GOREV","","","","","","","","","","","","","","","","","","","","","","","","","","","","26.35","18.69","-177.44","14.66","12.01","-73.71","0.000000","0.000000","",""
"06:35:15.232","GOREV","","","","","","","","","","","","","","","","","","","","","","","","","","","","26.32","18.68","-177.23","14.81","11.83","-73.74","0.000000","0.000000","",""
"06:35:15.396","GOREV","","","","","","","","","","","","","","","","","","","","","","","","","","","","26.34","18.67","-177.02","14.60","11.81","-73.78","0.000000","0.000000","",""
"06:35:15.564","GOREV","","","","","","","","","","","","","","","","","","","","","","","","","","","","26.33","18.69","-176.81","14.72","11.79","-73.82","0.000000","0.000000","",""
"06:35:15.737","GOREV","","","","","","","","","","","","","","","","","","","","","","","","","","","","26.34","18.67","-176.60","14.75","11.87","-73.86","0.000000","0.000000","",""
"06:35:15.901","GOREV","","","","","","","","","","","","","","","","","","","","","","","","","","","","26.31","18.67","-176.39","14.79","11.82","-73.89","0.000000","0.000000","",""
"06:35:16.084","GOREV","","","","","","","","","","","","","","","","","","","","","","","","","","","","26.36","18.68","-176.18","14.75","11.92","-73.93","0.000000","0.000000","",""
"06:35:16.237","GOREV","","","","","","","","","","","","","","","","","","","","","","","","","","","","26.37","18.67","-175.97","14.68","11.90","-73.97","0.000000","0.000000","",""
"06:35:16.432","GOREV","","","","","","","","","","","","","","","","","","","","","","","","","","","","26.37","18.66","-175.76","14.64","11.94","-74.01","0.000000","0.000000","",""
"06:35:16.577","GOREV","","","","","","","","","","","","","","","","","","","","","","","","","","","","26.36","18.67","-175.54","14.85","11.92","-74.05","0.000000","0.000000","",""
"06:35:16.755","GOREV","","","","","","","","","","","","","","","","","","","","","","","","","","","","26.35","18.65","-175.34","14.52","11.96","-74.09","0.000000","0.000000","",""
"06:35:16.911","GOREV","","","","","","","","","","","","","","","","","","","","","","","","","","","","26.34","18.67","-175.12","14.84","11.91","-74.12","0.000000","0.000000","",""
"06:35:17.081","GOREV","","","","","","","","","","","","","","","","","","","","","","","","","","","","26.32","18.65","-174.92","14.79","11.93","-74.16","0.000000","0.000000","",""
"06:35:17.245","GOREV","","","","","","","","","","","","","","","","","","","","","","","","","","","","26.34","18.67","-174.71","14.56","11.94","-74.20","0.000000","0.000000","",""
"06:35:17.422","GOREV","","","","","","","","","","","","","","","","","","","","","","","","","","","","26.33","18.69","-174.50","14.74","11.79","-74.24","0.000000","0.000000","",""
"06:35:17.585","GOREV","","","","","","","","","","","","","","","","","","","","","","","","","","","","26.33","18.71","-174.29","14.62","11.85","-74.27","0.000000","0.000000","",""
"06:35:17.753","GOREV","","","","","","","","","","","","","","","","","","","","","","","","","","","","26.33","18.71","-174.08","14.74","11.80","-74.31","0.000000","0.000000","",""
"06:35:17.922","GOREV","","","","","","","","","","","","","","","","","","","","","","","","","","","","26.32","18.69","-173.87","14.74","11.88","-74.35","0.000000","0.000000","",""
"06:35:18.087","GOREV","","","","","","","","","","","","","","","","","","","","","","","","","","","","26.33","18.71","-173.66","14.59","11.89","-74.39","0.000000","0.000000","",""
"06:35:18.252","GOREV","","","","","","","","","","","","","","","","","","","","","","","","","","","","26.34","18.70","-173.44","14.61","11.75","-74.42","0.000000","0.000000","",""
"06:35:18.441","GOREV","","","","","","","","","","","","","","","","","","","","","","","","","","","","26.34","18.68","-173.24","14.68","11.75","-74.46","0.000000","0.000000","",""
"06:35:18.591","GOREV","","","","","","","","","","","","","","","","","","","","","","","","","","","","26.35","18.67","-173.03","14.77","12.04","-74.50","0.000000","0.000000","",""
"06:35:18.763","GOREV","","","","","","","","","","","","","","","","","","","","","","","","","","","","26.33","18.69","-172.82","14.64","11.80","-74.54","0.000000","0.000000","",""
"06:35:18.936","GOREV","","","","","","","","","","","","","","","","","","","","","","","","","","","","26.36","18.68","-172.61","14.70","11.84","-74.58","0.000000","0.000000","",""
"06:35:19.092","GOREV","","","","","","","","","","","","","","","","","","","","","","","","","","","","26.37","18.71","-172.40","14.71","11.99","-74.61","0.000000","0.000000","",""
"06:35:19.260","GOREV","","","","","","","","","","","","","","","","","","","","","","","","","","","","26.37","18.69","-172.19","14.73","11.93","-74.65","0.000000","0.000000","",""
"06:35:19.431","GOREV","","","","","","","","","","","","","","","","","","","","","","","","","","","","26.36","18.69","-171.98","14.70","11.78","-74.69","0.000000","0.000000","",""
"06:35:19.602","GOREV","","","","","","","","","","","","","","","","","","","","","","","","","","","","26.36","18.66","-171.77","14.59","11.91","-74.73","0.000000","0.000000","",""
"06:35:19.766","GOREV","","","","","","","","","","","","","","","","","","","","","","","","","","","","26.35","18.68","-171.56","14.77","11.87","-74.76","0.000000","0.000000","",""
"06:35:19.935","GOREV","","","","","","","","","","","","","","","","","","","","","","","","","","","","26.35","18.69","-171.35","14.52","11.80","-74.80","0.000000","0.000000","",""
"06:35:20.101","GOREV","","","","","","","","","","","","","","","","","","","","","","","","","","","","26.34","18.69","-171.14","14.68","11.84","-74.84","0.000000","0.000000","",""
"06:35:20.270","GOREV","","","","","","","","","","","","","","","","","","","","","","","","","","","","26.34","18.68","-170.93","14.82","11.87","-74.88","0.000000","0.000000","",""
"06:35:20.440","GOREV","","","","","","","","","","","","","","","","","","","","","","","","","","","","26.33","18.67","-170.72","14.72","11.84","-74.91","0.000000","0.000000","",""
"06:35:20.616","GOREV","","","","","","","","","","","","","","","","","","","","","","","","","","","","26.32","18.68","-170.51","14.79","11.76","-74.95","0.000000","0.000000","",""
"06:35:20.772","GOREV","","","","","","","","","","","","","","","","","","","","","","","","","","","","26.34","18.67","-170.30","14.74","11.84","-74.98","0.000000","0.000000","",""
"06:35:20.942","GOREV","","","","","","","","","","","","","","","","","","","","","","","","","","","","26.36","18.70","-170.09","14.56","11.84","-75.02","0.000000","0.000000","",""
"06:35:21.113","GOREV","","","","","","","","","","","","","","","","","","","","","","","","","","","","26.36","18.68","-169.88","14.56","11.83","-75.06","0.000000","0.000000","",""
"06:35:21.279","GOREV","","","","","","","","","","","","","","","","","","","","","","","","","","","","26.37","18.68","-169.67","14.87","11.93","-75.10","0.000000","0.000000","",""
"06:35:21.447","GOREV","","","","","","","","","","","","","","","","","","","","","","","","","","","","26.35","18.66","-169.46","14.54","11.98","-75.13","0.000000","0.000000","",""
"06:35:21.612","GOREV","","","","","","","","","","","","","","","","","","","","","","","","","","","","26.34","18.66","-169.25","14.69","11.87","-75.17","0.000000","0.000000","",""
"06:35:21.795","GOREV","","","","","","","","","","","","","","","","","","","","","","","","","","","","26.36","18.68","-169.04","14.60","11.82","-75.21","0.000000","0.000000","",""
"06:35:21.948","GOREV","","","","","","","","","","","","","","","","","","","","","","","","","","","","26.36","18.68","-168.83","14.53","11.72","-75.25","0.000000","0.000000","",""
"06:35:22.115","GOREV","","","","","","","","","","","","","","","","","","","","","","","","","","","","26.37","18.69","-168.63","14.74","11.84","-75.28","0.000000","0.000000","",""
"06:35:22.300","GOREV","","","","","","","","","","","","","","","","","","","","","","","","","","","","26.37","18.70","-168.42","14.51","11.83","-75.32","0.000000","0.000000","",""
"06:35:22.451","GOREV","","","","","","","","","","","","","","","","","","","","","","","","","","","","26.35","18.70","-168.21","14.59","11.91","-75.36","0.000000","0.000000","",""
"06:35:22.620","GOREV","","","","","","","","","","","","","","","","","","","","","","","","","","","","26.35","18.71","-168.00","14.73","11.98","-75.40","0.000000","0.000000","",""
"06:35:22.787","GOREV","","","","","","","","","","","","","","","","","","","","","","","","","","","","26.34","18.70","-167.79","14.66","11.89","-75.43","0.000000","0.000000","",""
"06:35:22.955","GOREV","","","","","","","","","","","","","","","","","","","","","","","","","","","","26.34","18.68","-167.58","14.87","11.97","-75.47","0.000000","0.000000","",""
"06:35:23.123","GOREV","","","","","","","","","","","","","","","","","","","","","","","","","","","","26.36","18.68","-167.37","14.71","11.95","-75.51","0.000000","0.000000","",""
"06:35:23.293","GOREV","","","","","","","","","","","","","","","","","","","","","","","","","","","","26.35","18.68","-167.16","14.71","11.95","-75.54","0.000000","0.000000","",""
"06:35:23.461","GOREV","","","","","","","","","","","","","","","","","","","","","","","","","","","","26.35","18.67","-166.95","14.59","11.83","-75.58","0.000000","0.000000","",""
"06:35:23.627","GOREV","","","","","","","","","","","","","","","","","","","","","","","","","","","","26.32","18.65","-166.74","14.57","11.92","-75.62","0.000000","0.000000","",""
"06:35:23.799","GOREV","","","","","","","","","","","","","","","","","","","","","","","","","","","","26.35","18.67","-166.53","14.64","11.96","-75.66","0.000000","0.000000","",""
"06:35:23.962","GOREV","","","","","","","","","","","","","","","","","","","","","","","","","","","","26.35","18.65","-166.32","14.75","11.92","-75.69","0.000000","0.000000","",""
"06:35:24.159","GOREV","","","","","","","","","","","","","","","","","","","","","","","","","","","","26.34","18.65","-166.12","14.54","11.74","-75.73","0.000000","0.000000","",""
"06:35:24.304","GOREV","","","","","","","","","","","","","","","","","","","","","","","","","","","","26.35","18.67","-165.90","14.71","11.88","-75.77","0.000000","0.000000","",""
"06:35:24.466","GOREV","","","","","","","","","","","","","","","","","","","","","","","","","","","","26.34","18.68","-165.70","14.73","11.98","-75.81","0.000000","0.000000","",""
"06:35:24.634","GOREV","","","","","","","","","","","","","","","","","","","","","","","","","","","","26.34","18.68","-165.48","14.64","11.77","-75.84","0.000000","0.000000","",""
"06:35:24.806","GOREV","","","","","","","","","","","","","","","","","","","","","","","","","","","","26.34","18.67","-165.27","14.63","12.02","-75.88","0.000000","0.000000","",""
"06:35:24.973","GOREV","","","","","","","","","","","","","","","","","","","","","","","","","","","","26.34","18.67","-165.06","14.57","12.01","-75.92","0.000000","0.000000","",""
"06:35:25.144","GOREV","","","","","","","","","","","","","","","","","","","","","","","","","","","","26.33","18.69","-164.85","14.60","11.99","-75.96","0.000000","0.000000","",""
"06:35:25.310","GOREV","","","","","","","","","","","","","","","","","","","","","","","","","","","","26.33","18.70","-164.64","14.74","11.87","-75.99","0.000000","0.000000","",""
"06:35:25.473","GOREV","","","","","","","","","","","","","","","","","","","","","","","","","","","","26.33","18.69","-164.43","14.76","11.97","-76.02","0.000000","0.000000","",""
"06:35:25.642","GOREV","","","","","","","","","","","","","","","","","","","","","","","","","","","","26.31","18.68","-164.22","14.66","11.77","-76.06","0.000000","0.000000","",""
"06:35:25.816","GOREV","","","","","","","","","","","","","","","","","","","","","","","","","","","","26.29","18.67","-164.01","14.83","11.95","-76.10","0.000000","0.000000","",""
"06:35:25.989","GOREV","","","","","","","","","","","","","","","","","","","","","","","","","","","","26.32","18.68","-163.80","14.57","11.76","-76.14","0.000000","0.000000","",""
"06:35:26.146","GOREV","","","","","","","","","","","","","","","","","","","","","","","","","","","","26.32","18.68","-163.59","14.61","11.92","-76.18","0.000000","0.000000","",""
"06:35:26.313","GOREV","","","","","","","","","","","","","","","","","","","","","","","","","","","","26.34","18.69","-163.38","14.54","11.86","-76.22","0.000000","0.000000","",""
"06:35:26.498","GOREV","","","","","","","","","","","","","","","","","","","","","","","","","","","","26.34","18.67","-163.17","14.57","12.13","-76.25","0.000000","0.000000","",""
"06:35:26.650","GOREV","","","","","","","","","","","","","","","","","","","","","","","","","","","","26.35","18.68","-162.96","14.76","11.96","-76.29","0.000000","0.000000","",""
"06:35:26.846","GOREV","","","","","","","","","","","","","","","","","","","","","","","","","","","","26.37","18.68","-162.75","14.75","11.84","-76.33","0.000000","0.000000","",""
"06:35:26.985","GOREV","","","","","","","","","","","","","","","","","","","","","","","","","","","","26.34","18.66","-162.54","14.60","11.97","-76.36","0.000000","0.000000","",""
"06:35:27.167","GOREV","","","","","","","","","","","","","","","","","","","","","","","","","","","","26.34","18.65","-162.33","14.70","11.89","-76.40","0.000000","0.000000","",""
"06:35:27.343","GOREV","","","","","","","","","","","","","","","","","","","","","","","","","","","","26.33","18.68","-162.12","14.66","11.87","-76.44","0.000000","0.000000","",""
"06:35:27.490","GOREV","","","","","","","","","","","","","","","","","","","","","","","","","","","","26.33","18.69","-161.91","14.55","11.82","-76.47","0.000000","0.000000","",""
"06:35:27.682","GOREV","","","","","","","","","","","","","","","","","","","","","","","","","","","","26.33","18.68","-161.70","14.63","11.79","-76.51","0.000000","0.000000","",""
"06:35:27.826","GOREV","","","","","","","","","","","","","","","","","","","","","","","","","","","","26.33","18.68","-161.49","14.62","11.90","-76.55","0.000000","0.000000","",""
"06:35:28.023","GOREV","","","","","","","","","","","","","","","","","","","","","","","","","","","","26.36","18.68","-161.28","14.56","11.93","-76.58","0.000000","0.000000","",""
"06:35:28.162","GOREV","","","","","","","","","","","","","","","","","","","","","","","","","","","","26.36","18.68","-161.07","14.63","12.03","-76.62","0.000000","0.000000","",""
"06:35:28.332","GOREV","","","","","","","","","","","","","","","","","","","","","","","","","","","","26.36","18.67","-160.86","14.76","11.95","-76.66","0.000000","0.000000","",""
"06:35:28.516","GOREV","","","","","","","","","","","","","","","","","","","","","","","","","","","","26.37","18.66","-160.65","14.73","11.82","-76.70","0.000000","0.000000","",""
"06:35:28.673","GOREV","","","","","","","","","","","","","","","","","","","","","","","","","","","","26.38","18.66","-160.44","14.59","11.85","-76.74","0.000000","0.000000","",""
"06:35:28.834","GOREV","","","","","","","","","","","","","","","","","","","","","","","","","","","","26.36","18.67","-160.23","14.60","11.89","-76.77","0.000000","0.000000","",""
"06:35:29.005","GOREV","","","","","","","","","","","","","","","","","","","","","","","","","","","","26.36","18.68","-160.02","14.66","11.91","-76.81","0.000000","0.000000","",""
"06:35:29.188","GOREV","","","","","","","","","","","","","","","","","","","","","","","","","","","","26.34","18.68","-159.81","14.59","11.83","-76.85","0.000000","0.000000","",""
"06:35:29.342","GOREV","","","","","","","","","","","","","","","","","","","","","","","","","","","","26.33","18.68","-159.60","14.61","12.06","-76.88","0.000000","0.000000","",""
"06:35:29.511","GOREV","","","","","","","","","","","","","","","","","","","","","","","","","","","","26.35","18.69","-159.39","14.67","11.86","-76.92","0.000000","0.000000","",""
"06:35:29.673","GOREV","","","","","","","","","","","","","","","","","","","","","","","","","","","","26.35","18.70","-159.18","14.82","11.82","-76.96","0.000000","0.000000","",""
"06:35:29.841","GOREV","","","","","","","","","","","","","","","","","","","","","","","","","","","","26.35","18.69","-158.97","14.71","11.81","-77.00","0.000000","0.000000","",""
"06:35:30.010","GOREV","","","","","","","","","","","","","","","","","","","","","","","","","","","","26.35","18.69","-158.76","14.72","11.94","-77.04","0.000000","0.000000","",""
"06:35:30.177","GOREV","","","","","","","","","","","","","","","","","","","","","","","","","","","","26.35","18.70","-158.55","14.68","12.01","-77.08","0.000000","0.000000","",""
"06:35:30.347","GOREV","","","","","","","","","","","","","","","","","","","","","","","","","","","","26.35","18.70","-158.34","14.78","11.94","-77.11","0.000000","0.000000","",""
"06:35:30.525","GOREV","","","","","","","","","","","","","","","","","","","","","","","","","","","","26.36","18.69","-158.13","14.70","11.85","-77.15","0.000000","0.000000","",""
"06:35:30.686","GOREV","","","","","","","","","","","","","","","","","","","","","","","","","","","","26.36","18.67","-157.92","14.59","11.82","-77.19","0.000000","0.000000","",""
"06:35:30.849","GOREV","","","","","","","","","","","","","","","","","","","","","","","","","","","","26.34","18.66","-157.71","14.64","11.70","-77.22","0.000000","0.000000","",""
"06:35:31.023","GOREV","","","","","","","","","","","","","","","","","","","","","","","","","","","","26.32","18.66","-157.50","14.70","12.06","-77.26","0.000000","0.000000","",""
"06:35:31.199","GOREV","","","","","","","","","","","","","","","","","","","","","","","","","","","","26.33","18.67","-157.30","14.77","11.86","-77.29","0.000000","0.000000","",""
"06:35:31.354","GOREV","","","","","","","","","","","","","","","","","","","","","","","","","","","","26.33","18.67","-157.08","14.72","11.91","-77.33","0.000000","0.000000","",""
"06:35:31.519","GOREV","","","","","","","","","","","","","","","","","","","","","","","","","","","","26.34","18.68","-156.88","14.42","11.80","-77.37","0.000000","0.000000","",""
"06:35:31.688","GOREV","","","","","","","","","","","","","","","","","","","","","","","","","","","","26.35","18.69","-156.67","14.72","11.95","-77.41","0.000000","0.000000","",""
"06:35:31.857","GOREV","","","","","","","","","","","","","","","","","","","","","","","","","","","","26.34","18.71","-156.46","14.58","11.83","-77.45","0.000000","0.000000","",""
"06:35:32.023","GOREV","","","","","","","","","","","","","","","","","","","","","","","","","","","","26.33","18.70","-156.25","14.65","11.90","-77.48","0.000000","0.000000","",""
"06:35:32.223","GOREV","","","","","","","","","","","","","","","","","","","","","","","","","","","","26.36","18.70","-156.04","14.63","11.83","-77.52","0.000000","0.000000","",""
"06:35:32.376","GOREV","","","","","","","","","","","","","","","","","","","","","","","","","","","","26.36","18.68","-155.83","14.58","11.99","-77.56","0.000000","0.000000","",""
"06:35:32.528","GOREV","","","","","","","","","","","","","","","","","","","","","","","","","","","","26.35","18.67","-155.62","14.75","11.84","-77.60","0.000000","0.000000","",""
"06:35:32.698","GOREV","","","","","","","","","","","","","","","","","","","","","","","","","","","","26.35","18.67","-155.41","14.74","11.82","-77.63","0.000000","0.000000","",""
"06:35:32.867","GOREV","","","","","","","","","","","","","","","","","","","","","","","","","","","","26.35","18.69","-155.20","14.75","11.91","-77.67","0.000000","0.000000","",""
"06:35:33.034","GOREV","","","","","","","","","","","","","","","","","","","","","","","","","","","","26.34","18.70","-154.99","14.69","11.83","-77.71","0.000000","0.000000","",""
"06:35:33.199","GOREV","","","","","","","","","","","","","","","","","","","","","","","","","","","","26.34","18.70","-154.78","14.60","11.87","-77.74","0.000000","0.000000","",""
"06:35:33.380","GOREV","","","","","","","","","","","","","","","","","","","","","","","","","","","","26.34","18.70","-154.57","14.69","12.00","-77.78","0.000000","0.000000","",""
"06:35:33.542","GOREV","","","","","","","","","","","","","","","","","","","","","","","","","","","","26.34","18.69","-154.36","14.65","11.87","-77.82","0.000000","0.000000","",""
"06:35:33.704","GOREV","","","","","","","","","","","","","","","","","","","","","","","","","","","","26.33","18.68","-154.16","14.66","11.63","-77.86","0.000000","0.000000","",""
"06:35:33.872","GOREV","","","","","","","","","","","","","","","","","","","","","","","","","","","","26.35","18.68","-153.95","14.61","11.84","-77.89","0.000000","0.000000","",""
"06:35:34.046","GOREV","","","","","","","","","","","","","","","","","","","","","","","","","","","","26.35","18.69","-153.74","14.73","11.81","-77.93","0.000000","0.000000","",""
"06:35:34.207","GOREV","","","","","","","","","","","","","","","","","","","","","","","","","","","","26.35","18.70","-153.53","14.64","11.95","-77.97","0.000000","0.000000","",""
"06:35:34.381","GOREV","","","","","","","","","","","","","","","","","","","","","","","","","","","","26.35","18.70","-153.32","14.69","12.10","-78.00","0.000000","0.000000","",""
"06:35:34.559","GOREV","","","","","","","","","","","","","","","","","","","","","","","","","","","","26.34","18.69","-153.11","14.64","11.95","-78.04","0.000000","0.000000","",""
"06:35:34.714","GOREV","","","","","","","","","","","","","","","","","","","","","","","","","","","","26.33","18.68","-152.89","14.60","11.97","-78.08","0.000000","0.000000","",""
"06:35:34.882","GOREV","","","","","","","","","","","","","","","","","","","","","","","","","","","","26.33","18.67","-152.68","14.63","11.74","-78.12","0.000000","0.000000","",""
"06:35:35.052","GOREV","","","","","","","","","","","","","","","","","","","","","","","","","","","","26.35","18.69","-152.47","14.92","11.91","-78.16","0.000000","0.000000","",""
"06:35:35.217","GOREV","","","","","","","","","","","","","","","","","","","","","","","","","","","","26.36","18.69","-152.26","14.57","11.88","-78.19","0.000000","0.000000","",""
"06:35:35.392","GOREV","","","","","","","","","","","","","","","","","","","","","","","","","","","","26.37","18.70","-152.05","14.71","11.94","-78.23","0.000000","0.000000","",""
"06:35:35.555","GOREV","","","","","","","","","","","","","","","","","","","","","","","","","","","","26.33","18.71","-151.84","14.66","11.98","-78.26","0.000000","0.000000","",""
"06:35:35.718","GOREV","","","","","","","","","","","","","","","","","","","","","","","","","","","","26.33","18.70","-151.63","14.67","11.93","-78.30","0.000000","0.000000","",""
"06:35:35.905","GOREV","","","","","","","","","","","","","","","","","","","","","","","","","","","","26.33","18.67","-151.42","14.85","11.99","-78.34","0.000000","0.000000","",""
"06:35:36.069","GOREV","","","","","","","","","","","","","","","","","","","","","","","","","","","","26.35","18.70","-151.21","14.54","11.87","-78.38","0.000000","0.000000","",""
"06:35:36.222","GOREV","","","","","","","","","","","","","","","","","","","","","","","","","","","","26.34","18.71","-151.00","14.61","11.59","-78.41","0.000000","0.000000","",""
"06:35:36.391","GOREV","","","","","","","","","","","","","","","","","","","","","","","","","","","","26.34","18.69","-150.79","14.84","11.89","-78.45","0.000000","0.000000","",""
"06:35:36.561","GOREV","","","","","","","","","","","","","","","","","","","","","","","","","","","","26.34","18.70","-150.58","14.64","11.98","-78.49","0.000000","0.000000","",""
"06:35:36.737","GOREV","","","","","","","","","","","","","","","","","","","","","","","","","","","","26.34","18.70","-150.37","14.66","11.95","-78.52","0.000000","0.000000","",""
"06:35:36.898","GOREV","","","","","","","","","","","","","","","","","","","","","","","","","","","","26.33","18.70","-150.16","14.71","12.15","-78.56","0.000000","0.000000","",""
"06:35:37.063","GOREV","","","","","","","","","","","","","","","","","","","","","","","","","","","","26.33","18.69","-149.95","14.77","11.86","-78.60","0.000000","0.000000","",""
"06:35:37.230","GOREV","","","","","","","","","","","","","","","","","","","","","","","","","","","","26.36","18.70","-149.74","14.52","11.93","-78.63","0.000000","0.000000","",""
"06:35:37.399","GOREV","","","","","","","","","","","","","","","","","","","","","","","","","","","","26.36","18.69","-149.53","14.67","11.97","-78.67","0.000000","0.000000","",""
"06:35:37.568","GOREV","","","","","","","","","","","","","","","","","","","","","","","","","","","","26.33","18.68","-149.32","14.83","11.86","-78.71","0.000000","0.000000","",""
"06:35:37.734","GOREV","","","","","","","","","","","","","","","","","","","","","","","","","","","","26.34","18.68","-149.11","14.57","11.75","-78.75","0.000000","0.000000","",""
"06:35:37.903","GOREV","","","","","","","","","","","","","","","","","","","","","","","","","","","","26.33","18.70","-148.90","14.69","11.89","-78.78","0.000000","0.000000","",""
"06:35:38.071","GOREV","","","","","","","","","","","","","","","","","","","","","","","","","","","","26.35","18.67","-148.69","14.71","11.70","-78.82","0.000000","0.000000","",""
"06:35:38.248","GOREV","","","","","","","","","","","","","","","","","","","","","","","","","","","","26.35","18.69","-148.47","14.69","11.91","-78.86","0.000000","0.000000","",""
"06:35:38.422","GOREV","","","","","","","","","","","","","","","","","","","","","","","","","","","","26.32","18.67","-148.26","14.69","11.98","-78.90","0.000000","0.000000","",""
"06:35:38.578","GOREV","","","","","","","","","","","","","","","","","","","","","","","","","","","","26.31","18.65","-148.05","14.47","11.78","-78.94","0.000000","0.000000","",""
"06:35:38.742","GOREV","","","","","","","","","","","","","","","","","","","","","","","","","","","","26.33","18.66","-147.84","14.67","11.76","-78.97","0.000000","0.000000","",""
"06:35:38.932","GOREV","","","","","","","","","","","","","","","","","","","","","","","","","","","","26.34","18.69","-147.63","14.72","11.83","-79.01","0.000000","0.000000","",""
"06:35:39.085","GOREV","","","","","","","","","","","","","","","","","","","","","","","","","","","","26.35","18.67","-147.42","14.71","11.81","-79.05","0.000000","0.000000","",""
"06:35:39.267","GOREV","","","","","","","","","","","","","","","","","","","","","","","","","","","","26.33","18.65","-147.21","14.56","11.89","-79.09","0.000000","0.000000","",""
"06:35:39.417","GOREV","","","","","","","","","","","","","","","","","","","","","","","","","","","","26.33","18.66","-147.00","14.66","11.79","-79.12","0.000000","0.000000","",""
"06:35:39.585","GOREV","","","","","","","","","","","","","","","","","","","","","","","","","","","","26.34","18.65","-146.79","14.56","11.67","-79.16","0.000000","0.000000","",""
"06:35:39.753","GOREV","","","","","","","","","","","","","","","","","","","","","","","","","","","","26.33","18.66","-146.58","14.53","11.84","-79.19","0.000000","0.000000","",""
"06:35:39.927","GOREV","","","","","","","","","","","","","","","","","","","","","","","","","","","","26.36","18.67","-146.37","14.88","11.93","-79.23","0.000000","0.000000","",""
"06:35:40.091","GOREV","","","","","","","","","","","","","","","","","","","","","","","","","","","","26.36","18.67","-146.16","14.77","11.92","-79.27","0.000000","0.000000","",""
"06:35:40.254","GOREV","","","","","","","","","","","","","","","","","","","","","","","","","","","","26.36","18.66","-145.95","14.64","11.91","-79.31","0.000000","0.000000","",""
"06:35:40.434","GOREV","","","","","","","","","","","","","","","","","","","","","","","","","","","","26.34","18.65","-145.73","14.61","11.86","-79.34","0.000000","0.000000","",""
"06:35:40.590","GOREV","","","","","","","","","","","","","","","","","","","","","","","","","","","","26.34","18.64","-145.52","14.69","11.84","-79.38","0.000000","0.000000","",""
"06:35:40.764","GOREV","","","","","","","","","","","","","","","","","","","","","","","","","","","","26.35","18.65","-145.31","14.60","11.75","-79.41","0.000000","0.000000","",""
"06:35:40.927","GOREV","","","","","","","","","","","","","","","","","","","","","","","","","","","","26.35","18.67","-145.10","14.73","11.97","-79.45","0.000000","0.000000","",""
"06:35:41.097","GOREV","","","","","","","","","","","","","","","","","","","","","","","","","","","","26.36","18.69","-144.89","14.77","11.70","-79.49","0.000000","0.000000","",""
"06:35:41.267","GOREV","","","","","","","","","","","","","","","","","","","","","","","","","","","","26.35","18.69","-144.68","14.75","11.97","-79.52","0.000000","0.000000","",""
"06:35:41.434","GOREV","","","","","","","","","","","","","","","","","","","","","","","","","","","","26.34","18.68","-144.47","14.58","11.95","-79.56","0.000000","0.000000","",""
"06:35:41.630","GOREV","","","","","","","","","","","","","","","","","","","","","","","","","","","","26.36","18.71","-144.26","14.62","11.83","-79.59","0.000000","0.000000","",""
"06:35:41.778","GOREV","","","","","","","","","","","","","","","","","","","","","","","","","","","","26.37","18.70","-144.05","14.69","11.96","-79.63","0.000000","0.000000","",""
"06:35:41.934","GOREV","","","","","","","","","","","","","","","","","","","","","","","","","","","","26.35","18.70","-143.84","14.71","11.81","-79.67","0.000000","0.000000","",""
"06:35:42.101","GOREV","","","","","","","","","","","","","","","","","","","","","","","","","","","","26.35","18.69","-143.63","14.65","11.83","-79.70","0.000000","0.000000","",""
"06:35:42.277","GOREV","","","","","","","","","","","","","","","","","","","","","","","","","","","","26.33","18.72","-143.42","14.80","11.96","-79.74","0.000000","0.000000","",""
"06:35:42.436","GOREV","","","","","","","","","","","","","","","","","","","","","","","","","","","","26.33","18.70","-143.21","14.72","11.87","-79.78","0.000000","0.000000","",""
"06:35:42.606","GOREV","","","","","","","","","","","","","","","","","","","","","","","","","","","","26.33","18.68","-143.00","14.71","11.85","-79.81","0.000000","0.000000","",""
"06:35:42.786","GOREV","","","","","","","","","","","","","","","","","","","","","","","","","","","","26.32","18.65","-142.79","14.57","11.92","-79.85","0.000000","0.000000","",""
"06:35:42.949","GOREV","","","","","","","","","","","","","","","","","","","","","","","","","","","","26.31","18.65","-142.58","14.63","11.92","-79.89","0.000000","0.000000","",""
"06:35:43.118","GOREV","","","","","","","","","","","","","","","","","","","","","","","","","","","","26.34","18.67","-142.37","14.64","11.89","-79.93","0.000000","0.000000","",""
"06:35:43.276","GOREV","","","","","","","","","","","","","","","","","","","","","","","","","","","","26.35","18.65","-142.16","14.77","11.94","-79.96","0.000000","0.000000","",""
"06:35:43.445","GOREV","","","","","","","","","","","","","","","","","","","","","","","","","","","","26.36","18.68","-141.95","14.78","11.97","-80.00","0.000000","0.000000","",""
"06:35:43.612","GOREV","","","","","","","","","","","","","","","","","","","","","","","","","","","","26.34","18.67","-141.74","14.62","11.87","-80.04","0.000000","0.000000","",""
"06:35:43.780","GOREV","","","","","","","","","","","","","","","","","","","","","","","","","","","","26.33","18.66","-141.53","14.68","11.85","-80.08","0.000000","0.000000","",""
"06:35:43.948","GOREV","","","","","","","","","","","","","","","","","","","","","","","","","","","","26.34","18.67","-141.32","14.67","11.85","-80.12","0.000000","0.000000","",""
"06:35:44.133","GOREV","","","","","","","","","","","","","","","","","","","","","","","","","","","","26.33","18.69","-141.11","14.72","11.81","-80.15","0.000000","0.000000","",""
"06:35:44.284","GOREV","","","","","","","","","","","","","","","","","","","","","","","","","","","","26.36","18.67","-140.90","14.49","12.04","-80.19","0.000000","0.000000","",""
"06:35:44.453","GOREV","","","","","","","","","","","","","","","","","","","","","","","","","","","","26.35","18.67","-140.69","14.65","11.97","-80.22","0.000000","0.000000","",""
"06:35:44.630","GOREV","","","","","","","","","","","","","","","","","","","","","","","","","","","","26.35","18.70","-140.48","14.73","11.67","-80.26","0.000000","0.000000","",""
"06:35:44.812","GOREV","","","","","","","","","","","","","","","","","","","","","","","","","","","","26.35","18.70","-140.26","14.83","12.01","-80.30","0.000000","0.000000","",""
"06:35:44.956","GOREV","","","","","","","","","","","","","","","","","","","","","","","","","","","","26.33","18.68","-140.05","14.70","11.99","-80.33","0.000000","0.000000","",""
"06:35:45.138","GOREV","","","","","","","","","","","","","","","","","","","","","","","","","","","","26.31","18.69","-139.85","14.76","11.99","-80.37","0.000000","0.000000","",""
"06:35:45.295","GOREV","","","","","","","","","","","","","","","","","","","","","","","","","","","","26.34","18.70","-139.64","14.59","11.95","-80.41","0.000000","0.000000","",""
"06:35:45.462","GOREV","","","","","","","","","","","","","","","","","","","","","","","","","","","","26.34","18.71","-139.43","14.70","11.82","-80.44","0.000000","0.000000","",""
"06:35:45.627","GOREV","","","","","","","","","","","","","","","","","","","","","","","","","","","","26.34","18.73","-139.21","14.58","12.01","-80.48","0.000000","0.000000","",""
"06:35:45.800","GOREV","","","","","","","","","","","","","","","","","","","","","","","","","","","","26.34","18.71","-139.00","14.74","11.95","-80.52","0.000000","0.000000","",""
"06:35:45.964","GOREV","","","","","","","","","","","","","","","","","","","","","","","","","","","","26.35","18.70","-138.79","14.66","11.96","-80.55","0.000000","0.000000","",""
"06:35:46.137","GOREV","","","","","","","","","","","","","","","","","","","","","","","","","","","","26.35","18.68","-138.58","14.55","11.89","-80.59","0.000000","0.000000","",""
"06:35:46.306","GOREV","","","","","","","","","","","","","","","","","","","","","","","","","","","","26.37","18.71","-138.37","14.71","12.06","-80.63","0.000000","0.000000","",""
"06:35:46.470","GOREV","","","","","","","","","","","","","","","","","","","","","","","","","","","","26.37","18.68","-138.16","14.72","11.86","-80.67","0.000000","0.000000","",""
"06:35:46.642","GOREV","","","","","","","","","","","","","","","","","","","","","","","","","","","","26.37","18.68","-137.95","14.68","12.00","-80.70","0.000000","0.000000","",""
"06:35:46.816","GOREV","","","","","","","","","","","","","","","","","","","","","","","","","","","","26.35","18.67","-137.74","14.66","11.95","-80.74","0.000000","0.000000","",""
"06:35:46.972","GOREV","","","","","","","","","","","","","","","","","","","","","","","","","","","","26.36","18.70","-137.53","14.72","11.92","-80.78","0.000000","0.000000","",""
"06:35:47.139","GOREV","","","","","","","","","","","","","","","","","","","","","","","","","","","","26.33","18.68","-137.33","14.61","11.98","-80.82","0.000000","0.000000","",""
"06:35:47.323","GOREV","","","","","","","","","","","","","","","","","","","","","","","","","","","","26.33","18.68","-137.12","14.67","11.84","-80.85","0.000000","0.000000","",""
"06:35:47.475","GOREV","","","","","","","","","","","","","","","","","","","","","","","","","","","","26.32","18.68","-136.91","14.70","11.93","-80.89","0.000000","0.000000","",""
"06:35:47.644","GOREV","","","","","","","","","","","","","","","","","","","","","","","","","","","","26.32","18.68","-136.70","14.65","11.78","-80.93","0.000000","0.000000","",""
"06:35:47.827","GOREV","","","","","","","","","","","","","","","","","","","","","","","","","","","","26.31","18.67","-136.49","14.73","11.92","-80.96","0.000000","0.000000","",""
"06:35:47.980","GOREV","","","","","","","","","","","","","","","","","","","","","","","","","","","","26.34","18.66","-136.28","14.64","11.64","-81.00","0.000000","0.000000","",""
"06:35:48.152","GOREV","","","","","","","","","","","","","","","","","","","","","","","","","","","","26.34","18.65","-136.07","14.59","11.80","-81.04","0.000000","0.000000","",""
"06:35:48.330","GOREV","","","","","","","","","","","","","","","","","","","","","","","","","","","","26.37","18.66","-135.86","14.71","11.93","-81.08","0.000000","0.000000","",""
"06:35:48.488","GOREV","","","","","","","","","","","","","","","","","","","","","","","","","","","","26.37","18.67","-135.65","14.69","11.92","-81.11","0.000000","0.000000","",""
"06:35:48.656","GOREV","","","","","","","","","","","","","","","","","","","","","","","","","","","","26.34","18.66","-135.44","14.54","11.85","-81.15","0.000000","0.000000","",""
"06:35:48.823","GOREV","","","","","","","","","","","","","","","","","","","","","","","","","","","","26.34","18.68","-135.23","14.53","11.87","-81.19","0.000000","0.000000","",""
"06:35:48.988","GOREV","","","","","","","","","","","","","","","","","","","","","","","","","","","","26.36","18.67","-135.02","14.59","11.94","-81.22","0.000000","0.000000","",""
"06:35:49.157","GOREV","","","","","","","","","","","","","","","","","","","","","","","","","","","","26.33","18.64","-134.81","14.62","12.04","-81.26","0.000000","0.000000","",""
"06:35:49.322","GOREV","","","","","","","","","","","","","","","","","","","","","","","","","","","","26.33","18.62","-134.60","14.62","12.04","-81.30","0.000000","0.000000","",""
"06:35:49.492","GOREV","","","","","","","","","","","","","","","","","","","","","","","","","","","","26.32","18.65","-134.39","14.59","11.88","-81.33","0.000000","0.000000","",""
"06:35:49.659","GOREV","","","","","","","","","","","","","","","","","","","","","","","","","","","","26.32","18.64","-134.18","14.52","11.86","-81.37","0.000000","0.000000","",""
"06:35:49.849","GOREV","","","","","","","","","","","","","","","","","","","","","","","","","","","","26.33","18.64","-133.97","14.76","11.94","-81.41","0.000000","0.000000","",""
"06:35:49.995","GOREV","","","","","","","","","","","","","","","","","","","","","","","","","","","","26.34","18.66","-133.76","14.76","11.84","-81.44","0.000000","0.000000","",""
"06:35:50.162","GOREV","","","","","","","","","","","","","","","","","","","","","","","","","","","","26.34","18.66","-133.55","14.64","11.77","-81.48","0.000000","0.000000","",""
"06:35:50.329","GOREV","","","","","","","","","","","","","","","","","","","","","","","","","","","","26.34","18.68","-133.34","14.58","11.78","-81.52","0.000000","0.000000","",""
"06:35:50.503","GOREV","","","","","","","","","","","","","","","","","","","","","","","","","","","","26.35","18.69","-133.13","14.58","11.88","-81.55","0.000000","0.000000","",""
"06:35:50.672","GOREV","","","","","","","","","","","","","","","","","","","","","","","","","","","","26.37","18.70","-132.92","14.59","11.80","-81.59","0.000000","0.000000","",""
"06:35:50.834","GOREV","","","","","","","","","","","","","","","","","","","","","","","","","","","","26.35","18.69","-132.71","14.80","11.83","-81.63","0.000000","0.000000","",""
"06:35:51.001","GOREV","","","","","","","","","","","","","","","","","","","","","","","","","","","","26.36","18.69","-132.50","14.69","11.91","-81.67","0.000000","0.000000","",""
"06:35:51.174","GOREV","","","","","","","","","","","","","","","","","","","","","","","","","","","","26.37","18.70","-132.29","14.86","11.89","-81.70","0.000000","0.000000","",""
"06:35:51.338","GOREV","","","","","","","","","","","","","","","","","","","","","","","","","","","","26.38","18.72","-132.08","14.67","12.01","-81.74","0.000000","0.000000","",""
"06:35:51.506","GOREV","","","","","","","","","","","","","","","","","","","","","","","","","","","","26.36","18.67","-131.87","14.64","11.92","-81.78","0.000000","0.000000","",""
"06:35:51.674","GOREV","","","","","","","","","","","","","","","","","","","","","","","","","","","","26.37","18.68","-131.66","14.57","11.77","-81.81","0.000000","0.000000","",""
"06:35:51.841","GOREV","","","","","","","","","","","","","","","","","","","","","","","","","","","","26.38","18.68","-131.45","14.68","11.95","-81.85","0.000000","0.000000","",""
"06:35:52.028","GOREV","","","","","","","","","","","","","","","","","","","","","","","","","","","","26.38","18.66","-131.24","14.56","12.03","-81.88","0.000000","0.000000","",""
"06:35:52.178","GOREV","","","","","","","","","","","","","","","","","","","","","","","","","","","","26.38","18.66","-131.03","14.68","12.08","-81.92","0.000000","0.000000","",""
"06:35:52.351","GOREV","","","","","","","","","","","","","","","","","","","","","","","","","","","","26.37","18.65","-130.82","14.58","11.82","-81.95","0.000000","0.000000","",""
"06:35:52.518","GOREV","","","","","","","","","","","","","","","","","","","","","","","","","","","","26.35","18.68","-130.61","14.66","11.79","-81.99","0.000000","0.000000","",""
"06:35:52.688","GOREV","","","","","","","","","","","","","","","","","","","","","","","","","","","","26.35","18.65","-130.40","14.76","11.85","-82.03","0.000000","0.000000","",""
"06:35:52.850","GOREV","","","","","","","","","","","","","","","","","","","","","","","","","","","","26.33","18.65","-130.19","14.69","11.89","-82.07","0.000000","0.000000","",""
"06:35:53.018","GOREV","","","","","","","","","","","","","","","","","","","","","","","","","","","","26.32","18.66","-129.98","14.57","11.75","-82.10","0.000000","0.000000","",""
"06:35:53.196","GOREV","","","","","","","","","","","","","","","","","","","","","","","","","","","","26.32","18.67","-129.77","14.67","11.98","-82.14","0.000000","0.000000","",""
"06:35:53.352","GOREV","","","","","","","","","","","","","","","","","","","","","","","","","","","","26.32","18.67","-129.56","14.67","11.74","-82.17","0.000000","0.000000","",""
"06:35:53.522","GOREV","","","","","","","","","","","","","","","","","","","","","","","","","","","","26.35","18.65","-129.35","14.72","11.89","-82.21","0.000000","0.000000","",""
"06:35:53.689","GOREV","","","","","","","","","","","","","","","","","","","","","","","","","","","","26.33","18.66","-129.14","14.74","11.87","-82.25","0.000000","0.000000","",""
"06:35:53.858","GOREV","","","","","","","","","","","","","","","","","","","","","","","","","","","","26.35","18.65","-128.93","14.74","12.06","-82.28","0.000000","0.000000","",""
"06:35:54.025","GOREV","","","","","","","","","","","","","","","","","","","","","","","","","","","","26.32","18.64","-128.72","14.70","11.93","-82.32","0.000000","0.000000","",""
"06:35:54.212","GOREV","","","","","","","","","","","","","","","","","","","","","","","","","","","","26.33","18.63","-128.51","14.67","11.79","-82.36","0.000000","0.000000","",""
"06:35:54.361","GOREV","","","","","","","","","","","","","","","","","","","","","","","","","","","","26.36","18.66","-128.30","14.74","11.85","-82.40","0.000000","0.000000","",""
"06:35:54.533","GOREV","","","","","","","","","","","","","","","","","","","","","","","","","","","","26.35","18.67","-128.09","14.80","11.75","-82.43","0.000000","0.000000","",""
"06:35:54.697","GOREV","","","","","","","","","","","","","","","","","","","","","","","","","","","","26.35","18.68","-127.88","14.75","11.90","-82.47","0.000000","0.000000","",""
"06:35:54.875","GOREV","","","","","","","","","","","","","","","","","","","","","","","","","","","","26.34","18.68","-127.66","14.56","11.81","-82.51","0.000000","0.000000","",""
"06:35:55.037","GOREV","","","","","","","","","","","","","","","","","","","","","","","","","","","","26.36","18.68","-127.45","14.53","11.83","-82.55","0.000000","0.000000","",""
"06:35:55.201","GOREV","","","","","","","","","","","","","","","","","","","","","","","","","","","","26.35","18.67","-127.24","14.65","11.97","-82.58","0.000000","0.000000","",""
"06:35:55.368","GOREV","","","","","","","","","","","","","","","","","","","","","","","","","","","","26.36","18.69","-127.04","14.70","11.96","-82.62","0.000000","0.000000","",""
"06:35:55.550","GOREV","","","","","","","","","","","","","","","","","","","","","","","","","","","","26.35","18.68","-126.83","14.80","11.86","-82.66","0.000000","0.000000","",""
"06:35:55.711","GOREV","","","","","","","","","","","","","","","","","","","","","","","","","","","","26.35","18.68","-126.62","14.69","12.00","-82.70","0.000000","0.000000","",""
"06:35:55.872","GOREV","","","","","","","","","","","","","","","","","","","","","","","","","","","","26.36","18.68","-126.41","14.73","11.81","-82.74","0.000000","0.000000","",""
"06:35:56.041","GOREV","","","","","","","","","","","","","","","","","","","","","","","","","","","","26.33","18.64","-126.20","14.67","11.84","-82.77","0.000000","0.000000","",""
"06:35:56.208","GOREV","","","","","","","","","","","","","","","","","","","","","","","","","","","","26.32","18.66","-125.99","14.75","11.84","-82.81","0.000000","0.000000","",""
"06:35:56.399","GOREV","","","","","","","","","","","","","","","","","","","","","","","","","","","","26.34","18.69","-125.78","14.52","11.77","-82.85","0.000000","0.000000","",""
"06:35:56.544","GOREV","","","","","","","","","","","","","","","","","","","","","","","","","","","","26.32","18.69","-125.57","14.61","11.90","-82.89","0.000000","0.000000","",""
"06:35:56.716","GOREV","","","","","","","","","","","","","","","","","","","","","","","","","","","","26.34","18.68","-125.36","14.70","12.06","-82.92","0.000000","0.000000","",""
"06:35:56.899","GOREV","","","","","","","","","","","","","","","","","","","","","","","","","","","","26.35","18.68","-125.15","14.68","11.91","-82.96","0.000000","0.000000","",""
"06:35:57.049","GOREV","","","","","","","","","","","","","","","","","","","","","","","","","","","","26.35","18.69","-124.94","14.62","12.03","-83.00","0.000000","0.000000","",""
"06:35:57.221","GOREV","","","","","","","","","","","","","","","","","","","","","","","","","","","","26.33","18.71","-124.73","14.70","11.89","-83.03","0.000000","0.000000","",""
"06:35:57.391","GOREV","","","","","","","","","","","","","","","","","","","","","","","","","","","","26.36","18.69","-124.52","14.68","11.89","-83.07","0.000000","0.000000","",""
"06:35:57.552","GOREV","","","","","","","","","","","","","","","","","","","","","","","","","","","","26.35","18.68","-124.31","14.81","11.79","-83.11","0.000000","0.000000","",""
"06:35:57.730","GOREV","","","","","","","","","","","","","","","","","","","","","","","","","","","","26.35","18.67","-124.10","14.67","11.91","-83.15","0.000000","0.000000","",""
"06:35:57.888","GOREV","","","","","","","","","","","","","","","","","","","","","","","","","","","","26.35","18.65","-123.90","14.52","11.82","-83.18","0.000000","0.000000","",""
"06:35:58.076","GOREV","","","","","","","","","","","","","","","","","","","","","","","","","","","","26.33","18.65","-123.69","14.52","11.94","-83.22","0.000000","0.000000","",""
"06:35:58.229","GOREV","","","","","","","","","","","","","","","","","","","","","","","","","","","","26.33","18.68","-123.48","14.78","11.80","-83.26","0.000000","0.000000","",""
"06:35:58.404","GOREV","","","","","","","","","","","","","","","","","","","","","","","","","","","","26.32","18.67","-123.27","14.66","11.95","-83.30","0.000000","0.000000","",""
"06:35:58.566","GOREV","","","","","","","","","","","","","","","","","","","","","","","","","","","","26.33","18.67","-123.06","14.75","11.94","-83.33","0.000000","0.000000","",""
"06:35:58.728","GOREV","","","","","","","","","","","","","","","","","","","","","","","","","","","","26.34","18.69","-122.84","14.75","12.01","-83.37","0.000000","0.000000","",""
"06:35:58.900","GOREV","","","","","","","","","","","","","","","","","","","","","","","","","","","","26.33","18.66","-122.63","14.71","11.87","-83.41","0.000000","0.000000","",""
"06:35:59.066","GOREV","","","","","","","","","","","","","","","","","","","","","","","","","","","","26.32","18.65","-122.42","14.62","11.93","-83.44","0.000000","0.000000","",""
"06:35:59.235","GOREV","","","","","","","","","","","","","","","","","","","","","","","","","","","","26.34","18.66","-122.22","14.67","12.01","-83.48","0.000000","0.000000","",""
"06:35:59.423","GOREV","","","","","","","","","","","","","","","","","","","","","","","","","","","","26.35","18.68","-122.01","14.70","11.67","-83.52","0.000000","0.000000","",""
"06:35:59.567","GOREV","","","","","","","","","","","","","","","","","","","","","","","","","","","","26.37","18.71","-121.80","14.74","11.86","-83.55","0.000000","0.000000","",""
"06:35:59.739","GOREV","","","","","","","","","","","","","","","","","","","","","","","","","","","","26.37","18.68","-121.59","14.72","11.81","-83.59","0.000000","0.000000","",""
"06:35:59.905","GOREV","","","","","","","","","","","","","","","","","","","","","","","","","","","","26.38","18.68","-121.38","14.54","11.91","-83.63","0.000000","0.000000","",""
"06:36:00.072","GOREV","","","","","","","","","","","","","","","","","","","","","","","","","","","","26.34","18.66","-121.17","14.68","12.10","-83.66","0.000000","0.000000","",""
"06:36:00.251","GOREV","","","","","","","","","","","","","","","","","","","","","","","","","","","","26.33","18.67","-120.96","14.77","11.88","-83.70","0.000000","0.000000","",""
"06:36:00.407","GOREV","","","","","","","","","","","","","","","","","","","","","","","","","","","","26.33","18.67","-120.75","14.62","11.91","-83.73","0.000000","0.000000","",""
"06:36:00.580","GOREV","","","","","","","","","","","","","","","","","","","","","","","","","","","","26.33","18.70","-120.55","14.70","11.82","-83.77","0.000000","0.000000","",""
"06:36:00.744","GOREV","","","","","","","","","","","","","","","","","","","","","","","","","","","","26.32","18.65","-120.34","14.64","11.92","-83.81","0.000000","0.000000","",""
"06:36:00.924","GOREV","","","","","","","","","","","","","","","","","","","","","","","","","","","","26.32","18.66","-120.13","14.74","11.83","-83.85","0.000000","0.000000","",""
"06:36:01.079","GOREV","","","","","","","","","","","","","","","","","","","","","","","","","","","","26.34","18.68","-119.92","14.75","12.07","-83.88","0.000000","0.000000","",""
"06:36:01.251","GOREV","","","","","","","","","","","","","","","","","","","","","","","","","","","","26.33","18.66","-119.71","14.67","11.71","-83.92","0.000000","0.000000","",""
"06:36:01.435","GOREV","","","","","","","","","","","","","","","","","","","","","","","","","","","","26.33","18.71","-119.50","14.66","11.81","-83.96","0.000000","0.000000","",""
"06:36:01.584","GOREV","","","","","","","","","","","","","","","","","","","","","","","","","","","","26.32","18.70","-119.30","14.65","11.80","-83.99","0.000000","0.000000","",""
"06:36:01.752","GOREV","","","","","","","","","","","","","","","","","","","","","","","","","","","","26.34","18.71","-119.09","14.63","11.78","-84.03","0.000000","0.000000","",""
"06:36:01.919","GOREV","","","","","","","","","","","","","","","","","","","","","","","","","","","","26.36","18.69","-118.88","14.81","11.96","-84.07","0.000000","0.000000","",""
"06:36:02.107","GOREV","","","","","","","","","","","","","","","","","","","","","","","","","","","","26.34","18.69","-118.67","14.56","11.90","-84.11","0.000000","0.000000","",""
"06:36:02.255","GOREV","","","","","","","","","","","","","","","","","","","","","","","","","","","","26.34","18.69","-118.46","14.55","11.83","-84.14","0.000000","0.000000","",""
"06:36:02.422","GOREV","","","","","","","","","","","","","","","","","","","","","","","","","","","","26.34","18.69","-118.26","14.61","11.91","-84.18","0.000000","0.000000","",""
"06:36:02.596","GOREV","","","","","","","","","","","","","","","","","","","","","","","","","","","","26.33","18.68","-118.04","14.68","11.89","-84.22","0.000000","0.000000","",""
"06:36:02.762","GOREV","","","","","","","","","","","","","","","","","","","","","","","","","","","","26.35","18.69","-117.83","14.69","11.87","-84.25","0.000000","0.000000","",""
"06:36:02.928","GOREV","","","","","","","","","","","","","","","","","","","","","","","","","","","","26.33","18.67","-117.62","14.71","11.89","-84.29","0.000000","0.000000","",""
"06:36:03.099","GOREV","","","","","","","","","","","","","","","","","","","","","","","","","","","","26.33","18.68","-117.41","14.68","11.98","-84.33","0.000000","0.000000","",""
"06:36:03.266","GOREV","","","","","","","","","","","","","","","","","","","","","","","","","","","","26.33","18.69","-117.20","14.62","11.90","-84.36","0.000000","0.000000","",""
"06:36:03.431","GOREV","","","","","","","","","","","","","","","","","","","","","","","","","","","","26.34","18.68","-116.99","14.60","11.93","-84.40","0.000000","0.000000","",""
"06:36:03.603","GOREV","","","","","","","","","","","","","","","","","","","","","","","","","","","","26.34","18.68","-116.78","14.67","11.82","-84.44","0.000000","0.000000","",""
"06:36:03.772","GOREV","","","","","","","","","","","","","","","","","","","","","","","","","","","","26.35","18.68","-116.57","14.75","11.77","-84.47","0.000000","0.000000","",""
"06:36:03.939","GOREV","","","","","","","","","","","","","","","","","","","","","","","","","","","","26.33","18.67","-116.36","14.59","11.86","-84.51","0.000000","0.000000","",""
"06:36:04.108","GOREV","","","","","","","","","","","","","","","","","","","","","","","","","","","","26.33","18.66","-116.15","14.72","11.95","-84.54","0.000000","0.000000","",""
"06:36:04.296","GOREV","","","","","","","","","","","","","","","","","","","","","","","","","","","","26.32","18.66","-115.94","14.50","11.76","-84.58","0.000000","0.000000","",""
"06:36:04.443","GOREV","","","","","","","","","","","","","","","","","","","","","","","","","","","","26.32","18.66","-115.73","14.77","11.91","-84.62","0.000000","0.000000","",""
"06:36:04.610","GOREV","","","","","","","","","","","","","","","","","","","","","","","","","","","","26.35","18.68","-115.52","14.68","11.95","-84.66","0.000000","0.000000","",""
"06:36:04.775","GOREV","","","","","","","","","","","","","","","","","","","","","","","","","","","","26.33","18.67","-115.31","14.56","11.82","-84.69","0.000000","0.000000","",""
"06:36:04.949","GOREV","","","","","","","","","","","","","","","","","","","","","","","","","","","","26.36","18.67","-115.10","14.63","11.93","-84.73","0.000000","0.000000","",""
"06:36:05.117","GOREV","","","","","","","","","","","","","","","","","","","","","","","","","","","","26.36","18.69","-114.90","14.80","11.82","-84.77","0.000000","0.000000","",""
"06:36:05.282","GOREV","","","","","","","","","","","","","","","","","","","","","","","","","","","","26.32","18.70","-114.69","14.52","11.92","-84.81","0.000000","0.000000","",""
"06:36:05.451","GOREV","","","","","","","","","","","","","","","","","","","","","","","","","","","","26.34","18.67","-114.48","14.67","11.90","-84.85","0.000000","0.000000","",""
"06:36:05.617","GOREV","","","","","","","","","","","","","","","","","","","","","","","","","","","","26.35","18.66","-114.27","14.64","11.79","-84.88","0.000000","0.000000","",""
"06:36:05.782","GOREV","","","","","","","","","","","","","","","","","","","","","","","","","","","","26.34","18.69","-114.06","14.52","11.74","-84.92","0.000000","0.000000","",""
"06:36:05.950","GOREV","","","","","","","","","","","","","","","","","","","","","","","","","","","","26.34","18.67","-113.85","14.56","11.93","-84.96","0.000000","0.000000","",""
"06:36:06.118","GOREV","","","","","","","","","","","","","","","","","","","","","","","","","","","","26.33","18.66","-113.64","14.86","11.82","-84.99","0.000000","0.000000","",""
"06:36:06.288","GOREV","","","","","","","","","","","","","","","","","","","","","","","","","","","","26.33","18.68","-113.43","14.49","11.85","-85.03","0.000000","0.000000","",""
"06:36:06.460","GOREV","","","","","","","","","","","","","","","","","","","","","","","","","","","","26.34","18.68","-113.22","14.55","11.83","-85.06","0.000000","0.000000","",""
"06:36:06.625","GOREV","","","","","","","","","","","","","","","","","","","","","","","","","","","","26.35","18.67","-113.01","14.65","11.75","-85.10","0.000000","0.000000","",""
"06:36:06.790","GOREV","","","","","","","","","","","","","","","","","","","","","","","","","","","","26.35","18.67","-112.79","14.55","11.74","-85.14","0.000000","0.000000","",""
"06:36:06.961","GOREV","","","","","","","","","","","","","","","","","","","","","","","","","","","","26.35","18.69","-112.58","14.92","11.77","-85.18","0.000000","0.000000","",""
"06:36:07.133","GOREV","","","","","","","","","","","","","","","","","","","","","","","","","","","","26.34","18.68","-112.38","14.61","11.91","-85.22","0.000000","0.000000","",""
"06:36:07.298","GOREV","","","","","","","","","","","","","","","","","","","","","","","","","","","","26.35","18.70","-112.16","14.63","11.87","-85.25","0.000000","0.000000","",""
"06:36:07.465","GOREV","","","","","","","","","","","","","","","","","","","","","","","","","","","","26.35","18.69","-111.96","14.75","11.73","-85.29","0.000000","0.000000","",""
"06:36:07.634","GOREV","","","","","","","","","","","","","","","","","","","","","","","","","","","","26.33","18.69","-111.75","14.80","11.88","-85.33","0.000000","0.000000","",""
"06:36:07.802","GOREV","","","","","","","","","","","","","","","","","","","","","","","","","","","","26.32","18.65","-111.53","14.67","11.97","-85.36","0.000000","0.000000","",""
"06:36:07.972","GOREV","","","","","","","","","","","","","","","","","","","","","","","","","","","","26.33","18.64","-111.33","14.64","11.90","-85.40","0.000000","0.000000","",""
"06:36:08.134","GOREV","","","","","","","","","","","","","","","","","","","","","","","","","","","","26.34","18.67","-111.12","14.92","11.80","-85.44","0.000000","0.000000","",""
"06:36:08.312","GOREV","","","","","","","","","","","","","","","","","","","","","","","","","","","","26.33","18.65","-110.91","14.65","11.94","-85.48","0.000000","0.000000","",""
"06:36:08.470","GOREV","","","","","","","","","","","","","","","","","","","","","","","","","","","","26.33","18.65","-110.70","14.49","11.76","-85.51","0.000000","0.000000","",""
"06:36:08.664","GOREV","","","","","","","","","","","","","","","","","","","","","","","","","","","","26.32","18.68","-110.49","14.72","11.96","-85.55","0.000000","0.000000","",""
"06:36:08.806","GOREV","","","","","","","","","","","","","","","","","","","","","","","","","","","","26.32","18.69","-110.28","14.67","11.82","-85.59","0.000000","0.000000","",""
"06:36:09.000","GOREV","","","","","","","","","","","","","","","","","","","","","","","","","","","","26.34","18.71","-110.07","14.73","11.82","-85.63","0.000000","0.000000","",""
"06:36:09.141","GOREV","","","","","","","","","","","","","","","","","","","","","","","","","","","","26.33","18.70","-109.86","14.64","11.76","-85.66","0.000000","0.000000","",""
"06:36:09.336","GOREV","","","","","","","","","","","","","","","","","","","","","","","","","","","","26.34","18.68","-109.65","14.72","11.88","-85.70","0.000000","0.000000","",""
"06:36:09.478","GOREV","","","","","","","","","","","","","","","","","","","","","","","","","","","","26.34","18.65","-109.44","14.68","11.90","-85.74","0.000000","0.000000","",""
"06:36:09.652","GOREV","","","","","","","","","","","","","","","","","","","","","","","","","","","","26.34","18.68","-109.23","14.61","11.93","-85.78","0.000000","0.000000","",""
"06:36:09.813","GOREV","","","","","","","","","","","","","","","","","","","","","","","","","","","","26.33","18.68","-109.02","14.70","11.91","-85.82","0.000000","0.000000","",""
"06:36:10.017","GOREV","","","","","","","","","","","","","","","","","","","","","","","","","","","","26.37","18.69","-108.81","14.60","11.96","-85.85","0.000000","0.000000","",""
"06:36:10.148","GOREV","","","","","","","","","","","","","","","","","","","","","","","","","","","","26.34","18.68","-108.60","14.66","11.95","-85.89","0.000000","0.000000","",""
"06:36:10.317","GOREV","","","","","","","","","","","","","","","","","","","","","","","","","","","","26.35","18.67","-108.39","14.64","11.80","-85.93","0.000000","0.000000","",""
"06:36:10.487","GOREV","","","","","","","","","","","","","","","","","","","","","","","","","","","","26.34","18.67","-108.18","14.60","11.87","-85.97","0.000000","0.000000","",""
"06:36:10.652","GOREV","","","","","","","","","","","","","","","","","","","","","","","","","","","","26.34","18.68","-107.97","14.71","11.80","-86.00","0.000000","0.000000","",""
"06:36:10.823","GOREV","","","","","","","","","","","","","","","","","","","","","","","","","","","","26.35","18.70","-107.76","14.82","11.74","-86.04","0.000000","0.000000","",""
"06:36:10.990","GOREV","","","","","","","","","","","","","","","","","","","","","","","","","","","","26.35","18.69","-107.55","14.59","11.86","-86.08","0.000000","0.000000","",""
"06:36:11.160","GOREV","","","","","","","","","","","","","","","","","","","","","","","","","","","","26.34","18.70","-107.34","14.73","11.85","-86.11","0.000000","0.000000","",""
"06:36:11.328","GOREV","","","","","","","","","","","","","","","","","","","","","","","","","","","","26.35","18.70","-107.13","14.66","11.89","-86.15","0.000000","0.000000","",""
"06:36:11.492","GOREV","","","","","","","","","","","","","","","","","","","","","","","","","","","","26.34","18.70","-106.92","14.62","11.78","-86.18","0.000000","0.000000","",""
"06:36:11.661","GOREV","","","","","","","","","","","","","","","","","","","","","","","","","","","","26.34","18.69","-106.71","14.79","11.99","-86.22","0.000000","0.000000","",""
"06:36:11.835","GOREV","","","","","","","","","","","","","","","","","","","","","","","","","","","","26.34","18.68","-106.50","14.79","11.78","-86.26","0.000000","0.000000","",""
"06:36:11.998","GOREV","","","","","","","","","","","","","","","","","","","","","","","","","","","","26.34","18.68","-106.29","14.75","11.89","-86.29","0.000000","0.000000","",""
"06:36:12.209","GOREV","","","","","","","","","","","","","","","","","","","","","","","","","","","","26.33","18.66","-106.08","14.70","11.83","-86.33","0.000000","0.000000","",""
"06:36:12.358","GOREV","","","","","","","","","","","","","","","","","","","","","","","","","","","","26.34","18.66","-105.87","14.80","11.83","-86.37","0.000000","0.000000","",""
"06:36:12.500","GOREV","","","","","","","","","","","","","","","","","","","","","","","","","","","","26.35","18.66","-105.66","14.68","11.81","-86.40","0.000000","0.000000","",""
"06:36:12.671","GOREV","","","","","","","","","","","","","","","","","","","","","","","","","","","","26.36","18.63","-105.46","14.67","11.86","-86.44","0.000000","0.000000","",""
"06:36:12.837","GOREV","","","","","","","","","","","","","","","","","","","","","","","","","","","","26.35","18.64","-105.24","14.59","11.73","-86.48","0.000000","0.000000","",""
"06:36:13.008","GOREV","","","","","","","","","","","","","","","","","","","","","","","","","","","","26.33","18.66","-105.04","14.77","12.08","-86.51","0.000000","0.000000","",""
"06:36:13.183","GOREV","","","","","","","","","","","","","","","","","","","","","","","","","","","","26.34","18.65","-104.83","14.84","11.85","-86.55","0.000000","0.000000","",""
"06:36:13.345","GOREV","","","","","","","","","","","","","","","","","","","","","","","","","","","","26.37","18.67","-104.61","14.75","11.81","-86.58","0.000000","0.000000","",""
"06:36:13.508","GOREV","","","","","","","","","","","","","","","","","","","","","","","","","","","","26.36","18.66","-104.40","14.75","11.92","-86.62","0.000000","0.000000","",""
"06:36:13.676","GOREV","","","","","","","","","","","","","","","","","","","","","","","","","","","","26.35","18.67","-104.19","14.58","11.79","-86.66","0.000000","0.000000","",""
"06:36:13.864","GOREV","","","","","","","","","","","","","","","","","","","","","","","","","","","","26.36","18.68","-103.98","14.59","12.04","-86.70","0.000000","0.000000","",""
"06:36:14.012","GOREV","","","","","","","","","","","","","","","","","","","","","","","","","","","","26.35","18.67","-103.78","14.56","11.76","-86.73","0.000000","0.000000","",""
"06:36:14.192","GOREV","","","","","","","","","","","","","","","","","","","","","","","","","","","","26.36","18.67","-103.57","14.62","11.65","-86.77","0.000000","0.000000","",""
"06:36:14.376","GOREV","","","","","","","","","","","","","","","","","","","","","","","","","","","","26.35","18.67","-103.36","14.55","11.96","-86.81","0.000000","0.000000","",""
"06:36:14.518","GOREV","","","","","","","","","","","","","","","","","","","","","","","","","","","","26.35","18.67","-103.15","14.70","11.84","-86.85","0.000000","0.000000","",""
"06:36:14.687","GOREV","","","","","","","","","","","","","","","","","","","","","","","","","","","","26.36","18.68","-102.94","14.54","11.80","-86.88","0.000000","0.000000","",""
"06:36:14.855","GOREV","","","","","","","","","","","","","","","","","","","","","","","","","","","","26.35","18.67","-102.73","14.60","11.87","-86.92","0.000000","0.000000","",""
"06:36:15.053","GOREV","","","","","","","","","","","","","","","","","","","","","","","","","","","","26.34","18.68","-102.52","14.71","12.03","-86.96","0.000000","0.000000","",""
"06:36:15.186","GOREV","","","","","","","","","","","","","","","","","","","","","","","","","","","","26.35","18.68","-102.31","14.74","11.79","-87.00","0.000000","0.000000","",""
"06:36:15.391","GOREV","","","","","","","","","","","","","","","","","","","","","","","","","","","","26.34","18.68","-102.10","14.80","11.83","-87.03","0.000000","0.000000","",""
"06:36:15.525","GOREV","","","","","","","","","","","","","","","","","","","","","","","","","","","","26.34","18.69","-101.89","14.75","11.87","-87.07","0.000000","0.000000","",""
"06:36:15.691","GOREV","","","","","","","","","","","","","","","","","","","","","","","","","","","","26.34","18.69","-101.68","14.74","11.92","-87.11","0.000000","0.000000","",""
"06:36:15.859","GOREV","","","","","","","","","","","","","","","","","","","","","","","","","","","","26.32","18.66","-101.48","14.68","11.70","-87.15","0.000000","0.000000","",""
"06:36:16.048","GOREV","","","","","","","","","","","","","","","","","","","","","","","","","","","","26.32","18.68","-101.27","14.66","11.95","-87.18","0.000000","0.000000","",""
"06:36:16.227","GOREV","","","","","","","","","","","","","","","","","","","","","","","","","","","","26.31","18.66","-101.06","14.82","11.80","-87.22","0.000000","0.000000","",""
"06:36:16.363","GOREV","","","","","","","","","","","","","","","","","","","","","","","","","","","","26.33","18.67","-100.85","14.73","11.64","-87.26","0.000000","0.000000","",""
"06:36:16.531","GOREV","","","","","","","","","","","","","","","","","","","","","","","","","","","","26.32","18.68","-100.64","14.58","11.92","-87.30","0.000000","0.000000","",""
"06:36:16.722","GOREV","","","","","","","","","","","","","","","","","","","","","","","","","","","","26.33","18.68","-100.43","14.45","11.87","-87.33","0.000000","0.000000","",""
"06:36:16.908","GOREV","","","","","","","","","","","","","","","","","","","","","","","","","","","","26.33","18.69","-100.21","14.66","11.83","-87.37","0.000000","0.000000","",""
"06:36:17.037","GOREV","","","","","","","","","","","","","","","","","","","","","","","","","","","","26.33","18.70","-100.00","14.64","11.80","-87.41","0.000000","0.000000","",""
"06:36:17.212","GOREV","","","","","","","","","","","","","","","","","","","","","","","","","","","","26.34","18.70","-99.80","14.62","12.00","-87.44","0.000000","0.000000","",""
"06:36:17.372","GOREV","","","","","","","","","","","","","","","","","","","","","","","","","","","","26.37","18.70","-99.59","14.76","11.91","-87.48","0.000000","0.000000","",""
"06:36:17.541","GOREV","","","","","","","","","","","","","","","","","","","","","","","","","","","","26.36","18.67","-99.38","14.77","11.88","-87.52","0.000000","0.000000","",""
"06:36:17.708","GOREV","","","","","","","","","","","","","","","","","","","","","","","","","","","","26.34","18.65","-99.17","14.61","11.73","-87.55","0.000000","0.000000","",""
"06:36:17.880","GOREV","","","","","","","","","","","","","","","","","","","","","","","","","","","","26.33","18.64","-98.96","14.62","11.77","-87.59","0.000000","0.000000","",""
"06:36:18.037","GOREV","","","","","","","","","","","","","","","","","","","","","","","","","","","","26.34","18.67","-98.75","14.70","11.70","-87.63","0.000000","0.000000","",""
"06:36:18.227","GOREV","","","","","","","","","","","","","","","","","","","","","","","","","","","","26.36","18.68","-98.54","14.73","11.89","-87.67","0.000000","0.000000","",""
"06:36:18.391","GOREV","","","","","","","","","","","","","","","","","","","","","","","","","","","","26.37","18.69","-98.33","14.59","11.85","-87.70","0.000000","0.000000","",""
"06:36:18.539","GOREV","","","","","","","","","","","","","","","","","","","","","","","","","","","","26.35","18.69","-98.12","14.73","11.95","-87.74","0.000000","0.000000","",""
"06:36:18.705","GOREV","","","","","","","","","","","","","","","","","","","","","","","","","","","","26.33","18.70","-97.91","14.68","11.77","-87.77","0.000000","0.000000","",""
"06:36:18.877","GOREV","","","","","","","","","","","","","","","","","","","","","","","","","","","","26.34","18.69","-97.70","14.74","11.84","-87.81","0.000000","0.000000","",""
"06:36:19.045","GOREV","","","","","","","","","","","","","","","","","","","","","","","","","","","","26.34","18.71","-97.49","14.64","11.90","-87.85","0.000000","0.000000","",""
"06:36:19.208","GOREV","","","","","","","","","","","","","","","","","","","","","","","","","","","","26.36","18.70","-97.28","14.74","11.98","-87.89","0.000000","0.000000","",""
"06:36:19.401","GOREV","","","","","","","","","","","","","","","","","","","","","","","","","","","","26.35","18.67","-97.08","14.63","12.00","-87.93","0.000000","0.000000","",""
"06:36:19.539","GOREV","","","","","","","","","","","","","","","","","","","","","","","","","","","","26.36","18.66","-96.86","14.73","11.87","-87.97","0.000000","0.000000","",""
"06:36:19.706","GOREV","","","","","","","","","","","","","","","","","","","","","","","","","","","","26.36","18.68","-96.66","14.74","11.91","-88.00","0.000000","0.000000","",""
"06:36:19.873","GOREV","","","","","","","","","","","","","","","","","","","","","","","","","","","","26.37","18.68","-96.45","14.75","11.94","-88.04","0.000000","0.000000","",""
"06:36:20.046","GOREV","","","","","","","","","","","","","","","","","","","","","","","","","","","","26.36","18.69","-96.24","14.66","12.05","-88.07","0.000000","0.000000","",""
"06:36:20.247","GOREV","","","","","","","","","","","","","","","","","","","","","","","","","","","","26.34","18.67","-96.03","14.69","11.93","-88.11","0.000000","0.000000","",""
"06:36:20.383","GOREV","","","","","","","","","","","","","","","","","","","","","","","","","","","","26.36","18.70","-95.82","14.78","11.86","-88.15","0.000000","0.000000","",""
"06:36:20.544","GOREV","","","","","","","","","","","","","","","","","","","","","","","","","","","","26.35","18.67","-95.61","14.75","11.82","-88.18","0.000000","0.000000","",""
"06:36:20.707","GOREV","","","","","","","","","","","","","","","","","","","","","","","","","","","","26.35","18.66","-95.40","14.71","11.99","-88.22","0.000000","0.000000","",""
"06:36:20.876","GOREV","","","","","","","","","","","","","","","","","","","","","","","","","","","","26.36","18.64","-95.19","14.72","11.80","-88.25","0.000000","0.000000","",""
"06:36:21.059","GOREV","","","","","","","","","","","","","","","","","","","","","","","","","","","","26.38","18.66","-94.98","14.54","11.88","-88.29","0.000000","0.000000","",""
"06:36:21.208","GOREV","","","","","","","","","","","","","","","","","","","","","","","","","","","","26.38","18.67","-94.77","14.71","11.86","-88.33","0.000000","0.000000","",""
"06:36:21.384","GOREV","","","","","","","","","","","","","","","","","","","","","","","","","","","","26.37","18.66","-94.56","14.74","11.86","-88.36","0.000000","0.000000","",""
"06:36:21.562","GOREV","","","","","","","","","","","","","","","","","","","","","","","","","","","","26.34","18.65","-94.35","14.72","12.01","-88.40","0.000000","0.000000","",""
"06:36:21.708","GOREV","","","","","","","","","","","","","","","","","","","","","","","","","","","","26.36","18.67","-94.14","14.63","11.90","-88.44","0.000000","0.000000","",""
"06:36:21.881","GOREV","","","","","","","","","","","","","","","","","","","","","","","","","","","","26.34","18.68","-93.93","14.68","12.01","-88.47","0.000000","0.000000","",""
"06:36:22.044","GOREV","","","","","","","","","","","","","","","","","","","","","","","","","","","","26.34","18.69","-93.73","14.58","11.84","-88.51","0.000000","0.000000","",""
"06:36:22.212","GOREV","","","","","","","","","","","","","","","","","","","","","","","","","","","","26.34","18.68","-93.52","14.71","11.79","-88.55","0.000000","0.000000","",""
"06:36:22.377","GOREV","","","","","","","","","","","","","","","","","","","","","","","","","","","","26.34","18.68","-93.31","14.58","11.98","-88.58","0.000000","0.000000","",""
"06:36:22.545","GOREV","","","","","","","","","","","","","","","","","","","","","","","","","","","","26.31","18.69","-93.10","14.67","11.98","-88.62","0.000000","0.000000","",""
"06:36:22.716","GOREV","","","","","","","","","","","","","","","","","","","","","","","","","","","","26.31","18.72","-92.89","14.70","11.98","-88.65","0.000000","0.000000","",""
"06:36:22.878","GOREV","","","","","","","","","","","","","","","","","","","","","","","","","","","","26.33","18.71","-92.68","14.84","11.99","-88.69","0.000000","0.000000","",""
"06:36:23.060","GOREV","","","","","","","","","","","","","","","","","","","","","","","","","","","","26.35","18.70","-92.48","14.68","12.00","-88.73","0.000000","0.000000","",""
"06:36:23.212","GOREV","","","","","","","","","","","","","","","","","","","","","","","","","","","","26.34","18.69","-92.27","14.62","11.81","-88.77","0.000000","0.000000","",""
"06:36:23.409","GOREV","","","","","","","","","","","","","","","","","","","","","","","","","","","","26.34","18.67","-92.06","14.60","11.84","-88.80","0.000000","0.000000","",""
"06:36:23.573","GOREV","","","","","","","","","","","","","","","","","","","","","","","","","","","","26.35","18.68","-91.85","14.70","11.94","-88.84","0.000000","0.000000","",""
"06:36:23.711","GOREV","","","","","","","","","","","","","","","","","","","","","","","","","","","","26.33","18.66","-91.65","14.71","11.92","-88.88","0.000000","0.000000","",""
"06:36:23.879","GOREV","","","","","","","","","","","","","","","","","","","","","","","","","","","","26.34","18.69","-91.44","14.75","11.97","-88.92","0.000000","0.000000","",""
"06:36:24.046","GOREV","","","","","","","","","","","","","","","","","","","","","","","","","","","","26.35","18.69","-91.23","14.58","11.91","-88.95","0.000000","0.000000","",""
"06:36:24.217","GOREV","","","","","","","","","","","","","","","","","","","","","","","","","","","","26.35","18.68","-91.02","14.63","11.81","-88.99","0.000000","0.000000","",""
"06:36:24.385","GOREV","","","","","","","","","","","","","","","","","","","","","","","","","","","","26.33","18.67","-90.81","14.65","11.71","-89.03","0.000000","0.000000","",""
"06:36:24.549","GOREV","","","","","","","","","","","","","","","","","","","","","","","","","","","","26.35","18.68","-90.61","14.69","11.97","-89.06","0.000000","0.000000","",""
"06:36:24.714","GOREV","","","","","","","","","","","","","","","","","","","","","","","","","","","","26.36","18.69","-90.40","14.72","11.81","-89.10","0.000000","0.000000","",""
"06:36:24.908","GOREV","","","","","","","","","","","","","","","","","","","","","","","","","","","","26.36","18.69","-90.19","14.69","11.84","-89.14","0.000000","0.000000","",""
"06:36:25.056","GOREV","","","","","","","","","","","","","","","","","","","","","","","","","","","","26.35","18.68","-89.98","14.63","11.85","-89.17","0.000000","0.000000","",""
"06:36:25.215","GOREV","","","","","","","","","","","","","","","","","","","","","","","","","","","","26.35","18.65","-89.77","14.43","11.74","-89.21","0.000000","0.000000","",""
"06:36:25.392","GOREV","","","","","","","","","","","","","","","","","","","","","","","","","","","","26.34","18.65","-89.56","14.63","11.73","-89.25","0.000000","0.000000","",""
"06:36:25.549","GOREV","","","","","","","","","","","","","","","","","","","","","","","","","","","","26.34","18.68","-89.36","14.66","11.81","-89.29","0.000000","0.000000","",""
"06:36:25.718","GOREV","","","","","","","","","","","","","","","","","","","","","","","","","","","","26.35","18.70","-89.15","14.63","12.02","-89.32","0.000000","0.000000","",""
"06:36:25.891","GOREV","","","","","","","","","","","","","","","","","","","","","","","","","","","","26.35","18.69","-88.94","14.68","11.88","-89.36","0.000000","0.000000","",""
"06:36:26.050","GOREV","","","","","","","","","","","","","","","","","","","","","","","","","","","","26.34","18.69","-88.73","14.65","11.96","-89.40","0.000000","0.000000","",""
"06:36:26.218","GOREV","","","","","","","","","","","","","","","","","","","","","","","","","","","","26.33","18.69","-88.52","14.65","11.85","-89.44","0.000000","0.000000","",""
"06:36:26.388","GOREV","","","","","","","","","","","","","","","","","","","","","","","","","","","","26.35","18.71","-88.32","14.70","11.83","-89.47","0.000000","0.000000","",""
"06:36:26.553","GOREV","","","","","","","","","","","","","","","","","","","","","","","","","","","","26.37","18.71","-88.11","14.86","11.92","-89.51","0.000000","0.000000","",""
"06:36:26.717","GOREV","","","","","","","","","","","","","","","","","","","","","","","","","","","","26.36","18.70","-87.90","14.84","11.97","-89.55","0.000000","0.000000","",""
"06:36:26.903","GOREV","","","","","","","","","","","","","","","","","","","","","","","","","","","","26.37","18.72","-87.69","14.55","11.80","-89.58","0.000000","0.000000","",""
"06:36:27.053","GOREV","","","","","","","","","","","","","","","","","","","","","","","","","","","","26.35","18.71","-87.48","14.86","11.97","-89.62","0.000000","0.000000","",""
"06:36:27.226","GOREV","","","","","","","","","","","","","","","","","","","","","","","","","","","","26.33","18.68","-87.27","14.71","11.82","-89.66","0.000000","0.000000","",""
"06:36:27.406","GOREV","","","","","","","","","","","","","","","","","","","","","","","","","","","","26.33","18.66","-87.06","14.72","11.89","-89.70","0.000000","0.000000","",""
"06:36:27.570","GOREV","","","","","","","","","","","","","","","","","","","","","","","","","","","","26.35","18.64","-86.86","14.72","11.98","-89.74","0.000000","0.000000","",""
"06:36:27.741","GOREV","","","","","","","","","","","","","","","","","","","","","","","","","","","","26.34","18.66","-86.64","14.64","12.10","-89.77","0.000000","0.000000","",""
"06:36:27.888","GOREV","","","","","","","","","","","","","","","","","","","","","","","","","","","","26.37","18.65","-86.44","14.64","11.79","-89.81","0.000000","0.000000","",""
"06:36:28.074","GOREV","","","","","","","","","","","","","","","","","","","","","","","","","","","","26.34","18.65","-86.23","14.65","11.96","-89.85","0.000000","0.000000","",""
"06:36:28.258","GOREV","","","","","","","","","","","","","","","","","","","","","","","","","","","","26.36","18.67","-86.02","14.63","11.92","-89.89","0.000000","0.000000","",""
"06:36:28.386","GOREV","","","","","","","","","","","","","","","","","","","","","","","","","","","","26.36","18.70","-85.81","14.61","11.91","-89.93","0.000000","0.000000","",""
"06:36:28.554","GOREV","","","","","","","","","","","","","","","","","","","","","","","","","","","","26.36","18.68","-85.60","14.64","11.90","-89.96","0.000000","0.000000","",""
"06:36:28.740","GOREV","","","","","","","","","","","","","","","","","","","","","","","","","","","","26.34","18.70","-85.39","14.72","11.90","-90.00","0.000000","0.000000","",""
"06:36:28.888","GOREV","","","","","","","","","","","","","","","","","","","","","","","","","","","","26.33","18.68","-85.18","14.64","11.91","-90.03","0.000000","0.000000","",""
"06:36:29.059","GOREV","","","","","","","","","","","","","","","","","","","","","","","","","","","","26.35","18.68","-84.98","14.71","11.81","-90.07","0.000000","0.000000","",""
"06:36:29.231","GOREV","","","","","","","","","","","","","","","","","","","","","","","","","","","","26.33","18.66","-84.76","14.59","12.02","-90.10","0.000000","0.000000","",""
"06:36:29.395","GOREV","","","","","","","","","","","","","","","","","","","","","","","","","","","","26.33","18.65","-84.56","14.62","11.84","-90.14","0.000000","0.000000","",""
"06:36:29.575","GOREV","","","","","","","","","","","","","","","","","","","","","","","","","","","","26.35","18.69","-84.35","14.68","11.93","-90.18","0.000000","0.000000","",""
"06:36:29.723","GOREV","","","","","","","","","","","","","","","","","","","","","","","","","","","","26.35","18.70","-84.14","14.61","11.77","-90.22","0.000000","0.000000","",""
"06:36:29.890","GOREV","","","","","","","","","","","","","","","","","","","","","","","","","","","","26.36","18.72","-83.93","14.65","12.04","-90.25","0.000000","0.000000","",""
"06:36:30.062","GOREV","","","","","","","","","","","","","","","","","","","","","","","","","","","","26.37","18.70","-83.72","14.64","11.81","-90.29","0.000000","0.000000","",""
"06:36:30.273","GOREV","","","","","","","","","","","","","","","","","","","","","","","","","","","","26.35","18.68","-83.51","14.68","11.83","-90.33","0.000000","0.000000","",""
"06:36:30.414","GOREV","","","","","","","","","","","","","","","","","","","","","","","","","","","","26.36","18.66","-83.30","14.69","11.85","-90.37","0.000000","0.000000","",""
"06:36:30.562","GOREV","","","","","","","","","","","","","","","","","","","","","","","","","","","","26.37","18.66","-83.09","14.65","11.81","-90.41","0.000000","0.000000","",""
"06:36:30.725","GOREV","","","","","","","","","","","","","","","","","","","","","","","","","","","","26.35","18.66","-82.88","14.69","11.75","-90.44","0.000000","0.000000","",""
"06:36:30.893","GOREV","","","","","","","","","","","","","","","","","","","","","","","","","","","","26.35","18.67","-82.68","14.59","11.96","-90.48","0.000000","0.000000","",""
"06:36:31.067","GOREV","","","","","","","","","","","","","","","","","","","","","","","","","","","","26.35","18.67","-82.47","14.85","11.92","-90.51","0.000000","0.000000","",""
"06:36:31.225","GOREV","","","","","","","","","","","","","","","","","","","","","","","","","","","","26.33","18.67","-82.26","14.61","11.94","-90.55","0.000000","0.000000","",""
"06:36:31.403","GOREV","","","","","","","","","","","","","","","","","","","","","","","","","","","","26.33","18.67","-82.05","14.73","11.96","-90.59","0.000000","0.000000","",""
"06:36:31.561","GOREV","","","","","","","","","","","","","","","","","","","","","","","","","","","","26.33","18.66","-81.84","14.70","11.87","-90.63","0.000000","0.000000","",""
"06:36:31.727","GOREV","","","","","","","","","","","","","","","","","","","","","","","","","","","","26.33","18.69","-81.64","14.63","11.80","-90.66","0.000000","0.000000","",""
"06:36:31.895","GOREV","","","","","","","","","","","","","","","","","","","","","","","","","","","","26.31","18.67","-81.43","14.64","11.91","-90.70","0.000000","0.000000","",""
"06:36:32.063","GOREV","","","","","","","","","","","","","","","","","","","","","","","","","","","","26.34","18.67","-81.22","14.53","11.73","-90.73","0.000000","0.000000","",""
"06:36:32.238","GOREV","","","","","","","","","","","","","","","","","","","","","","","","","","","","26.33","18.65","-81.01","14.67","11.91","-90.77","0.000000","0.000000","",""
"06:36:32.422","GOREV","","","","","","","","","","","","","","","","","","","","","","","","","","","","26.34","18.66","-80.80","14.66","11.91","-90.81","0.000000","0.000000","",""
"06:36:32.563","GOREV","","","","","","","","","","","","","","","","","","","","","","","","","","","","26.34","18.67","-80.59","14.56","11.86","-90.84","0.000000","0.000000","",""
"06:36:32.729","GOREV","","","","","","","","","","","","","","","","","","","","","","","","","","","","26.35","18.68","-80.39","14.52","11.82","-90.88","0.000000","0.000000","",""
"06:36:32.902","GOREV","","","","","","","","","","","","","","","","","","","","","","","","","","","","26.34","18.67","-80.18","14.77","11.89","-90.91","0.000000","0.000000","",""
"06:36:33.063","GOREV","","","","","","","","","","","","","","","","","","","","","","","","","","","","26.35","18.67","-79.97","14.63","11.85","-90.95","0.000000","0.000000","",""
"06:36:33.229","GOREV","","","","","","","","","","","","","","","","","","","","","","","","","","","","26.36","18.69","-79.76","14.58","11.83","-90.99","0.000000","0.000000","",""
"06:36:33.398","GOREV","","","","","","","","","","","","","","","","","","","","","","","","","","","","26.33","18.71","-79.56","14.69","11.91","-91.02","0.000000","0.000000","",""
"06:36:33.564","GOREV","","","","","","","","","","","","","","","","","","","","","","","","","","","","26.35","18.70","-79.34","14.51","11.86","-91.06","0.000000","0.000000","",""
"06:36:33.731","GOREV","","","","","","","","","","","","","","","","","","","","","","","","","","","","26.37","18.70","-79.14","14.74","11.88","-91.09","0.000000","0.000000","",""
"06:36:33.898","GOREV","","","","","","","","","","","","","","","","","","","","","","","","","","","","26.36","18.69","-78.93","14.61","11.77","-91.13","0.000000","0.000000","",""
"06:36:34.065","GOREV","","","","","","","","","","","","","","","","","","","","","","","","","","","","26.36","18.68","-78.72","14.90","12.03","-91.17","0.000000","0.000000","",""
"06:36:34.234","GOREV","","","","","","","","","","","","","","","","","","","","","","","","","","","","26.37","18.68","-78.52","14.80","12.09","-91.20","0.000000","0.000000","",""
"06:36:34.403","GOREV","","","","","","","","","","","","","","","","","","","","","","","","","","","","26.35","18.67","-78.31","14.56","11.82","-91.24","0.000000","0.000000","",""
"06:36:34.566","GOREV","","","","","","","","","","","","","","","","","","","","","","","","","","","","26.35","18.68","-78.10","14.48","11.87","-91.28","0.000000","0.000000","",""
"06:36:34.732","GOREV","","","","","","","","","","","","","","","","","","","","","","","","","","","","26.33","18.69","-77.90","14.66","11.88","-91.31","0.000000","0.000000","",""
"06:36:34.899","GOREV","","","","","","","","","","","","","","","","","","","","","","","","","","","","26.33","18.69","-77.69","14.64","11.86","-91.35","0.000000","0.000000","",""
"06:36:35.086","GOREV","","","","","","","","","","","","","","","","","","","","","","","","","","","","26.35","18.69","-77.48","14.58","11.81","-91.39","0.000000","0.000000","",""
"06:36:35.236","GOREV","","","","","","","","","","","","","","","","","","","","","","","","","","","","26.34","18.70","-77.27","14.70","11.77","-91.42","0.000000","0.000000","",""
"06:36:35.400","GOREV","","","","","","","","","","","","","","","","","","","","","","","","","","","","26.34","18.71","-77.06","14.61","11.84","-91.46","0.000000","0.000000","",""
"06:36:35.567","GOREV","","","","","","","","","","","","","","","","","","","","","","","","","","","","26.32","18.69","-76.86","14.71","11.79","-91.50","0.000000","0.000000","",""
"06:36:35.742","GOREV","","","","","","","","","","","","","","","","","","","","","","","","","","","","26.31","18.66","-76.65","14.62","11.90","-91.54","0.000000","0.000000","",""
"06:36:35.908","GOREV","","","","","","","","","","","","","","","","","","","","","","","","","","","","26.33","18.69","-76.44","14.65","12.01","-91.57","0.000000","0.000000","",""
"06:36:36.076","GOREV","","","","","","","","","","","","","","","","","","","","","","","","","","","","26.34","18.67","-76.23","14.70","11.96","-91.61","0.000000","0.000000","",""
"06:36:36.240","GOREV","","","","","","","","","","","","","","","","","","","","","","","","","","","","26.34","18.67","-76.02","14.81","11.92","-91.65","0.000000","0.000000","",""
"06:36:36.407","GOREV","","","","","","","","","","","","","","","","","","","","","","","","","","","","26.33","18.70","-75.82","14.59","11.94","-91.68","0.000000","0.000000","",""
"06:36:36.580","GOREV","","","","","","","","","","","","","","","","","","","","","","","","","","","","26.33","18.72","-75.61","14.59","11.81","-91.72","0.000000","0.000000","",""
"06:36:36.737","GOREV","","","","","","","","","","","","","","","","","","","","","","","","","","","","26.31","18.72","-75.40","14.72","11.95","-91.76","0.000000","0.000000","",""
"06:36:36.920","GOREV","","","","","","","","","","","","","","","","","","","","","","","","","","","","26.32","18.72","-75.19","14.82","11.85","-91.80","0.000000","0.000000","",""
"06:36:37.076","GOREV","","","","","","","","","","","","","","","","","","","","","","","","","","","","26.33","18.69","-74.98","14.70","11.84","-91.83","0.000000","0.000000","",""
"06:36:37.256","GOREV","","","","","","","","","","","","","","","","","","","","","","","","","","","","26.33","18.68","-74.78","14.72","11.91","-91.87","0.000000","0.000000","",""
"06:36:37.434","GOREV","","","","","","","","","","","","","","","","","","","","","","","","","","","","26.36","18.68","-74.57","14.71","11.78","-91.91","0.000000","0.000000","",""
"06:36:37.571","GOREV","","","","","","","","","","","","","","","","","","","","","","","","","","","","26.36","18.67","-74.36","14.78","11.87","-91.95","0.000000","0.000000","",""
"06:36:37.738","GOREV","","","","","","","","","","","","","","","","","","","","","","","","","","","","26.35","18.66","-74.15","14.59","11.83","-91.98","0.000000","0.000000","",""
"06:36:37.913","GOREV","","","","","","","","","","","","","","","","","","","","","","","","","","","","26.35","18.68","-73.95","14.55","11.66","-92.02","0.000000","0.000000","",""
"06:36:38.074","GOREV","","","","","","","","","","","","","","","","","","","","","","","","","","","","26.35","18.68","-73.74","14.63","11.88","-92.05","0.000000","0.000000","",""
"06:36:38.263","GOREV","","","","","","","","","","","","","","","","","","","","","","","","","","","","26.33","18.68","-73.53","14.77","11.75","-92.09","0.000000","0.000000","",""
"06:36:38.405","GOREV","","","","","","","","","","","","","","","","","","","","","","","","","","","","26.35","18.71","-73.33","14.58","11.85","-92.13","0.000000","0.000000","",""
"06:36:38.607","GOREV","","","","","","","","","","","","","","","","","","","","","","","","","","","","26.37","18.70","-73.12","14.80","12.04","-92.17","0.000000","0.000000","",""
"06:36:38.739","GOREV","","","","","","","","","","","","","","","","","","","","","","","","","","","","26.35","18.70","-72.91","14.66","11.91","-92.21","0.000000","0.000000","",""
"06:36:38.909","GOREV","","","","","","","","","","","","","","","","","","","","","","","","","","","","26.35","18.68","-72.70","14.83","11.98","-92.25","0.000000","0.000000","",""
"06:36:39.073","GOREV","","","","","","","","","","","","","","","","","","","","","","","","","","","","26.35","18.68","-72.49","14.59","11.94","-92.28","0.000000","0.000000","",""
"06:36:39.277","GOREV","","","","","","","","","","","","","","","","","","","","","","","","","","","","26.33","18.68","-72.28","14.83","11.90","-92.32","0.000000","0.000000","",""
"06:36:39.409","GOREV","","","","","","","","","","","","","","","","","","","","","","","","","","","","26.35","18.67","-72.07","14.61","11.82","-92.35","0.000000","0.000000","",""
"06:36:39.573","GOREV","","","","","","","","","","","","","","","","","","","","","","","","","","","","26.36","18.69","-71.86","14.75","11.74","-92.39","0.000000","0.000000","",""
"06:36:39.750","GOREV","","","","","","","","","","","","","","","","","","","","","","","","","","","","26.35","18.67","-71.65","14.69","12.01","-92.43","0.000000","0.000000","",""
"06:36:39.908","GOREV","","","","","","","","","","","","","","","","","","","","","","","","","","","","26.34","18.68","-71.44","14.66","11.85","-92.46","0.000000","0.000000","",""
"06:36:40.101","GOREV","","","","","","","","","","","","","","","","","","","","","","","","","","","","26.35","18.68","-71.23","14.71","11.80","-92.50","0.000000","0.000000","",""
"06:36:40.240","GOREV","","","","","","","","","","","","","","","","","","","","","","","","","","","","26.34","18.68","-71.02","14.82","12.09","-92.53","0.000000","0.000000","",""
"06:36:40.413","GOREV","","","","","","","","","","","","","","","","","","","","","","","","","","","","26.34","18.67","-70.81","14.71","11.94","-92.57","0.000000","0.000000","",""
"06:36:40.575","GOREV","","","","","","","","","","","","","","","","","","","","","","","","","","","","26.34","18.68","-70.61","14.73","11.73","-92.61","0.000000","0.000000","",""
"06:36:40.767","GOREV","","","","","","","","","","","","","","","","","","","","","","","","","","","","26.35","18.66","-70.40","14.60","11.98","-92.65","0.000000","0.000000","",""
"06:36:40.908","GOREV","","","","","","","","","","","","","","","","","","","","","","","","","","","","26.36","18.67","-70.19","14.61","12.00","-92.69","0.000000","0.000000","",""
"06:36:41.078","GOREV","","","","","","","","","","","","","","","","","","","","","","","","","","","","26.36","18.68","-69.98","14.54","12.00","-92.73","0.000000","0.000000","",""
"06:36:41.255","GOREV","","","","","","","","","","","","","","","","","","","","","","","","","","","","26.36","18.67","-69.77","14.68","11.89","-92.76","0.000000","0.000000","",""
"06:36:41.419","GOREV","","","","","","","","","","","","","","","","","","","","","","","","","","","","26.35","18.67","-69.56","14.63","11.87","-92.80","0.000000","0.000000","",""
"06:36:41.579","GOREV","","","","","","","","","","","","","","","","","","","","","","","","","","","","26.33","18.69","-69.35","14.75","12.21","-92.84","0.000000","0.000000","",""
"06:36:41.761","GOREV","","","","","","","","","","","","","","","","","","","","","","","","","","","","26.31","18.67","-69.14","14.66","12.01","-92.87","0.000000","0.000000","",""
"06:36:41.911","GOREV","","","","","","","","","","","","","","","","","","","","","","","","","","","","26.34","18.65","-68.93","14.57","11.85","-92.91","0.000000","0.000000","",""
"06:36:42.115","GOREV","","","","","","","","","","","","","","","","","","","","","","","","","","","","26.35","18.68","-68.72","14.72","11.85","-92.94","0.000000","0.000000","",""
"06:36:42.244","GOREV","","","","","","","","","","","","","","","","","","","","","","","","","","","","26.34","18.67","-68.52","14.71","11.92","-92.98","0.000000","0.000000","",""
"06:36:42.444","GOREV","","","","","","","","","","","","","","","","","","","","","","","","","","","","26.34","18.68","-68.30","14.89","11.91","-93.02","0.000000","0.000000","",""
"06:36:42.596","GOREV","","","","","","","","","","","","","","","","","","","","","","","","","","","","26.35","18.67","-68.10","14.67","11.72","-93.06","0.000000","0.000000","",""
"06:36:42.745","GOREV","","","","","","","","","","","","","","","","","","","","","","","","","","","","26.36","18.69","-67.89","14.68","11.94","-93.09","0.000000","0.000000","",""
"06:36:42.946","GOREV","","","","","","","","","","","","","","","","","","","","","","","","","","","","26.34","18.71","-67.67","14.71","11.99","-93.13","0.000000","0.000000","",""
"06:36:43.079","GOREV","","","","","","","","","","","","","","","","","","","","","","","","","","","","26.35","18.69","-67.46","14.68","11.82","-93.16","0.000000","0.000000","",""
"06:36:43.254","GOREV","","","","","","","","","","","","","","","","","","","","","","","","","","","","26.34","18.67","-67.26","14.67","11.90","-93.20","0.000000","0.000000","",""
"06:36:43.424","GOREV","","","","","","","","","","","","","","","","","","","","","","","","","","","","26.33","18.69","-67.05","14.62","11.76","-93.24","0.000000","0.000000","",""
"06:36:43.585","GOREV","","","","","","","","","","","","","","","","","","","","","","","","","","","","26.34","18.68","-66.84","14.65","11.91","-93.27","0.000000","0.000000","",""
"06:36:43.757","GOREV","","","","","","","","","","","","","","","","","","","","","","","","","","","","26.35","18.68","-66.63","14.71","12.03","-93.31","0.000000","0.000000","",""
"06:36:43.914","GOREV","","","","","","","","","","","","","","","","","","","","","","","","","","","","26.36","18.67","-66.43","14.73","11.81","-93.35","0.000000","0.000000","",""
"06:36:44.094","GOREV","","","","","","","","","","","","","","","","","","","","","","","","","","","","26.36","18.65","-66.21","14.66","11.78","-93.39","0.000000","0.000000","",""
"06:36:44.274","GOREV","","","","","","","","","","","","","","","","","","","","","","","","","","","","26.35","18.70","-66.01","14.76","11.74","-93.42","0.000000","0.000000","",""
"06:36:44.415","GOREV","","","","","","","","","","","","","","","","","","","","","","","","","","","","26.35","18.66","-65.80","14.73","11.75","-93.46","0.000000","0.000000","",""
"06:36:44.588","GOREV","","","","","","","","","","","","","","","","","","","","","","","","","","","","26.34","18.68","-65.59","14.80","11.94","-93.50","0.000000","0.000000","",""
"06:36:44.781","GOREV","","","","","","","","","","","","","","","","","","","","","","","","","","","","26.37","18.66","-65.38","14.81","11.90","-93.54","0.000000","0.000000","",""
"06:36:44.915","GOREV","","","","","","","","","","","","","","","","","","","","","","","","","","","","26.36","18.64","-65.17","14.63","11.91","-93.57","0.000000","0.000000","",""
"06:36:45.106","GOREV","","","","","","","","","","","","","","","","","","","","","","","","","","","","26.37","18.67","-64.96","14.60","11.95","-93.61","0.000000","0.000000","",""
"06:36:45.277","GOREV","","","","","","","","","","","","","","","","","","","","","","","","","","","","26.36","18.69","-64.75","14.60","11.92","-93.65","0.000000","0.000000","",""
"06:36:45.443","GOREV","","","","","","","","","","","","","","","","","","","","","","","","","","","","26.36","18.69","-64.54","14.63","11.88","-93.68","0.000000","0.000000","",""
"06:36:45.584","GOREV","","","","","","","","","","","","","","","","","","","","","","","","","","","","26.35","18.68","-64.33","14.52","12.00","-93.72","0.000000","0.000000","",""
"06:36:45.751","GOREV","","","","","","","","","","","","","","","","","","","","","","","","","","","","26.34","18.67","-64.13","14.57","11.99","-93.75","0.000000","0.000000","",""
"06:36:45.918","GOREV","","","","","","","","","","","","","","","","","","","","","","","","","","","","26.35","18.68","-63.92","14.72","11.92","-93.79","0.000000","0.000000","",""
"06:36:46.128","GOREV","","","","","","","","","","","","","","","","","","","","","","","","","","","","26.33","18.68","-63.72","14.78","11.97","-93.83","0.000000","0.000000","",""
"06:36:46.252","GOREV","","","","","","","","","","","","","","","","","","","","","","","","","","","","26.34","18.69","-63.51","14.70","11.92","-93.87","0.000000","0.000000","",""
"06:36:46.426","GOREV","","","","","","","","","","","","","","","","","","","","","","","","","","","","26.36","18.68","-63.30","14.65","11.78","-93.90","0.000000","0.000000","",""
"06:36:46.603","GOREV","","","","","","","","","","","","","","","","","","","","","","","","","","","","26.37","18.69","-63.09","14.68","11.87","-93.94","0.000000","0.000000","",""
"06:36:46.754","GOREV","","","","","","","","","","","","","","","","","","","","","","","","","","","","26.35","18.69","-62.88","14.69","11.84","-93.98","0.000000","0.000000","",""
"06:36:46.926","GOREV","","","","","","","","","","","","","","","","","","","","","","","","","","","","26.33","18.70","-62.67","14.62","11.80","-94.01","0.000000","0.000000","",""
"06:36:47.110","GOREV","","","","","","","","","","","","","","","","","","","","","","","","","","","","26.35","18.69","-62.46","14.74","11.84","-94.05","0.000000","0.000000","",""
"06:36:47.254","GOREV","","","","","","","","","","","","","","","","","","","","","","","","","","","","26.34","18.67","-62.25","14.73","11.89","-94.09","0.000000","0.000000","",""
"06:36:47.422","GOREV","","","","","","","","","","","","","","","","","","","","","","","","","","","","26.35","18.67","-62.04","14.62","11.85","-94.13","0.000000","0.000000","",""
"06:36:47.588","GOREV","","","","","","","","","","","","","","","","","","","","","","","","","","","","26.33","18.67","-61.83","14.48","12.02","-94.17","0.000000","0.000000","",""
"06:36:47.756","GOREV","","","","","","","","","","","","","","","","","","","","","","","","","","","","26.33","18.64","-61.62","14.65","12.04","-94.20","0.000000","0.000000","",""
"06:36:47.922","GOREV","","","","","","","","","","","","","","","","","","","","","","","","","","","","26.33","18.66","-61.42","14.58","11.83","-94.24","0.000000","0.000000","",""
"06:36:48.097","GOREV","","","","","","","","","","","","","","","","","","","","","","","","","","","","26.34","18.66","-61.21","14.87","11.90","-94.28","0.000000","0.000000","",""
"06:36:48.265","GOREV","","","","","","","","","","","","","","","","","","","","","","","","","","","","26.34","18.66","-61.00","14.73","12.15","-94.31","0.000000","0.000000","",""
"06:36:48.423","GOREV","","","","","","","","","","","","","","","","","","","","","","","","","","","","26.33","18.66","-60.79","14.81","11.86","-94.35","0.000000","0.000000","",""
"06:36:48.590","GOREV","","","","","","","","","","","","","","","","","","","","","","","","","","","","26.32","18.67","-60.58","14.63","11.77","-94.39","0.000000","0.000000","",""
"06:36:48.774","GOREV","","","","","","","","","","","","","","","","","","","","","","","","","","","","26.35","18.68","-60.37","14.61","11.68","-94.42","0.000000","0.000000","",""
"06:36:48.925","GOREV","","","","","","","","","","","","","","","","","","","","","","","","","","","","26.34","18.71","-60.16","14.78","12.04","-94.46","0.000000","0.000000","",""
"06:36:49.102","GOREV","","","","","","","","","","","","","","","","","","","","","","","","","","","","26.34","18.71","-59.96","14.81","11.85","-94.50","0.000000","0.000000","",""
"06:36:49.285","GOREV","","","","","","","","","","","","","","","","","","","","","","","","","","","","26.35","18.72","-59.75","14.70","11.85","-94.54","0.000000","0.000000","",""
"06:36:49.424","GOREV","","","","","","","","","","","","","","","","","","","","","","","","","","","","26.37","18.71","-59.54","14.53","11.92","-94.57","0.000000","0.000000","",""
"06:36:49.603","GOREV","","","","","","","","","","","","","","","","","","","","","","","","","","","","26.37","18.68","-59.33","14.63","11.87","-94.61","0.000000","0.000000","",""
"06:36:49.762","GOREV","","","","","","","","","","","","","","","","","","","","","","","","","","","","26.36","18.69","-59.12","14.75","11.93","-94.65","0.000000","0.000000","",""
"06:36:49.930","GOREV","","","","","","","","","","","","","","","","","","","","","","","","","","","","26.37","18.69","-58.92","14.60","11.94","-94.69","0.000000","0.000000","",""
"06:36:50.093","GOREV","","","","","","","","","","","","","","","","","","","","","","","","","","","","26.34","18.67","-58.71","14.70","11.94","-94.73","0.000000","0.000000","",""
"06:36:50.292","GOREV","","","","","","","","","","","","","","","","","","","","","","","","","","","","26.34","18.67","-58.50","14.58","11.86","-94.76","0.000000","0.000000","",""
"06:36:50.426","GOREV","","","","","","","","","","","","","","","","","","","","","","","","","","","","26.33","18.68","-58.29","14.63","11.89","-94.80","0.000000","0.000000","",""
"06:36:50.595","GOREV","","","","","","","","","","","","","","","","","","","","","","","","","","","","26.34","18.68","-58.08","14.60","11.91","-94.84","0.000000","0.000000","",""
"06:36:50.765","GOREV","","","","","","","","","","","","","","","","","","","","","","","","","","","","26.36","18.67","-57.87","14.63","11.89","-94.88","0.000000","0.000000","",""
"06:36:50.927","GOREV","","","","","","","","","","","","","","","","","","","","","","","","","","","","26.35","18.68","-57.66","14.61","12.06","-94.92","0.000000","0.000000","",""
"06:36:51.098","GOREV","","","","","","","","","","","","","","","","","","","","","","","","","","","","26.35","18.70","-57.45","14.61","11.97","-94.95","0.000000","0.000000","",""
"06:36:51.276","GOREV","","","","","","","","","","","","","","","","","","","","","","","","","","","","26.33","18.70","-57.24","14.83","11.87","-94.99","0.000000","0.000000","",""
"06:36:51.442","GOREV","","","","","","","","","","","","","","","","","","","","","","","","","","","","26.35","18.68","-57.04","14.54","12.00","-95.03","0.000000","0.000000","",""
"06:36:51.597","GOREV","","","","","","","","","","","","","","","","","","","","","","","","","","","","26.35","18.69","-56.83","14.66","11.71","-95.06","0.000000","0.000000","",""
"06:36:51.765","GOREV","","","","","","","","","","","","","","","","","","","","","","","","","","","","26.36","18.68","-56.62","14.69","11.84","-95.10","0.000000","0.000000","",""
"06:36:51.929","GOREV","","","","","","","","","","","","","","","","","","","","","","","","","","","","26.36","18.67","-56.41","14.65","11.85","-95.14","0.000000","0.000000","",""
"06:36:52.107","GOREV","","","","","","","","","","","","","","","","","","","","","","","","","","","","26.36","18.68","-56.21","14.70","11.83","-95.18","0.000000","0.000000","",""
"06:36:52.277","GOREV","","","","","","","","","","","","","","","","","","","","","","","","","","","","26.32","18.71","-56.00","14.67","11.82","-95.21","0.000000","0.000000","",""
"06:36:52.431","GOREV","","","","","","","","","","","","","","","","","","","","","","","","","","","","26.34","18.71","-55.79","14.61","11.85","-95.25","0.000000","0.000000","",""
"06:36:52.601","GOREV","","","","","","","","","","","","","","","","","","","","","","","","","","","","26.34","18.71","-55.58","14.67","11.92","-95.29","0.000000","0.000000","",""
"06:36:52.769","GOREV","","","","","","","","","","","","","","","","","","","","","","","","","","","","26.34","18.71","-55.37","14.61","11.79","-95.32","0.000000","0.000000","",""
"06:36:52.943","GOREV","","","","","","","","","","","","","","","","","","","","","","","","","","","","26.33","18.69","-55.16","14.72","11.89","-95.36","0.000000","0.000000","",""
"06:36:53.102","GOREV","","","","","","","","","","","","","","","","","","","","","","","","","","","","26.32","18.68","-54.95","14.70","11.77","-95.40","0.000000","0.000000","",""
"06:36:53.269","GOREV","","","","","","","","","","","","","","","","","","","","","","","","","","","","26.33","18.66","-54.74","14.51","12.03","-95.43","0.000000","0.000000","",""
"06:36:53.436","GOREV","","","","","","","","","","","","","","","","","","","","","","","","","","","","26.34","18.67","-54.53","14.71","11.89","-95.47","0.000000","0.000000","",""
"06:36:53.600","GOREV","","","","","","","","","","","","","","","","","","","","","","","","","","","","26.35","18.69","-54.32","14.59","11.84","-95.50","0.000000","0.000000","",""
"06:36:53.769","GOREV","","","","","","","","","","","","","","","","","","","","","","","","","","","","26.33","18.68","-54.12","14.61","11.80","-95.54","0.000000","0.000000","",""
"06:36:53.946","GOREV","","","","","","","","","","","","","","","","","","","","","","","","","","","","26.32","18.66","-53.91","14.76","11.87","-95.57","0.000000","0.000000","",""
"06:36:54.101","GOREV","","","","","","","","","","","","","","","","","","","","","","","","","","","","26.29","18.66","-53.70","14.92","11.72","-95.61","0.000000","0.000000","",""
"06:36:54.277","GOREV","","","","","","","","","","","","","","","","","","","","","","","","","","","","26.31","18.69","-53.49","14.57","11.92","-95.65","0.000000","0.000000","",""
"06:36:54.438","GOREV","","","","","","","","","","","","","","","","","","","","","","","","","","","","26.32","18.67","-53.28","14.71","12.01","-95.69","0.000000","0.000000","",""
"06:36:54.604","GOREV","","","","","","","","","","","","","","","","","","","","","","","","","","","","26.34","18.69","-53.07","14.79","11.98","-95.72","0.000000","0.000000","",""
"06:36:54.768","GOREV","","","","","","","","","","","","","","","","","","","","","","","","","","","","26.35","18.70","-52.87","14.74","11.86","-95.76","0.000000","0.000000","",""
"06:36:54.938","GOREV","","","","","","","","","","","","","","","","","","","","","","","","","","","","26.37","18.69","-52.66","14.74","11.76","-95.80","0.000000","0.000000","",""
"06:36:55.102","GOREV","","","","","","","","","","","","","","","","","","","","","","","","","","","","26.38","18.68","-52.45","14.72","11.85","-95.83","0.000000","0.000000","",""
"06:36:55.269","GOREV","","","","","","","","","","","","","","","","","","","","","","","","","","","","26.37","18.69","-52.24","14.68","11.97","-95.86","0.000000","0.000000","",""
"06:36:55.446","GOREV","","","","","","","","","","","","","","","","","","","","","","","","","","","","26.36","18.68","-52.03","14.82","11.80","-95.90","0.000000","0.000000","",""
"06:36:55.603","GOREV","","","","","","","","","","","","","","","","","","","","","","","","","","","","26.35","18.69","-51.82","14.43","11.95","-95.94","0.000000","0.000000","",""
"06:36:55.769","GOREV","","","","","","","","","","","","","","","","","","","","","","","","","","","","26.33","18.69","-51.61","14.79","11.84","-95.97","0.000000","0.000000","",""
"06:36:55.939","GOREV","","","","","","","","","","","","","","","","","","","","","","","","","","","","26.34","18.68","-51.40","14.63","11.89","-96.01","0.000000","0.000000","",""
"06:36:56.109","GOREV","","","","","","","","","","","","","","","","","","","","","","","","","","","","26.35","18.69","-51.19","14.54","11.78","-96.05","0.000000","0.000000","",""
"06:36:56.275","GOREV","","","","","","","","","","","","","","","","","","","","","","","","","","","","26.35","18.67","-50.98","14.75","11.91","-96.08","0.000000","0.000000","",""
"06:36:56.455","GOREV","","","","","","","","","","","","","","","","","","","","","","","","","","","","26.35","18.67","-50.78","14.65","11.75","-96.11","0.000000","0.000000","",""
"06:36:56.630","GOREV","","","","","","","","","","","","","","","","","","","","","","","","","","","","26.33","18.68","-50.57","14.64","12.01","-96.15","0.000000","0.000000","",""
"06:36:56.772","GOREV","","","","","","","","","","","","","","","","","","","","","","","","","","","","26.33","18.70","-50.36","14.68","11.92","-96.19","0.000000","0.000000","",""
"06:36:56.940","GOREV","","","","","","","","","","","","","","","","","","","","","","","","","","","","26.34","18.67","-50.15","14.72","11.87","-96.22","0.000000","0.000000","",""
"06:36:57.105","GOREV","","","","","","","","","","","","","","","","","","","","","","","","","","","","26.34","18.67","-49.94","14.74","11.77","-96.26","0.000000","0.000000","",""
"06:36:57.275","GOREV","","","","","","","","","","","","","","","","","","","","","","","","","","","","26.36","18.67","-49.74","14.68","12.08","-96.30","0.000000","0.000000","",""
"06:36:57.439","GOREV","","","","","","","","","","","","","","","","","","","","","","","","","","","","26.36","18.69","-49.53","14.61","11.92","-96.33","0.000000","0.000000","",""
"06:36:57.618","GOREV","","","","","","","","","","","","","","","","","","","","","","","","","","","","26.36","18.68","-49.32","14.61","11.86","-96.37","0.000000","0.000000","",""
"06:36:57.773","GOREV","","","","","","","","","","","","","","","","","","","","","","","","","","","","26.36","18.67","-49.11","14.80","11.93","-96.40","0.000000","0.000000","",""
"06:36:57.964","GOREV","","","","","","","","","","","","","","","","","","","","","","","","","","","","26.36","18.71","-48.90","14.68","11.87","-96.44","0.000000","0.000000","",""
"06:36:58.108","GOREV","","","","","","","","","","","","","","","","","","","","","","","","","","","","26.36","18.70","-48.69","14.88","11.90","-96.48","0.000000","0.000000","",""
"06:36:58.287","GOREV","","","","","","","","","","","","","","","","","","","","","","","","","","","","26.35","18.69","-48.48","14.66","11.74","-96.52","0.000000","0.000000","",""
"06:36:58.440","GOREV","","","","","","","","","","","","","","","","","","","","","","","","","","","","26.35","18.68","-48.28","14.67","11.93","-96.56","0.000000","0.000000","",""
"06:36:58.625","GOREV","","","","","","","","","","","","","","","","","","","","","","","","","","","","26.35","18.70","-48.07","14.58","11.84","-96.59","0.000000","0.000000","",""
"06:36:58.780","GOREV","","","","","","","","","","","","","","","","","","","","","","","","","","","","26.35","18.70","-47.86","14.83","12.05","-96.63","0.000000","0.000000","",""
"06:36:58.945","GOREV","","","","","","","","","","","","","","","","","","","","","","","","","","","","26.37","18.70","-47.65","14.73","12.00","-96.67","0.000000","0.000000","",""
"06:36:59.109","GOREV","","","","","","","","","","","","","","","","","","","","","","","","","","","","26.33","18.68","-47.44","14.89","11.81","-96.70","0.000000","0.000000","",""
"06:36:59.279","GOREV","","","","","","","","","","","","","","","","","","","","","","","","","","","","26.36","18.68","-47.24","14.65","11.96","-96.74","0.000000","0.000000","",""
"06:36:59.446","GOREV","","","","","","","","","","","","","","","","","","","","","","","","","","","","26.37","18.68","-47.03","14.72","11.97","-96.78","0.000000","0.000000","",""
"06:36:59.612","GOREV","","","","","","","","","","","","","","","","","","","","","","","","","","","","26.39","18.71","-46.82","14.57","11.87","-96.81","0.000000","0.000000","",""
"06:36:59.776","GOREV","","","","","","","","","","","","","","","","","","","","","","","","","","","","26.35","18.71","-46.61","14.61","11.87","-96.85","0.000000","0.000000","",""
"06:36:59.951","GOREV","","","","","","","","","","","","","","","","","","","","","","","","","","","","26.37","18.71","-46.40","14.67","11.77","-96.89","0.000000","0.000000","",""
"06:37:00.113","GOREV","","","","","","","","","","","","","","","","","","","","","","","","","","","","26.36","18.68","-46.20","14.69","11.92","-96.92","0.000000","0.000000","",""
"06:37:00.277","GOREV","","","","","","","","","","","","","","","","","","","","","","","","","","","","26.37","18.67","-45.99","14.75","11.69","-96.96","0.000000","0.000000","",""
"06:37:00.444","GOREV","","","","","","","","","","","","","","","","","","","","","","","","","","","","26.34","18.69","-45.78","14.64","11.85","-96.99","0.000000","0.000000","",""
"06:37:00.621","GOREV","","","","","","","","","","","","","","","","","","","","","","","","","","","","26.34","18.66","-45.57","14.69","11.87","-97.03","0.000000","0.000000","",""
"06:37:00.795","GOREV","","","","","","","","","","","","","","","","","","","","","","","","","","","","26.35","18.67","-45.36","14.61","11.80","-97.06","0.000000","0.000000","",""
"06:37:00.945","GOREV","","","","","","","","","","","","","","","","","","","","","","","","","","","","26.36","18.68","-45.15","14.69","11.95","-97.10","0.000000","0.000000","",""
"06:37:01.125","GOREV","","","","","","","","","","","","","","","","","","","","","","","","","","","","26.34","18.69","-44.95","14.62","11.99","-97.13","0.000000","0.000000","",""
"06:37:01.282","GOREV","","","","","","","","","","","","","","","","","","","","","","","","","","","","26.33","18.68","-44.74","14.54","11.85","-97.17","0.000000","0.000000","",""
"06:37:01.467","GOREV","","","","","","","","","","","","","","","","","","","","","","","","","","","","26.33","18.68","-44.53","14.69","11.82","-97.21","0.000000","0.000000","",""
"06:37:01.622","GOREV","","","","","","","","","","","","","","","","","","","","","","","","","","","","26.34","18.69","-44.32","14.62","11.83","-97.25","0.000000","0.000000","",""
"06:37:01.780","GOREV","","","","","","","","","","","","","","","","","","","","","","","","","","","","26.34","18.68","-44.12","14.53","11.79","-97.28","0.000000","0.000000","",""
"06:37:01.952","GOREV","","","","","","","","","","","","","","","","","","","","","","","","","","","","26.34","18.69","-43.90","14.65","11.93","-97.32","0.000000","0.000000","",""
"06:37:02.122","GOREV","","","","","","","","","","","","","","","","","","","","","","","","","","","","26.34","18.68","-43.70","14.64","11.86","-97.36","0.000000","0.000000","",""
"06:37:02.284","GOREV","","","","","","","","","","","","","","","","","","","","","","","","","","","","26.36","18.70","-43.49","14.67","11.90","-97.39","0.000000","0.000000","",""
"06:37:02.447","GOREV","","","","","","","","","","","","","","","","","","","","","","","","","","","","26.36","18.69","-43.28","14.75","12.03","-97.43","0.000000","0.000000","",""
"06:37:02.628","GOREV","","","","","","","","","","","","","","","","","","","","","","","","","","","","26.36","18.72","-43.07","14.65","11.88","-97.47","0.000000","0.000000","",""
"06:37:02.783","GOREV","","","","","","","","","","","","","","","","","","","","","","","","","","","","26.36","18.69","-42.86","14.61","11.87","-97.50","0.000000","0.000000","",""
"06:37:02.959","GOREV","","","","","","","","","","","","","","","","","","","","","","","","","","","","26.35","18.69","-42.65","14.57","11.82","-97.54","0.000000","0.000000","",""
"06:37:03.115","GOREV","","","","","","","","","","","","","","","","","","","","","","","","","","","","26.33","18.65","-42.45","14.64","11.94","-97.57","0.000000","0.000000","",""
"06:37:03.291","GOREV","","","","","","","","","","","","","","","","","","","","","","","","","","","","26.35","18.67","-42.24","14.59","11.84","-97.61","0.000000","0.000000","",""
"06:37:03.448","GOREV","","","","","","","","","","","","","","","","","","","","","","","","","","","","26.34","18.68","-42.03","14.59","11.87","-97.65","0.000000","0.000000","",""
"06:37:03.616","GOREV","","","","","","","","","","","","","","","","","","","","","","","","","","","","26.33","18.68","-41.82","14.76","11.99","-97.68","0.000000","0.000000","",""
"06:37:03.783","GOREV","","","","","","","","","","","","","","","","","","","","","","","","","","","","26.32","18.68","-41.61","14.51","12.08","-97.72","0.000000","0.000000","",""
"06:37:08.137","GOREV","","","","","","","","","","","","","","","","","","","","","","","","","","","","26.33","18.68","-36.20","14.75","11.83","-98.66","0.000000","0.000000","",""
"06:37:08.291","GOREV","","","","","","","","","","","","","","","","","","","","","","","","","","","","26.31","18.68","-35.99","14.55","11.77","-98.70","0.000000","0.000000","",""
"06:37:08.478","GOREV","","","","","","","","","","","","","","","","","","","","","","","","","","","","26.35","18.68","-35.78","14.63","11.83","-98.74","0.000000","0.000000","",""
"06:37:08.641","GOREV","","","","","","","","","","","","","","","","","","","","","","","","","","","","26.33","18.68","-35.57","14.65","12.00","-98.78","0.000000","0.000000","",""
"06:37:08.791","GOREV","","","","","","","","","","","","","","","","","","","","","","","","","","","","26.35","18.70","-35.36","14.65","11.83","-98.81","0.000000","0.000000","",""
"06:37:08.959","GOREV","","","","","","","","","","","","","","","","","","","","","","","","","","","","26.34","18.69","-35.15","14.63","11.83","-98.85","0.000000","0.000000","",""
"06:37:09.152","GOREV","","","","","","","","","","","","","","","","","","","","","","","","","","","","26.35","18.70","-34.94","14.69","11.87","-98.88","0.000000","0.000000","",""
"06:37:09.296","GOREV","","","","","","","","","","","","","","","","","","","","","","","","","","","","26.34","18.70","-34.74","14.73","11.93","-98.91","0.000000","0.000000","",""
"06:37:09.463","GOREV","","","","","","","","","","","","","","","","","","","","","","","","","","","","26.34","18.69","-34.53","14.69","11.96","-98.95","0.000000","0.000000","",""
"06:37:09.629","GOREV","","","","","","","","","","","","","","","","","","","","","","","","","","","","26.36","18.68","-34.32","14.60","11.85","-98.99","0.000000","0.000000","",""
"06:37:09.794","GOREV","","","","","","","","","","","","","","","","","","","","","","","","","","","","26.35","18.70","-34.11","14.48","11.76","-99.03","0.000000","0.000000","",""
"06:37:09.964","GOREV","","","","","","","","","","","","","","","","","","","","","","","","","","","","26.35","18.70","-33.90","14.74","11.94","-99.07","0.000000","0.000000","",""
"06:37:10.128","GOREV","","","","","","","","","","","","","","","","","","","","","","","","","","","","26.35","18.68","-33.70","14.66","11.85","-99.10","0.000000","0.000000","",""
"06:37:10.328","GOREV","","","","","","","","","","","","","","","","","","","","","","","","","","","","26.36","18.69","-33.49","14.70","11.82","-99.14","0.000000","0.000000","",""
"06:37:10.461","GOREV","","","","","","","","","","","","","","","","","","","","","","","","","","","","26.36","18.70","-33.28","14.64","11.78","-99.18","0.000000","0.000000","",""
"06:37:10.639","GOREV","","","","","","","","","","","","","","","","","","","","","","","","","","","","26.36","18.71","-33.07","14.78","11.84","-99.22","0.000000","0.000000","",""
"06:37:10.796","GOREV","","","","","","","","","","","","","","","","","","","","","","","","","","","","26.36","18.73","-32.86","14.75","11.80","-99.26","0.000000","0.000000","",""
"06:37:10.973","GOREV","","","","","","","","","","","","","","","","","","","","","","","","","","","","26.35","18.70","-32.65","14.72","11.78","-99.29","0.000000","0.000000","",""
"06:37:11.130","GOREV","","","","","","","","","","","","","","","","","","","","","","","","","","","","26.35","18.69","-32.45","14.64","11.77","-99.33","0.000000","0.000000","",""
"06:37:11.314","GOREV","","","","","","","","","","","","","","","","","","","","","","","","","","","","26.35","18.69","-32.24","14.63","11.91","-99.37","0.000000","0.000000","",""
"06:37:11.482","GOREV","","","","","","","","","","","","","","","","","","","","","","","","","","","","26.36","18.67","-32.03","14.70","11.82","-99.41","0.000000","0.000000","",""
"06:37:11.632","GOREV","","","","","","","","","","","","","","","","","","","","","","","","","","","","26.35","18.70","-31.82","14.64","11.91","-99.44","0.000000","0.000000","",""
"06:37:11.822","GOREV","","","","","","","","","","","","","","","","","","","","","","","","","","","","26.37","18.72","-31.61","14.64","11.92","-99.48","0.000000","0.000000","",""
"06:37:11.965","GOREV","","","","","","","","","","","","","","","","","","","","","","","","","","","","26.38","18.71","-31.41","14.77","11.73","-99.52","0.000000","0.000000","",""
"06:37:12.138","GOREV","","","","","","","","","","","","","","","","","","","","","","","","","","","","26.36","18.71","-31.20","14.60","11.92","-99.56","0.000000","0.000000","",""
"06:37:12.316","GOREV","","","","","","","","","","","","","","","","","","","","","","","","","","","","26.33","18.69","-30.99","14.65","11.87","-99.59","0.000000","0.000000","",""
"06:37:12.472","GOREV","","","","","","","","","","","","","","","","","","","","","","","","","","","","26.35","18.68","-30.78","14.73","11.74","-99.63","0.000000","0.000000","",""
"06:37:12.638","GOREV","","","","","","","","","","","","","","","","","","","","","","","","","","","","26.35","18.69","-30.57","14.54","11.85","-99.67","0.000000","0.000000","",""
"06:37:12.800","GOREV","","","","","","","","","","","","","","","","","","","","","","","","","","","","26.37","18.70","-30.36","14.65","11.84","-99.71","0.000000","0.000000","",""
"06:37:12.971","GOREV","","","","","","","","","","","","","","","","","","","","","","","","","","","","26.35","18.69","-30.16","14.55","11.77","-99.75","0.000000","0.000000","",""
"06:37:13.139","GOREV","","","","","","","","","","","","","","","","","","","","","","","","","","","","26.34","18.69","-29.95","14.71","11.87","-99.79","0.000000","0.000000","",""
"06:37:13.309","GOREV","","","","","","","","","","","","","","","","","","","","","","","","","","","","26.33","18.69","-29.74","14.56","11.87","-99.82","0.000000","0.000000","",""
"06:37:13.470","GOREV","","","","","","","","","","","","","","","","","","","","","","","","","","","","26.32","18.70","-29.53","14.49","11.90","-99.86","0.000000","0.000000","",""
"06:37:13.637","GOREV","","","","","","","","","","","","","","","","","","","","","","","","","","","","26.34","18.71","-29.32","14.61","11.91","-99.90","0.000000","0.000000","",""
"06:37:13.808","GOREV","","","","","","","","","","","","","","","","","","","","","","","","","","","","26.32","18.67","-29.12","14.58","11.84","-99.93","0.000000","0.000000","",""
"06:37:13.976","GOREV","","","","","","","","","","","","","","","","","","","","","","","","","","","","26.32","18.65","-28.91","14.72","11.96","-99.97","0.000000","0.000000","",""
"06:37:14.141","GOREV","","","","","","","","","","","","","","","","","","","","","","","","","","","","26.31","18.66","-28.70","14.71","11.88","-100.00","0.000000","0.000000","",""
"06:37:14.307","GOREV","","","","","","","","","","","","","","","","","","","","","","","","","","","","26.32","18.66","-28.49","14.67","11.94","-100.04","0.000000","0.000000","",""
"06:37:14.489","GOREV","","","","","","","","","","","","","","","","","","","","","","","","","","","","26.31","18.69","-28.28","14.73","12.06","-100.08","0.000000","0.000000","",""
"06:37:14.643","GOREV","","","","","","","","","","","","","","","","","","","","","","","","","","","","26.31","18.72","-28.07","14.73","11.92","-100.12","0.000000","0.000000","",""
"06:37:14.815","GOREV","","","","","","","","","","","","","","","","","","","","","","","","","","","","26.32","18.71","-27.86","14.62","11.73","-100.16","0.000000","0.000000","",""
"06:37:14.983","GOREV","","","","","","","","","","","","","","","","","","","","","","","","","","","","26.34","18.70","-27.65","14.72","11.87","-100.19","0.000000","0.000000","",""
"06:37:15.148","GOREV","","","","","","","","","","","","","","","","","","","","","","","","","","","","26.36","18.74","-27.44","14.70","11.94","-100.23","0.000000","0.000000","",""
"06:37:15.319","GOREV","","","","","","","","","","","","","","","","","","","","","","","","","","","","26.34","18.71","-27.23","14.67","12.15","-100.26","0.000000","0.000000","",""
"06:37:15.497","GOREV","","","","","","","","","","","","","","","","","","","","","","","","","","","","26.34","18.71","-27.02","14.70","11.83","-100.30","0.000000","0.000000","",""
"06:37:15.653","GOREV","","","","","","","","","","","","","","","","","","","","","","","","","","","","26.36","18.72","-26.81","14.66","11.80","-100.34","0.000000","0.000000","",""
"06:37:15.818","GOREV","","","","","","","","","","","","","","","","","","","","","","","","","","","","26.35","18.72","-26.60","14.60","11.83","-100.38","0.000000","0.000000","",""
"06:37:16.005","GOREV","","","","","","","","","","","","","","","","","","","","","","","","","","","","26.35","18.71","-26.39","14.66","12.05","-100.41","0.000000","0.000000","",""
"06:37:16.159","GOREV","","","","","","","","","","","","","","","","","","","","","","","","","","","","26.36","18.68","-26.18","14.70","11.75","-100.45","0.000000","0.000000","",""
"06:37:16.328","GOREV","","","","","","","","","","","","","","","","","","","","","","","","","","","","26.36","18.67","-25.97","14.66","11.93","-100.49","0.000000","0.000000","",""
"06:37:16.495","GOREV","","","","","","","","","","","","","","","","","","","","","","","","","","","","26.35","18.66","-25.76","14.61","11.80","-100.53","0.000000","0.000000","",""
"06:37:16.663","GOREV","","","","","","","","","","","","","","","","","","","","","","","","","","","","26.34","18.64","-25.55","14.67","11.97","-100.56","0.000000","0.000000","",""
"06:37:16.836","GOREV","","","","","","","","","","","","","","","","","","","","","","","","","","","","26.32","18.65","-25.34","14.56","11.99","-100.60","0.000000","0.000000","",""
"06:37:16.995","GOREV","","","","","","","","","","","","","","","","","","","","","","","","","","","","26.34","18.67","-25.13","14.65","12.03","-100.64","0.000000","0.000000","",""
"06:37:17.342","GOREV","","","","","","","","","","","","","","","","","","","","","","","","","","","","26.36","18.71","-24.71","14.78","11.91","-100.71","0.000000","0.000000","",""
"06:37:17.499","GOREV","","","","","","","","","","","","","","","","","","","","","","","","","","","","26.37","18.70","-24.50","14.58","11.80","-100.75","0.000000","0.000000","",""
"06:37:17.670","GOREV","","","","","","","","","","","","","","","","","","","","","","","","","","","","26.40","18.70","-24.28","14.78","11.88","-100.78","0.000000","0.000000","",""
"06:37:17.835","GOREV","","","","","","","","","","","","","","","","","","","","","","","","","","","","26.39","18.69","-24.08","14.75","11.85","-100.82","0.000000","0.000000","",""
"06:37:18.014","GOREV","","","","","","","","","","","","","","","","","","","","","","","","","","","","26.39","18.72","-23.86","14.75","12.01","-100.86","0.000000","0.000000","",""
"06:37:18.172","GOREV","","","","","","","","","","","","","","","","","","","","","","","","","","","","26.36","18.72","-23.65","14.79","11.84","-100.90","0.000000","0.000000","",""
"06:37:18.338","GOREV","","","","","","","","","","","","","","","","","","","","","","","","","","","","26.34","18.68","-23.44","14.60","11.92","-100.93","0.000000","0.000000","",""
"06:37:18.512","GOREV","","","","","","","","","","","","","","","","","","","","","","","","","","","","26.32","18.68","-23.23","14.65","11.85","-100.97","0.000000","0.000000","",""
"06:37:18.677","GOREV","","","","","","","","","","","","","","","","","","","","","","","","","","","","26.34","18.70","-23.02","14.78","11.65","-101.01","0.000000","0.000000","",""
"06:37:18.842","GOREV","","","","","","","","","","","","","","","","","","","","","","","","","","","","26.35","18.71","-22.82","14.80","11.88","-101.05","0.000000","0.000000","",""
"06:37:19.029","GOREV","","","","","","","","","","","","","","","","","","","","","","","","","","","","26.32","18.70","-22.60","14.70","11.73","-101.08","0.000000","0.000000","",""
"06:37:19.179","GOREV","","","","","","","","","","","","","","","","","","","","","","","","","","","","26.35","18.72","-22.39","14.76","11.85","-101.12","0.000000","0.000000","",""
"06:37:19.350","GOREV","","","","","","","","","","","","","","","","","","","","","","","","","","","","26.34","18.70","-22.18","14.75","11.79","-101.16","0.000000","0.000000","",""
"06:37:19.517","GOREV","","","","","","","","","","","","","","","","","","","","","","","","","","","","26.34","18.70","-21.97","14.68","11.90","-101.20","0.000000","0.000000","",""
"06:37:19.682","GOREV","","","","","","","","","","","","","","","","","","","","","","","","","","","","26.35","18.71","-21.76","14.87","11.92","-101.23","0.000000","0.000000","",""
"06:37:19.886","GOREV","","","","","","","","","","","","","","","","","","","","","","","","","","","","26.35","18.71","-21.55","14.76","11.97","-101.27","0.000000","0.000000","",""
"06:37:20.018","GOREV","","","","","","","","","","","","","","","","","","","","","","","","","","","","26.34","18.70","-21.34","14.59","11.91","-101.31","0.000000","0.000000","",""
"06:37:20.200","GOREV","","","","","","","","","","","","","","","","","","","","","","","","","","","","26.33","18.67","-21.13","14.71","11.81","-101.35","0.000000","0.000000","",""
"06:37:20.354","GOREV","","","","","","","","","","","","","","","","","","","","","","","","","","","","26.33","18.68","-20.92","14.79","12.10","-101.38","0.000000","0.000000","",""
"06:37:20.524","GOREV","","","","","","","","","","","","","","","","","","","","","","","","","","","","26.34","18.68","-20.71","14.48","12.00","-101.42","0.000000","0.000000","",""
"06:37:20.692","GOREV","","","","","","","","","","","","","","","","","","","","","","","","","","","","26.34","18.67","-20.50","14.73","11.87","-101.46","0.000000","0.000000","",""
"06:37:20.858","GOREV","","","","","","","","","","","","","","","","","","","","","","","","","","","","26.36","18.70","-20.29","14.68","11.91","-101.50","0.000000","0.000000","",""
"06:37:21.040","GOREV","","","","","","","","","","","","","","","","","","","","","","","","","","","","26.34","18.69","-20.07","14.68","11.94","-101.53","0.000000","0.000000","",""
"06:37:21.197","GOREV","","","","","","","","","","","","","","","","","","","","","","","","","","","","26.35","18.68","-19.86","14.77","11.98","-101.57","0.000000","0.000000","",""
"06:37:21.364","GOREV","","","","","","","","","","","","","","","","","","","","","","","","","","","","26.36","18.68","-19.65","14.65","11.83","-101.60","0.000000","0.000000","",""
"06:37:21.529","GOREV","","","","","","","","","","","","","","","","","","","","","","","","","","","","26.36","18.68","-19.45","14.78","11.70","-101.64","0.000000","0.000000","",""
"06:37:21.698","GOREV","","","","","","","","","","","","","","","","","","","","","","","","","","","","26.36","18.67","-19.24","14.79","11.97","-101.68","0.000000","0.000000","",""
"06:37:21.878","GOREV","","","","","","","","","","","","","","","","","","","","","","","","","","","","26.34","18.67","-19.03","14.66","11.81","-101.72","0.000000","0.000000","",""
"06:37:22.046","GOREV","","","","","","","","","","","","","","","","","","","","","","","","","","","","26.34","18.69","-18.82","14.72","11.89","-101.76","0.000000","0.000000","",""
"06:37:22.205","GOREV","","","","","","","","","","","","","","","","","","","","","","","","","","","","26.35","18.70","-18.61","14.68","11.76","-101.79","0.000000","0.000000","",""
"06:37:22.371","GOREV","","","","","","","","","","","","","","","","","","","","","","","","","","","","26.35","18.72","-18.40","14.55","11.75","-101.83","0.000000","0.000000","",""
"06:37:22.539","GOREV","","","","","","","","","","","","","","","","","","","","","","","","","","","","26.34","18.69","-18.19","14.63","11.86","-101.87","0.000000","0.000000","",""
"06:37:22.729","GOREV","","","","","","","","","","","","","","","","","","","","","","","","","","","","26.33","18.71","-17.98","14.68","11.84","-101.90","0.000000","0.000000","",""
"06:37:22.873","GOREV","","","","","","","","","","","","","","","","","","","","","","","","","","","","26.33","18.71","-17.77","14.71","12.04","-101.94","0.000000","0.000000","",""
"06:37:23.046","GOREV","","","","","","","","","","","","","","","","","","","","","","","","","","","","26.32","18.72","-17.56","14.62","11.93","-101.98","0.000000","0.000000","",""
"06:37:23.208","GOREV","","","","","","","","","","","","","","","","","","","","","","","","","","","","26.33","18.67","-17.35","14.73","11.89","-102.01","0.000000","0.000000","",""
"06:37:23.392","GOREV","","","","","","","","","","","","","","","","","","","","","","","","","","","","26.34","18.68","-17.15","14.66","11.81","-102.05","0.000000","0.000000","",""
"06:37:23.556","GOREV","","","","","","","","","","","","","","","","","","","","","","","","","","","","26.36","18.68","-16.94","14.71","12.00","-102.09","0.000000","0.000000","",""
"06:37:23.712","GOREV","","","","","","","","","","","","","","","","","","","","","","","","","","","","26.36","18.70","-16.73","14.61","11.90","-102.13","0.000000","0.000000","",""
"06:37:23.884","GOREV","","","","","","","","","","","","","","","","","","","","","","","","","","","","26.39","18.70","-16.52","14.63","11.91","-102.17","0.000000","0.000000","",""
"06:37:24.048","GOREV","","","","","","","","","","","","","","","","","","","","","","","","","","","","26.37","18.69","-16.31","14.74","11.81","-102.20","0.000000","0.000000","",""
"06:37:24.229","GOREV","","","","","","","","","","","","","","","","","","","","","","","","","","","","26.35","18.71","-16.10","14.57","11.86","-102.24","0.000000","0.000000","",""
"06:37:24.383","GOREV","","","","","","","","","","","","","","","","","","","","","","","","","","","","26.34","18.72","-15.89","14.69","12.03","-102.28","0.000000","0.000000","",""
"06:37:24.555","GOREV","","","","","","","","","","","","","","","","","","","","","","","","","","","","26.36","18.71","-15.68","14.72","11.90","-102.32","0.000000","0.000000","",""
"06:37:24.724","GOREV","","","","","","","","","","","","","","","","","","","","","","","","","","","","26.36","18.69","-15.47","14.62","11.77","-102.36","0.000000","0.000000","",""
"06:37:24.887","GOREV","","","","","","","","","","","","","","","","","","","","","","","","","","","","26.35","18.69","-15.26","14.72","11.73","-102.40","0.000000","0.000000","",""
"06:37:25.060","GOREV","","","","","","","","","","","","","","","","","","","","","","","","","","","","26.36","18.70","-15.05","14.70","11.90","-102.43","0.000000","0.000000","",""
"06:37:25.242","GOREV","","","","","","","","","","","","","","","","","","","","","","","","","","","","26.35","18.68","-14.84","14.52","11.87","-102.47","0.000000","0.000000","",""
"06:37:25.395","GOREV","","","","","","","","","","","","","","","","","","","","","","","","","","","","26.35","18.67","-14.63","14.67","11.81","-102.50","0.000000","0.000000","",""
"06:37:25.559","GOREV","","","","","","","","","","","","","","","","","","","","","","","","","","","","26.34","18.65","-14.42","14.65","12.00","-102.54","0.000000","0.000000","",""
"06:37:25.736","GOREV","","","","","","","","","","","","","","","","","","","","","","","","","","","","26.34","18.66","-14.21","14.63","11.57","-102.58","0.000000","0.000000","",""
"06:37:25.896","GOREV","","","","","","","","","","","","","","","","","","","","","","","","","","","","26.36","18.64","-14.00","14.59","11.88","-102.61","0.000000","0.000000","",""
"06:37:26.063","GOREV","","","","","","","","","","","","","","","","","","","","","","","","","","","","26.37","18.63","-13.79","14.64","11.72","-102.65","0.000000","0.000000","",""
"06:37:26.253","GOREV","","","","","","","","","","","","","","","","","","","","","","","","","","","","26.35","18.67","-13.58","14.73","11.73","-102.69","0.000000","0.000000","",""
"06:37:26.413","GOREV","","","","","","","","","","","","","","","","","","","","","","","","","","","","26.35","18.68","-13.37","14.67","11.79","-102.73","0.000000","0.000000","",""
"06:37:26.568","GOREV","","","","","","","","","","","","","","","","","","","","","","","","","","","","26.36","18.67","-13.16","14.71","11.91","-102.76","0.000000","0.000000","",""
"06:37:26.741","GOREV","","","","","","","","","","","","","","","","","","","","","","","","","","","","26.34","18.68","-12.95","14.68","11.66","-102.80","0.000000","0.000000","",""
"06:37:26.903","GOREV","","","","","","","","","","","","","","","","","","","","","","","","","","","","26.34","18.69","-12.74","14.77","11.93","-102.84","0.000000","0.000000","",""
"06:37:27.073","GOREV","","","","","","","","","","","","","","","","","","","","","","","","","","","","26.38","18.71","-12.53","14.70","11.92","-102.88","0.000000","0.000000","",""
"06:37:27.242","GOREV","","","","","","","","","","","","","","","","","","","","","","","","","","","","26.37","18.69","-12.32","14.77","11.86","-102.91","0.000000","0.000000","",""
"06:37:27.411","GOREV","","","","","","","","","","","","","","","","","","","","","","","","","","","","26.34","18.66","-12.11","14.65","11.93","-102.95","0.000000","0.000000","",""
"06:37:27.575","GOREV","","","","","","","","","","","","","","","","","","","","","","","","","","","","26.36","18.68","-11.90","14.62","11.92","-102.99","0.000000","0.000000","",""
"06:37:27.743","GOREV","","","","","","","","","","","","","","","","","","","","","","","","","","","","26.36","18.67","-11.69","14.53","11.83","-103.03","0.000000","0.000000","",""
"06:37:27.911","GOREV","","","","","","","","","","","","","","","","","","","","","","","","","","","","26.38","18.69","-11.48","14.81","11.84","-103.07","0.000000","0.000000","",""
"06:37:28.080","GOREV","","","","","","","","","","","","","","","","","","","","","","","","","","","","26.36","18.71","-11.27","14.69","12.03","-103.10","0.000000","0.000000","",""
"06:37:28.253","GOREV","","","","","","","","","","","","","","","","","","","","","","","","","","","","26.37","18.68","-11.06","14.74","12.00","-103.14","0.000000","0.000000","",""
"06:37:28.418","GOREV","","","","","","","","","","","","","","","","","","","","","","","","","","","","26.36","18.69","-10.85","14.70","11.95","-103.17","0.000000","0.000000","",""
"06:37:28.589","GOREV","","","","","","","","","","","","","","","","","","","","","","","","","","","","26.36","18.70","-10.64","14.62","11.81","-103.21","0.000000","0.000000","",""
"06:37:28.751","GOREV","","","","","","","","","","","","","","","","","","","","","","","","","","","","26.36","18.69","-10.43","14.74","11.89","-103.25","0.000000","0.000000","",""
"06:37:28.926","GOREV","","","","","","","","","","","","","","","","","","","","","","","","","","","","26.36","18.69","-10.21","14.72","11.76","-103.28","0.000000","0.000000","",""
"06:37:29.110","GOREV","","","","","","","","","","","","","","","","","","","","","","","","","","","","26.35","18.66","-10.01","14.69","11.92","-103.32","0.000000","0.000000","",""
"06:37:29.260","GOREV","","","","","","","","","","","","","","","","","","","","","","","","","","","","26.35","18.67","-9.79","14.72","11.83","-103.35","0.000000","0.000000","",""
"06:37:29.433","GOREV","","","","","","","","","","","","","","","","","","","","","","","","","","","","26.36","18.68","-9.58","14.62","11.76","-103.39","0.000000","0.000000","",""
"06:37:29.591","GOREV","","","","","","","","","","","","","","","","","","","","","","","","","","","","26.33","18.66","-9.37","14.72","11.95","-103.42","0.000000","0.000000","",""
"06:37:29.757","GOREV","","","","","","","","","","","","","","","","","","","","","","","","","","","","26.36","18.66","-9.16","14.65","11.86","-103.46","0.000000","0.000000","",""
"06:37:29.939","GOREV","","","","","","","","","","","","","","","","","","","","","","","","","","","","26.35","18.68","-8.96","14.63","11.71","-103.50","0.000000","0.000000","",""
"06:37:30.116","GOREV","","","","","","","","","","","","","","","","","","","","","","","","","","","","26.36","18.69","-8.75","14.64","11.94","-103.54","0.000000","0.000000","",""
"06:37:30.260","GOREV","","","","","","","","","","","","","","","","","","","","","","","","","","","","26.37","18.68","-8.54","14.86","11.97","-103.57","0.000000","0.000000","",""
"06:37:30.424","GOREV","","","","","","","","","","","","","","","","","","","","","","","","","","","","26.33","18.67","-8.33","14.77","11.94","-103.61","0.000000","0.000000","",""
"06:37:30.591","GOREV","","","","","","","","","","","","","","","","","","","","","","","","","","","","26.34","18.72","-8.12","14.68","11.95","-103.65","0.000000","0.000000","",""
"06:37:30.761","GOREV","","","","","","","","","","","","","","","","","","","","","","","","","","","","26.33","18.71","-7.91","14.65","11.71","-103.68","0.000000","0.000000","",""
"06:37:30.925","GOREV","","","","","","","","","","","","","","","","","","","","","","","","","","","","26.33","18.67","-7.70","14.89","11.82","-103.72","0.000000","0.000000","",""
"06:37:31.091","GOREV","","","","","","","","","","","","","","","","","","","","","","","","","","","","26.35","18.68","-7.50","14.74","11.93","-103.75","0.000000","0.000000","",""
"06:37:31.259","GOREV","","","","","","","","","","","","","","","","","","","","","","","","","","","","26.33","18.68","-7.29","14.60","11.77","-103.79","0.000000","0.000000","",""
"06:37:31.437","GOREV","","","","","","","","","","","","","","","","","","","","","","","","","","","","26.34","18.67","-7.08","14.83","11.68","-103.83","0.000000","0.000000","",""
"06:37:31.593","GOREV","","","","","","","","","","","","","","","","","","","","","","","","","","","","26.32","18.71","-6.87","14.77","11.92","-103.87","0.000000","0.000000","",""
"06:37:31.762","GOREV","","","","","","","","","","","","","","","","","","","","","","","","","","","","26.36","18.71","-6.67","14.70","11.80","-103.90","0.000000","0.000000","",""
"06:37:31.929","GOREV","","","","","","","","","","","","","","","","","","","","","","","","","","","","26.36","18.72","-6.46","14.81","11.90","-103.94","0.000000","0.000000","",""
"06:37:32.097","GOREV","","","","","","","","","","","","","","","","","","","","","","","","","","","","26.35","18.68","-6.25","14.66","11.79","-103.98","0.000000","0.000000","",""
"06:37:32.266","GOREV","","","","","","","","","","","","","","","","","","","","","","","","","","","","26.35","18.69","-6.04","14.57","11.92","-104.01","0.000000","0.000000","",""
"06:37:32.428","GOREV","","","","","","","","","","","","","","","","","","","","","","","","","","","","26.35","18.68","-5.83","14.80","11.82","-104.05","0.000000","0.000000","",""
"06:37:32.636","GOREV","","","","","","","","","","","","","","","","","","","","","","","","","","","","26.33","18.66","-5.62","14.55","11.73","-104.09","0.000000","0.000000","",""
"06:37:32.769","GOREV","","","","","","","","","","","","","","","","","","","","","","","","","","","","26.33","18.66","-5.41","14.61","11.92","-104.12","0.000000","0.000000","",""
"06:37:32.929","GOREV","","","","","","","","","","","","","","","","","","","","","","","","","","","","26.35","18.66","-5.21","14.74","11.84","-104.16","0.000000","0.000000","",""
"06:37:33.112","GOREV","","","","","","","","","","","","","","","","","","","","","","","","","","","","26.35","18.68","-5.00","14.62","11.89","-104.20","0.000000","0.000000","",""
"06:37:33.262","GOREV","","","","","","","","","","","","","","","","","","","","","","","","","","","","26.36","18.67","-4.79","14.68","11.79","-104.23","0.000000","0.000000","",""
"06:37:33.434","GOREV","","","","","","","","","","","","","","","","","","","","","","","","","","","","26.35","18.70","-4.58","14.48","11.89","-104.27","0.000000","0.000000","",""
"06:37:33.596","GOREV","","","","","","","","","","","","","","","","","","","","","","","","","","","","26.36","18.71","-4.37","14.76","11.85","-104.31","0.000000","0.000000","",""
"06:37:33.763","GOREV","","","","","","","","","","","","","","","","","","","","","","","","","","","","26.36","18.71","-4.16","14.82","11.81","-104.34","0.000000","0.000000","",""
"06:37:33.935","GOREV","","","","","","","","","","","","","","","","","","","","","","","","","","","","26.33","18.71","-3.95","14.72","11.88","-104.39","0.000000","0.000000","",""
"06:37:34.096","GOREV","","","","","","","","","","","","","","","","","","","","","","","","","","","","26.34","18.69","-3.74","14.77","11.91","-104.42","0.000000","0.000000","",""
"06:37:34.291","GOREV","","","","","","","","","","","","","","","","","","","","","","","","","","","","26.34","18.69","-3.53","14.57","11.79","-104.46","0.000000","0.000000","",""
"06:37:34.441","GOREV","","","","","","","","","","","","","","","","","","","","","","","","","","","","26.34","18.68","-3.32","14.74","11.91","-104.49","0.000000","0.000000","",""
"06:37:34.596","GOREV","","","","","","","","","","","","","","","","","","","","","","","","","","","","26.35","18.67","-3.11","14.70","11.85","-104.53","0.000000","0.000000","",""
"06:37:34.791","GOREV","","","","","","","","","","","","","","","","","","","","","","","","","","","","26.37","18.65","-2.90","14.60","11.80","-104.57","0.000000","0.000000","",""
"06:37:34.930","GOREV","","","","","","","","","","","","","","","","","","","","","","","","","","","","26.36","18.68","-2.69","14.70","11.84","-104.60","0.000000","0.000000","",""
"06:37:35.114","GOREV","","","","","","","","","","","","","","","","","","","","","","","","","","","","26.37","18.68","-2.48","14.70","11.62","-104.64","0.000000","0.000000","",""
"06:37:35.267","GOREV","","","","","","","","","","","","","","","","","","","","","","","","","","","","26.36","18.69","-2.27","14.71","11.96","-104.67","0.000000","0.000000","",""
"06:37:35.431","GOREV","","","","","","","","","","","","","","","","","","","","","","","","","","","","26.37","18.70","-2.07","14.76","11.92","-104.71","0.000000","0.000000","",""
"06:37:35.604","GOREV","","","","","","","","","","","","","","","","","","","","","","","","","","","","26.34","18.72","-1.86","14.68","11.93","-104.74","0.000000","0.000000","",""
"06:37:35.765","GOREV","","","","","","","","","","","","","","","","","","","","","","","","","","","","26.32","18.71","-1.65","14.68","11.88","-104.78","0.000000","0.000000","",""
"06:37:35.933","GOREV","","","","","","","","","","","","","","","","","","","","","","","","","","","","26.34","18.71","-1.44","14.83","11.90","-104.82","0.000000","0.000000","",""
"06:37:36.100","GOREV","","","","","","","","","","","","","","","","","","","","","","","","","","","","26.35","18.70","-1.23","14.49","11.73","-104.86","0.000000","0.000000","",""
"06:37:36.288","GOREV","","","","","","","","","","","","","","","","","","","","","","","","","","","","26.32","18.65","-1.02","14.68","11.93","-104.89","0.000000","0.000000","",""
"06:37:36.433","GOREV","","","","","","","","","","","","","","","","","","","","","","","","","","","","26.33","18.64","-0.82","14.70","11.88","-104.93","0.000000","0.000000","",""
"06:37:36.607","GOREV","","","","","","","","","","","","","","","","","","","","","","","","","","","","26.32","18.66","-0.61","14.76","11.91","-104.97","0.000000","0.000000","",""
"06:37:36.783","GOREV","","","","","","","","","","","","","","","","","","","","","","","","","","","","26.33","18.66","-0.40","14.77","11.98","-105.00","0.000000","0.000000","",""
"06:37:36.934","GOREV","","","","","","","","","","","","","","","","","","","","","","","","","","","","26.37","18.70","-0.19","14.81","11.94","-105.04","0.000000","0.000000","",""
"06:37:37.107","GOREV","","","","","","","","","","","","","","","","","","","","","","","","","","","","26.36","18.68","0.01","14.68","11.92","-105.08","0.000000","0.000000","",""
"06:37:37.286","GOREV","","","","","","","","","","","","","","","","","","","","","","","","","","","","26.35","18.70","0.22","14.62","11.88","-105.12","0.000000","0.000000","",""
"06:37:37.434","GOREV","","","","","","","","","","","","","","","","","","","","","","","","","","","","26.36","18.70","0.42","14.74","11.85","-105.15","0.000000","0.000000","",""
"06:37:37.603","GOREV","","","","","","","","","","","","","","","","","","","","","","","","","","","","26.36","18.71","0.63","14.72","11.93","-105.19","0.000000","0.000000","",""
"06:37:37.767","GOREV","","","","","","","","","","","","","","","","","","","","","","","","","","","","26.34","18.69","0.84","14.62","11.88","-105.23","0.000000","0.000000","",""
"06:37:37.935","GOREV","","","","","","","","","","","","","","","","","","","","","","","","","","","","26.35","18.70","1.05","14.76","11.89","-105.26","0.000000","0.000000","",""
"06:37:38.107","GOREV","","","","","","","","","","","","","","","","","","","","","","","","","","","","26.34","18.68","1.26","14.66","11.90","-105.30","0.000000","0.000000","",""
"06:37:38.273","GOREV","","","","","","","","","","","","","","","","","","","","","","","","","","","","26.34","18.65","1.47","14.67","11.92","-105.34","0.000000","0.000000","",""
"06:37:38.435","GOREV","","","","","","","","","","","","","","","","","","","","","","","","","","","","26.34","18.68","1.68","14.68","11.91","-105.37","0.000000","0.000000","",""
"06:37:38.605","GOREV","","","","","","","","","","","","","","","","","","","","","","","","","","","","26.36","18.69","1.89","14.68","11.71","-105.41","0.000000","0.000000","",""
"06:37:38.773","GOREV","","","","","","","","","","","","","","","","","","","","","","","","","","","","26.35","18.68","2.10","14.55","11.81","-105.45","0.000000","0.000000","",""
"06:37:38.937","GOREV","","","","","","","","","","","","","","","","","","","","","","","","","","","","26.34","18.70","2.31","14.55","12.05","-105.48","0.000000","0.000000","",""
"06:37:39.110","GOREV","","","","","","","","","","","","","","","","","","","","","","","","","","","","26.31","18.68","2.51","14.65","11.88","-105.52","0.000000","0.000000","",""
"06:37:39.273","GOREV","","","","","","","","","","","","","","","","","","","","","","","","","","","","26.32","18.68","2.73","14.67","11.93","-105.56","0.000000","0.000000","",""
"06:37:39.437","GOREV","","","","","","","","","","","","","","","","","","","","","","","","","","","","26.34","18.66","2.93","14.72","11.91","-105.59","0.000000","0.000000","",""
"06:37:39.604","GOREV","","","","","","","","","","","","","","","","","","","","","","","","","","","","26.32","18.66","3.14","14.75","11.92","-105.63","0.000000","0.000000","",""
"06:37:39.772","GOREV","","","","","","","","","","","","","","","","","","","","","","","","","","","","26.32","18.68","3.35","14.81","11.75","-105.67","0.000000","0.000000","",""
"06:37:39.944","GOREV","","","","","","","","","","","","","","","","","","","","","","","","","","","","26.33","18.69","3.56","14.66","12.06","-105.71","0.000000","0.000000","",""
"06:37:40.106","GOREV","","","","","","","","","","","","","","","","","","","","","","","","","","","","26.34","18.71","3.77","14.76","11.76","-105.74","0.000000","0.000000","",""
"06:37:40.272","GOREV","","","","","","","","","","","","","","","","","","","","","","","","","","","","26.35","18.76","3.97","14.75","11.75","-105.78","0.000000","0.000000","",""
"06:37:40.439","GOREV","","","","","","","","","","","","","","","","","","","","","","","","","","","","26.36","18.75","4.18","14.81","11.77","-105.82","0.000000","0.000000","",""
"06:37:40.606","GOREV","","","","","","","","","","","","","","","","","","","","","","","","","","","","26.35","18.72","4.39","14.57","11.76","-105.86","0.000000","0.000000","",""
"06:37:40.780","GOREV","","","","","","","","","","","","","","","","","","","","","","","","","","","","26.36","18.70","4.60","14.71","11.86","-105.90","0.000000","0.000000","",""
"06:37:40.940","GOREV","","","","","","","","","","","","","","","","","","","","","","","","","","","","26.36","18.65","4.81","14.55","12.00","-105.93","0.000000","0.000000","",""
"06:37:41.127","GOREV","","","","","","","","","","","","","","","","","","","","","","","","","","","","26.37","18.64","5.02","14.68","11.98","-105.97","0.000000","0.000000","",""
"06:37:41.301","GOREV","","","","","","","","","","","","","","","","","","","","","","","","","","","","26.36","18.67","5.23","14.67","11.83","-106.01","0.000000","0.000000","",""
"06:37:41.452","GOREV","","","","","","","","","","","","","","","","","","","","","","","","","","","","26.38","18.68","5.44","14.61","11.95","-106.05","0.000000","0.000000","",""
"06:37:41.614","GOREV","","","","","","","","","","","","","","","","","","","","","","","","","","","","26.36","18.67","5.64","14.56","11.74","-106.08","0.000000","0.000000","",""
"06:37:41.779","GOREV","","","","","","","","","","","","","","","","","","","","","","","","","","","","26.35","18.65","5.85","14.64","11.79","-106.12","0.000000","0.000000","",""
"06:37:41.943","GOREV","","","","","","","","","","","","","","","","","","","","","","","","","","","","26.34","18.67","6.06","14.62","11.88","-106.16","0.000000","0.000000","",""
"06:37:42.116","GOREV","","","","","","","","","","","","","","","","","","","","","","","","","","","","26.34","18.66","6.27","14.77","11.80","-106.19","0.000000","0.000000","",""
"06:37:42.277","GOREV","","","","","","","","","","","","","","","","","","","","","","","","","","","","26.37","18.67","6.48","14.69","11.96","-106.23","0.000000","0.000000","",""
"06:37:42.442","GOREV","","","","","","","","","","","","","","","","","","","","","","","","","","","","26.36","18.68","6.69","14.81","11.85","-106.26","0.000000","0.000000","",""
"06:37:42.624","GOREV","","","","","","","","","","","","","","","","","","","","","","","","","","","","26.33","18.69","6.89","14.68","11.84","-106.30","0.000000","0.000000","",""
"06:37:42.792","GOREV","","","","","","","","","","","","","","","","","","","","","","","","","","","","26.34","18.70","7.10","14.62","11.95","-106.34","0.000000","0.000000","",""
"06:37:42.956","GOREV","","","","","","","","","","","","","","","","","","","","","","","","","","","","26.33","18.68","7.31","14.64","11.87","-106.37","0.000000","0.000000","",""
"06:37:43.112","GOREV","","","","","","","","","","","","","","","","","","","","","","","","","","","","26.32","18.67","7.52","14.59","11.81","-106.41","0.000000","0.000000","",""
"06:37:43.296","GOREV","","","","","","","","","","","","","","","","","","","","","","","","","","","","26.32","18.68","7.73","14.53","11.82","-106.45","0.000000","0.000000","",""
"06:37:43.445","GOREV","","","","","","","","","","","","","","","","","","","","","","","","","","","","26.32","18.71","7.94","14.88","11.89","-106.48","0.000000","0.000000","",""
"06:37:43.615","GOREV","","","","","","","","","","","","","","","","","","","","","","","","","","","","26.32","18.71","8.14","14.59","11.75","-106.52","0.000000","0.000000","",""
"06:37:43.779","GOREV","","","","","","","","","","","","","","","","","","","","","","","","","","","","26.34","18.70","8.35","14.66","11.76","-106.56","0.000000","0.000000","",""
"06:37:43.962","GOREV","","","","","","","","","","","","","","","","","","","","","","","","","","","","26.35","18.71","8.56","14.64","11.82","-106.59","0.000000","0.000000","",""
"06:37:44.113","GOREV","","","","","","","","","","","","","","","","","","","","","","","","","","","","26.36","18.67","8.76","14.63","11.95","-106.63","0.000000","0.000000","",""
"06:37:44.286","GOREV","","","","","","","","","","","","","","","","","","","","","","","","","","","","26.34","18.65","8.97","14.78","11.79","-106.67","0.000000","0.000000","",""
"06:37:44.478","GOREV","","","","","","","","","","","","","","","","","","","","","","","","","","","","26.34","18.67","9.18","14.74","11.95","-106.71","0.000000","0.000000","",""
"06:37:44.620","GOREV","","","","","","","","","","","","","","","","","","","","","","","","","","","","26.34","18.68","9.39","14.75","11.90","-106.74","0.000000","0.000000","",""
"06:37:44.782","GOREV","","","","","","","","","","","","","","","","","","","","","","","","","","","","26.36","18.69","9.60","14.93","11.70","-106.78","0.000000","0.000000","",""
"06:37:44.951","GOREV","","","","","","","","","","","","","","","","","","","","","","","","","","","","26.35","18.70","9.81","14.84","12.07","-106.82","0.000000","0.000000","",""
"06:37:45.118","GOREV","","","","","","","","","","","","","","","","","","","","","","","","","","","","26.35","18.69","10.02","14.67","11.82","-106.85","0.000000","0.000000","",""
"06:37:45.283","GOREV","","","","","","","","","","","","","","","","","","","","","","","","","","","","26.34","18.67","10.23","14.62","12.02","-106.89","0.000000","0.000000","",""
"06:37:45.468","GOREV","","","","","","","","","","","","","","","","","","","","","","","","","","","","26.34","18.67","10.44","14.70","11.80","-106.92","0.000000","0.000000","",""
"06:37:45.621","GOREV","","","","","","","","","","","","","","","","","","","","","","","","","","","","26.33","18.67","10.65","14.82","11.77","-106.96","0.000000","0.000000","",""
"06:37:45.784","GOREV","","","","","","","","","","","","","","","","","","","","","","","","","","","","26.32","18.69","10.86","14.73","11.69","-107.00","0.000000","0.000000","",""
"06:37:45.949","GOREV","","","","","","","","","","","","","","","","","","","","","","","","","","","","26.34","18.67","11.07","14.60","11.79","-107.04","0.000000","0.000000","",""
"06:37:46.115","GOREV","","","","","","","","","","","","","","","","","","","","","","","","","","","","26.35","18.66","11.27","14.61","11.83","-107.08","0.000000","0.000000","",""
"06:37:46.302","GOREV","","","","","","","","","","","","","","","","","","","","","","","","","","","","26.34","18.65","11.48","14.56","11.78","-107.11","0.000000","0.000000","",""
"06:37:46.449","GOREV","","","","","","","","","","","","","","","","","","","","","","","","","","","","26.34","18.66","11.69","14.65","11.76","-107.15","0.000000","0.000000","",""
"06:37:46.619","GOREV","","","","","","","","","","","","","","","","","","","","","","","","","","","","26.35","18.67","11.90","14.77","11.85","-107.19","0.000000","0.000000","",""
"06:37:46.817","GOREV","","","","","","","","","","","","","","","","","","","","","","","","","","","","26.35","18.67","12.11","14.63","11.77","-107.22","0.000000","0.000000","",""
"06:37:46.950","GOREV","","","","","","","","","","","","","","","","","","","","","","","","","","","","26.35","18.67","12.32","14.49","11.78","-107.26","0.000000","0.000000","",""
"06:37:47.119","GOREV","","","","","","","","","","","","","","","","","","","","","","","","","","","","26.37","18.68","12.52","14.77","11.93","-107.30","0.000000","0.000000","",""
"06:37:47.284","GOREV","","","","","","","","","","","","","","","","","","","","","","","","","","","","26.38","18.69","12.73","14.64","11.92","-107.34","0.000000","0.000000","",""
"06:37:47.451","GOREV","","","","","","","","","","","","","","","","","","","","","","","","","","","","26.37","18.68","12.93","14.65","11.85","-107.37","0.000000","0.000000","",""
"06:37:47.619","GOREV","","","","","","","","","","","","","","","","","","","","","","","","","","","","26.39","18.69","13.14","14.66","11.92","-107.41","0.000000","0.000000","",""
"06:37:47.794","GOREV","","","","","","","","","","","","","","","","","","","","","","","","","","","","26.37","18.68","13.35","14.76","11.98","-107.45","0.000000","0.000000","",""
"06:37:47.952","GOREV","","","","","","","","","","","","","","","","","","","","","","","","","","","","26.37","18.67","13.56","14.74","11.85","-107.49","0.000000","0.000000","",""
"06:37:48.124","GOREV","","","","","","","","","","","","","","","","","","","","","","","","","","","","26.38","18.68","13.76","14.62","12.02","-107.52","0.000000","0.000000","",""
"06:37:48.285","GOREV","","","","","","","","","","","","","","","","","","","","","","","","","","","","26.36","18.69","13.97","14.75","11.77","-107.56","0.000000","0.000000","",""
"06:37:48.452","GOREV","","","","","","","","","","","","","","","","","","","","","","","","","","","","26.36","18.70","14.18","14.61","11.94","-107.60","0.000000","0.000000","",""
"06:37:48.619","GOREV","","","","","","","","","","","","","","","","","","","","","","","","","","","","26.36","18.72","14.39","14.60","11.76","-107.63","0.000000","0.000000","",""
"06:37:48.787","GOREV","","","","","","","","","","","","","","","","","","","","","","","","","","","","26.36","18.72","14.59","14.81","12.13","-107.67","0.000000","0.000000","",""
"06:37:48.983","GOREV","","","","","","","","","","","","","","","","","","","","","","","","","","","","26.34","18.73","14.80","14.69","11.98","-107.71","0.000000","0.000000","",""
"06:37:49.121","GOREV","","","","","","","","","","","","","","","","","","","","","","","","","","","","26.35","18.73","15.01","14.65","12.03","-107.75","0.000000","0.000000","",""
"06:37:49.291","GOREV","","","","","","","","","","","","","","","","","","","","","","","","","","","","26.33","18.70","15.22","14.66","11.81","-107.78","0.000000","0.000000","",""
"06:37:49.457","GOREV","","","","","","","","","","","","","","","","","","","","","","","","","","","","26.33","18.70","15.43","14.46","11.85","-107.82","0.000000","0.000000","",""
"06:37:49.639","GOREV","","","","","","","","","","","","","","","","","","","","","","","","","","","","26.33","18.68","15.64","14.75","11.83","-107.86","0.000000","0.000000","",""
"06:37:49.788","GOREV","","","","","","","","","","","","","","","","","","","","","","","","","","","","26.34","18.70","15.85","14.78","11.82","-107.90","0.000000","0.000000","",""
"06:37:49.969","GOREV","","","","","","","","","","","","","","","","","","","","","","","","","","","","26.33","18.66","16.06","14.55","11.96","-107.93","0.000000","0.000000","",""
"06:37:50.122","GOREV","","","","","","","","","","","","","","","","","","","","","","","","","","","","26.33","18.66","16.28","14.52","11.87","-107.97","0.000000","0.000000","",""
"06:37:50.288","GOREV","","","","","","","","","","","","","","","","","","","","","","","","","","","","26.35","18.66","16.48","14.73","11.97","-108.00","0.000000","0.000000","",""
"06:37:50.471","GOREV","","","","","","","","","","","","","","","","","","","","","","","","","","","","26.34","18.68","16.69","14.73","11.89","-108.04","0.000000","0.000000","",""
"06:37:50.627","GOREV","","","","","","","","","","","","","","","","","","","","","","","","","","","","26.36","18.70","16.90","14.78","11.74","-108.08","0.000000","0.000000","",""
"06:37:50.795","GOREV","","","","","","","","","","","","","","","","","","","","","","","","","","","","26.36","18.68","17.11","14.67","11.80","-108.12","0.000000","0.000000","",""
"06:37:50.957","GOREV","","","","","","","","","","","","","","","","","","","","","","","","","","","","26.36","18.68","17.31","14.80","12.13","-108.15","0.000000","0.000000","",""
"06:37:51.159","GOREV","","","","","","","","","","","","","","","","","","","","","","","","","","","","26.35","18.68","17.52","14.55","11.86","-108.18","0.000000","0.000000","",""
"06:37:51.291","GOREV","","","","","","","","","","","","","","","","","","","","","","","","","","","","26.37","18.69","17.73","14.71","11.79","-108.22","0.000000","0.000000","",""
"06:37:51.477","GOREV","","","","","","","","","","","","","","","","","","","","","","","","","","","","26.38","18.69","17.94","14.53","11.99","-108.26","0.000000","0.000000","",""
"06:37:51.625","GOREV","","","","","","","","","","","","","","","","","","","","","","","","","","","","26.37","18.70","18.15","14.57","12.02","-108.29","0.000000","0.000000","",""
"06:37:51.799","GOREV","","","","","","","","","","","","","","","","","","","","","","","","","","","","26.35","18.68","18.35","14.60","11.91","-108.33","0.000000","0.000000","",""
"06:37:51.961","GOREV","","","","","","","","","","","","","","","","","","","","","","","","","","","","26.36","18.68","18.56","14.62","11.85","-108.37","0.000000","0.000000","",""
"06:37:52.129","GOREV","","","","","","","","","","","","","","","","","","","","","","","","","","","","26.36","18.68","18.77","14.70","11.90","-108.41","0.000000","0.000000","",""
"06:37:52.297","GOREV","","","","","","","","","","","","","","","","","","","","","","","","","","","","26.36","18.68","18.98","14.64","11.96","-108.45","0.000000","0.000000","",""
"06:37:52.461","GOREV","","","","","","","","","","","","","","","","","","","","","","","","","","","","26.36","18.68","19.19","14.70","11.93","-108.48","0.000000","0.000000","",""
"06:37:52.637","GOREV","","","","","","","","","","","","","","","","","","","","","","","","","","","","26.36","18.69","19.39","14.75","11.79","-108.52","0.000000","0.000000","",""
"06:37:52.794","GOREV","","","","","","","","","","","","","","","","","","","","","","","","","","","","26.36","18.69","19.60","14.56","11.87","-108.56","0.000000","0.000000","",""
"06:37:52.960","GOREV","","","","","","","","","","","","","","","","","","","","","","","","","","","","26.34","18.67","19.81","14.73","11.91","-108.59","0.000000","0.000000","",""
"06:37:53.134","GOREV","","","","","","","","","","","","","","","","","","","","","","","","","","","","26.34","18.68","20.02","14.75","11.98","-108.63","0.000000","0.000000","",""
"06:37:53.303","GOREV","","","","","","","","","","","","","","","","","","","","","","","","","","","","26.34","18.67","20.23","14.65","11.95","-108.67","0.000000","0.000000","",""
"06:37:53.465","GOREV","","","","","","","","","","","","","","","","","","","","","","","","","","","","26.35","18.67","20.43","14.88","11.89","-108.70","0.000000","0.000000","",""
"06:37:53.631","GOREV","","","","","","","","","","","","","","","","","","","","","","","","","","","","26.37","18.70","20.64","14.57","11.92","-108.74","0.000000","0.000000","",""
"06:37:53.795","GOREV","","","","","","","","","","","","","","","","","","","","","","","","","","","","26.36","18.69","20.85","14.54","11.92","-108.78","0.000000","0.000000","",""
"06:37:53.971","GOREV","","","","","","","","","","","","","","","","","","","","","","","","","","","","26.35","18.67","21.06","14.74","11.97","-108.81","0.000000","0.000000","",""
"06:37:54.129","GOREV","","","","","","","","","","","","","","","","","","","","","","","","","","","","26.33","18.65","21.26","14.62","11.78","-108.85","0.000000","0.000000","",""
"06:37:54.301","GOREV","","","","","","","","","","","","","","","","","","","","","","","","","","","","26.34","18.64","21.47","14.72","11.84","-108.89","0.000000","0.000000","",""
"06:37:54.464","GOREV","","","","","","","","","","","","","","","","","","","","","","","","","","","","26.35","18.65","21.68","14.59","11.92","-108.93","0.000000","0.000000","",""
"06:37:54.652","GOREV","","","","","","","","","","","","","","","","","","","","","","","","","","","","26.35","18.63","21.89","14.65","11.97","-108.96","0.000000","0.000000","",""
"06:37:54.964","GOREV","","","","","","","","","","","","","","","","","","","","","","","","","","","","26.34","18.69","22.30","14.64","12.02","-109.03","0.000000","0.000000","",""
"06:37:55.133","GOREV","","","","","","","","","","","","","","","","","","","","","","","","","","","","26.35","18.68","22.51","14.78","11.85","-109.07","0.000000","0.000000","",""
"06:37:55.297","GOREV","","","","","","","","","","","","","","","","","","","","","","","","","","","","26.34","18.69","22.72","14.67","11.81","-109.11","0.000000","0.000000","",""
"06:37:55.485","GOREV","","","","","","","","","","","","","","","","","","","","","","","","","","","","26.34","18.68","22.93","14.76","11.90","-109.15","0.000000","0.000000","",""
"06:37:55.641","GOREV","","","","","","","","","","","","","","","","","","","","","","","","","","","","26.33","18.65","23.13","14.68","11.80","-109.18","0.000000","0.000000","",""
"06:37:55.798","GOREV","","","","","","","","","","","","","","","","","","","","","","","","","","","","26.33","18.67","23.35","14.65","11.78","-109.22","0.000000","0.000000","",""
"06:37:55.965","GOREV","","","","","","","","","","","","","","","","","","","","","","","","","","","","26.36","18.69","23.55","14.59","11.98","-109.26","0.000000","0.000000","",""
"06:37:56.134","GOREV","","","","","","","","","","","","","","","","","","","","","","","","","","","","26.36","18.68","23.76","14.62","11.86","-109.30","0.000000","0.000000","",""
"06:37:56.299","GOREV","","","","","","","","","","","","","","","","","","","","","","","","","","","","26.35","18.68","23.97","14.66","11.62","-109.33","0.000000","0.000000","",""
"06:37:56.468","GOREV","","","","","","","","","","","","","","","","","","","","","","","","","","","","26.34","18.67","24.18","14.77","11.79","-109.37","0.000000","0.000000","",""
"06:37:56.635","GOREV","","","","","","","","","","","","","","","","","","","","","","","","","","","","26.34","18.68","24.39","14.81","11.93","-109.40","0.000000","0.000000","",""
"06:37:56.806","GOREV","","","","","","","","","","","","","","","","","","","","","","","","","","","","26.36","18.69","24.60","14.77","11.89","-109.44","0.000000","0.000000","",""
"06:37:56.993","GOREV","","","","","","","","","","","","","","","","","","","","","","","","","","","","26.36","18.70","24.80","14.69","11.80","-109.48","0.000000","0.000000","",""
"06:37:57.133","GOREV","","","","","","","","","","","","","","","","","","","","","","","","","","","","26.36","18.70","25.01","14.73","11.85","-109.51","0.000000","0.000000","",""
"06:37:57.300","GOREV","","","","","","","","","","","","","","","","","","","","","","","","","","","","26.37","18.71","25.22","14.54","11.75","-109.55","0.000000","0.000000","",""
"06:37:57.472","GOREV","","","","","","","","","","","","","","","","","","","","","","","","","","","","26.35","18.70","25.43","14.65","11.97","-109.59","0.000000","0.000000","",""
"06:37:57.638","GOREV","","","","","","","","","","","","","","","","","","","","","","","","","","","","26.34","18.69","25.64","14.67","11.83","-109.63","0.000000","0.000000","",""
"06:37:57.801","GOREV","","","","","","","","","","","","","","","","","","","","","","","","","","","","26.35","18.71","25.85","14.75","11.91","-109.66","0.000000","0.000000","",""
"06:37:57.968","GOREV","","","","","","","","","","","","","","","","","","","","","","","","","","","","26.35","18.71","26.05","14.66","11.87","-109.70","0.000000","0.000000","",""
"06:37:58.136","GOREV","","","","","","","","","","","","","","","","","","","","","","","","","","","","26.35","18.70","26.26","14.70","11.78","-109.74","0.000000","0.000000","",""
"06:37:58.303","GOREV","","","","","","","","","","","","","","","","","","","","","","","","","","","","26.34","18.71","26.47","14.66","11.77","-109.77","0.000000","0.000000","",""
"06:37:58.481","GOREV","","","","","","","","","","","","","","","","","","","","","","","","","","","","26.34","18.70","26.68","14.65","11.88","-109.81","0.000000","0.000000","",""
"06:37:58.637","GOREV","","","","","","","","","","","","","","","","","","","","","","","","","","","","26.35","18.70","26.88","14.71","11.82","-109.84","0.000000","0.000000","",""
"06:37:58.814","GOREV","","","","","","","","","","","","","","","","","","","","","","","","","","","","26.36","18.70","27.09","14.56","11.86","-109.88","0.000000","0.000000","",""
"06:37:58.984","GOREV","","","","","","","","","","","","","","","","","","","","","","","","","","","","26.34","18.69","27.30","14.79","11.84","-109.92","0.000000","0.000000","",""
"06:37:59.141","GOREV","","","","","","","","","","","","","","","","","","","","","","","","","","","","26.36","18.68","27.51","14.76","11.96","-109.95","0.000000","0.000000","",""
"06:37:59.309","GOREV","","","","","","","","","","","","","","","","","","","","","","","","","","","","26.36","18.66","27.72","14.65","11.77","-109.99","0.000000","0.000000","",""
"06:37:59.471","GOREV","","","","","","","","","","","","","","","","","","","","","","","","","","","","26.35","18.65","27.93","14.64","11.67","-110.03","0.000000","0.000000","",""
"06:37:59.650","GOREV","","","","","","","","","","","","","","","","","","","","","","","","","","","","26.33","18.68","28.14","14.70","11.91","-110.06","0.000000","0.000000","",""
"06:37:59.806","GOREV","","","","","","","","","","","","","","","","","","","","","","","","","","","","26.34","18.69","28.35","14.64","11.60","-110.10","0.000000","0.000000","",""
"06:37:59.985","GOREV","","","","","","","","","","","","","","","","","","","","","","","","","","","","26.33","18.68","28.55","14.55","11.84","-110.14","0.000000","0.000000","",""
"06:38:00.138","GOREV","","","","","","","","","","","","","","","","","","","","","","","","","","","","26.33","18.69","28.76","14.59","11.91","-110.18","0.000000","0.000000","",""
"06:38:00.306","GOREV","","","","","","","","","","","","","","","","","","","","","","","","","","","","26.35","18.67","28.97","14.61","12.08","-110.22","0.000000","0.000000","",""
"06:38:00.476","GOREV","","","","","","","","","","","","","","","","","","","","","","","","","","","","26.37","18.66","29.17","14.60","11.61","-110.25","0.000000","0.000000","",""
"06:38:00.644","GOREV","","","","","","","","","","","","","","","","","","","","","","","","","","","","26.36","18.67","29.38","14.72","11.76","-110.29","0.000000","0.000000","",""
"06:38:00.808","GOREV","","","","","","","","","","","","","","","","","","","","","","","","","","","","26.34","18.66","29.59","14.65","11.92","-110.33","0.000000","0.000000","",""
"06:38:00.976","GOREV","","","","","","","","","","","","","","","","","","","","","","","","","","","","26.33","18.65","29.79","14.73","11.97","-110.37","0.000000","0.000000","",""
"06:38:01.173","GOREV","","","","","","","","","","","","","","","","","","","","","","","","","","","","26.34","18.67","30.00","14.61","11.88","-110.41","0.000000","0.000000","",""
"06:38:01.312","GOREV","","","","","","","","","","","","","","","","","","","","","","","","","","","","26.33","18.66","30.21","14.66","11.89","-110.44","0.000000","0.000000","",""
"06:38:01.475","GOREV","","","","","","","","","","","","","","","","","","","","","","","","","","","","26.34","18.66","30.42","14.65","11.72","-110.48","0.000000","0.000000","",""
"06:38:01.644","GOREV","","","","","","","","","","","","","","","","","","","","","","","","","","","","26.35","18.67","30.63","14.62","11.87","-110.51","0.000000","0.000000","",""
"06:38:01.813","GOREV","","","","","","","","","","","","","","","","","","","","","","","","","","","","26.36","18.67","30.84","14.78","11.86","-110.55","0.000000","0.000000","",""
"06:38:01.990","GOREV","","","","","","","","","","","","","","","","","","","","","","","","","","","","26.34","18.67","31.05","14.73","11.85","-110.58","0.000000","0.000000","",""
"06:38:02.153","GOREV","","","","","","","","","","","","","","","","","","","","","","","","","","","","26.34","18.66","31.25","14.70","11.93","-110.62","0.000000","0.000000","",""
"06:38:02.313","GOREV","","","","","","","","","","","","","","","","","","","","","","","","","","","","26.35","18.68","31.46","14.76","11.89","-110.66","0.000000","0.000000","",""
"06:38:02.476","GOREV","","","","","","","","","","","","","","","","","","","","","","","","","","","","26.35","18.66","31.67","14.68","11.98","-110.70","0.000000","0.000000","",""
"06:38:02.661","GOREV","","","","","","","","","","","","","","","","","","","","","","","","","","","","26.35","18.68","31.88","14.57","11.85","-110.73","0.000000","0.000000","",""
"06:38:02.814","GOREV","","","","","","","","","","","","","","","","","","","","","","","","","","","","26.37","18.69","32.09","14.69","11.85","-110.77","0.000000","0.000000","",""
"06:38:02.989","GOREV","","","","","","","","","","","","","","","","","","","","","","","","","","","","26.35","18.69","32.29","14.68","11.94","-110.81","0.000000","0.000000","",""
"06:38:03.156","GOREV","","","","","","","","","","","","","","","","","","","","","","","","","","","","26.34","18.70","32.50","14.73","12.15","-110.84","0.000000","0.000000","",""
"06:38:03.311","GOREV","","","","","","","","","","","","","","","","","","","","","","","","","","","","26.33","18.70","32.71","14.63","12.06","-110.88","0.000000","0.000000","",""
"06:38:03.495","GOREV","","","","","","","","","","","","","","","","","","","","","","","","","","","","26.34","18.69","32.92","14.76","11.96","-110.91","0.000000","0.000000","",""
"06:38:03.670","GOREV","","","","","","","","","","","","","","","","","","","","","","","","","","","","26.35","18.67","33.13","14.56","11.84","-110.95","0.000000","0.000000","",""
"06:38:03.812","GOREV","","","","","","","","","","","","","","","","","","","","","","","","","","","","26.35","18.68","33.33","14.86","12.11","-110.99","0.000000","0.000000","",""
"06:38:03.984","GOREV","","","","","","","","","","","","","","","","","","","","","","","","","","","","26.35","18.65","33.54","14.52","11.89","-111.03","0.000000","0.000000","",""
"06:38:04.163","GOREV","","","","","","","","","","","","","","","","","","","","","","","","","","","","26.33","18.66","33.75","14.60","11.98","-111.06","0.000000","0.000000","",""
"06:38:04.319","GOREV","","","","","","","","","","","","","","","","","","","","","","","","","","","","26.34","18.67","33.96","14.62","11.93","-111.10","0.000000","0.000000","",""
"06:38:04.480","GOREV","","","","","","","","","","","","","","","","","","","","","","","","","","","","26.33","18.67","34.17","14.85","11.95","-111.14","0.000000","0.000000","",""
"06:38:04.647","GOREV","","","","","","","","","","","","","","","","","","","","","","","","","","","","26.33","18.68","34.38","14.60","11.88","-111.17","0.000000","0.000000","",""
"06:38:04.828","GOREV","","","","","","","","","","","","","","","","","","","","","","","","","","","","26.35","18.69","34.58","14.65","11.86","-111.21","0.000000","0.000000","",""
"06:38:04.981","GOREV","","","","","","","","","","","","","","","","","","","","","","","","","","","","26.35","18.68","34.79","14.67","12.04","-111.25","0.000000","0.000000","",""
"06:38:05.167","GOREV","","","","","","","","","","","","","","","","","","","","","","","","","","","","26.34","18.70","35.00","14.82","11.82","-111.28","0.000000","0.000000","",""
"06:38:05.327","GOREV","","","","","","","","","","","","","","","","","","","","","","","","","","","","26.33","18.68","35.20","14.73","12.13","-111.32","0.000000","0.000000","",""
"06:38:05.483","GOREV","","","","","","","","","","","","","","","","","","","","","","","","","","","","26.32","18.68","35.41","14.47","11.83","-111.36","0.000000","0.000000","",""
"06:38:05.656","GOREV","","","","","","","","","","","","","","","","","","","","","","","","","","","","26.34","18.70","35.62","14.71","11.71","-111.39","0.000000","0.000000","",""
"06:38:05.815","GOREV","","","","","","","","","","","","","","","","","","","","","","","","","","","","26.35","18.68","35.83","14.77","11.87","-111.43","0.000000","0.000000","",""
"06:38:05.981","GOREV","","","","","","","","","","","","","","","","","","","","","","","","","","","","26.34","18.66","36.05","14.61","11.83","-111.47","0.000000","0.000000","",""
"06:38:06.172","GOREV","","","","","","","","","","","","","","","","","","","","","","","","","","","","26.34","18.66","36.26","14.77","11.93","-111.51","0.000000","0.000000","",""
"06:38:06.315","GOREV","","","","","","","","","","","","","","","","","","","","","","","","","","","","26.35","18.67","36.47","14.67","11.95","-111.54","0.000000","0.000000","",""
"06:38:06.494","GOREV","","","","","","","","","","","","","","","","","","","","","","","","","","","","26.37","18.69","36.68","14.82","11.86","-111.58","0.000000","0.000000","",""
"06:38:06.653","GOREV","","","","","","","","","","","","","","","","","","","","","","","","","","","","26.37","18.69","36.88","14.59","11.72","-111.62","0.000000","0.000000","",""
"06:38:06.817","GOREV","","","","","","","","","","","","","","","","","","","","","","","","","","","","26.37","18.69","37.09","14.68","11.93","-111.66","0.000000","0.000000","",""
"06:38:07.005","GOREV","","","","","","","","","","","","","","","","","","","","","","","","","","","","26.36","18.69","37.30","14.74","11.91","-111.70","0.000000","0.000000","",""
"06:38:07.150","GOREV","","","","","","","","","","","","","","","","","","","","","","","","","","","","26.32","18.70","37.51","14.69","11.83","-111.73","0.000000","0.000000","",""
"06:38:07.319","GOREV","","","","","","","","","","","","","","","","","","","","","","","","","","","","26.32","18.67","37.72","14.72","11.80","-111.77","0.000000","0.000000","",""
"06:38:07.485","GOREV","","","","","","","","","","","","","","","","","","","","","","","","","","","","26.34","18.68","37.93","14.68","11.92","-111.80","0.000000","0.000000","",""
"06:38:07.652","GOREV","","","","","","","","","","","","","","","","","","","","","","","","","","","","26.34","18.65","38.14","14.62","11.77","-111.84","0.000000","0.000000","",""
"06:38:07.849","GOREV","","","","","","","","","","","","","","","","","","","","","","","","","","","","26.35","18.67","38.34","14.69","11.90","-111.88","0.000000","0.000000","",""
"06:38:07.995","GOREV","","","","","","","","","","","","","","","","","","","","","","","","","","","","26.35","18.69","38.55","14.57","11.92","-111.92","0.000000","0.000000","",""
"06:38:08.152","GOREV","","","","","","","","","","","","","","","","","","","","","","","","","","","","26.35","18.71","38.76","14.65","11.96","-111.95","0.000000","0.000000","",""
"06:38:08.319","GOREV","","","","","","","","","","","","","","","","","","","","","","","","","","","","26.34","18.70","38.97","14.75","11.93","-111.99","0.000000","0.000000","",""
"06:38:08.500","GOREV","","","","","","","","","","","","","","","","","","","","","","","","","","","","26.33","18.70","39.19","14.71","11.80","-112.03","0.000000","0.000000","",""
"06:38:08.677","GOREV","","","","","","","","","","","","","","","","","","","","","","","","","","","","26.32","18.69","39.39","14.84","11.95","-112.06","0.000000","0.000000","",""
"06:38:08.820","GOREV","","","","","","","","","","","","","","","","","","","","","","","","","","","","26.32","18.66","39.60","14.52","11.91","-112.10","0.000000","0.000000","",""
"06:38:08.987","GOREV","","","","","","","","","","","","","","","","","","","","","","","","","","","","26.31","18.66","39.81","14.52","11.98","-112.14","0.000000","0.000000","",""
"06:38:09.157","GOREV","","","","","","","","","","","","","","","","","","","","","","","","","","","","26.31","18.66","40.02","14.74","11.85","-112.18","0.000000","0.000000","",""
"06:38:09.325","GOREV","","","","","","","","","","","","","","","","","","","","","","","","","","","","26.33","18.68","40.23","14.70","11.81","-112.22","0.000000","0.000000","",""
"06:38:09.491","GOREV","","","","","","","","","","","","","","","","","","","","","","","","","","","","26.34","18.67","40.44","14.63","11.81","-112.25","0.000000","0.000000","",""
"06:38:09.654","GOREV","","","","","","","","","","","","","","","","","","","","","","","","","","","","26.34","18.69","40.65","14.79","12.10","-112.29","0.000000","0.000000","",""
"06:38:09.822","GOREV","","","","","","","","","","","","","","","","","","","","","","","","","","","","26.34","18.68","40.85","14.72","11.85","-112.33","0.000000","0.000000","",""
"06:38:09.989","GOREV","","","","","","","","","","","","","","","","","","","","","","","","","","","","26.33","18.67","41.06","14.63","11.96","-112.36","0.000000","0.000000","",""
"06:38:10.154","GOREV","","","","","","","","","","","","","","","","","","","","","","","","","","","","26.32","18.70","41.27","14.81","11.76","-112.39","0.000000","0.000000","",""
"06:38:10.326","GOREV","","","","","","","","","","","","","","","","","","","","","","","","","","","","26.32","18.70","41.48","14.67","11.78","-112.43","0.000000","0.000000","",""
"06:38:10.488","GOREV","","","","","","","","","","","","","","","","","","","","","","","","","","","","26.32","18.71","41.69","14.71","11.82","-112.46","0.000000","0.000000","",""
"06:38:10.657","GOREV","","","","","","","","","","","","","","","","","","","","","","","","","","","","26.33","18.70","41.89","14.79","11.97","-112.50","0.000000","0.000000","",""
"06:38:10.846","GOREV","","","","","","","","","","","","","","","","","","","","","","","","","","","","26.33","18.69","42.10","14.69","11.93","-112.54","0.000000","0.000000","",""
"06:38:10.990","GOREV","","","","","","","","","","","","","","","","","","","","","","","","","","","","26.34","18.68","42.31","14.73","11.89","-112.57","0.000000","0.000000","",""
"06:38:11.159","GOREV","","","","","","","","","","","","","","","","","","","","","","","","","","","","26.35","18.67","42.52","14.52","11.89","-112.61","0.000000","0.000000","",""
"06:38:11.330","GOREV","","","","","","","","","","","","","","","","","","","","","","","","","","","","26.35","18.66","42.73","14.71","11.90","-112.65","0.000000","0.000000","",""
"06:38:11.490","GOREV","","","","","","","","","","","","","","","","","","","","","","","","","","","","26.36","18.68","42.94","14.82","11.68","-112.68","0.000000","0.000000","",""
"06:38:11.657","GOREV","","","","","","","","","","","","","","","","","","","","","","","","","","","","26.36","18.69","43.14","14.67","12.01","-112.72","0.000000","0.000000","",""
"06:38:11.823","GOREV","","","","","","","","","","","","","","","","","","","","","","","","","","","","26.38","18.68","43.35","14.66","11.86","-112.75","0.000000","0.000000","",""
"06:38:11.994","GOREV","","","","","","","","","","","","","","","","","","","","","","","","","","","","26.35","18.66","43.56","14.63","11.84","-112.79","0.000000","0.000000","",""
"06:38:12.171","GOREV","","","","","","","","","","","","","","","","","","","","","","","","","","","","26.34","18.67","43.76","14.73","11.90","-112.82","0.000000","0.000000","",""
"06:38:12.332","GOREV","","","","","","","","","","","","","","","","","","","","","","","","","","","","26.36","18.68","43.97","14.76","11.88","-112.86","0.000000","0.000000","",""
"06:38:12.491","GOREV","","","","","","","","","","","","","","","","","","","","","","","","","","","","26.37","18.68","44.18","14.61","11.96","-112.90","0.000000","0.000000","",""
"06:38:12.662","GOREV","","","","","","","","","","","","","","","","","","","","","","","","","","","","26.36","18.69","44.39","14.67","11.86","-112.93","0.000000","0.000000","",""
"06:38:12.829","GOREV","","","","","","","","","","","","","","","","","","","","","","","","","","","","26.34","18.69","44.60","14.81","11.84","-112.97","0.000000","0.000000","",""
"06:38:12.996","GOREV","","","","","","","","","","","","","","","","","","","","","","","","","","","","26.33","18.72","44.80","14.66","11.96","-113.01","0.000000","0.000000","",""
"06:38:13.162","GOREV","","","","","","","","","","","","","","","","","","","","","","","","","","","","26.32","18.70","45.01","14.77","11.69","-113.04","0.000000","0.000000","",""
"06:38:13.326","GOREV","","","","","","","","","","","","","","","","","","","","","","","","","","","","26.34","18.70","45.22","14.80","11.92","-113.08","0.000000","0.000000","",""
"06:38:13.495","GOREV","","","","","","","","","","","","","","","","","","","","","","","","","","","","26.33","18.71","45.43","14.63","11.92","-113.12","0.000000","0.000000","",""
"06:38:13.666","GOREV","","","","","","","","","","","","","","","","","","","","","","","","","","","","26.34","18.70","45.64","14.57","11.78","-113.15","0.000000","0.000000","",""
"06:38:13.835","GOREV","","","","","","","","","","","","","","","","","","","","","","","","","","","","26.32","18.68","45.85","14.72","11.86","-113.19","0.000000","0.000000","",""
"06:38:13.996","GOREV","","","","","","","","","","","","","","","","","","","","","","","","","","","","26.32","18.68","46.06","14.66","11.98","-113.23","0.000000","0.000000","",""
"06:38:14.167","GOREV","","","","","","","","","","","","","","","","","","","","","","","","","","","","26.33","18.67","46.26","14.50","11.80","-113.26","0.000000","0.000000","",""
"06:38:14.332","GOREV","","","","","","","","","","","","","","","","","","","","","","","","","","","","26.34","18.70","46.47","14.68","11.95","-113.30","0.000000","0.000000","",""
"06:38:14.499","GOREV","","","","","","","","","","","","","","","","","","","","","","","","","","","","26.33","18.69","46.68","14.75","11.77","-113.33","0.000000","0.000000","",""
"06:38:14.665","GOREV","","","","","","","","","","","","","","","","","","","","","","","","","","","","26.33","18.69","46.89","14.67","11.70","-113.37","0.000000","0.000000","",""
"06:38:14.838","GOREV","","","","","","","","","","","","","","","","","","","","","","","","","","","","26.33","18.69","47.10","14.68","11.89","-113.41","0.000000","0.000000","",""
"06:38:14.996","GOREV","","","","","","","","","","","","","","","","","","","","","","","","","","","","26.34","18.70","47.31","14.70","11.91","-113.44","0.000000","0.000000","",""
"06:38:15.166","GOREV","","","","","","","","","","","","","","","","","","","","","","","","","","","","26.36","18.70","47.52","14.63","11.97","-113.48","0.000000","0.000000","",""
"06:38:15.332","GOREV","","","","","","","","","","","","","","","","","","","","","","","","","","","","26.36","18.70","47.73","14.75","11.83","-113.52","0.000000","0.000000","",""
"06:38:15.498","GOREV","","","","","","","","","","","","","","","","","","","","","","","","","","","","26.34","18.69","47.94","14.80","11.97","-113.55","0.000000","0.000000","",""
"06:38:15.665","GOREV","","","","","","","","","","","","","","","","","","","","","","","","","","","","26.34","18.68","48.14","14.83","11.93","-113.59","0.000000","0.000000","",""
"06:38:15.889","GOREV","","","","","","","","","","","","","","","","","","","","","","","","","","","","26.35","18.69","48.35","14.59","11.98","-113.63","0.000000","0.000000","",""
"06:38:16.007","GOREV","","","","","","","","","","","","","","","","","","","","","","","","","","","","26.33","18.67","48.56","14.79","11.84","-113.67","0.000000","0.000000","",""
"06:38:16.165","GOREV","","","","","","","","","","","","","","","","","","","","","","","","","","","","26.33","18.67","48.77","14.67","11.97","-113.70","0.000000","0.000000","",""
"06:38:16.335","GOREV","","","","","","","","","","","","","","","","","","","","","","","","","","","","26.33","18.70","48.98","14.74","11.94","-113.74","0.000000","0.000000","",""
"06:38:16.501","GOREV","","","","","","","","","","","","","","","","","","","","","","","","","","","","26.35","18.72","49.19","14.70","11.92","-113.77","0.000000","0.000000","",""
"06:38:16.667","GOREV","","","","","","","","","","","","","","","","","","","","","","","","","","","","26.34","18.72","49.39","14.74","12.00","-113.81","0.000000","0.000000","",""
"06:38:16.831","GOREV","","","","","","","","","","","","","","","","","","","","","","","","","","","","26.37","18.71","49.60","14.72","11.80","-113.85","0.000000","0.000000","",""
"06:38:17.011","GOREV","","","","","","","","","","","","","","","","","","","","","","","","","","","","26.37","18.71","49.81","14.60","11.98","-113.89","0.000000","0.000000","",""
"06:38:17.179","GOREV","","","","","","","","","","","","","","","","","","","","","","","","","","","","26.36","18.72","50.02","14.64","12.01","-113.92","0.000000","0.000000","",""
"06:38:17.346","GOREV","","","","","","","","","","","","","","","","","","","","","","","","","","","","26.35","18.70","50.23","14.68","12.03","-113.96","0.000000","0.000000","",""
"06:38:17.499","GOREV","","","","","","","","","","","","","","","","","","","","","","","","","","","","26.33","18.68","50.43","14.74","11.94","-113.99","0.000000","0.000000","",""
"06:38:17.666","GOREV","","","","","","","","","","","","","","","","","","","","","","","","","","","","26.35","18.69","50.64","14.65","12.01","-114.03","0.000000","0.000000","",""
"06:38:17.838","GOREV","","","","","","","","","","","","","","","","","","","","","","","","","","","","26.35","18.70","50.85","14.65","11.94","-114.07","0.000000","0.000000","",""
"06:38:18.008","GOREV","","","","","","","","","","","","","","","","","","","","","","","","","","","","26.34","18.71","51.06","14.73","11.89","-114.10","0.000000","0.000000","",""
"06:38:18.168","GOREV","","","","","","","","","","","","","","","","","","","","","","","","","","","","26.35","18.71","51.27","14.67","12.11","-114.14","0.000000","0.000000","",""
"06:38:18.334","GOREV","","","","","","","","","","","","","","","","","","","","","","","","","","","","26.33","18.71","51.48","14.70","11.75","-114.18","0.000000","0.000000","",""
"06:38:18.503","GOREV","","","","","","","","","","","","","","","","","","","","","","","","","","","","26.33","18.71","51.69","14.76","11.74","-114.22","0.000000","0.000000","",""
"06:38:18.692","GOREV","","","","","","","","","","","","","","","","","","","","","","","","","","","","26.32","18.68","51.90","14.61","11.95","-114.25","0.000000","0.000000","",""
"06:38:18.836","GOREV","","","","","","","","","","","","","","","","","","","","","","","","","","","","26.34","18.68","52.11","14.64","11.81","-114.29","0.000000","0.000000","",""
"06:38:19.002","GOREV","","","","","","","","","","","","","","","","","","","","","","","","","","","","26.35","18.67","52.31","14.56","11.90","-114.33","0.000000","0.000000","",""
"06:38:19.173","GOREV","","","","","","","","","","","","","","","","","","","","","","","","","","","","26.36","18.69","52.52","14.68","12.04","-114.36","0.000000","0.000000","",""
"06:38:19.345","GOREV","","","","","","","","","","","","","","","","","","","","","","","","","","","","26.35","18.70","52.73","14.73","11.91","-114.40","0.000000","0.000000","",""
"06:38:19.515","GOREV","","","","","","","","","","","","","","","","","","","","","","","","","","","","26.35","18.70","52.94","14.54","11.89","-114.44","0.000000","0.000000","",""
"06:38:19.673","GOREV","","","","","","","","","","","","","","","","","","","","","","","","","","","","26.31","18.73","53.15","14.58","11.83","-114.47","0.000000","0.000000","",""
"06:38:19.837","GOREV","","","","","","","","","","","","","","","","","","","","","","","","","","","","26.31","18.70","53.36","14.79","11.81","-114.51","0.000000","0.000000","",""
"06:38:20.007","GOREV","","","","","","","","","","","","","","","","","","","","","","","","","","","","26.33","18.69","53.57","14.75","11.81","-114.54","0.000000","0.000000","",""
"06:38:20.171","GOREV","","","","","","","","","","","","","","","","","","","","","","","","","","","","26.32","18.67","53.77","14.52","11.84","-114.58","0.000000","0.000000","",""
"06:38:20.338","GOREV","","","","","","","","","","","","","","","","","","","","","","","","","","","","26.34","18.67","53.98","14.76","11.97","-114.62","0.000000","0.000000","",""
"06:38:20.509","GOREV","","","","","","","","","","","","","","","","","","","","","","","","","","","","26.36","18.67","54.19","14.73","11.79","-114.65","0.000000","0.000000","",""
"06:38:20.690","GOREV","","","","","","","","","","","","","","","","","","","","","","","","","","","","26.35","18.66","54.40","14.75","11.83","-114.69","0.000000","0.000000","",""
"06:38:20.850","GOREV","","","","","","","","","","","","","","","","","","","","","","","","","","","","26.36","18.65","54.61","14.75","11.97","-114.73","0.000000","0.000000","",""
"06:38:21.018","GOREV","","","","","","","","","","","","","","","","","","","","","","","","","","","","26.35","18.67","54.82","14.48","11.90","-114.76","0.000000","0.000000","",""
"06:38:21.176","GOREV","","","","","","","","","","","","","","","","","","","","","","","","","","","","26.33","18.66","55.03","14.66","12.01","-114.80","0.000000","0.000000","",""
"06:38:21.349","GOREV","","","","","","","","","","","","","","","","","","","","","","","","","","","","26.35","18.65","55.24","14.62","11.92","-114.84","0.000000","0.000000","",""
"06:38:21.506","GOREV","","","","","","","","","","","","","","","","","","","","","","","","","","","","26.33","18.66","55.44","14.70","11.88","-114.87","0.000000","0.000000","",""
"06:38:21.672","GOREV","","","","","","","","","","","","","","","","","","","","","","","","","","","","26.35","18.66","55.65","14.68","11.87","-114.91","0.000000","0.000000","",""
"06:38:21.848","GOREV","","","","","","","","","","","","","","","","","","","","","","","","","","","","26.34","18.67","55.86","14.73","11.90","-114.94","0.000000","0.000000","",""
"06:38:22.007","GOREV","","","","","","","","","","","","","","","","","","","","","","","","","","","","26.33","18.70","56.07","14.84","12.03","-114.98","0.000000","0.000000","",""
"06:38:22.188","GOREV","","","","","","","","","","","","","","","","","","","","","","","","","","","","26.31","18.69","56.28","14.74","11.85","-115.01","0.000000","0.000000","",""
"06:38:22.377","GOREV","","","","","","","","","","","","","","","","","","","","","","","","","","","","26.31","18.69","56.49","14.78","11.90","-115.05","0.000000","0.000000","",""
"06:38:22.509","GOREV","","","","","","","","","","","","","","","","","","","","","","","","","","","","26.32","18.70","56.70","14.57","11.91","-115.09","0.000000","0.000000","",""
"06:38:22.676","GOREV","","","","","","","","","","","","","","","","","","","","","","","","","","","","26.31","18.67","56.91","14.63","11.90","-115.12","0.000000","0.000000","",""
"06:38:22.881","GOREV","","","","","","","","","","","","","","","","","","","","","","","","","","","","26.33","18.68","57.12","14.64","11.88","-115.16","0.000000","0.000000","",""
"06:38:23.028","GOREV","","","","","","","","","","","","","","","","","","","","","","","","","","","","26.33","18.69","57.33","14.69","11.83","-115.20","0.000000","0.000000","",""
"06:38:23.176","GOREV","","","","","","","","","","","","","","","","","","","","","","","","","","","","26.34","18.68","57.53","14.75","11.84","-115.23","0.000000","0.000000","",""
"06:38:23.381","GOREV","","","","","","","","","","","","","","","","","","","","","","","","","","","","26.35","18.67","57.74","14.74","11.86","-115.27","0.000000","0.000000","",""
"06:38:23.521","GOREV","","","","","","","","","","","","","","","","","","","","","","","","","","","","26.35","18.68","57.95","14.50","11.91","-115.31","0.000000","0.000000","",""
"06:38:23.677","GOREV","","","","","","","","","","","","","","","","","","","","","","","","","","","","26.33","18.68","58.16","14.68","12.14","-115.34","0.000000","0.000000","",""
"06:38:23.851","GOREV","","","","","","","","","","","","","","","","","","","","","","","","","","","","26.33","18.69","58.37","14.66","11.87","-115.38","0.000000","0.000000","",""
"06:38:24.011","GOREV","","","","","","","","","","","","","","","","","","","","","","","","","","","","26.33","18.70","58.58","14.72","11.82","-115.41","0.000000","0.000000","",""
"06:38:24.183","GOREV","","","","","","","","","","","","","","","","","","","","","","","","","","","","26.31","18.67","58.79","14.77","11.82","-115.45","0.000000","0.000000","",""
"06:38:24.353","GOREV","","","","","","","","","","","","","","","","","","","","","","","","","","","","26.30","18.67","59.00","14.68","11.81","-115.49","0.000000","0.000000","",""
"06:38:24.511","GOREV","","","","","","","","","","","","","","","","","","","","","","","","","","","","26.33","18.68","59.20","14.71","11.90","-115.52","0.000000","0.000000","",""
"06:38:24.679","GOREV","","","","","","","","","","","","","","","","","","","","","","","","","","","","26.35","18.68","59.41","14.73","11.94","-115.56","0.000000","0.000000","",""
"06:38:24.846","GOREV","","","","","","","","","","","","","","","","","","","","","","","","","","","","26.36","18.68","59.62","14.69","11.79","-115.59","0.000000","0.000000","",""
"06:38:25.021","GOREV","","","","","","","","","","","","","","","","","","","","","","","","","","","","26.36","18.69","59.83","14.76","11.80","-115.63","0.000000","0.000000","",""
"06:38:25.179","GOREV","","","","","","","","","","","","","","","","","","","","","","","","","","","","26.36","18.69","60.04","14.78","11.92","-115.67","0.000000","0.000000","",""
"06:38:25.349","GOREV","","","","","","","","","","","","","","","","","","","","","","","","","","","","26.36","18.66","60.24","14.85","11.70","-115.70","0.000000","0.000000","",""
"06:38:25.516","GOREV","","","","","","","","","","","","","","","","","","","","","","","","","","","","26.37","18.68","60.45","14.70","11.93","-115.74","0.000000","0.000000","",""
"06:38:25.683","GOREV","","","","","","","","","","","","","","","","","","","","","","","","","","","","26.36","18.68","60.66","14.44","11.75","-115.77","0.000000","0.000000","",""
"06:38:25.846","GOREV","","","","","","","","","","","","","","","","","","","","","","","","","","","","26.34","18.68","60.87","14.78","11.95","-115.81","0.000000","0.000000","",""
"06:38:26.032","GOREV","","","","","","","","","","","","","","","","","","","","","","","","","","","","26.35","18.69","61.08","14.65","11.87","-115.85","0.000000","0.000000","",""
"06:38:26.214","GOREV","","","","","","","","","","","","","","","","","","","","","","","","","","","","26.33","18.69","61.29","14.60","11.81","-115.88","0.000000","0.000000","",""
"06:38:26.349","GOREV","","","","","","","","","","","","","","","","","","","","","","","","","","","","26.35","18.70","61.50","14.64","11.86","-115.92","0.000000","0.000000","",""
"06:38:26.514","GOREV","","","","","","","","","","","","","","","","","","","","","","","","","","","","26.36","18.68","61.71","14.68","11.95","-115.96","0.000000","0.000000","",""
"06:38:26.681","GOREV","","","","","","","","","","","","","","","","","","","","","","","","","","","","26.36","18.70","61.92","14.70","11.78","-115.99","0.000000","0.000000","",""
"06:38:26.863","GOREV","","","","","","","","","","","","","","","","","","","","","","","","","","","","26.34","18.68","62.13","14.64","11.97","-116.03","0.000000","0.000000","",""
"06:38:27.016","GOREV","","","","","","","","","","","","","","","","","","","","","","","","","","","","26.34","18.67","62.34","14.53","11.75","-116.06","0.000000","0.000000","",""
"06:38:27.187","GOREV","","","","","","","","","","","","","","","","","","","","","","","","","","","","26.32","18.67","62.55","14.80","12.02","-116.10","0.000000","0.000000","",""
"06:38:27.348","GOREV","","","","","","","","","","","","","","","","","","","","","","","","","","","","26.34","18.70","62.76","14.65","12.01","-116.14","0.000000","0.000000","",""
"06:38:27.535","GOREV","","","","","","","","","","","","","","","","","","","","","","","","","","","","26.34","18.69","62.96","14.70","11.75","-116.18","0.000000","0.000000","",""
"06:38:27.688","GOREV","","","","","","","","","","","","","","","","","","","","","","","","","","","","26.33","18.72","63.18","14.59","11.89","-116.21","0.000000","0.000000","",""
"06:38:27.855","GOREV","","","","","","","","","","","","","","","","","","","","","","","","","","","","26.33","18.73","63.38","14.68","11.91","-116.25","0.000000","0.000000","",""
"06:38:28.017","GOREV","","","","","","","","","","","","","","","","","","","","","","","","","","","","26.33","18.74","63.59","14.67","11.88","-116.29","0.000000","0.000000","",""
"06:38:28.184","GOREV","","","","","","","","","","","","","","","","","","","","","","","","","","","","26.34","18.71","63.80","14.89","11.75","-116.32","0.000000","0.000000","",""
"06:38:28.375","GOREV","","","","","","","","","","","","","","","","","","","","","","","","","","","","26.33","18.70","64.01","14.57","11.66","-116.36","0.000000","0.000000","",""
"06:38:28.517","GOREV","","","","","","","","","","","","","","","","","","","","","","","","","","","","26.36","18.71","64.22","14.64","11.73","-116.40","0.000000","0.000000","",""
"06:38:28.686","GOREV","","","","","","","","","","","","","","","","","","","","","","","","","","","","26.37","18.71","64.43","14.78","11.84","-116.43","0.000000","0.000000","",""
"06:38:28.851","GOREV","","","","","","","","","","","","","","","","","","","","","","","","","","","","26.36","18.68","64.64","14.65","11.82","-116.47","0.000000","0.000000","",""
"06:38:29.028","GOREV","","","","","","","","","","","","","","","","","","","","","","","","","","","","26.35","18.70","64.85","14.61","11.85","-116.50","0.000000","0.000000","",""
"06:38:29.210","GOREV","","","","","","","","","","","","","","","","","","","","","","","","","","","","26.34","18.70","65.06","14.66","11.77","-116.54","0.000000","0.000000","",""
"06:38:29.363","GOREV","","","","","","","","","","","","","","","","","","","","","","","","","","","","26.36","18.70","65.27","14.74","11.81","-116.58","0.000000","0.000000","",""
"06:38:29.524","GOREV","","","","","","","","","","","","","","","","","","","","","","","","","","","","26.34","18.69","65.47","14.72","11.91","-116.61","0.000000","0.000000","",""
"06:38:29.687","GOREV","","","","","","","","","","","","","","","","","","","","","","","","","","","","26.34","18.70","65.68","14.67","11.87","-116.65","0.000000","0.000000","",""
"06:38:29.854","GOREV","","","","","","","","","","","","","","","","","","","","","","","","","","","","26.34","18.71","65.89","14.85","11.97","-116.69","0.000000","0.000000","",""
"06:38:30.020","GOREV","","","","","","","","","","","","","","","","","","","","","","","","","","","","26.35","18.69","66.10","14.53","11.87","-116.73","0.000000","0.000000","",""
"06:38:30.199","GOREV","","","","","","","","","","","","","","","","","","","","","","","","","","","","26.37","18.71","66.31","14.61","11.79","-116.76","0.000000","0.000000","",""
"06:38:30.353","GOREV","","","","","","","","","","","","","","","","","","","","","","","","","","","","26.36","18.71","66.52","14.59","11.77","-116.80","0.000000","0.000000","",""
"06:38:30.521","GOREV","","","","","","","","","","","","","","","","","","","","","","","","","","","","26.36","18.68","66.72","14.57","11.89","-116.84","0.000000","0.000000","",""
"06:38:30.693","GOREV","","","","","","","","","","","","","","","","","","","","","","","","","","","","26.37","18.69","66.93","14.56","11.81","-116.87","0.000000","0.000000","",""
"06:38:30.856","GOREV","","","","","","","","","","","","","","","","","","","","","","","","","","","","26.35","18.71","67.15","14.65","11.92","-116.91","0.000000","0.000000","",""
"06:38:31.022","GOREV","","","","","","","","","","","","","","","","","","","","","","","","","","","","26.35","18.71","67.36","14.86","11.98","-116.94","0.000000","0.000000","",""
"06:38:31.206","GOREV","","","","","","","","","","","","","","","","","","","","","","","","","","","","26.36","18.69","67.56","14.63","11.89","-116.98","0.000000","0.000000","",""
"06:38:31.372","GOREV","","","","","","","","","","","","","","","","","","","","","","","","","","","","26.34","18.69","67.78","14.60","12.01","-117.02","0.000000","0.000000","",""
"06:38:31.521","GOREV","","","","","","","","","","","","","","","","","","","","","","","","","","","","26.34","18.67","67.98","14.58","12.00","-117.06","0.000000","0.000000","",""
"06:38:31.689","GOREV","","","","","","","","","","","","","","","","","","","","","","","","","","","","26.35","18.67","68.19","14.56","11.96","-117.10","0.000000","0.000000","",""
"06:38:31.857","GOREV","","","","","","","","","","","","","","","","","","","","","","","","","","","","26.33","18.67","68.40","14.59","11.86","-117.13","0.000000","0.000000","",""
"06:38:32.028","GOREV","","","","","","","","","","","","","","","","","","","","","","","","","","","","26.33","18.68","68.61","14.69","11.92","-117.17","0.000000","0.000000","",""
"06:38:32.194","GOREV","","","","","","","","","","","","","","","","","","","","","","","","","","","","26.34","18.68","68.82","14.69","12.05","-117.20","0.000000","0.000000","",""
"06:38:32.359","GOREV","","","","","","","","","","","","","","","","","","","","","","","","","","","","26.35","18.69","69.03","14.58","12.00","-117.24","0.000000","0.000000","",""
"06:38:32.524","GOREV","","","","","","","","","","","","","","","","","","","","","","","","","","","","26.34","18.68","69.24","14.75","11.73","-117.27","0.000000","0.000000","",""
"06:38:32.709","GOREV","","","","","","","","","","","","","","","","","","","","","","","","","","","","26.33","18.69","69.45","14.71","12.03","-117.31","0.000000","0.000000","",""
"06:38:32.857","GOREV","","","","","","","","","","","","","","","","","","","","","","","","","","","","26.35","18.67","69.66","14.71","11.93","-117.35","0.000000","0.000000","",""
"06:38:33.039","GOREV","","","","","","","","","","","","","","","","","","","","","","","","","","","","26.33","18.67","69.87","14.65","11.92","-117.39","0.000000","0.000000","",""
"06:38:33.203","GOREV","","","","","","","","","","","","","","","","","","","","","","","","","","","","26.34","18.67","70.07","14.73","11.94","-117.42","0.000000","0.000000","",""
"06:38:33.358","GOREV","","","","","","","","","","","","","","","","","","","","","","","","","","","","26.36","18.68","70.28","14.57","11.94","-117.46","0.000000","0.000000","",""
"06:38:33.531","GOREV","","","","","","","","","","","","","","","","","","","","","","","","","","","","26.34","18.68","70.49","14.70","11.92","-117.50","0.000000","0.000000","",""
"06:38:33.695","GOREV","","","","","","","","","","","","","","","","","","","","","","","","","","","","26.33","18.67","70.70","14.66","11.82","-117.54","0.000000","0.000000","",""
"06:38:33.859","GOREV","","","","","","","","","","","","","","","","","","","","","","","","","","","","26.35","18.67","70.91","14.72","11.80","-117.57","0.000000","0.000000","",""
"06:38:34.027","GOREV","","","","","","","","","","","","","","","","","","","","","","","","","","","","26.32","18.69","71.12","14.67","11.81","-117.61","0.000000","0.000000","",""
"06:38:34.197","GOREV","","","","","","","","","","","","","","","","","","","","","","","","","","","","26.33","18.69","71.33","14.67","12.04","-117.64","0.000000","0.000000","",""
"06:38:34.371","GOREV","","","","","","","","","","","","","","","","","","","","","","","","","","","","26.35","18.69","71.54","14.71","12.01","-117.68","0.000000","0.000000","",""
"06:38:34.527","GOREV","","","","","","","","","","","","","","","","","","","","","","","","","","","","26.33","18.71","71.75","14.68","11.99","-117.72","0.000000","0.000000","",""
"06:38:34.695","GOREV","","","","","","","","","","","","","","","","","","","","","","","","","","","","26.33","18.71","71.96","14.72","11.86","-117.76","0.000000","0.000000","",""
"06:38:34.882","GOREV","","","","","","","","","","","","","","","","","","","","","","","","","","","","26.33","18.69","72.17","14.75","11.85","-117.79","0.000000","0.000000","",""
"06:38:35.028","GOREV","","","","","","","","","","","","","","","","","","","","","","","","","","","","26.34","18.70","72.38","14.70","11.90","-117.83","0.000000","0.000000","",""
"06:38:35.201","GOREV","","","","","","","","","","","","","","","","","","","","","","","","","","","","26.35","18.70","72.59","14.62","11.85","-117.87","0.000000","0.000000","",""
"06:38:35.364","GOREV","","","","","","","","","","","","","","","","","","","","","","","","","","","","26.34","18.68","72.80","14.70","11.90","-117.91","0.000000","0.000000","",""
"06:38:35.550","GOREV","","","","","","","","","","","","","","","","","","","","","","","","","","","","26.36","18.68","73.01","14.56","11.74","-117.94","0.000000","0.000000","",""
"06:38:35.696","GOREV","","","","","","","","","","","","","","","","","","","","","","","","","","","","26.36","18.70","73.22","14.63","11.87","-117.98","0.000000","0.000000","",""
"06:38:35.864","GOREV","","","","","","","","","","","","","","","","","","","","","","","","","","","","26.35","18.68","73.43","14.66","11.87","-118.01","0.000000","0.000000","",""
"06:38:36.032","GOREV","","","","","","","","","","","","","","","","","","","","","","","","","","","","26.35","18.67","73.64","14.55","11.98","-118.05","0.000000","0.000000","",""
"06:38:36.197","GOREV","","","","","","","","","","","","","","","","","","","","","","","","","","","","26.35","18.66","73.85","14.54","11.87","-118.09","0.000000","0.000000","",""
"06:38:36.364","GOREV","","","","","","","","","","","","","","","","","","","","","","","","","","","","26.36","18.66","74.06","14.52","11.83","-118.12","0.000000","0.000000","",""
"06:38:36.531","GOREV","","","","","","","","","","","","","","","","","","","","","","","","","","","","26.35","18.67","74.27","14.74","11.79","-118.16","0.000000","0.000000","",""
"06:38:36.698","GOREV","","","","","","","","","","","","","","","","","","","","","","","","","","","","26.34","18.68","74.48","14.46","11.74","-118.20","0.000000","0.000000","",""
"06:38:36.871","GOREV","","","","","","","","","","","","","","","","","","","","","","","","","","","","26.34","18.69","74.69","14.61","11.95","-118.23","0.000000","0.000000","",""
"06:38:37.061","GOREV","","","","","","","","","","","","","","","","","","","","","","","","","","","","26.34","18.68","74.90","14.71","11.86","-118.27","0.000000","0.000000","",""
"06:38:37.199","GOREV","","","","","","","","","","","","","","","","","","","","","","","","","","","","26.33","18.69","75.11","14.66","12.02","-118.31","0.000000","0.000000","",""
"06:38:37.365","GOREV","","","","","","","","","","","","","","","","","","","","","","","","","","","","26.33","18.70","75.32","14.81","11.83","-118.34","0.000000","0.000000","",""
"06:38:37.533","GOREV","","","","","","","","","","","","","","","","","","","","","","","","","","","","26.33","18.69","75.53","14.70","12.03","-118.38","0.000000","0.000000","",""
"06:38:37.701","GOREV","","","","","","","","","","","","","","","","","","","","","","","","","","","","26.33","18.69","75.74","14.65","11.88","-118.41","0.000000","0.000000","",""
"06:38:37.867","GOREV","","","","","","","","","","","","","","","","","","","","","","","","","","","","26.34","18.69","75.95","14.82","11.93","-118.45","0.000000","0.000000","",""
"06:38:38.034","GOREV","","","","","","","","","","","","","","","","","","","","","","","","","","","","26.32","18.67","76.16","14.72","11.66","-118.48","0.000000","0.000000","",""
"06:38:38.199","GOREV","","","","","","","","","","","","","","","","","","","","","","","","","","","","26.33","18.69","76.37","14.60","11.84","-118.52","0.000000","0.000000","",""
"06:38:38.381","GOREV","","","","","","","","","","","","","","","","","","","","","","","","","","","","26.34","18.68","76.58","14.82","11.94","-118.56","0.000000","0.000000","",""
"06:38:38.535","GOREV","","","","","","","","","","","","","","","","","","","","","","","","","","","","26.35","18.67","76.79","14.70","11.85","-118.60","0.000000","0.000000","",""
"06:38:38.701","GOREV","","","","","","","","","","","","","","","","","","","","","","","","","","","","26.37","18.70","77.00","14.69","11.85","-118.64","0.000000","0.000000","",""
"06:38:38.870","GOREV","","","","","","","","","","","","","","","","","","","","","","","","","","","","26.36","18.68","77.21","14.83","11.91","-118.67","0.000000","0.000000","",""
"06:38:39.060","GOREV","","","","","","","","","","","","","","","","","","","","","","","","","","","","26.35","18.68","77.42","14.58","11.78","-118.71","0.000000","0.000000","",""
"06:38:39.217","GOREV","","","","","","","","","","","","","","","","","","","","","","","","","","","","26.34","18.68","77.63","14.71","11.99","-118.74","0.000000","0.000000","",""
"06:38:39.369","GOREV","","","","","","","","","","","","","","","","","","","","","","","","","","","","26.37","18.68","77.84","14.84","11.94","-118.78","0.000000","0.000000","",""
"06:38:39.542","GOREV","","","","","","","","","","","","","","","","","","","","","","","","","","","","26.34","18.69","78.05","14.69","11.89","-118.82","0.000000","0.000000","",""
"06:38:39.706","GOREV","","","","","","","","","","","","","","","","","","","","","","","","","","","","26.33","18.67","78.26","14.69","11.72","-118.85","0.000000","0.000000","",""
"06:38:39.870","GOREV","","","","","","","","","","","","","","","","","","","","","","","","","","","","26.32","18.70","78.46","14.66","12.08","-118.89","0.000000","0.000000","",""
"06:38:40.047","GOREV","","","","","","","","","","","","","","","","","","","","","","","","","","","","26.32","18.68","78.67","14.70","11.89","-118.93","0.000000","0.000000","",""
"06:38:40.215","GOREV","","","","","","","","","","","","","","","","","","","","","","","","","","","","26.34","18.70","78.88","14.69","12.06","-118.96","0.000000","0.000000","",""
"06:38:40.370","GOREV","","","","","","","","","","","","","","","","","","","","","","","","","","","","26.35","18.71","79.09","14.71","11.87","-119.00","0.000000","0.000000","",""
"06:38:40.543","GOREV","","","","","","","","","","","","","","","","","","","","","","","","","","","","26.35","18.69","79.31","14.70","11.91","-119.03","0.000000","0.000000","",""
"06:38:40.705","GOREV","","","","","","","","","","","","","","","","","","","","","","","","","","","","26.36","18.70","79.52","14.62","11.82","-119.07","0.000000","0.000000","",""
"06:38:40.884","GOREV","","","","","","","","","","","","","","","","","","","","","","","","","","","","26.36","18.70","79.73","14.71","11.90","-119.11","0.000000","0.000000","",""
"06:38:41.039","GOREV","","","","","","","","","","","","","","","","","","","","","","","","","","","","26.37","18.72","79.94","14.68","11.91","-119.14","0.000000","0.000000","",""
"06:38:41.205","GOREV","","","","","","","","","","","","","","","","","","","","","","","","","","","","26.35","18.69","80.15","14.76","11.80","-119.18","0.000000","0.000000","",""
"06:38:41.380","GOREV","","","","","","","","","","","","","","","","","","","","","","","","","","","","26.32","18.68","80.36","14.67","11.80","-119.21","0.000000","0.000000","",""
"06:38:41.539","GOREV","","","","","","","","","","","","","","","","","","","","","","","","","","","","26.32","18.68","80.57","14.57","11.99","-119.25","0.000000","0.000000","",""
"06:38:41.715","GOREV","","","","","","","","","","","","","","","","","","","","","","","","","","","","26.33","18.68","80.78","14.67","11.85","-119.29","0.000000","0.000000","",""
"06:38:41.874","GOREV","","","","","","","","","","","","","","","","","","","","","","","","","","","","26.34","18.69","80.99","14.65","11.74","-119.32","0.000000","0.000000","",""
"06:38:42.041","GOREV","","","","","","","","","","","","","","","","","","","","","","","","","","","","26.33","18.66","81.20","14.75","11.81","-119.36","0.000000","0.000000","",""
"06:38:42.210","GOREV","","","","","","","","","","","","","","","","","","","","","","","","","","","","26.34","18.68","81.41","14.59","11.88","-119.39","0.000000","0.000000","",""
"06:38:42.375","GOREV","","","","","","","","","","","","","","","","","","","","","","","","","","","","26.32","18.67","81.62","14.78","12.01","-119.43","0.000000","0.000000","",""
"06:38:42.539","GOREV","","","","","","","","","","","","","","","","","","","","","","","","","","","","26.33","18.69","81.83","14.61","11.74","-119.47","0.000000","0.000000","",""
"06:38:42.728","GOREV","","","","","","","","","","","","","","","","","","","","","","","","","","","","26.31","18.70","82.04","14.72","11.84","-119.50","0.000000","0.000000","",""
"06:38:42.891","GOREV","","","","","","","","","","","","","","","","","","","","","","","","","","","","26.33","18.69","82.25","14.65","11.99","-119.54","0.000000","0.000000","",""
"06:38:43.049","GOREV","","","","","","","","","","","","","","","","","","","","","","","","","","","","26.34","18.68","82.46","14.63","11.85","-119.57","0.000000","0.000000","",""
"06:38:43.208","GOREV","","","","","","","","","","","","","","","","","","","","","","","","","","","","26.32","18.71","82.67","14.60","11.93","-119.61","0.000000","0.000000","",""
"06:38:43.375","GOREV","","","","","","","","","","","","","","","","","","","","","","","","","","","","26.34","18.70","82.88","14.68","11.86","-119.64","0.000000","0.000000","",""
"06:38:43.542","GOREV","","","","","","","","","","","","","","","","","","","","","","","","","","","","26.34","18.71","83.09","14.70","11.77","-119.68","0.000000","0.000000","",""
"06:38:43.717","GOREV","","","","","","","","","","","","","","","","","","","","","","","","","","","","26.32","18.71","83.30","14.69","11.84","-119.72","0.000000","0.000000","",""
"06:38:43.876","GOREV","","","","","","","","","","","","","","","","","","","","","","","","","","","","26.33","18.70","83.51","14.69","11.77","-119.75","0.000000","0.000000","",""
"06:38:44.042","GOREV","","","","","","","","","","","","","","","","","","","","","","","","","","","","26.35","18.67","83.73","14.88","12.15","-119.79","0.000000","0.000000","",""
"06:38:44.213","GOREV","","","","","","","","","","","","","","","","","","","","","","","","","","","","26.35","18.66","83.94","14.62","11.88","-119.82","0.000000","0.000000","",""
"06:38:44.377","GOREV","","","","","","","","","","","","","","","","","","","","","","","","","","","","26.35","18.65","84.15","14.59","11.95","-119.86","0.000000","0.000000","",""
"06:38:44.549","GOREV","","","","","","","","","","","","","","","","","","","","","","","","","","","","26.36","18.65","84.36","14.74","11.86","-119.90","0.000000","0.000000","",""
"06:38:44.711","GOREV","","","","","","","","","","","","","","","","","","","","","","","","","","","","26.36","18.66","84.57","14.60","11.75","-119.93","0.000000","0.000000","",""
"06:38:44.882","GOREV","","","","","","","","","","","","","","","","","","","","","","","","","","","","26.36","18.67","84.78","14.69","11.94","-119.96","0.000000","0.000000","",""
"06:38:45.046","GOREV","","","","","","","","","","","","","","","","","","","","","","","","","","","","26.35","18.66","84.99","14.59","12.13","-120.00","0.000000","0.000000","",""
"06:38:45.214","GOREV","","","","","","","","","","","","","","","","","","","","","","","","","","","","26.33","18.67","85.21","14.81","11.85","-120.03","0.000000","0.000000","",""
"06:38:45.389","GOREV","","","","","","","","","","","","","","","","","","","","","","","","","","","","26.35","18.67","85.41","14.61","11.81","-120.07","0.000000","0.000000","",""
"06:38:45.545","GOREV","","","","","","","","","","","","","","","","","","","","","","","","","","","","26.35","18.67","85.63","14.75","11.91","-120.11","0.000000","0.000000","",""
"06:38:45.713","GOREV","","","","","","","","","","","","","","","","","","","","","","","","","","","","26.37","18.66","85.84","14.55","11.92","-120.15","0.000000","0.000000","",""
"06:38:45.890","GOREV","","","","","","","","","","","","","","","","","","","","","","","","","","","","26.36","18.67","86.05","14.81","11.96","-120.18","0.000000","0.000000","",""
"06:38:46.047","GOREV","","","","","","","","","","","","","","","","","","","","","","","","","","","","26.35","18.69","86.26","14.65","11.92","-120.22","0.000000","0.000000","",""
"06:38:46.213","GOREV","","","","","","","","","","","","","","","","","","","","","","","","","","","","26.34","18.68","86.47","14.73","11.90","-120.26","0.000000","0.000000","",""
"06:38:46.381","GOREV","","","","","","","","","","","","","","","","","","","","","","","","","","","","26.36","18.67","86.69","14.77","12.07","-120.29","0.000000","0.000000","",""
"06:38:46.547","GOREV","","","","","","","","","","","","","","","","","","","","","","","","","","","","26.33","18.66","86.90","14.67","11.85","-120.33","0.000000","0.000000","",""
"06:38:46.715","GOREV","","","","","","","","","","","","","","","","","","","","","","","","","","","","26.32","18.65","87.11","14.78","11.88","-120.37","0.000000","0.000000","",""
"06:38:46.884","GOREV","","","","","","","","","","","","","","","","","","","","","","","","","","","","26.32","18.68","87.32","14.63","11.91","-120.41","0.000000","0.000000","",""
"06:38:47.052","GOREV","","","","","","","","","","","","","","","","","","","","","","","","","","","","26.33","18.69","87.53","14.70","11.78","-120.44","0.000000","0.000000","",""
"06:38:47.219","GOREV","","","","","","","","","","","","","","","","","","","","","","","","","","","","26.36","18.69","87.75","14.50","11.76","-120.48","0.000000","0.000000","",""
"06:38:47.404","GOREV","","","","","","","","","","","","","","","","","","","","","","","","","","","","26.34","18.67","87.96","14.62","11.80","-120.52","0.000000","0.000000","",""
"06:38:47.568","GOREV","","","","","","","","","","","","","","","","","","","","","","","","","","","","26.35","18.68","88.17","14.69","11.88","-120.56","0.000000","0.000000","",""
"06:38:47.716","GOREV","","","","","","","","","","","","","","","","","","","","","","","","","","","","26.35","18.69","88.38","14.68","12.03","-120.59","0.000000","0.000000","",""
"06:38:47.887","GOREV","","","","","","","","","","","","","","","","","","","","","","","","","","","","26.36","18.66","88.59","14.78","11.93","-120.63","0.000000","0.000000","",""
"06:38:48.058","GOREV","","","","","","","","","","","","","","","","","","","","","","","","","","","","26.34","18.69","88.80","14.72","12.00","-120.66","0.000000","0.000000","",""
"06:38:48.224","GOREV","","","","","","","","","","","","","","","","","","","","","","","","","","","","26.32","18.67","89.01","14.69","11.97","-120.70","0.000000","0.000000","",""
"06:38:48.383","GOREV","","","","","","","","","","","","","","","","","","","","","","","","","","","","26.33","18.69","89.23","14.68","11.82","-120.74","0.000000","0.000000","",""
"06:38:48.571","GOREV","","","","","","","","","","","","","","","","","","","","","","","","","","","","26.33","18.67","89.44","14.57","11.97","-120.77","0.000000","0.000000","",""
"06:38:48.746","GOREV","","","","","","","","","","","","","","","","","","","","","","","","","","","","26.33","18.68","89.64","14.61","11.94","-120.81","0.000000","0.000000","",""
"06:38:48.885","GOREV","","","","","","","","","","","","","","","","","","","","","","","","","","","","26.35","18.68","89.85","14.77","11.82","-120.84","0.000000","0.000000","",""
"06:38:49.052","GOREV","","","","","","","","","","","","","","","","","","","","","","","","","","","","26.37","18.70","90.06","14.66","11.89","-120.88","0.000000","0.000000","",""
"06:38:49.222","GOREV","","","","","","","","","","","","","","","","","","","","","","","","","","","","26.34","18.69","90.27","14.49","12.04","-120.92","0.000000","0.000000","",""
"06:38:49.386","GOREV","","","","","","","","","","","","","","","","","","","","","","","","","","","","26.34","18.69","90.48","14.77","11.72","-120.95","0.000000","0.000000","",""
"06:38:49.564","GOREV","","","","","","","","","","","","","","","","","","","","","","","","","","","","26.35","18.68","90.69","14.52","11.77","-120.99","0.000000","0.000000","",""
"06:38:49.722","GOREV","","","","","","","","","","","","","","","","","","","","","","","","","","","","26.33","18.65","90.90","14.74","11.80","-121.02","0.000000","0.000000","",""
"06:38:49.887","GOREV","","","","","","","","","","","","","","","","","","","","","","","","","","","","26.34","18.66","91.11","14.56","11.93","-121.06","0.000000","0.000000","",""
"06:38:50.053","GOREV","","","","","","","","","","","","","","","","","","","","","","","","","","","","26.35","18.67","91.32","14.68","11.78","-121.09","0.000000","0.000000","",""
"06:38:50.223","GOREV","","","","","","","","","","","","","","","","","","","","","","","","","","","","26.36","18.70","91.53","14.71","11.92","-121.13","0.000000","0.000000","",""
"06:38:50.392","GOREV","","","","","","","","","","","","","","","","","","","","","","","","","","","","26.35","18.68","91.74","14.73","11.86","-121.17","0.000000","0.000000","",""
"06:38:50.556","GOREV","","","","","","","","","","","","","","","","","","","","","","","","","","","","26.33","18.69","91.96","14.76","11.80","-121.21","0.000000","0.000000","",""
"06:38:50.728","GOREV","","","","","","","","","","","","","","","","","","","","","","","","","","","","26.33","18.69","92.17","14.86","11.82","-121.24","0.000000","0.000000","",""
"06:38:50.900","GOREV","","","","","","","","","","","","","","","","","","","","","","","","","","","","26.34","18.70","92.38","14.47","11.83","-121.28","0.000000","0.000000","",""
"06:38:51.055","GOREV","","","","","","","","","","","","","","","","","","","","","","","","","","","","26.31","18.69","92.59","14.62","11.89","-121.32","0.000000","0.000000","",""
"06:38:51.257","GOREV","","","","","","","","","","","","","","","","","","","","","","","","","","","","26.32","18.69","92.80","14.59","11.84","-121.35","0.000000","0.000000","",""
"06:38:51.388","GOREV","","","","","","","","","","","","","","","","","","","","","","","","","","","","26.33","18.68","93.01","14.72","12.01","-121.39","0.000000","0.000000","",""
"06:38:51.555","GOREV","","","","","","","","","","","","","","","","","","","","","","","","","","","","26.34","18.66","93.22","14.84","12.05","-121.42","0.000000","0.000000","",""
"06:38:51.729","GOREV","","","","","","","","","","","","","","","","","","","","","","","","","","","","26.33","18.68","93.43","14.70","11.88","-121.46","0.000000","0.000000","",""
"06:38:51.891","GOREV","","","","","","","","","","","","","","","","","","","","","","","","","","","","26.34","18.69","93.64","14.66","12.02","-121.50","0.000000","0.000000","",""
"06:38:52.082","GOREV","","","","","","","","","","","","","","","","","","","","","","","","","","","","26.32","18.68","93.85","14.81","11.76","-121.54","0.000000","0.000000","",""
"06:38:52.235","GOREV","","","","","","","","","","","","","","","","","","","","","","","","","","","","26.33","18.66","94.06","14.75","11.83","-121.57","0.000000","0.000000","",""
"06:38:52.391","GOREV","","","","","","","","","","","","","","","","","","","","","","","","","","","","26.32","18.68","94.27","14.77","11.93","-121.61","0.000000","0.000000","",""
"06:38:52.559","GOREV","","","","","","","","","","","","","","","","","","","","","","","","","","","","26.33","18.66","94.49","14.79","11.99","-121.65","0.000000","0.000000","",""
"06:38:52.725","GOREV","","","","","","","","","","","","","","","","","","","","","","","","","","","","26.32","18.68","94.70","14.51","11.92","-121.68","0.000000","0.000000","",""
"06:38:52.916","GOREV","","","","","","","","","","","","","","","","","","","","","","","","","","","","26.32","18.66","94.91","14.82","11.84","-121.72","0.000000","0.000000","",""
"06:38:53.063","GOREV","","","","","","","","","","","","","","","","","","","","","","","","","","","","26.32","18.67","95.12","14.64","11.94","-121.75","0.000000","0.000000","",""
"06:38:53.243","GOREV","","","","","","","","","","","","","","","","","","","","","","","","","","","","26.35","18.67","95.32","14.58","11.88","-121.79","0.000000","0.000000","",""
"06:38:53.418","GOREV","","","","","","","","","","","","","","","","","","","","","","","","","","","","26.33","18.69","95.53","14.72","11.98","-121.82","0.000000","0.000000","",""
"06:38:53.567","GOREV","","","","","","","","","","","","","","","","","","","","","","","","","","","","26.34","18.71","95.74","14.73","12.07","-121.86","0.000000","0.000000","",""
"06:38:53.726","GOREV","","","","","","","","","","","","","","","","","","","","","","","","","","","","26.34","18.71","95.96","14.56","11.76","-121.90","0.000000","0.000000","",""
"06:38:53.913","GOREV","","","","","","","","","","","","","","","","","","","","","","","","","","","","26.33","18.70","96.17","14.61","11.94","-121.93","0.000000","0.000000","",""
"06:38:54.069","GOREV","","","","","","","","","","","","","","","","","","","","","","","","","","","","26.35","18.70","96.38","14.67","11.80","-121.97","0.000000","0.000000","",""
"06:38:54.228","GOREV","","","","","","","","","","","","","","","","","","","","","","","","","","","","26.34","18.67","96.59","14.60","11.83","-122.01","0.000000","0.000000","",""
"06:38:54.400","GOREV","","","","","","","","","","","","","","","","","","","","","","","","","","","","26.33","18.68","96.80","14.59","11.88","-122.04","0.000000","0.000000","",""
"06:38:54.567","GOREV","","","","","","","","","","","","","","","","","","","","","","","","","","","","26.36","18.70","97.01","14.74","11.83","-122.07","0.000000","0.000000","",""
"06:38:54.730","GOREV","","","","","","","","","","","","","","","","","","","","","","","","","","","","26.35","18.71","97.22","14.67","11.92","-122.11","0.000000","0.000000","",""
"06:38:54.899","GOREV","","","","","","","","","","","","","","","","","","","","","","","","","","","","26.36","18.72","97.43","14.61","11.58","-122.15","0.000000","0.000000","",""
"06:38:55.083","GOREV","","","","","","","","","","","","","","","","","","","","","","","","","","","","26.34","18.70","97.63","14.60","11.93","-122.19","0.000000","0.000000","",""
"06:38:55.229","GOREV","","","","","","","","","","","","","","","","","","","","","","","","","","","","26.36","18.71","97.84","14.64","12.01","-122.22","0.000000","0.000000","",""
"06:38:55.424","GOREV","","","","","","","","","","","","","","","","","","","","","","","","","","","","26.35","18.68","98.05","14.68","11.98","-122.26","0.000000","0.000000","",""
"06:38:55.579","GOREV","","","","","","","","","","","","","","","","","","","","","","","","","","","","26.35","18.68","98.26","14.62","11.89","-122.30","0.000000","0.000000","",""
"06:38:55.731","GOREV","","","","","","","","","","","","","","","","","","","","","","","","","","","","26.35","18.68","98.47","14.57","11.70","-122.33","0.000000","0.000000","",""
"06:38:55.899","GOREV","","","","","","","","","","","","","","","","","","","","","","","","","","","","26.34","18.68","98.68","14.69","11.95","-122.37","0.000000","0.000000","",""
"06:38:56.070","GOREV","","","","","","","","","","","","","","","","","","","","","","","","","","","","26.34","18.66","98.89","14.67","11.95","-122.40","0.000000","0.000000","",""
"06:38:56.230","GOREV","","","","","","","","","","","","","","","","","","","","","","","","","","","","26.35","18.66","99.11","14.80","11.82","-122.44","0.000000","0.000000","",""
"06:38:56.409","GOREV","","","","","","","","","","","","","","","","","","","","","","","","","","","","26.33","18.65","99.32","14.54","12.00","-122.48","0.000000","0.000000","",""
"06:38:56.584","GOREV","","","","","","","","","","","","","","","","","","","","","","","","","","","","26.34","18.66","99.53","14.61","11.67","-122.51","0.000000","0.000000","",""
"06:38:56.752","GOREV","","","","","","","","","","","","","","","","","","","","","","","","","","","","26.34","18.68","99.74","14.80","11.77","-122.55","0.000000","0.000000","",""
"06:38:56.903","GOREV","","","","","","","","","","","","","","","","","","","","","","","","","","","","26.33","18.68","99.95","14.73","11.88","-122.59","0.000000","0.000000","",""
"06:38:57.068","GOREV","","","","","","","","","","","","","","","","","","","","","","","","","","","","26.35","18.71","100.16","14.75","11.99","-122.62","0.000000","0.000000","",""
"06:38:57.239","GOREV","","","","","","","","","","","","","","","","","","","","","","","","","","","","26.35","18.71","100.38","14.57","12.01","-122.66","0.000000","0.000000","",""
"06:38:57.402","GOREV","","","","","","","","","","","","","","","","","","","","","","","","","","","","26.35","18.70","100.58","14.72","11.91","-122.70","0.000000","0.000000","",""
"06:38:57.572","GOREV","","","","","","","","","","","","","","","","","","","","","","","","","","","","26.34","18.70","100.80","14.62","11.99","-122.74","0.000000","0.000000","",""
"06:38:57.746","GOREV","","","","","","","","","","","","","","","","","","","","","","","","","","","","26.35","18.70","101.01","14.81","11.90","-122.77","0.000000","0.000000","",""
"06:38:57.907","GOREV","","","","","","","","","","","","","","","","","","","","","","","","","","","","26.34","18.70","101.22","14.60","11.85","-122.81","0.000000","0.000000","",""
"06:38:58.075","GOREV","","","","","","","","","","","","","","","","","","","","","","","","","","","","26.34","18.69","101.43","14.63","11.95","-122.84","0.000000","0.000000","",""
"06:38:58.243","GOREV","","","","","","","","","","","","","","","","","","","","","","","","","","","","26.34","18.67","101.64","14.76","11.92","-122.88","0.000000","0.000000","",""
"06:38:58.420","GOREV","","","","","","","","","","","","","","","","","","","","","","","","","","","","26.33","18.70","101.85","14.74","11.88","-122.92","0.000000","0.000000","",""
"06:38:58.578","GOREV","","","","","","","","","","","","","","","","","","","","","","","","","","","","26.37","18.70","102.07","14.67","11.85","-122.95","0.000000","0.000000","",""
"06:38:58.763","GOREV","","","","","","","","","","","","","","","","","","","","","","","","","","","","26.37","18.67","102.28","14.51","11.86","-122.99","0.000000","0.000000","",""
"06:38:58.946","GOREV","","","","","","","","","","","","","","","","","","","","","","","","","","","","26.34","18.65","102.49","14.63","11.72","-123.02","0.000000","0.000000","",""
"06:38:59.082","GOREV","","","","","","","","","","","","","","","","","","","","","","","","","","","","26.34","18.68","102.70","14.58","11.90","-123.06","0.000000","0.000000","",""
"06:38:59.272","GOREV","","","","","","","","","","","","","","","","","","","","","","","","","","","","26.33","18.67","102.91","14.64","11.89","-123.09","0.000000","0.000000","",""
"06:38:59.418","GOREV","","","","","","","","","","","","","","","","","","","","","","","","","","","","26.34","18.69","103.12","14.66","11.93","-123.13","0.000000","0.000000","",""
"06:38:59.586","GOREV","","","","","","","","","","","","","","","","","","","","","","","","","","","","26.34","18.70","103.34","14.46","11.94","-123.17","0.000000","0.000000","",""
"06:38:59.756","GOREV","","","","","","","","","","","","","","","","","","","","","","","","","","","","26.33","18.68","103.55","14.57","11.86","-123.21","0.000000","0.000000","",""
"06:38:59.922","GOREV","","","","","","","","","","","","","","","","","","","","","","","","","","","","26.35","18.69","103.77","14.80","11.80","-123.24","0.000000","0.000000","",""
"06:39:00.110","GOREV","","","","","","","","","","","","","","","","","","","","","","","","","","","","26.34","18.71","103.97","14.78","11.81","-123.28","0.000000","0.000000","",""
"06:39:00.257","GOREV","","","","","","","","","","","","","","","","","","","","","","","","","","","","26.34","18.70","104.19","14.67","11.91","-123.32","0.000000","0.000000","",""
"06:39:00.425","GOREV","","","","","","","","","","","","","","","","","","","","","","","","","","","","26.35","18.69","104.40","14.85","11.87","-123.35","0.000000","0.000000","",""
"06:39:00.593","GOREV","","","","","","","","","","","","","","","","","","","","","","","","","","","","26.36","18.69","104.61","14.67","11.74","-123.39","0.000000","0.000000","",""
"06:39:00.762","GOREV","","","","","","","","","","","","","","","","","","","","","","","","","","","","26.36","18.70","104.82","14.81","11.93","-123.43","0.000000","0.000000","",""
"06:39:00.960","GOREV","","","","","","","","","","","","","","","","","","","","","","","","","","","","26.35","18.68","105.03","14.82","12.12","-123.46","0.000000","0.000000","",""
"06:39:01.102","GOREV","","","","","","","","","","","","","","","","","","","","","","","","","","","","26.37","18.69","105.24","14.58","11.97","-123.50","0.000000","0.000000","",""
"06:39:01.278","GOREV","","","","","","","","","","","","","","","","","","","","","","","","","","","","26.36","18.67","105.46","14.65","11.97","-123.54","0.000000","0.000000","",""
"06:39:01.436","GOREV","","","","","","","","","","","","","","","","","","","","","","","","","","","","26.35","18.70","105.67","14.78","12.01","-123.58","0.000000","0.000000","",""
"06:39:01.601","GOREV","","","","","","","","","","","","","","","","","","","","","","","","","","","","26.35","18.72","105.88","14.60","11.87","-123.61","0.000000","0.000000","",""
"06:39:01.769","GOREV","","","","","","","","","","","","","","","","","","","","","","","","","","","","26.35","18.69","106.09","14.58","11.88","-123.65","0.000000","0.000000","",""
"06:39:01.949","GOREV","","","","","","","","","","","","","","","","","","","","","","","","","","","","26.34","18.68","106.31","14.58","12.01","-123.69","0.000000","0.000000","",""
"06:39:02.106","GOREV","","","","","","","","","","","","","","","","","","","","","","","","","","","","26.34","18.70","106.52","14.59","12.01","-123.73","0.000000","0.000000","",""
"06:39:02.279","GOREV","","","","","","","","","","","","","","","","","","","","","","","","","","","","26.33","18.68","106.73","14.61","11.98","-123.76","0.000000","0.000000","",""
"06:39:02.441","GOREV","","","","","","","","","","","","","","","","","","","","","","","","","","","","26.35","18.71","106.94","14.79","12.10","-123.80","0.000000","0.000000","",""
"06:39:02.620","GOREV","","","","","","","","","","","","","","","","","","","","","","","","","","","","26.33","18.69","107.16","14.89","11.88","-123.84","0.000000","0.000000","",""
"06:39:02.782","GOREV","","","","","","","","","","","","","","","","","","","","","","","","","","","","26.31","18.68","107.37","14.67","11.92","-123.87","0.000000","0.000000","",""
"06:39:02.963","GOREV","","","","","","","","","","","","","","","","","","","","","","","","","","","","26.33","18.68","107.58","14.60","11.95","-123.91","0.000000","0.000000","",""
"06:39:03.130","GOREV","","","","","","","","","","","","","","","","","","","","","","","","","","","","26.33","18.68","107.79","14.71","11.93","-123.94","0.000000","0.000000","",""
"06:39:03.279","GOREV","","","","","","","","","","","","","","","","","","","","","","","","","","","","26.35","18.68","108.01","14.84","11.88","-123.98","0.000000","0.000000","",""
"06:39:03.449","GOREV","","","","","","","","","","","","","","","","","","","","","","","","","","","","26.35","18.70","108.22","14.69","11.92","-124.02","0.000000","0.000000","",""
"06:39:03.619","GOREV","","","","","","","","","","","","","","","","","","","","","","","","","","","","26.35","18.70","108.44","14.67","11.73","-124.05","0.000000","0.000000","",""
"06:39:03.790","GOREV","","","","","","","","","","","","","","","","","","","","","","","","","","","","26.35","18.70","108.65","14.74","11.98","-124.09","0.000000","0.000000","",""
"06:39:03.971","GOREV","","","","","","","","","","","","","","","","","","","","","","","","","","","","26.36","18.70","108.86","14.74","11.97","-124.13","0.000000","0.000000","",""
"06:39:04.121","GOREV","","","","","","","","","","","","","","","","","","","","","","","","","","","","26.36","18.70","109.07","14.73","11.80","-124.16","0.000000","0.000000","",""
"06:39:04.304","GOREV","","","","","","","","","","","","","","","","","","","","","","","","","","","","26.37","18.73","109.28","14.72","11.93","-124.20","0.000000","0.000000","",""
"06:39:04.456","GOREV","","","","","","","","","","","","","","","","","","","","","","","","","","","","26.35","18.70","109.49","14.43","11.90","-124.23","0.000000","0.000000","",""
"06:39:04.638","GOREV","","","","","","","","","","","","","","","","","","","","","","","","","","","","26.34","18.69","109.70","14.71","11.94","-124.27","0.000000","0.000000","",""
"06:39:04.799","GOREV","","","","","","","","","","","","","","","","","","","","","","","","","","","","26.34","18.69","109.91","14.59","11.78","-124.31","0.000000","0.000000","",""
"06:39:04.963","GOREV","","","","","","","","","","","","","","","","","","","","","","","","","","","","26.32","18.67","110.12","14.75","11.96","-124.35","0.000000","0.000000","",""
"06:39:05.129","GOREV","","","","","","","","","","","","","","","","","","","","","","","","","","","","26.33","18.67","110.33","14.67","11.89","-124.38","0.000000","0.000000","",""
"06:39:05.299","GOREV","","","","","","","","","","","","","","","","","","","","","","","","","","","","26.35","18.69","110.55","14.59","11.80","-124.42","0.000000","0.000000","",""
"06:39:05.470","GOREV","","","","","","","","","","","","","","","","","","","","","","","","","","","","26.35","18.68","110.76","14.55","11.80","-124.45","0.000000","0.000000","",""
"06:39:05.632","GOREV","","","","","","","","","","","","","","","","","","","","","","","","","","","","26.35","18.68","110.97","14.68","11.82","-124.49","0.000000","0.000000","",""
"06:39:05.815","GOREV","","","","","","","","","","","","","","","","","","","","","","","","","","","","26.35","18.69","111.19","14.63","11.78","-124.53","0.000000","0.000000","",""
"06:39:05.972","GOREV","","","","","","","","","","","","","","","","","","","","","","","","","","","","26.34","18.70","111.40","14.56","11.83","-124.57","0.000000","0.000000","",""
"06:39:06.136","GOREV","","","","","","","","","","","","","","","","","","","","","","","","","","","","26.37","18.73","111.61","14.48","11.97","-124.60","0.000000","0.000000","",""
"06:39:06.306","GOREV","","","","","","","","","","","","","","","","","","","","","","","","","","","","26.38","18.71","111.82","14.60","11.86","-124.64","0.000000","0.000000","",""
"06:39:06.472","GOREV","","","","","","","","","","","","","","","","","","","","","","","","","","","","26.38","18.72","112.03","14.64","11.87","-124.67","0.000000","0.000000","",""
"06:39:06.639","GOREV","","","","","","","","","","","","","","","","","","","","","","","","","","","","26.37","18.72","112.24","14.62","11.78","-124.71","0.000000","0.000000","",""
"06:39:06.852","GOREV","","","","","","","","","","","","","","","","","","","","","","","","","","","","26.37","18.71","112.45","14.68","11.70","-124.74","0.000000","0.000000","",""
"06:39:06.975","GOREV","","","","","","","","","","","","","","","","","","","","","","","","","","","","26.36","18.69","112.66","14.52","11.78","-124.78","0.000000","0.000000","",""
"06:39:07.157","GOREV","","","","","","","","","","","","","","","","","","","","","","","","","","","","26.35","18.69","112.88","14.60","12.00","-124.82","0.000000","0.000000","",""
"06:39:07.318","GOREV","","","","","","","","","","","","","","","","","","","","","","","","","","","","26.34","18.70","113.09","14.73","11.81","-124.85","0.000000","0.000000","",""
"06:39:07.479","GOREV","","","","","","","","","","","","","","","","","","","","","","","","","","","","26.33","18.70","113.30","14.73","12.02","-124.89","0.000000","0.000000","",""
"06:39:07.670","GOREV","","","","","","","","","","","","","","","","","","","","","","","","","","","","26.34","18.69","113.51","14.68","11.87","-124.93","0.000000","0.000000","",""
"06:39:07.815","GOREV","","","","","","","","","","","","","","","","","","","","","","","","","","","","26.34","18.72","113.72","14.60","11.86","-124.97","0.000000","0.000000","",""
"06:39:07.987","GOREV","","","","","","","","","","","","","","","","","","","","","","","","","","","","26.34","18.72","113.93","14.63","11.88","-125.00","0.000000","0.000000","",""
"06:39:08.156","GOREV","","","","","","","","","","","","","","","","","","","","","","","","","","","","26.34","18.72","114.14","14.77","11.79","-125.04","0.000000","0.000000","",""
"06:39:08.352","GOREV","","","","","","","","","","","","","","","","","","","","","","","","","","","","26.34","18.71","114.35","14.76","12.04","-125.07","0.000000","0.000000","",""
"06:39:08.509","GOREV","","","","","","","","","","","","","","","","","","","","","","","","","","","","26.35","18.70","114.57","14.68","11.90","-125.11","0.000000","0.000000","",""
"06:39:08.655","GOREV","","","","","","","","","","","","","","","","","","","","","","","","","","","","26.37","18.69","114.78","14.66","11.85","-125.15","0.000000","0.000000","",""
"06:39:08.853","GOREV","","","","","","","","","","","","","","","","","","","","","","","","","","","","26.34","18.70","114.99","14.75","11.91","-125.18","0.000000","0.000000","",""
"06:39:08.992","GOREV","","","","","","","","","","","","","","","","","","","","","","","","","","","","26.34","18.69","115.20","14.40","11.70","-125.22","0.000000","0.000000","",""
"06:39:09.159","GOREV","","","","","","","","","","","","","","","","","","","","","","","","","","","","26.34","18.69","115.41","14.52","11.86","-125.25","0.000000","0.000000","",""
"06:39:09.353","GOREV","","","","","","","","","","","","","","","","","","","","","","","","","","","","26.36","18.67","115.62","14.92","11.84","-125.29","0.000000","0.000000","",""
"06:39:09.496","GOREV","","","","","","","","","","","","","","","","","","","","","","","","","","","","26.35","18.70","115.84","14.61","11.80","-125.33","0.000000","0.000000","",""
"06:39:09.682","GOREV","","","","","","","","","","","","","","","","","","","","","","","","","","","","26.34","18.67","116.05","14.67","12.03","-125.36","0.000000","0.000000","",""
"06:39:09.831","GOREV","","","","","","","","","","","","","","","","","","","","","","","","","","","","26.36","18.66","116.26","14.65","11.90","-125.40","0.000000","0.000000","",""
"06:39:10.019","GOREV","","","","","","","","","","","","","","","","","","","","","","","","","","","","26.38","18.67","116.47","14.53","11.88","-125.43","0.000000","0.000000","",""
"06:39:10.168","GOREV","","","","","","","","","","","","","","","","","","","","","","","","","","","","26.36","18.68","116.68","14.67","11.97","-125.47","0.000000","0.000000","",""
"06:39:10.334","GOREV","","","","","","","","","","","","","","","","","","","","","","","","","","","","26.38","18.69","116.89","14.73","11.98","-125.50","0.000000","0.000000","",""
"06:39:10.523","GOREV","","","","","","","","","","","","","","","","","","","","","","","","","","","","26.35","18.68","117.11","14.61","11.81","-125.54","0.000000","0.000000","",""
"06:39:10.670","GOREV","","","","","","","","","","","","","","","","","","","","","","","","","","","","26.35","18.69","117.32","14.74","11.75","-125.58","0.000000","0.000000","",""
"06:39:10.851","GOREV","","","","","","","","","","","","","","","","","","","","","","","","","","","","26.35","18.68","117.53","14.72","11.78","-125.62","0.000000","0.000000","",""
"06:39:11.006","GOREV","","","","","","","","","","","","","","","","","","","","","","","","","","","","26.35","18.69","117.74","14.66","11.72","-125.65","0.000000","0.000000","",""
"06:39:11.196","GOREV","","","","","","","","","","","","","","","","","","","","","","","","","","","","26.34","18.70","117.96","14.64","11.81","-125.69","0.000000","0.000000","",""
"06:39:11.363","GOREV","","","","","","","","","","","","","","","","","","","","","","","","","","","","26.34","18.75","118.17","14.71","11.87","-125.72","0.000000","0.000000","",""
"06:39:11.509","GOREV","","","","","","","","","","","","","","","","","","","","","","","","","","","","26.35","18.72","118.38","14.62","11.87","-125.76","0.000000","0.000000","",""
"06:39:11.690","GOREV","","","","","","","","","","","","","","","","","","","","","","","","","","","","26.34","18.70","118.59","14.77","11.89","-125.80","0.000000","0.000000","",""
"06:39:11.846","GOREV","","","","","","","","","","","","","","","","","","","","","","","","","","","","26.36","18.69","118.81","14.61","11.88","-125.84","0.000000","0.000000","",""
"06:39:12.014","GOREV","","","","","","","","","","","","","","","","","","","","","","","","","","","","26.34","18.68","119.02","14.68","11.76","-125.87","0.000000","0.000000","",""
"06:39:12.182","GOREV","","","","","","","","","","","","","","","","","","","","","","","","","","","","26.34","18.69","119.23","14.65","11.78","-125.91","0.000000","0.000000","",""
"06:39:12.355","GOREV","","","","","","","","","","","","","","","","","","","","","","","","","","","","26.33","18.66","119.44","14.57","11.77","-125.95","0.000000","0.000000","",""
"06:39:12.522","GOREV","","","","","","","","","","","","","","","","","","","","","","","","","","","","26.32","18.68","119.65","14.76","11.86","-125.99","0.000000","0.000000","",""
"06:39:12.687","GOREV","","","","","","","","","","","","","","","","","","","","","","","","","","","","26.34","18.68","119.87","14.63","11.84","-126.02","0.000000","0.000000","",""
"06:39:12.873","GOREV","","","","","","","","","","","","","","","","","","","","","","","","","","","","26.34","18.64","120.08","14.76","11.87","-126.06","0.000000","0.000000","",""
"06:39:13.042","GOREV","","","","","","","","","","","","","","","","","","","","","","","","","","","","26.33","18.67","120.29","14.66","11.83","-126.10","0.000000","0.000000","",""
"06:39:13.192","GOREV","","","","","","","","","","","","","","","","","","","","","","","","","","","","26.35","18.68","120.50","14.69","11.98","-126.14","0.000000","0.000000","",""
"06:39:13.375","GOREV","","","","","","","","","","","","","","","","","","","","","","","","","","","","26.36","18.71","120.72","14.57","11.85","-126.18","0.000000","0.000000","",""
"06:39:13.537","GOREV","","","","","","","","","","","","","","","","","","","","","","","","","","","","26.32","18.71","120.93","14.63","11.96","-126.21","0.000000","0.000000","",""
"06:39:13.694","GOREV","","","","","","","","","","","","","","","","","","","","","","","","","","","","26.34","18.72","121.14","14.76","11.95","-126.25","0.000000","0.000000","",""
"06:39:13.862","GOREV","","","","","","","","","","","","","","","","","","","","","","","","","","","","26.34","18.69","121.35","14.66","11.82","-126.28","0.000000","0.000000","",""
"06:39:14.042","GOREV","","","","","","","","","","","","","","","","","","","","","","","","","","","","26.34","18.69","121.56","14.75","12.01","-126.32","0.000000","0.000000","",""
"06:39:14.202","GOREV","","","","","","","","","","","","","","","","","","","","","","","","","","","","26.33","18.66","121.77","14.66","11.91","-126.35","0.000000","0.000000","",""
"06:39:14.366","GOREV","","","","","","","","","","","","","","","","","","","","","","","","","","","","26.31","18.64","121.99","14.61","11.88","-126.39","0.000000","0.000000","",""
"06:39:14.537","GOREV","","","","","","","","","","","","","","","","","","","","","","","","","","","","26.34","18.67","122.20","14.75","11.93","-126.43","0.000000","0.000000","",""
"06:39:14.711","GOREV","","","","","","","","","","","","","","","","","","","","","","","","","","","","26.33","18.69","122.41","14.61","11.73","-126.47","0.000000","0.000000","",""
"06:39:14.869","GOREV","","","","","","","","","","","","","","","","","","","","","","","","","","","","26.35","18.70","122.62","14.66","11.90","-126.50","0.000000","0.000000","",""
"06:39:15.044","GOREV","","","","","","","","","","","","","","","","","","","","","","","","","","","","26.36","18.71","122.83","14.65","11.91","-126.54","0.000000","0.000000","",""
"06:39:15.206","GOREV","","","","","","","","","","","","","","","","","","","","","","","","","","","","26.38","18.72","123.05","14.70","11.85","-126.57","0.000000","0.000000","",""
"06:39:15.385","GOREV","","","","","","","","","","","","","","","","","","","","","","","","","","","","26.36","18.73","123.26","14.75","11.85","-126.61","0.000000","0.000000","",""
"06:39:15.559","GOREV","","","","","","","","","","","","","","","","","","","","","","","","","","","","26.38","18.71","123.47","14.77","11.91","-126.64","0.000000","0.000000","",""
"06:39:15.709","GOREV","","","","","","","","","","","","","","","","","","","","","","","","","","","","26.38","18.68","123.69","14.63","11.89","-126.67","0.000000","0.000000","",""
"06:39:15.877","GOREV","","","","","","","","","","","","","","","","","","","","","","","","","","","","26.35","18.66","123.90","14.67","11.90","-126.71","0.000000","0.000000","",""
"06:39:16.048","GOREV","","","","","","","","","","","","","","","","","","","","","","","","","","","","26.36","18.65","124.11","14.62","11.80","-126.74","0.000000","0.000000","",""
"06:39:16.212","GOREV","","","","","","","","","","","","","","","","","","","","","","","","","","","","26.35","18.70","124.32","14.74","11.84","-126.78","0.000000","0.000000","",""
"06:39:16.396","GOREV","","","","","","","","","","","","","","","","","","","","","","","","","","","","26.34","18.71","124.53","14.63","11.97","-126.82","0.000000","0.000000","",""
"06:39:16.566","GOREV","","","","","","","","","","","","","","","","","","","","","","","","","","","","26.37","18.70","124.74","14.56","11.81","-126.86","0.000000","0.000000","",""
"06:39:16.734","GOREV","","","","","","","","","","","","","","","","","","","","","","","","","","","","26.37","18.70","124.95","14.66","11.79","-126.89","0.000000","0.000000","",""
"06:39:16.888","GOREV","","","","","","","","","","","","","","","","","","","","","","","","","","","","26.37","18.69","125.16","14.73","11.91","-126.93","0.000000","0.000000","",""
"06:39:17.054","GOREV","","","","","","","","","","","","","","","","","","","","","","","","","","","","26.35","18.67","125.37","14.54","11.98","-126.97","0.000000","0.000000","",""
"06:39:17.239","GOREV","","","","","","","","","","","","","","","","","","","","","","","","","","","","26.35","18.70","125.58","14.65","12.06","-127.00","0.000000","0.000000","",""
"06:39:17.389","GOREV","","","","","","","","","","","","","","","","","","","","","","","","","","","","26.36","18.71","125.79","14.86","11.89","-127.04","0.000000","0.000000","",""
"06:39:17.556","GOREV","","","","","","","","","","","","","","","","","","","","","","","","","","","","26.37","18.71","126.01","14.72","11.93","-127.08","0.000000","0.000000","",""
"06:39:17.727","GOREV","","","","","","","","","","","","","","","","","","","","","","","","","","","","26.36","18.71","126.22","14.76","11.92","-127.11","0.000000","0.000000","",""
"06:39:17.900","GOREV","","","","","","","","","","","","","","","","","","","","","","","","","","","","26.33","18.70","126.43","14.73","11.88","-127.15","0.000000","0.000000","",""
"06:39:18.061","GOREV","","","","","","","","","","","","","","","","","","","","","","","","","","","","26.33","18.70","126.64","14.54","11.86","-127.18","0.000000","0.000000","",""
"06:39:18.241","GOREV","","","","","","","","","","","","","","","","","","","","","","","","","","","","26.35","18.70","126.85","14.80","12.06","-127.22","0.000000","0.000000","",""
"06:39:18.401","GOREV","","","","","","","","","","","","","","","","","","","","","","","","","","","","26.34","18.69","127.06","14.64","11.85","-127.26","0.000000","0.000000","",""
"06:39:18.569","GOREV","","","","","","","","","","","","","","","","","","","","","","","","","","","","26.33","18.68","127.27","14.59","11.90","-127.29","0.000000","0.000000","",""
"06:39:18.731","GOREV","","","","","","","","","","","","","","","","","","","","","","","","","","","","26.33","18.69","127.48","14.66","11.89","-127.33","0.000000","0.000000","",""
"06:39:18.913","GOREV","","","","","","","","","","","","","","","","","","","","","","","","","","","","26.35","18.73","127.69","14.64","11.84","-127.37","0.000000","0.000000","",""
"06:39:19.072","GOREV","","","","","","","","","","","","","","","","","","","","","","","","","","","","26.33","18.72","127.91","14.64","11.77","-127.41","0.000000","0.000000","",""
"06:39:19.236","GOREV","","","","","","","","","","","","","","","","","","","","","","","","","","","","26.33","18.69","128.12","14.60","11.93","-127.44","0.000000","0.000000","",""
"06:39:19.420","GOREV","","","","","","","","","","","","","","","","","","","","","","","","","","","","26.36","18.71","128.33","14.60","12.04","-127.48","0.000000","0.000000","",""
"06:39:19.572","GOREV","","","","","","","","","","","","","","","","","","","","","","","","","","","","26.35","18.68","128.54","14.61","11.93","-127.52","0.000000","0.000000","",""
"06:39:19.741","GOREV","","","","","","","","","","","","","","","","","","","","","","","","","","","","26.36","18.68","128.76","14.53","11.82","-127.55","0.000000","0.000000","",""
"06:39:19.908","GOREV","","","","","","","","","","","","","","","","","","","","","","","","","","","","26.38","18.72","128.97","14.77","11.82","-127.59","0.000000","0.000000","",""
"06:39:20.076","GOREV","","","","","","","","","","","","","","","","","","","","","","","","","","","","26.36","18.70","129.18","14.65","11.76","-127.62","0.000000","0.000000","",""
"06:39:20.263","GOREV","","","","","","","","","","","","","","","","","","","","","","","","","","","","26.33","18.67","129.39","14.66","12.01","-127.66","0.000000","0.000000","",""
"06:39:20.415","GOREV","","","","","","","","","","","","","","","","","","","","","","","","","","","","26.35","18.68","129.60","14.63","11.82","-127.70","0.000000","0.000000","",""
"06:39:20.581","GOREV","","","","","","","","","","","","","","","","","","","","","","","","","","","","26.35","18.67","129.81","14.80","12.01","-127.73","0.000000","0.000000","",""
"06:39:20.751","GOREV","","","","","","","","","","","","","","","","","","","","","","","","","","","","26.34","18.69","130.03","14.70","11.78","-127.77","0.000000","0.000000","",""
"06:39:20.920","GOREV","","","","","","","","","","","","","","","","","","","","","","","","","","","","26.36","18.70","130.24","14.57","11.96","-127.80","0.000000","0.000000","",""
"06:39:21.086","GOREV","","","","","","","","","","","","","","","","","","","","","","","","","","","","26.35","18.67","130.45","14.57","11.88","-127.84","0.000000","0.000000","",""
"06:39:21.264","GOREV","","","","","","","","","","","","","","","","","","","","","","","","","","","","26.33","18.65","130.66","14.73","11.80","-127.87","0.000000","0.000000","",""
"06:39:21.421","GOREV","","","","","","","","","","","","","","","","","","","","","","","","","","","","26.34","18.66","130.88","14.72","11.86","-127.91","0.000000","0.000000","",""
"06:39:21.592","GOREV","","","","","","","","","","","","","","","","","","","","","","","","","","","","26.34","18.66","131.09","14.60","11.92","-127.95","0.000000","0.000000","",""
"06:39:21.756","GOREV","","","","","","","","","","","","","","","","","","","","","","","","","","","","26.34","18.67","131.30","14.56","11.75","-127.99","0.000000","0.000000","",""
"06:39:21.925","GOREV","","","","","","","","","","","","","","","","","","","","","","","","","","","","26.33","18.69","131.51","14.63","11.89","-128.02","0.000000","0.000000","",""
"06:39:22.103","GOREV","","","","","","","","","","","","","","","","","","","","","","","","","","","","26.32","18.68","131.72","14.68","11.86","-128.06","0.000000","0.000000","",""
"06:39:22.262","GOREV","","","","","","","","","","","","","","","","","","","","","","","","","","","","26.34","18.67","131.93","14.72","11.83","-128.09","0.000000","0.000000","",""
"06:39:22.429","GOREV","","","","","","","","","","","","","","","","","","","","","","","","","","","","26.35","18.68","132.14","14.64","11.92","-128.13","0.000000","0.000000","",""
"06:39:22.596","GOREV","","","","","","","","","","","","","","","","","","","","","","","","","","","","26.35","18.67","132.35","14.74","11.94","-128.17","0.000000","0.000000","",""
"06:39:22.763","GOREV","","","","","","","","","","","","","","","","","","","","","","","","","","","","26.35","18.70","132.56","14.53","11.81","-128.20","0.000000","0.000000","",""
"06:39:22.936","GOREV","","","","","","","","","","","","","","","","","","","","","","","","","","","","26.33","18.68","132.77","14.69","11.88","-128.24","0.000000","0.000000","",""
"06:39:23.114","GOREV","","","","","","","","","","","","","","","","","","","","","","","","","","","","26.33","18.68","132.98","14.75","11.88","-128.28","0.000000","0.000000","",""
"06:39:23.266","GOREV","","","","","","","","","","","","","","","","","","","","","","","","","","","","26.33","18.68","133.20","14.74","11.91","-128.31","0.000000","0.000000","",""
"06:39:23.447","GOREV","","","","","","","","","","","","","","","","","","","","","","","","","","","","26.32","18.69","133.41","14.69","11.86","-128.35","0.000000","0.000000","",""
"06:39:23.613","GOREV","","","","","","","","","","","","","","","","","","","","","","","","","","","","26.34","18.69","133.62","14.75","11.93","-128.39","0.000000","0.000000","",""
"06:39:23.772","GOREV","","","","","","","","","","","","","","","","","","","","","","","","","","","","26.34","18.73","133.84","14.69","11.90","-128.42","0.000000","0.000000","",""
"06:39:23.939","GOREV","","","","","","","","","","","","","","","","","","","","","","","","","","","","26.35","18.72","134.05","14.48","12.00","-128.46","0.000000","0.000000","",""
"06:39:24.111","GOREV","","","","","","","","","","","","","","","","","","","","","","","","","","","","26.36","18.71","134.26","14.78","11.86","-128.50","0.000000","0.000000","",""
"06:39:24.315","GOREV","","","","","","","","","","","","","","","","","","","","","","","","","","","","26.36","18.69","134.47","14.70","11.84","-128.53","0.000000","0.000000","",""
"06:39:24.452","GOREV","","","","","","","","","","","","","","","","","","","","","","","","","","","","26.37","18.70","134.68","14.65","11.89","-128.57","0.000000","0.000000","",""
"06:39:24.612","GOREV","","","","","","","","","","","","","","","","","","","","","","","","","","","","26.38","18.70","134.90","14.63","11.95","-128.61","0.000000","0.000000","",""
"06:39:24.791","GOREV","","","","","","","","","","","","","","","","","","","","","","","","","","","","26.38","18.69","135.11","14.67","11.96","-128.64","0.000000","0.000000","",""
"06:39:24.951","GOREV","","","","","","","","","","","","","","","","","","","","","","","","","","","","26.37","18.68","135.32","14.67","11.79","-128.68","0.000000","0.000000","",""
"06:39:25.128","GOREV","","","","","","","","","","","","","","","","","","","","","","","","","","","","26.37","18.69","135.53","14.93","11.90","-128.71","0.000000","0.000000","",""
"06:39:25.286","GOREV","","","","","","","","","","","","","","","","","","","","","","","","","","","","26.36","18.68","135.74","14.79","12.09","-128.75","0.000000","0.000000","",""
"06:39:25.453","GOREV","","","","","","","","","","","","","","","","","","","","","","","","","","","","26.37","18.72","135.95","14.58","11.83","-128.79","0.000000","0.000000","",""
"06:39:25.618","GOREV","","","","","","","","","","","","","","","","","","","","","","","","","","","","26.35","18.69","136.17","14.55","11.92","-128.82","0.000000","0.000000","",""
"06:39:25.810","GOREV","","","","","","","","","","","","","","","","","","","","","","","","","","","","26.35","18.68","136.38","14.62","11.99","-128.86","0.000000","0.000000","",""
"06:39:25.958","GOREV","","","","","","","","","","","","","","","","","","","","","","","","","","","","26.35","18.66","136.59","14.62","11.70","-128.90","0.000000","0.000000","",""
"06:39:26.126","GOREV","","","","","","","","","","","","","","","","","","","","","","","","","","","","26.34","18.69","136.80","14.69","11.87","-128.93","0.000000","0.000000","",""
"06:39:26.299","GOREV","","","","","","","","","","","","","","","","","","","","","","","","","","","","26.32","18.67","137.02","14.73","12.10","-128.97","0.000000","0.000000","",""
"06:39:26.458","GOREV","","","","","","","","","","","","","","","","","","","","","","","","","","","","26.35","18.68","137.23","14.67","11.91","-129.01","0.000000","0.000000","",""
"06:39:26.646","GOREV","","","","","","","","","","","","","","","","","","","","","","","","","","","","26.37","18.70","137.44","14.68","11.93","-129.04","0.000000","0.000000","",""
"06:39:26.797","GOREV","","","","","","","","","","","","","","","","","","","","","","","","","","","","26.35","18.68","137.65","14.81","12.07","-129.08","0.000000","0.000000","",""
"06:39:26.963","GOREV","","","","","","","","","","","","","","","","","","","","","","","","","","","","26.36","18.69","137.86","14.61","11.92","-129.11","0.000000","0.000000","",""
"06:39:27.133","GOREV","","","","","","","","","","","","","","","","","","","","","","","","","","","","26.34","18.69","138.07","14.77","11.79","-129.15","0.000000","0.000000","",""
"06:39:27.297","GOREV","","","","","","","","","","","","","","","","","","","","","","","","","","","","26.35","18.68","138.29","14.56","12.02","-129.19","0.000000","0.000000","",""
"06:39:27.465","GOREV","","","","","","","","","","","","","","","","","","","","","","","","","","","","26.33","18.71","138.50","14.57","11.95","-129.22","0.000000","0.000000","",""
"06:39:27.645","GOREV","","","","","","","","","","","","","","","","","","","","","","","","","","","","26.33","18.69","138.71","14.62","11.90","-129.26","0.000000","0.000000","",""
"06:39:27.802","GOREV","","","","","","","","","","","","","","","","","","","","","","","","","","","","26.34","18.68","138.92","14.63","11.95","-129.29","0.000000","0.000000","",""
"06:39:27.999","GOREV","","","","","","","","","","","","","","","","","","","","","","","","","","","","26.34","18.68","139.14","14.54","11.82","-129.33","0.000000","0.000000","",""
"06:39:28.143","GOREV","","","","","","","","","","","","","","","","","","","","","","","","","","","","26.36","18.68","139.35","14.74","11.80","-129.36","0.000000","0.000000","",""
"06:39:28.305","GOREV","","","","","","","","","","","","","","","","","","","","","","","","","","","","26.34","18.69","139.56","14.63","11.86","-129.40","0.000000","0.000000","",""
"06:39:28.476","GOREV","","","","","","","","","","","","","","","","","","","","","","","","","","","","26.35","18.70","139.77","14.63","11.80","-129.44","0.000000","0.000000","",""
"06:39:28.640","GOREV","","","","","","","","","","","","","","","","","","","","","","","","","","","","26.37","18.68","139.98","14.72","11.78","-129.47","0.000000","0.000000","",""
"06:39:28.850","GOREV","","","","","","","","","","","","","","","","","","","","","","","","","","","","26.38","18.70","140.19","14.61","11.92","-129.51","0.000000","0.000000","",""
"06:39:28.986","GOREV","","","","","","","","","","","","","","","","","","","","","","","","","","","","26.38","18.72","140.41","14.56","11.94","-129.54","0.000000","0.000000","",""
"06:39:29.145","GOREV","","","","","","","","","","","","","","","","","","","","","","","","","","","","26.37","18.70","140.61","14.70","11.91","-129.58","0.000000","0.000000","",""
"06:39:29.316","GOREV","","","","","","","","","","","","","","","","","","","","","","","","","","","","26.36","18.68","140.83","14.57","11.90","-129.61","0.000000","0.000000","",""
"06:39:29.483","GOREV","","","","","","","","","","","","","","","","","","","","","","","","","","","","26.35","18.66","141.04","14.79","11.82","-129.65","0.000000","0.000000","",""
"06:39:29.649","GOREV","","","","","","","","","","","","","","","","","","","","","","","","","","","","26.35","18.68","141.25","14.71","11.83","-129.68","0.000000","0.000000","",""
"06:39:29.817","GOREV","","","","","","","","","","","","","","","","","","","","","","","","","","","","26.35","18.66","141.46","14.63","11.82","-129.72","0.000000","0.000000","",""
"06:39:29.988","GOREV","","","","","","","","","","","","","","","","","","","","","","","","","","","","26.35","18.67","141.67","14.76","11.65","-129.76","0.000000","0.000000","",""
"06:39:30.153","GOREV","","","","","","","","","","","","","","","","","","","","","","","","","","","","26.35","18.69","141.88","14.77","12.08","-129.79","0.000000","0.000000","",""
"06:39:30.320","GOREV","","","","","","","","","","","","","","","","","","","","","","","","","","","","26.35","18.68","142.10","14.65","11.73","-129.83","0.000000","0.000000","",""
"06:39:30.489","GOREV","","","","","","","","","","","","","","","","","","","","","","","","","","","","26.35","18.69","142.31","14.65","11.90","-129.86","0.000000","0.000000","",""
"06:39:30.656","GOREV","","","","","","","","","","","","","","","","","","","","","","","","","","","","26.34","18.70","142.52","14.60","11.75","-129.90","0.000000","0.000000","",""
"06:39:30.832","GOREV","","","","","","","","","","","","","","","","","","","","","","","","","","","","26.34","18.67","142.73","14.55","11.99","-129.94","0.000000","0.000000","",""
"06:39:30.993","GOREV","","","","","","","","","","","","","","","","","","","","","","","","","","","","26.35","18.70","142.94","14.77","11.92","-129.97","0.000000","0.000000","",""
"06:39:31.166","GOREV","","","","","","","","","","","","","","","","","","","","","","","","","","","","26.34","18.70","143.15","14.65","11.81","-130.01","0.000000","0.000000","",""
"06:39:31.333","GOREV","","","","","","","","","","","","","","","","","","","","","","","","","","","","26.36","18.70","143.37","14.66","11.96","-130.04","0.000000","0.000000","",""
"06:39:31.496","GOREV","","","","","","","","","","","","","","","","","","","","","","","","","","","","26.36","18.70","143.58","14.60","11.96","-130.08","0.000000","0.000000","",""
"06:39:31.669","GOREV","","","","","","","","","","","","","","","","","","","","","","","","","","","","26.35","18.72","143.79","14.63","11.68","-130.12","0.000000","0.000000","",""
"06:39:31.831","GOREV","","","","","","","","","","","","","","","","","","","","","","","","","","","","26.37","18.71","144.00","14.71","11.94","-130.15","0.000000","0.000000","",""
"06:39:32.011","GOREV","","","","","","","","","","","","","","","","","","","","","","","","","","","","26.39","18.73","144.21","14.70","12.05","-130.19","0.000000","0.000000","",""
"06:39:32.168","GOREV","","","","","","","","","","","","","","","","","","","","","","","","","","","","26.38","18.71","144.42","14.80","11.78","-130.23","0.000000","0.000000","",""
"06:39:32.340","GOREV","","","","","","","","","","","","","","","","","","","","","","","","","","","","26.37","18.69","144.64","14.83","11.92","-130.26","0.000000","0.000000","",""
"06:39:32.503","GOREV","","","","","","","","","","","","","","","","","","","","","","","","","","","","26.36","18.66","144.85","14.69","12.00","-130.30","0.000000","0.000000","",""
"06:39:32.672","GOREV","","","","","","","","","","","","","","","","","","","","","","","","","","","","26.36","18.68","145.06","14.71","11.89","-130.33","0.000000","0.000000","",""
"06:39:32.840","GOREV","","","","","","","","","","","","","","","","","","","","","","","","","","","","26.35","18.68","145.27","14.76","11.94","-130.37","0.000000","0.000000","",""
"06:39:33.027","GOREV","","","","","","","","","","","","","","","","","","","","","","","","","","","","26.35","18.70","145.48","14.73","11.75","-130.41","0.000000","0.000000","",""
"06:39:33.176","GOREV","","","","","","","","","","","","","","","","","","","","","","","","","","","","26.35","18.70","145.69","14.82","11.88","-130.44","0.000000","0.000000","",""
"06:39:33.354","GOREV","","","","","","","","","","","","","","","","","","","","","","","","","","","","26.35","18.71","145.91","14.74","11.90","-130.48","0.000000","0.000000","",""
"06:39:33.511","GOREV","","","","","","","","","","","","","","","","","","","","","","","","","","","","26.35","18.69","146.12","14.64","11.87","-130.52","0.000000","0.000000","",""
"06:39:33.680","GOREV","","","","","","","","","","","","","","","","","","","","","","","","","","","","26.36","18.69","146.33","14.65","11.93","-130.56","0.000000","0.000000","",""
"06:39:33.848","GOREV","","","","","","","","","","","","","","","","","","","","","","","","","","","","26.36","18.70","146.54","14.60","11.99","-130.59","0.000000","0.000000","",""
"06:39:34.017","GOREV","","","","","","","","","","","","","","","","","","","","","","","","","","","","26.38","18.71","146.76","14.62","11.79","-130.63","0.000000","0.000000","",""
"06:39:34.188","GOREV","","","","","","","","","","","","","","","","","","","","","","","","","","","","26.36","18.72","146.97","14.65","11.93","-130.67","0.000000","0.000000","",""
"06:39:34.351","GOREV","","","","","","","","","","","","","","","","","","","","","","","","","","","","26.37","18.70","147.18","14.44","11.80","-130.70","0.000000","0.000000","",""
"06:39:34.519","GOREV","","","","","","","","","","","","","","","","","","","","","","","","","","","","26.34","18.68","147.39","14.60","11.78","-130.74","0.000000","0.000000","",""
"06:39:34.689","GOREV","","","","","","","","","","","","","","","","","","","","","","","","","","","","26.34","18.69","147.60","14.74","11.93","-130.78","0.000000","0.000000","",""
"06:39:34.869","GOREV","","","","","","","","","","","","","","","","","","","","","","","","","","","","26.36","18.68","147.81","14.74","12.02","-130.81","0.000000","0.000000","",""
"06:39:35.024","GOREV","","","","","","","","","","","","","","","","","","","","","","","","","","","","26.36","18.68","148.02","14.61","12.10","-130.85","0.000000","0.000000","",""
"06:39:35.207","GOREV","","","","","","","","","","","","","","","","","","","","","","","","","","","","26.36","18.70","148.23","14.63","11.90","-130.89","0.000000","0.000000","",""
"06:39:35.358","GOREV","","","","","","","","","","","","","","","","","","","","","","","","","","","","26.35","18.70","148.44","14.64","11.81","-130.93","0.000000","0.000000","",""
"06:39:35.533","GOREV","","","","","","","","","","","","","","","","","","","","","","","","","","","","26.35","18.71","148.66","14.69","11.91","-130.96","0.000000","0.000000","",""
"06:39:35.706","GOREV","","","","","","","","","","","","","","","","","","","","","","","","","","","","26.37","18.69","148.87","14.59","11.92","-131.00","0.000000","0.000000","",""
"06:39:35.865","GOREV","","","","","","","","","","","","","","","","","","","","","","","","","","","","26.36","18.69","149.08","14.64","11.94","-131.03","0.000000","0.000000","",""
"06:39:36.037","GOREV","","","","","","","","","","","","","","","","","","","","","","","","","","","","26.38","18.68","149.29","14.87","11.98","-131.07","0.000000","0.000000","",""
"06:39:36.200","GOREV","","","","","","","","","","","","","","","","","","","","","","","","","","","","26.38","18.69","149.50","14.62","11.75","-131.11","0.000000","0.000000","",""
"06:39:36.379","GOREV","","","","","","","","","","","","","","","","","","","","","","","","","","","","26.38","18.67","149.71","14.72","11.90","-131.14","0.000000","0.000000","",""
"06:39:36.549","GOREV","","","","","","","","","","","","","","","","","","","","","","","","","","","","26.37","18.67","149.93","14.67","11.80","-131.18","0.000000","0.000000","",""
"06:39:36.705","GOREV","","","","","","","","","","","","","","","","","","","","","","","","","","","","26.37","18.68","150.14","14.70","11.93","-131.21","0.000000","0.000000","",""
"06:39:36.872","GOREV","","","","","","","","","","","","","","","","","","","","","","","","","","","","26.36","18.68","150.35","14.54","11.87","-131.24","0.000000","0.000000","",""
"06:39:37.039","GOREV","","","","","","","","","","","","","","","","","","","","","","","","","","","","26.33","18.65","150.56","14.66","11.84","-131.28","0.000000","0.000000","",""
"06:39:37.258","GOREV","","","","","","","","","","","","","","","","","","","","","","","","","","","","26.32","18.66","150.77","14.70","11.92","-131.32","0.000000","0.000000","",""
"06:39:37.376","GOREV","","","","","","","","","","","","","","","","","","","","","","","","","","","","26.32","18.65","150.98","14.71","11.80","-131.35","0.000000","0.000000","",""
"06:39:37.571","GOREV","","","","","","","","","","","","","","","","","","","","","","","","","","","","26.35","18.69","151.20","14.62","11.78","-131.39","0.000000","0.000000","",""
"06:39:37.712","GOREV","","","","","","","","","","","","","","","","","","","","","","","","","","","","26.34","18.68","151.41","14.55","11.82","-131.43","0.000000","0.000000","",""
"06:39:37.881","GOREV","","","","","","","","","","","","","","","","","","","","","","","","","","","","26.35","18.69","151.62","14.57","11.99","-131.46","0.000000","0.000000","",""
"06:39:38.048","GOREV","","","","","","","","","","","","","","","","","","","","","","","","","","","","26.35","18.71","151.83","14.83","11.92","-131.50","0.000000","0.000000","",""
"06:39:38.241","GOREV","","","","","","","","","","","","","","","","","","","","","","","","","","","","26.36","18.68","152.04","14.77","11.92","-131.54","0.000000","0.000000","",""
"06:39:38.390","GOREV","","","","","","","","","","","","","","","","","","","","","","","","","","","","26.37","18.71","152.25","14.75","11.94","-131.58","0.000000","0.000000","",""
"06:39:38.555","GOREV","","","","","","","","","","","","","","","","","","","","","","","","","","","","26.36","18.71","152.47","14.61","11.73","-131.61","0.000000","0.000000","",""
"06:39:38.721","GOREV","","","","","","","","","","","","","","","","","","","","","","","","","","","","26.36","18.70","152.68","14.83","12.07","-131.65","0.000000","0.000000","",""
"06:39:38.890","GOREV","","","","","","","","","","","","","","","","","","","","","","","","","","","","26.36","18.70","152.89","14.84","11.83","-131.68","0.000000","0.000000","",""
"06:39:39.059","GOREV","","","","","","","","","","","","","","","","","","","","","","","","","","","","26.35","18.70","153.10","14.65","11.88","-131.72","0.000000","0.000000","",""
"06:39:39.248","GOREV","","","","","","","","","","","","","","","","","","","","","","","","","","","","26.36","18.70","153.31","14.87","11.97","-131.76","0.000000","0.000000","",""
"06:39:39.406","GOREV","","","","","","","","","","","","","","","","","","","","","","","","","","","","26.35","18.68","153.52","14.59","11.94","-131.79","0.000000","0.000000","",""
"06:39:39.563","GOREV","","","","","","","","","","","","","","","","","","","","","","","","","","","","26.34","18.67","153.74","14.75","11.99","-131.83","0.000000","0.000000","",""
"06:39:39.727","GOREV","","","","","","","","","","","","","","","","","","","","","","","","","","","","26.34","18.67","153.95","14.69","11.94","-131.87","0.000000","0.000000","",""
"06:39:39.909","GOREV","","","","","","","","","","","","","","","","","","","","","","","","","","","","26.34","18.65","154.16","14.47","11.92","-131.91","0.000000","0.000000","",""
"06:39:40.063","GOREV","","","","","","","","","","","","","","","","","","","","","","","","","","","","26.34","18.66","154.37","14.59","11.90","-131.94","0.000000","0.000000","",""
"06:39:40.244","GOREV","","","","","","","","","","","","","","","","","","","","","","","","","","","","26.37","18.69","154.58","14.52","11.92","-131.98","0.000000","0.000000","",""
"06:39:40.402","GOREV","","","","","","","","","","","","","","","","","","","","","","","","","","","","26.35","18.69","154.80","14.77","11.88","-132.02","0.000000","0.000000","",""
"06:39:40.596","GOREV","","","","","","","","","","","","","","","","","","","","","","","","","","","","26.36","18.69","155.01","14.71","11.86","-132.05","0.000000","0.000000","",""
"06:39:40.760","GOREV","","","","","","","","","","","","","","","","","","","","","","","","","","","","26.35","18.69","155.22","14.64","11.90","-132.09","0.000000","0.000000","",""
"06:39:40.903","GOREV","","","","","","","","","","","","","","","","","","","","","","","","","","","","26.36","18.71","155.43","14.70","11.87","-132.12","0.000000","0.000000","",""
"06:39:41.083","GOREV","","","","","","","","","","","","","","","","","","","","","","","","","","","","26.34","18.69","155.58","14.84","12.31","-132.20","0.000000","0.000000","",""
"06:39:41.243","GOREV","","","","","","","","","","","","","","","","","","","","","","","","","","","","26.39","18.93","155.96","15.39","11.59","-132.04","0.000000","0.000000","",""
"06:39:41.406","GOREV","","","","","","","","","","","","","","","","","","","","","","","","","","","","27.15","18.70","156.35","15.81","10.97","-131.97","0.000000","0.000000","",""
"06:39:41.574","GOREV","","","","","","","","","","","","","","","","","","","","","","","","","","","","28.03","19.53","154.02","11.57","16.11","-134.50","0.000000","0.000000","",""
"06:39:41.746","GOREV","","","","","","","","","","","","","","","","","","","","","","","","","","","","31.41","22.68","154.56","28.42","24.55","-134.18","0.000000","0.000000","",""
"06:39:41.909","GOREV","","","","","","","","","","","","","","","","","","","","","","","","","","","","25.95","22.85","161.66","25.91","10.40","-126.15","0.000000","0.000000","",""
"06:39:42.080","GOREV","","","","","","","","","","","","","","","","","","","","","","","","","","","","20.43","19.83","162.51","11.08","13.59","-125.04","0.000000","0.000000","",""
"06:39:42.247","GOREV","","","","","","","","","","","","","","","","","","","","","","","","","","","","18.17","17.68","160.37","6.74","11.31","-127.16","0.000000","0.000000","",""
"06:39:42.410","GOREV","","","","","","","","","","","","","","","","","","","","","","","","","","","","16.53","16.74","159.11","1.93","9.56","-128.75","0.000000","0.000000","",""
"06:39:42.585","GOREV","","","","","","","","","","","","","","","","","","","","","","","","","","","","14.87","17.15","158.90","4.87","14.69","-128.95","0.000000","0.000000","",""
"06:39:42.755","GOREV","","","","","","","","","","","","","","","","","","","","","","","","","","","","11.94","17.36","158.12","-3.11","12.77","-129.29","0.000000","0.000000","",""
"06:39:42.917","GOREV","","","","","","","","","","","","","","","","","","","","","","","","","","","","12.18","17.52","158.33","2.45","13.50","-129.33","0.000000","0.000000","",""
"06:39:43.084","GOREV","","","","","","","","","","","","","","","","","","","","","","","","","","","","12.10","17.64","158.53","-1.31","12.85","-129.36","0.000000","0.000000","",""
"06:39:43.255","GOREV","","","","","","","","","","","","","","","","","","","","","","","","","","","","12.14","17.77","158.74","-1.45","13.00","-129.40","0.000000","0.000000","",""
"06:39:43.419","GOREV","","","","","","","","","","","","","","","","","","","","","","","","","","","","12.15","17.89","158.96","-1.44","12.91","-129.43","0.000000","0.000000","",""
"06:39:43.585","GOREV","","","","","","","","","","","","","","","","","","","","","","","","","","","","11.62","17.44","159.28","-1.22","9.59","-129.34","0.000000","0.000000","",""
"06:39:43.755","GOREV","","","","","","","","","","","","","","","","","","","","","","","","","","","","9.27","17.22","158.62","-4.60","9.92","-130.09","0.000000","0.000000","",""
"06:39:43.923","GOREV","","","","","","","","","","","","","","","","","","","","","","","","","","","","10.96","17.68","157.69","-3.84","8.96","-131.58","0.000000","0.000000","",""
"06:39:44.093","GOREV","","","","","","","","","","","","","","","","","","","","","","","","","","","","10.83","17.77","157.93","-3.43","12.34","-131.61","0.000000","0.000000","",""
"06:39:44.291","GOREV","","","","","","","","","","","","","","","","","","","","","","","","","","","","10.85","17.75","158.24","-3.19","12.48","-131.58","0.000000","0.000000","",""
"06:39:44.428","GOREV","","","","","","","","","","","","","","","","","","","","","","","","","","","","11.73","17.91","159.14","-1.73","12.62","-130.98","0.000000","0.000000","",""
"06:39:44.602","GOREV","","","","","","","","","","","","","","","","","","","","","","","","","","","","11.81","17.88","159.46","-1.86","12.50","-130.90","0.000000","0.000000","",""
"06:39:44.760","GOREV","","","","","","","","","","","","","","","","","","","","","","","","","","","","11.77","17.86","159.67","-1.62","12.36","-130.93","0.000000","0.000000","",""
"06:39:44.932","GOREV","","","","","","","","","","","","","","","","","","","","","","","","","","","","11.83","17.84","159.88","-2.00","12.62","-130.97","0.000000","0.000000","",""
"06:39:45.094","GOREV","","","","","","","","","","","","","","","","","","","","","","","","","","","","11.81","17.82","160.10","-1.48","12.38","-131.01","0.000000","0.000000","",""
"06:39:45.261","GOREV","","","","","","","","","","","","","","","","","","","","","","","","","","","","11.78","17.79","160.31","-1.58","12.53","-131.05","0.000000","0.000000","",""
"06:39:45.429","GOREV","","","","","","","","","","","","","","","","","","","","","","","","","","","","11.76","17.78","160.52","-1.47","12.62","-131.09","0.000000","0.000000","",""
"06:39:45.595","GOREV","","","","","","","","","","","","","","","","","","","","","","","","","","","","11.78","17.80","160.73","-1.61","12.38","-131.12","0.000000","0.000000","",""
"06:39:45.760","GOREV","","","","","","","","","","","","","","","","","","","","","","","","","","","","11.78","17.79","160.94","-1.46","12.53","-131.16","0.000000","0.000000","",""
"06:39:45.925","GOREV","","","","","","","","","","","","","","","","","","","","","","","","","","","","11.78","17.80","161.15","-1.54","12.62","-131.19","0.000000","0.000000","",""
"06:39:46.091","GOREV","","","","","","","","","","","","","","","","","","","","","","","","","","","","11.77","17.81","161.36","-1.40","12.58","-131.23","0.000000","0.000000","",""
"06:39:46.272","GOREV","","","","","","","","","","","","","","","","","","","","","","","","","","","","11.78","17.81","161.57","-1.51","12.63","-131.27","0.000000","0.000000","",""
"06:39:46.427","GOREV","","","","","","","","","","","","","","","","","","","","","","","","","","","","11.81","17.83","161.78","-1.43","12.60","-131.30","0.000000","0.000000","",""
"06:39:46.593","GOREV","","","","","","","","","","","","","","","","","","","","","","","","","","","","11.81","17.84","161.99","-1.43","12.62","-131.34","0.000000","0.000000","",""
"06:39:46.762","GOREV","","","","","","","","","","","","","","","","","","","","","","","","","","","","11.81","17.82","162.20","-1.64","12.52","-131.38","0.000000","0.000000","",""
"06:39:46.928","GOREV","","","","","","","","","","","","","","","","","","","","","","","","","","","","11.79","17.81","162.41","-1.54","12.50","-131.42","0.000000","0.000000","",""
"06:39:47.091","GOREV","","","","","","","","","","","","","","","","","","","","","","","","","","","","11.79","17.82","162.62","-1.48","12.61","-131.46","0.000000","0.000000","",""
"06:39:47.272","GOREV","","","","","","","","","","","","","","","","","","","","","","","","","","","","11.80","17.81","162.83","-1.29","12.40","-131.50","0.000000","0.000000","",""
"06:39:47.428","GOREV","","","","","","","","","","","","","","","","","","","","","","","","","","","","11.81","17.83","163.04","-1.45","12.61","-131.53","0.000000","0.000000","",""
"06:39:47.593","GOREV","","","","","","","","","","","","","","","","","","","","","","","","","","","","11.81","17.83","163.25","-1.36","12.53","-131.57","0.000000","0.000000","",""
"06:39:47.764","GOREV","","","","","","","","","","","","","","","","","","","","","","","","","","","","11.81","17.82","163.46","-1.67","12.55","-131.61","0.000000","0.000000","",""
"06:39:47.926","GOREV","","","","","","","","","","","","","","","","","","","","","","","","","","","","11.82","17.81","163.67","-1.54","12.43","-131.64","0.000000","0.000000","",""
"06:39:48.092","GOREV","","","","","","","","","","","","","","","","","","","","","","","","","","","","11.81","17.82","163.88","-1.44","12.42","-131.68","0.000000","0.000000","",""
"06:39:48.260","GOREV","","","","","","","","","","","","","","","","","","","","","","","","","","","","11.81","17.80","164.09","-1.49","12.41","-131.72","0.000000","0.000000","",""
"06:39:48.437","GOREV","","","","","","","","","","","","","","","","","","","","","","","","","","","","11.81","17.80","164.30","-1.52","12.53","-131.75","0.000000","0.000000","",""
"06:39:48.593","GOREV","","","","","","","","","","","","","","","","","","","","","","","","","","","","11.79","17.81","164.51","-1.48","12.62","-131.79","0.000000","0.000000","",""
"06:39:48.767","GOREV","","","","","","","","","","","","","","","","","","","","","","","","","","","","11.82","17.80","164.71","-1.34","12.63","-131.83","0.000000","0.000000","",""
"06:39:48.922","GOREV","","","","","","","","","","","","","","","","","","","","","","","","","","","","11.79","17.80","164.92","-1.52","12.63","-131.86","0.000000","0.000000","",""
"06:39:49.108","GOREV","","","","","","","","","","","","","","","","","","","","","","","","","","","","11.79","17.81","165.13","-1.56","12.56","-131.90","0.000000","0.000000","",""
"06:39:49.259","GOREV","","","","","","","","","","","","","","","","","","","","","","","","","","","","11.80","17.83","165.34","-1.44","12.59","-131.94","0.000000","0.000000","",""
"06:39:49.425","GOREV","","","","","","","","","","","","","","","","","","","","","","","","","","","","11.80","17.82","165.55","-1.44","12.64","-131.98","0.000000","0.000000","",""
"06:39:49.590","GOREV","","","","","","","","","","","","","","","","","","","","","","","","","","","","11.80","17.84","165.76","-1.48","12.63","-132.01","0.000000","0.000000","",""
"06:39:49.756","GOREV","","","","","","","","","","","","","","","","","","","","","","","","","","","","11.83","17.84","165.97","-1.44","12.79","-132.05","0.000000","0.000000","",""
"06:39:49.926","GOREV","","","","","","","","","","","","","","","","","","","","","","","","","","","","11.84","17.85","166.19","-1.46","12.42","-132.08","0.000000","0.000000","",""
"06:39:50.089","GOREV","","","","","","","","","","","","","","","","","","","","","","","","","","","","11.81","17.82","166.40","-1.56","12.59","-132.12","0.000000","0.000000","",""
"06:39:50.258","GOREV","","","","","","","","","","","","","","","","","","","","","","","","","","","","11.81","17.81","166.61","-1.66","12.46","-132.15","0.000000","0.000000","",""
"06:39:50.446","GOREV","","","","","","","","","","","","","","","","","","","","","","","","","","","","11.81","17.82","166.82","-1.41","12.58","-132.19","0.000000","0.000000","",""
"06:39:50.593","GOREV","","","","","","","","","","","","","","","","","","","","","","","","","","","","11.80","17.82","167.03","-1.35","12.63","-132.22","0.000000","0.000000","",""
"06:39:50.767","GOREV","","","","","","","","","","","","","","","","","","","","","","","","","","","","11.80","17.81","167.24","-1.41","12.71","-132.26","0.000000","0.000000","",""
"06:39:50.922","GOREV","","","","","","","","","","","","","","","","","","","","","","","","","","","","11.79","17.80","167.45","-1.47","12.49","-132.29","0.000000","0.000000","",""
"06:39:51.089","GOREV","","","","","","","","","","","","","","","","","","","","","","","","","","","","11.82","17.80","167.66","-1.44","12.52","-132.33","0.000000","0.000000","",""
"06:39:51.262","GOREV","","","","","","","","","","","","","","","","","","","","","","","","","","","","11.80","17.82","167.88","-1.47","12.46","-132.36","0.000000","0.000000","",""
"06:39:51.427","GOREV","","","","","","","","","","","","","","","","","","","","","","","","","","","","11.81","17.83","168.09","-1.44","12.60","-132.40","0.000000","0.000000","",""
"06:39:51.591","GOREV","","","","","","","","","","","","","","","","","","","","","","","","","","","","11.81","17.84","168.30","-1.50","12.53","-132.43","0.000000","0.000000","",""
"06:39:51.756","GOREV","","","","","","","","","","","","","","","","","","","","","","","","","","","","11.83","17.84","168.51","-1.53","12.70","-132.47","0.000000","0.000000","",""
"06:39:51.927","GOREV","","","","","","","","","","","","","","","","","","","","","","","","","","","","11.84","17.83","168.72","-1.44","12.62","-132.51","0.000000","0.000000","",""
"06:39:52.099","GOREV","","","","","","","","","","","","","","","","","","","","","","","","","","","","11.82","17.82","168.93","-1.49","12.57","-132.54","0.000000","0.000000","",""
"06:39:52.258","GOREV","","","","","","","","","","","","","","","","","","","","","","","","","","","","11.81","17.78","169.14","-1.31","12.64","-132.58","0.000000","0.000000","",""
"06:39:52.424","GOREV","","","","","","","","","","","","","","","","","","","","","","","","","","","","11.82","17.78","169.35","-1.43","12.58","-132.61","0.000000","0.000000","",""
"06:39:52.587","GOREV","","","","","","","","","","","","","","","","","","","","","","","","","","","","11.81","17.78","169.56","-1.42","12.76","-132.65","0.000000","0.000000","",""
"06:39:52.768","GOREV","","","","","","","","","","","","","","","","","","","","","","","","","","","","11.80","17.80","169.77","-1.50","12.39","-132.69","0.000000","0.000000","",""
"06:39:52.919","GOREV","","","","","","","","","","","","","","","","","","","","","","","","","","","","11.82","17.82","169.98","-1.68","12.57","-132.72","0.000000","0.000000","",""
"06:39:53.090","GOREV","","","","","","","","","","","","","","","","","","","","","","","","","","","","11.81","17.80","170.19","-1.49","12.66","-132.76","0.000000","0.000000","",""
"06:39:53.255","GOREV","","","","","","","","","","","","","","","","","","","","","","","","","","","","11.81","17.80","170.40","-1.41","12.61","-132.79","0.000000","0.000000","",""
"06:39:53.423","GOREV","","","","","","","","","","","","","","","","","","","","","","","","","","","","11.81","17.81","170.61","-1.46","12.57","-132.83","0.000000","0.000000","",""
"06:39:53.587","GOREV","","","","","","","","","","","","","","","","","","","","","","","","","","","","11.81","17.80","170.82","-1.47","12.48","-132.86","0.000000","0.000000","",""
"06:39:53.763","GOREV","","","","","","","","","","","","","","","","","","","","","","","","","","","","11.81","17.82","171.03","-1.39","12.53","-132.90","0.000000","0.000000","",""
"06:39:53.920","GOREV","","","","","","","","","","","","","","","","","","","","","","","","","","","","11.80","17.82","171.24","-1.39","12.50","-132.93","0.000000","0.000000","",""
"06:39:54.100","GOREV","","","","","","","","","","","","","","","","","","","","","","","","","","","","11.82","17.84","171.45","-1.30","12.62","-132.97","0.000000","0.000000","",""
"06:39:54.254","GOREV","","","","","","","","","","","","","","","","","","","","","","","","","","","","11.80","17.82","171.66","-1.47","12.61","-133.01","0.000000","0.000000","",""
"06:39:54.462","GOREV","","","","","","","","","","","","","","","","","","","","","","","","","","","","11.83","17.85","171.87","-1.50","12.57","-133.05","0.000000","0.000000","",""
"06:39:54.587","GOREV","","","","","","","","","","","","","","","","","","","","","","","","","","","","11.83","17.82","172.08","-1.54","12.47","-133.09","0.000000","0.000000","",""
"06:39:54.753","GOREV","","","","","","","","","","","","","","","","","","","","","","","","","","","","11.83","17.82","172.29","-1.68","12.58","-133.12","0.000000","0.000000","",""
"06:39:54.919","GOREV","","","","","","","","","","","","","","","","","","","","","","","","","","","","11.83","17.85","172.50","-1.45","12.60","-133.16","0.000000","0.000000","",""
"06:39:55.085","GOREV","","","","","","","","","","","","","","","","","","","","","","","","","","","","11.82","17.83","172.71","-1.40","12.60","-133.19","0.000000","0.000000","",""
"06:39:55.255","GOREV","","","","","","","","","","","","","","","","","","","","","","","","","","","","11.82","17.82","172.92","-1.56","12.54","-133.23","0.000000","0.000000","",""
"06:39:55.436","GOREV","","","","","","","","","","","","","","","","","","","","","","","","","","","","11.82","17.82","173.13","-1.56","12.54","-133.26","0.000000","0.000000","",""
"06:39:55.604","GOREV","","","","","","","","","","","","","","","","","","","","","","","","","","","","11.83","17.81","173.34","-1.50","12.60","-133.30","0.000000","0.000000","",""
"06:39:55.753","GOREV","","","","","","","","","","","","","","","","","","","","","","","","","","","","11.82","17.80","173.55","-1.40","12.52","-133.34","0.000000","0.000000","",""
"06:39:55.923","GOREV","","","","","","","","","","","","","","","","","","","","","","","","","","","","11.81","17.79","173.76","-1.43","12.64","-133.37","0.000000","0.000000","",""
"06:39:56.086","GOREV","","","","","","","","","","","","","","","","","","","","","","","","","","","","11.80","17.80","173.97","-1.47","12.54","-133.41","0.000000","0.000000","",""
"06:39:56.262","GOREV","","","","","","","","","","","","","","","","","","","","","","","","","","","","11.80","17.81","174.19","-1.61","12.52","-133.44","0.000000","0.000000","",""
"06:39:56.422","GOREV","","","","","","","","","","","","","","","","","","","","","","","","","","","","11.79","17.79","174.39","-1.43","12.76","-133.48","0.000000","0.000000","",""
"06:39:56.588","GOREV","","","","","","","","","","","","","","","","","","","","","","","","","","","","11.81","17.81","174.61","-1.58","12.64","-133.51","0.000000","0.000000","",""
"06:39:56.768","GOREV","","","","","","","","","","","","","","","","","","","","","","","","","","","","11.82","17.83","174.81","-1.54","12.65","-133.55","0.000000","0.000000","",""
"06:39:56.918","GOREV","","","","","","","","","","","","","","","","","","","","","","","","","","","","11.82","17.83","175.02","-1.41","12.61","-133.59","0.000000","0.000000","",""
"06:39:57.085","GOREV","","","","","","","","","","","","","","","","","","","","","","","","","","","","11.83","17.83","175.24","-1.40","12.61","-133.62","0.000000","0.000000","",""
"06:39:57.265","GOREV","","","","","","","","","","","","","","","","","","","","","","","","","","","","11.84","17.82","175.45","-1.49","12.66","-133.66","0.000000","0.000000","",""
"06:39:57.428","GOREV","","","","","","","","","","","","","","","","","","","","","","","","","","","","11.82","17.82","175.66","-1.50","12.46","-133.70","0.000000","0.000000","",""
"06:39:57.591","GOREV","","","","","","","","","","","","","","","","","","","","","","","","","","","","11.83","17.82","175.87","-1.46","12.57","-133.73","0.000000","0.000000","",""
"06:39:57.752","GOREV","","","","","","","","","","","","","","","","","","","","","","","","","","","","11.82","17.81","176.08","-1.22","12.62","-133.77","0.000000","0.000000","",""
"06:39:57.922","GOREV","","","","","","","","","","","","","","","","","","","","","","","","","","","","11.82","17.84","176.29","-1.34","12.67","-133.80","0.000000","0.000000","",""
"06:39:58.092","GOREV","","","","","","","","","","","","","","","","","","","","","","","","","","","","11.82","17.83","176.50","-1.35","12.55","-133.84","0.000000","0.000000","",""
"06:39:58.257","GOREV","","","","","","","","","","","","","","","","","","","","","","","","","","","","11.81","17.83","176.72","-1.51","12.66","-133.87","0.000000","0.000000","",""
"06:39:58.419","GOREV","","","","","","","","","","","","","","","","","","","","","","","","","","","","11.80","17.84","176.93","-1.43","12.62","-133.91","0.000000","0.000000","",""
"06:39:58.600","GOREV","","","","","","","","","","","","","","","","","","","","","","","","","","","","11.82","17.80","177.14","-1.49","12.58","-133.94","0.000000","0.000000","",""
"06:39:58.752","GOREV","","","","","","","","","","","","","","","","","","","","","","","","","","","","11.83","17.80","177.35","-1.48","12.65","-133.98","0.000000","0.000000","",""
"06:39:58.919","GOREV","","","","","","","","","","","","","","","","","","","","","","","","","","","","11.81","17.78","177.56","-1.45","12.68","-134.01","0.000000","0.000000","",""
"06:39:59.092","GOREV","","","","","","","","","","","","","","","","","","","","","","","","","","","","11.80","17.79","177.77","-1.54","12.75","-134.05","0.000000","0.000000","",""
"06:39:59.253","GOREV","","","","","","","","","","","","","","","","","","","","","","","","","","","","11.82","17.82","177.98","-1.43","12.51","-134.09","0.000000","0.000000","",""
"06:39:59.422","GOREV","","","","","","","","","","","","","","","","","","","","","","","","","","","","11.82","17.85","178.19","-1.37","12.53","-134.12","0.000000","0.000000","",""
"06:39:59.589","GOREV","","","","","","","","","","","","","","","","","","","","","","","","","","","","11.83","17.83","178.40","-1.46","12.63","-134.16","0.000000","0.000000","",""
"06:39:59.752","GOREV","","","","","","","","","","","","","","","","","","","","","","","","","","","","11.83","17.84","178.61","-1.41","12.58","-134.19","0.000000","0.000000","",""
"06:39:59.920","GOREV","","","","","","","","","","","","","","","","","","","","","","","","","","","","11.82","17.83","178.82","-1.46","12.53","-134.23","0.000000","0.000000","",""
"06:40:00.084","GOREV","","","","","","","","","","","","","","","","","","","","","","","","","","","","11.82","17.84","179.03","-1.41","12.54","-134.27","0.000000","0.000000","",""
"06:40:00.253","GOREV","","","","","","","","","","","","","","","","","","","","","","","","","","","","11.80","17.84","179.25","-1.55","12.66","-134.31","0.000000","0.000000","",""
"06:40:00.418","GOREV","","","","","","","","","","","","","","","","","","","","","","","","","","","","11.80","17.85","179.46","-1.53","12.64","-134.34","0.000000","0.000000","",""
"06:40:00.597","GOREV","","","","","","","","","","","","","","","","","","","","","","","","","","","","11.80","17.81","179.67","-1.47","12.57","-134.38","0.000000","0.000000","",""
"06:40:00.775","GOREV","","","","","","","","","","","","","","","","","","","","","","","","","","","","11.80","17.82","179.87","-1.28","12.60","-134.41","0.000000","0.000000","",""
"06:40:00.917","GOREV","","","","","","","","","","","","","","","","","","","","","","","","","","","","11.81","17.83","177.48","-1.64","12.55","-134.45","0.000000","0.000000","",""
"06:40:01.099","GOREV","","","","","","","","","","","","","","","","","","","","","","","","","","","","11.80","17.82","177.40","-1.45","12.55","-134.48","0.000000","0.000000","",""
"06:40:01.252","GOREV","","","","","","","","","","","","","","","","","","","","","","","","","","","","11.81","17.80","177.32","-1.49","12.35","-134.52","0.000000","0.000000","",""
"06:40:01.428","GOREV","","","","","","","","","","","","","","","","","","","","","","","","","","","","11.81","17.82","177.24","-1.40","12.52","-134.55","0.000000","0.000000","",""
"06:40:01.583","GOREV","","","","","","","","","","","","","","","","","","","","","","","","","","","","11.81","17.82","177.15","-1.59","12.58","-134.59","0.000000","0.000000","",""
"06:40:01.748","GOREV","","","","","","","","","","","","","","","","","","","","","","","","","","","","11.81","17.83","177.07","-1.42","12.66","-134.63","0.000000","0.000000","",""
"06:40:01.917","GOREV","","","","","","","","","","","","","","","","","","","","","","","","","","","","11.79","17.82","176.99","-1.50","12.46","-134.67","0.000000","0.000000","",""
"06:40:02.084","GOREV","","","","","","","","","","","","","","","","","","","","","","","","","","","","11.82","17.82","176.91","-1.36","12.58","-134.70","0.000000","0.000000","",""
"06:40:02.255","GOREV","","","","","","","","","","","","","","","","","","","","","","","","","","","","11.81","17.80","176.82","-1.44","12.54","-134.73","0.000000","0.000000","",""
"06:40:02.417","GOREV","","","","","","","","","","","","","","","","","","","","","","","","","","","","11.81","17.81","176.74","-1.52","12.63","-134.77","0.000000","0.000000","",""
"06:40:02.583","GOREV","","","","","","","","","","","","","","","","","","","","","","","","","","","","11.81","17.82","176.65","-1.32","12.61","-134.81","0.000000","0.000000","",""
"06:40:02.759","GOREV","","","","","","","","","","","","","","","","","","","","","","","","","","","","11.81","17.82","176.57","-1.58","12.63","-134.85","0.000000","0.000000","",""
"06:40:02.914","GOREV","","","","","","","","","","","","","","","","","","","","","","","","","","","","11.81","17.81","176.49","-1.63","12.55","-134.89","0.000000","0.000000","",""
"06:40:03.087","GOREV","","","","","","","","","","","","","","","","","","","","","","","","","","","","11.81","17.81","176.40","-1.55","12.58","-134.92","0.000000","0.000000","",""
"06:40:03.251","GOREV","","","","","","","","","","","","","","","","","","","","","","","","","","","","11.81","17.81","176.32","-1.35","12.59","-134.96","0.000000","0.000000","",""
"06:40:03.439","GOREV","","","","","","","","","","","","","","","","","","","","","","","","","","","","11.81","17.83","176.24","-1.36","12.58","-134.99","0.000000","0.000000","",""
"06:40:03.590","GOREV","","","","","","","","","","","","","","","","","","","","","","","","","","","","11.82","17.83","176.15","-1.53","12.50","-135.03","0.000000","0.000000","",""
"06:40:03.749","GOREV","","","","","","","","","","","","","","","","","","","","","","","","","","","","11.81","17.84","176.07","-1.27","12.43","-135.07","0.000000","0.000000","",""
"06:40:03.927","GOREV","","","","","","","","","","","","","","","","","","","","","","","","","","","","11.80","17.83","175.99","-1.39","12.55","-135.11","0.000000","0.000000","",""
"06:40:04.081","GOREV","","","","","","","","","","","","","","","","","","","","","","","","","","","","11.83","17.84","175.91","-1.41","12.79","-135.14","0.000000","0.000000","",""
"06:40:04.251","GOREV","","","","","","","","","","","","","","","","","","","","","","","","","","","","11.83","17.82","175.83","-1.41","12.58","-135.18","0.000000","0.000000","",""
"06:40:04.420","GOREV","","","","","","","","","","","","","","","","","","","","","","","","","","","","11.82","17.82","175.74","-1.41","12.48","-135.22","0.000000","0.000000","",""
"06:40:04.596","GOREV","","","","","","","","","","","","","","","","","","","","","","","","","","","","11.82","17.84","175.66","-1.52","12.46","-135.26","0.000000","0.000000","",""
"06:40:04.757","GOREV","","","","","","","","","","","","","","","","","","","","","","","","","","","","11.83","17.83","175.58","-1.43","12.55","-135.29","0.000000","0.000000","",""
"06:40:04.914","GOREV","","","","","","","","","","","","","","","","","","","","","","","","","","","","11.83","17.80","175.50","-1.41","12.57","-135.32","0.000000","0.000000","",""
"06:40:05.082","GOREV","","","","","","","","","","","","","","","","","","","","","","","","","","","","11.83","17.81","175.41","-1.54","12.78","-135.36","0.000000","0.000000","",""
"06:40:05.249","GOREV","","","","","","","","","","","","","","","","","","","","","","","","","","","","11.83","17.81","175.33","-1.48","12.57","-135.40","0.000000","0.000000","",""
"06:40:05.421","GOREV","","","","","","","","","","","","","","","","","","","","","","","","","","","","11.82","17.83","175.25","-1.51","12.48","-135.43","0.000000","0.000000","",""
"06:40:05.584","GOREV","","","","","","","","","","","","","","","","","","","","","","","","","","","","11.81","17.84","175.17","-1.49","12.57","-135.47","0.000000","0.000000","",""
"06:40:05.753","GOREV","","","","","","","","","","","","","","","","","","","","","","","","","","","","11.80","17.84","175.08","-1.58","12.45","-135.50","0.000000","0.000000","",""
"06:40:05.918","GOREV","","","","","","","","","","","","","","","","","","","","","","","","","","","","11.82","17.84","175.00","-1.43","12.52","-135.54","0.000000","0.000000","",""
"06:40:06.081","GOREV","","","","","","","","","","","","","","","","","","","","","","","","","","","","11.83","17.83","174.92","-1.36","12.55","-135.58","0.000000","0.000000","",""
"06:40:06.261","GOREV","","","","","","","","","","","","","","","","","","","","","","","","","","","","11.82","17.82","174.84","-1.38","12.54","-135.61","0.000000","0.000000","",""
"06:40:06.418","GOREV","","","","","","","","","","","","","","","","","","","","","","","","","","","","11.82","17.81","174.75","-1.42","12.71","-135.65","0.000000","0.000000","",""
"06:40:06.593","GOREV","","","","","","","","","","","","","","","","","","","","","","","","","","","","11.81","17.80","174.67","-1.53","12.53","-135.69","0.000000","0.000000","",""
"06:40:06.750","GOREV","","","","","","","","","","","","","","","","","","","","","","","","","","","","11.81","17.81","174.59","-1.36","12.59","-135.72","0.000000","0.000000","",""
"06:40:06.915","GOREV","","","","","","","","","","","","","","","","","","","","","","","","","","","","11.82","17.81","174.50","-1.51","12.36","-135.76","0.000000","0.000000","",""
"06:40:07.081","GOREV","","","","","","","","","","","","","","","","","","","","","","","","","","","","11.81","17.81","174.42","-1.42","12.61","-135.79","0.000000","0.000000","",""
"06:40:07.271","GOREV","","","","","","","","","","","","","","","","","","","","","","","","","","","","11.81","17.81","174.34","-1.36","12.57","-135.83","0.000000","0.000000","",""
"06:40:07.412","GOREV","","","","","","","","","","","","","","","","","","","","","","","","","","","","11.81","17.83","174.25","-1.48","12.56","-135.87","0.000000","0.000000","",""
"06:40:07.578","GOREV","","","","","","","","","","","","","","","","","","","","","","","","","","","","11.80","17.83","174.17","-1.48","12.55","-135.90","0.000000","0.000000","",""
"06:40:07.745","GOREV","","","","","","","","","","","","","","","","","","","","","","","","","","","","11.81","17.82","174.09","-1.41","12.40","-135.94","0.000000","0.000000","",""
"06:40:07.919","GOREV","","","","","","","","","","","","","","","","","","","","","","","","","","","","11.82","17.83","174.01","-1.67","12.74","-135.97","0.000000","0.000000","",""
"06:40:08.076","GOREV","","","","","","","","","","","","","","","","","","","","","","","","","","","","11.81","17.83","173.93","-1.33","12.64","-136.01","0.000000","0.000000","",""
"06:40:08.255","GOREV","","","","","","","","","","","","","","","","","","","","","","","","","","","","11.83","17.84","173.84","-1.44","12.70","-136.04","0.000000","0.000000","",""
"06:40:08.409","GOREV","","","","","","","","","","","","","","","","","","","","","","","","","","","","11.83","17.84","173.76","-1.50","12.67","-136.08","0.000000","0.000000","",""
"06:40:08.578","GOREV","","","","","","","","","","","","","","","","","","","","","","","","","","","","11.83","17.83","173.68","-1.52","12.64","-136.11","0.000000","0.000000","",""
"06:40:08.745","GOREV","","","","","","","","","","","","","","","","","","","","","","","","","","","","11.84","17.84","173.59","-1.42","12.69","-136.15","0.000000","0.000000","",""
"06:40:08.908","GOREV","","","","","","","","","","","","","","","","","","","","","","","","","","","","11.82","17.83","173.51","-1.54","12.50","-136.18","0.000000","0.000000","",""
"06:40:09.073","GOREV","","","","","","","","","","","","","","","","","","","","","","","","","","","","11.81","17.82","173.43","-1.50","12.40","-136.22","0.000000","0.000000","",""
"06:40:09.248","GOREV","","","","","","","","","","","","","","","","","","","","","","","","","","","","11.80","17.81","173.34","-1.60","12.54","-136.25","0.000000","0.000000","",""
"06:40:09.409","GOREV","","","","","","","","","","","","","","","","","","","","","","","","","","","","11.81","17.82","173.26","-1.43","12.57","-136.29","0.000000","0.000000","",""
"06:40:09.578","GOREV","","","","","","","","","","","","","","","","","","","","","","","","","","","","11.82","17.83","173.18","-1.46","12.48","-136.33","0.000000","0.000000","",""
"06:40:09.747","GOREV","","","","","","","","","","","","","","","","","","","","","","","","","","","","11.81","17.83","173.09","-1.55","12.53","-136.36","0.000000","0.000000","",""
"06:40:09.908","GOREV","","","","","","","","","","","","","","","","","","","","","","","","","","","","11.81","17.80","173.01","-1.49","12.43","-136.40","0.000000","0.000000","",""
"06:40:10.074","GOREV","","","","","","","","","","","","","","","","","","","","","","","","","","","","11.83","17.83","172.93","-1.44","12.55","-136.44","0.000000","0.000000","",""
"06:40:10.251","GOREV","","","","","","","","","","","","","","","","","","","","","","","","","","","","11.83","17.82","172.85","-1.46","12.56","-136.47","0.000000","0.000000","",""
"06:40:10.422","GOREV","","","","","","","","","","","","","","","","","","","","","","","","","","","","11.83","17.81","172.76","-1.49","12.56","-136.51","0.000000","0.000000","",""
"06:40:10.578","GOREV","","","","","","","","","","","","","","","","","","","","","","","","","","","","11.81","17.83","172.68","-1.39","12.62","-136.55","0.000000","0.000000","",""
"06:40:10.742","GOREV","","","","","","","","","","","","","","","","","","","","","","","","","","","","11.81","17.81","172.60","-1.47","12.79","-136.58","0.000000","0.000000","",""
"06:40:10.914","GOREV","","","","","","","","","","","","","","","","","","","","","","","","","","","","11.81","17.81","172.51","-1.41","12.69","-136.61","0.000000","0.000000","",""
"06:40:11.079","GOREV","","","","","","","","","","","","","","","","","","","","","","","","","","","","11.82","17.80","172.43","-1.69","12.48","-136.65","0.000000","0.000000","",""
"06:40:11.254","GOREV","","","","","","","","","","","","","","","","","","","","","","","","","","","","11.81","17.81","172.35","-1.51","12.58","-136.68","0.000000","0.000000","",""
"06:40:11.415","GOREV","","","","","","","","","","","","","","","","","","","","","","","","","","","","11.83","17.81","172.27","-1.42","12.51","-136.72","0.000000","0.000000","",""
"06:40:11.580","GOREV","","","","","","","","","","","","","","","","","","","","","","","","","","","","11.83","17.83","172.18","-1.35","12.64","-136.75","0.000000","0.000000","",""
"06:40:11.747","GOREV","","","","","","","","","","","","","","","","","","","","","","","","","","","","11.80","17.82","172.10","-1.49","12.61","-136.79","0.000000","0.000000","",""
"06:40:11.910","GOREV","","","","","","","","","","","","","","","","","","","","","","","","","","","","11.79","17.81","172.02","-1.49","12.73","-136.83","0.000000","0.000000","",""
"06:40:12.075","GOREV","","","","","","","","","","","","","","","","","","","","","","","","","","","","11.80","17.82","171.94","-1.51","12.42","-136.87","0.000000","0.000000","",""
"06:40:12.243","GOREV","","","","","","","","","","","","","","","","","","","","","","","","","","","","11.81","17.84","171.85","-1.50","12.59","-136.91","0.000000","0.000000","",""
"06:40:12.410","GOREV","","","","","","","","","","","","","","","","","","","","","","","","","","","","11.82","17.84","171.76","-1.60","12.63","-136.94","0.000000","0.000000","",""
"06:40:12.599","GOREV","","","","","","","","","","","","","","","","","","","","","","","","","","","","11.81","17.85","171.68","-1.59","12.62","-136.97","0.000000","0.000000","",""
"06:40:12.748","GOREV","","","","","","","","","","","","","","","","","","","","","","","","","","","","11.81","17.84","171.60","-1.42","12.68","-137.01","0.000000","0.000000","",""
"06:40:12.912","GOREV","","","","","","","","","","","","","","","","","","","","","","","","","","","","11.82","17.85","171.51","-1.26","12.60","-137.05","0.000000","0.000000","",""
"06:40:13.076","GOREV","","","","","","","","","","","","","","","","","","","","","","","","","","","","11.83","17.84","171.43","-1.47","12.60","-137.08","0.000000","0.000000","",""
"06:40:13.250","GOREV","","","","","","","","","","","","","","","","","","","","","","","","","","","","11.80","17.83","171.35","-1.46","12.60","-137.12","0.000000","0.000000","",""
"06:40:13.414","GOREV","","","","","","","","","","","","","","","","","","","","","","","","","","","","11.80","17.83","171.26","-1.50","12.48","-137.16","0.000000","0.000000","",""
"06:40:13.581","GOREV","","","","","","","","","","","","","","","","","","","","","","","","","","","","11.79","17.84","171.18","-1.59","12.41","-137.20","0.000000","0.000000","",""
"06:40:13.742","GOREV","","","","","","","","","","","","","","","","","","","","","","","","","","","","11.81","17.84","171.10","-1.52","12.60","-137.24","0.000000","0.000000","",""
"06:40:13.909","GOREV","","","","","","","","","","","","","","","","","","","","","","","","","","","","11.82","17.84","171.01","-1.54","12.54","-137.27","0.000000","0.000000","",""
"06:40:14.077","GOREV","","","","","","","","","","","","","","","","","","","","","","","","","","","","11.83","17.85","170.93","-1.42","12.55","-137.31","0.000000","0.000000","",""
"06:40:14.243","GOREV","","","","","","","","","","","","","","","","","","","","","","","","","","","","11.82","17.87","170.84","-1.47","12.64","-137.35","0.000000","0.000000","",""
"06:40:14.411","GOREV","","","","","","","","","","","","","","","","","","","","","","","","","","","","11.81","17.83","170.76","-1.54","12.53","-137.38","0.000000","0.000000","",""
"06:40:14.580","GOREV","","","","","","","","","","","","","","","","","","","","","","","","","","","","11.83","17.81","170.68","-1.50","12.55","-137.41","0.000000","0.000000","",""
"06:40:14.746","GOREV","","","","","","","","","","","","","","","","","","","","","","","","","","","","11.82","17.81","170.60","-1.47","12.58","-137.45","0.000000","0.000000","",""
"06:40:14.926","GOREV","","","","","","","","","","","","","","","","","","","","","","","","","","","","11.82","17.80","170.52","-1.49","12.76","-137.49","0.000000","0.000000","",""
"06:40:15.074","GOREV","","","","","","","","","","","","","","","","","","","","","","","","","","","","11.80","17.79","170.43","-1.44","12.60","-137.52","0.000000","0.000000","",""
"06:40:15.254","GOREV","","","","","","","","","","","","","","","","","","","","","","","","","","","","11.80","17.81","170.35","-1.44","12.43","-137.56","0.000000","0.000000","",""
"06:40:15.413","GOREV","","","","","","","","","","","","","","","","","","","","","","","","","","","","11.81","17.82","170.27","-1.43","12.56","-137.60","0.000000","0.000000","",""
"06:40:15.582","GOREV","","","","","","","","","","","","","","","","","","","","","","","","","","","","11.83","17.82","170.19","-1.57","12.54","-137.64","0.000000","0.000000","",""
"06:40:15.743","GOREV","","","","","","","","","","","","","","","","","","","","","","","","","","","","11.82","17.82","170.10","-1.46","12.59","-137.67","0.000000","0.000000","",""
"06:40:15.911","GOREV","","","","","","","","","","","","","","","","","","","","","","","","","","","","11.83","17.82","170.02","-1.61","12.63","-137.71","0.000000","0.000000","",""
"06:40:16.077","GOREV","","","","","","","","","","","","","","","","","","","","","","","","","","","","11.82","17.81","169.94","-1.48","12.60","-137.74","0.000000","0.000000","",""
"06:40:16.244","GOREV","","","","","","","","","","","","","","","","","","","","","","","","","","","","11.83","17.83","169.85","-1.29","12.52","-137.77","0.000000","0.000000","",""
"06:40:16.434","GOREV","","","","","","","","","","","","","","","","","","","","","","","","","","","","11.81","17.82","169.77","-1.37","12.48","-137.81","0.000000","0.000000","",""
"06:40:16.586","GOREV","","","","","","","","","","","","","","","","","","","","","","","","","","","","11.81","17.82","169.68","-1.40","12.60","-137.85","0.000000","0.000000","",""
"06:40:16.737","GOREV","","","","","","","","","","","","","","","","","","","","","","","","","","","","11.83","17.82","169.60","-1.55","12.62","-137.88","0.000000","0.000000","",""
"06:40:16.903","GOREV","","","","","","","","","","","","","","","","","","","","","","","","","","","","11.83","17.83","169.52","-1.36","12.49","-137.92","0.000000","0.000000","",""
"06:40:17.071","GOREV","","","","","","","","","","","","","","","","","","","","","","","","","","","","11.81","17.81","169.43","-1.51","12.60","-137.95","0.000000","0.000000","",""
"06:40:17.250","GOREV","","","","","","","","","","","","","","","","","","","","","","","","","","","","11.80","17.84","169.35","-1.40","12.55","-137.99","0.000000","0.000000","",""
"06:40:17.410","GOREV","","","","","","","","","","","","","","","","","","","","","","","","","","","","11.78","17.83","169.27","-1.36","12.68","-138.03","0.000000","0.000000","",""
"06:40:17.572","GOREV","","","","","","","","","","","","","","","","","","","","","","","","","","","","11.79","17.84","169.18","-1.33","12.49","-138.06","0.000000","0.000000","",""
"06:40:17.738","GOREV","","","","","","","","","","","","","","","","","","","","","","","","","","","","11.79","17.82","169.10","-1.51","12.46","-138.10","0.000000","0.000000","",""
"06:40:17.903","GOREV","","","","","","","","","","","","","","","","","","","","","","","","","","","","11.79","17.81","169.02","-1.59","12.60","-138.13","0.000000","0.000000","",""
"06:40:18.070","GOREV","","","","","","","","","","","","","","","","","","","","","","","","","","","","11.80","17.81","168.94","-1.42","12.73","-138.17","0.000000","0.000000","",""
"06:40:18.243","GOREV","","","","","","","","","","","","","","","","","","","","","","","","","","","","11.81","17.81","168.85","-1.41","12.61","-138.20","0.000000","0.000000","",""
"06:40:18.411","GOREV","","","","","","","","","","","","","","","","","","","","","","","","","","","","11.80","17.82","168.77","-1.40","12.63","-138.24","0.000000","0.000000","",""
"06:40:18.571","GOREV","","","","","","","","","","","","","","","","","","","","","","","","","","","","11.80","17.83","168.68","-1.49","12.54","-138.28","0.000000","0.000000","",""
"06:40:18.743","GOREV","","","","","","","","","","","","","","","","","","","","","","","","","","","","11.81","17.83","168.60","-1.60","12.63","-138.31","0.000000","0.000000","",""
"06:40:18.923","GOREV","","","","","","","","","","","","","","","","","","","","","","","","","","","","11.80","17.81","168.52","-1.41","12.53","-138.35","0.000000","0.000000","",""
"06:40:19.070","GOREV","","","","","","","","","","","","","","","","","","","","","","","","","","","","11.81","17.83","168.44","-1.48","12.55","-138.38","0.000000","0.000000","",""
"06:40:19.240","GOREV","","","","","","","","","","","","","","","","","","","","","","","","","","","","11.82","17.84","168.35","-1.54","12.58","-138.42","0.000000","0.000000","",""
"06:40:19.405","GOREV","","","","","","","","","","","","","","","","","","","","","","","","","","","","11.82","17.82","168.27","-1.67","12.58","-138.45","0.000000","0.000000","",""
"06:40:19.583","GOREV","","","","","","","","","","","","","","","","","","","","","","","","","","","","11.80","17.82","168.19","-1.44","12.72","-138.49","0.000000","0.000000","",""
"06:40:19.742","GOREV","","","","","","","","","","","","","","","","","","","","","","","","","","","","11.79","17.82","168.11","-1.61","12.49","-138.52","0.000000","0.000000","",""
"06:40:19.904","GOREV","","","","","","","","","","","","","","","","","","","","","","","","","","","","11.80","17.84","168.02","-1.25","12.71","-138.56","0.000000","0.000000","",""
"06:40:20.074","GOREV","","","","","","","","","","","","","","","","","","","","","","","","","","","","11.81","17.81","167.94","-1.49","12.49","-138.60","0.000000","0.000000","",""
"06:40:20.240","GOREV","","","","","","","","","","","","","","","","","","","","","","","","","","","","11.79","17.82","167.85","-1.50","12.54","-138.63","0.000000","0.000000","",""
"06:40:20.417","GOREV","","","","","","","","","","","","","","","","","","","","","","","","","","","","11.81","17.83","167.77","-1.44","12.50","-138.67","0.000000","0.000000","",""
"06:40:20.576","GOREV","","","","","","","","","","","","","","","","","","","","","","","","","","","","11.80","17.80","167.69","-1.59","12.68","-138.71","0.000000","0.000000","",""
"06:40:20.756","GOREV","","","","","","","","","","","","","","","","","","","","","","","","","","","","11.81","17.84","167.60","-1.52","12.49","-138.74","0.000000","0.000000","",""
"06:40:20.924","GOREV","","","","","","","","","","","","","","","","","","","","","","","","","","","","11.81","17.85","167.52","-1.38","12.59","-138.78","0.000000","0.000000","",""
"06:40:21.070","GOREV","","","","","","","","","","","","","","","","","","","","","","","","","","","","11.81","17.84","167.44","-1.50","12.42","-138.81","0.000000","0.000000","",""
"06:40:21.239","GOREV","","","","","","","","","","","","","","","","","","","","","","","","","","","","11.82","17.82","167.35","-1.47","12.51","-138.85","0.000000","0.000000","",""
"06:40:21.402","GOREV","","","","","","","","","","","","","","","","","","","","","","","","","","","","11.82","17.82","167.27","-1.47","12.62","-138.89","0.000000","0.000000","",""
"06:40:21.574","GOREV","","","","","","","","","","","","","","","","","","","","","","","","","","","","11.82","17.80","167.19","-1.50","12.61","-138.93","0.000000","0.000000","",""
"06:40:21.738","GOREV","","","","","","","","","","","","","","","","","","","","","","","","","","","","11.83","17.80","167.10","-1.55","12.58","-138.96","0.000000","0.000000","",""
"06:40:21.901","GOREV","","","","","","","","","","","","","","","","","","","","","","","","","","","","11.80","17.80","167.02","-1.45","12.53","-139.00","0.000000","0.000000","",""
"06:40:22.067","GOREV","","","","","","","","","","","","","","","","","","","","","","","","","","","","11.80","17.82","166.94","-1.42","12.54","-139.04","0.000000","0.000000","",""
"06:40:22.236","GOREV","","","","","","","","","","","","","","","","","","","","","","","","","","","","11.82","17.84","166.85","-1.60","12.67","-139.08","0.000000","0.000000","",""
"06:40:22.406","GOREV","","","","","","","","","","","","","","","","","","","","","","","","","","","","11.83","17.85","166.77","-1.24","12.64","-139.11","0.000000","0.000000","",""
"06:40:22.582","GOREV","","","","","","","","","","","","","","","","","","","","","","","","","","","","11.81","17.87","166.69","-1.47","12.72","-139.15","0.000000","0.000000","",""
"06:40:22.739","GOREV","","","","","","","","","","","","","","","","","","","","","","","","","","","","11.82","17.84","166.61","-1.51","12.67","-139.19","0.000000","0.000000","",""
"06:40:22.901","GOREV","","","","","","","","","","","","","","","","","","","","","","","","","","","","11.82","17.84","166.52","-1.55","12.68","-139.22","0.000000","0.000000","",""
"06:40:23.089","GOREV","","","","","","","","","","","","","","","","","","","","","","","","","","","","11.79","17.84","166.44","-1.52","12.53","-139.26","0.000000","0.000000","",""
"06:40:23.236","GOREV","","","","","","","","","","","","","","","","","","","","","","","","","","","","11.81","17.84","166.36","-1.43","12.74","-139.30","0.000000","0.000000","",""
"06:40:23.414","GOREV","","","","","","","","","","","","","","","","","","","","","","","","","","","","11.82","17.85","166.27","-1.49","12.69","-139.33","0.000000","0.000000","",""
"06:40:23.569","GOREV","","","","","","","","","","","","","","","","","","","","","","","","","","","","11.82","17.84","166.19","-1.40","12.61","-139.37","0.000000","0.000000","",""
"06:40:23.734","GOREV","","","","","","","","","","","","","","","","","","","","","","","","","","","","11.82","17.84","166.10","-1.44","12.56","-139.40","0.000000","0.000000","",""
"06:40:23.901","GOREV","","","","","","","","","","","","","","","","","","","","","","","","","","","","11.80","17.83","166.02","-1.32","12.46","-139.44","0.000000","0.000000","",""
"06:40:24.081","GOREV","","","","","","","","","","","","","","","","","","","","","","","","","","","","11.81","17.83","165.94","-1.41","12.57","-139.48","0.000000","0.000000","",""
"06:40:24.241","GOREV","","","","","","","","","","","","","","","","","","","","","","","","","","","","11.82","17.84","165.85","-1.42","12.50","-139.51","0.000000","0.000000","",""
"06:40:24.407","GOREV","","","","","","","","","","","","","","","","","","","","","","","","","","","","11.82","17.83","165.77","-1.42","12.54","-139.55","0.000000","0.000000","",""
"06:40:24.568","GOREV","","","","","","","","","","","","","","","","","","","","","","","","","","","","11.79","17.83","165.69","-1.36","12.50","-139.58","0.000000","0.000000","",""
"06:40:24.736","GOREV","","","","","","","","","","","","","","","","","","","","","","","","","","","","11.81","17.83","165.61","-1.41","12.58","-139.62","0.000000","0.000000","",""
"06:40:24.915","GOREV","","","","","","","","","","","","","","","","","","","","","","","","","","","","11.80","17.86","165.53","-1.37","12.54","-139.66","0.000000","0.000000","",""
"06:40:25.074","GOREV","","","","","","","","","","","","","","","","","","","","","","","","","","","","11.82","17.84","165.44","-1.43","12.72","-139.69","0.000000","0.000000","",""
"06:40:25.240","GOREV","","","","","","","","","","","","","","","","","","","","","","","","","","","","11.81","17.84","165.36","-1.45","12.57","-139.73","0.000000","0.000000","",""
"06:40:25.405","GOREV","","","","","","","","","","","","","","","","","","","","","","","","","","","","11.79","17.86","165.28","-1.42","12.72","-139.76","0.000000","0.000000","",""
"06:40:25.567","GOREV","","","","","","","","","","","","","","","","","","","","","","","","","","","","11.82","17.86","165.20","-1.45","12.58","-139.80","0.000000","0.000000","",""
"06:40:25.753","GOREV","","","","","","","","","","","","","","","","","","","","","","","","","","","","11.82","17.85","165.11","-1.50","12.71","-139.84","0.000000","0.000000","",""
"06:40:25.899","GOREV","","","","","","","","","","","","","","","","","","","","","","","","","","","","11.82","17.84","165.03","-1.34","12.51","-139.87","0.000000","0.000000","",""
"06:40:26.066","GOREV","","","","","","","","","","","","","","","","","","","","","","","","","","","","11.82","17.83","164.95","-1.43","12.62","-139.90","0.000000","0.000000","",""
"06:40:26.235","GOREV","","","","","","","","","","","","","","","","","","","","","","","","","","","","11.80","17.83","164.87","-1.37","12.63","-139.94","0.000000","0.000000","",""
"06:40:26.401","GOREV","","","","","","","","","","","","","","","","","","","","","","","","","","","","11.80","17.83","164.78","-1.53","12.70","-139.97","0.000000","0.000000","",""
"06:40:26.573","GOREV","","","","","","","","","","","","","","","","","","","","","","","","","","","","11.80","17.83","164.70","-1.34","12.60","-140.01","0.000000","0.000000","",""
"06:40:26.736","GOREV","","","","","","","","","","","","","","","","","","","","","","","","","","","","11.82","17.81","164.61","-1.49","12.54","-140.04","0.000000","0.000000","",""
"06:40:26.900","GOREV","","","","","","","","","","","","","","","","","","","","","","","","","","","","11.82","17.84","164.53","-1.42","12.53","-140.08","0.000000","0.000000","",""
"06:40:27.068","GOREV","","","","","","","","","","","","","","","","","","","","","","","","","","","","11.83","17.84","164.45","-1.43","12.61","-140.12","0.000000","0.000000","",""
"06:40:27.245","GOREV","","","","","","","","","","","","","","","","","","","","","","","","","","","","11.82","17.84","164.36","-1.46","12.77","-140.15","0.000000","0.000000","",""
"06:40:27.406","GOREV","","","","","","","","","","","","","","","","","","","","","","","","","","","","11.81","17.82","164.28","-1.45","12.58","-140.19","0.000000","0.000000","",""
"06:40:27.567","GOREV","","","","","","","","","","","","","","","","","","","","","","","","","","","","11.81","17.83","164.20","-1.28","12.62","-140.23","0.000000","0.000000","",""
"06:40:27.733","GOREV","","","","","","","","","","","","","","","","","","","","","","","","","","","","11.81","17.84","164.11","-1.38","12.69","-140.26","0.000000","0.000000","",""
"06:40:27.901","GOREV","","","","","","","","","","","","","","","","","","","","","","","","","","","","11.81","17.85","164.03","-1.43","12.67","-140.30","0.000000","0.000000","",""
"06:40:28.069","GOREV","","","","","","","","","","","","","","","","","","","","","","","","","","","","11.81","17.85","163.95","-1.53","12.50","-140.33","0.000000","0.000000","",""
"06:40:28.239","GOREV","","","","","","","","","","","","","","","","","","","","","","","","","","","","11.80","17.84","163.87","-1.49","12.70","-140.37","0.000000","0.000000","",""
"06:40:28.400","GOREV","","","","","","","","","","","","","","","","","","","","","","","","","","","","11.82","17.80","163.78","-1.58","12.74","-140.41","0.000000","0.000000","",""
"06:40:28.566","GOREV","","","","","","","","","","","","","","","","","","","","","","","","","","","","11.83","17.81","163.70","-1.39","12.64","-140.44","0.000000","0.000000","",""
"06:40:28.753","GOREV","","","","","","","","","","","","","","","","","","","","","","","","","","","","11.83","17.80","163.61","-1.48","12.52","-140.48","0.000000","0.000000","",""
"06:40:28.899","GOREV","","","","","","","","","","","","","","","","","","","","","","","","","","","","11.83","17.80","163.53","-1.27","12.61","-140.51","0.000000","0.000000","",""
"06:40:29.064","GOREV","","","","","","","","","","","","","","","","","","","","","","","","","","","","11.81","17.82","163.45","-1.39","12.64","-140.55","0.000000","0.000000","",""
"06:40:29.242","GOREV","","","","","","","","","","","","","","","","","","","","","","","","","","","","11.82","17.82","163.36","-1.35","12.57","-140.58","0.000000","0.000000","",""
"06:40:29.405","GOREV","","","","","","","","","","","","","","","","","","","","","","","","","","","","11.82","17.83","163.28","-1.46","12.53","-140.62","0.000000","0.000000","",""
"06:40:29.566","GOREV","","","","","","","","","","","","","","","","","","","","","","","","","","","","11.79","17.81","163.20","-1.42","12.62","-140.65","0.000000","0.000000","",""
"06:40:29.743","GOREV","","","","","","","","","","","","","","","","","","","","","","","","","","","","11.79","17.82","163.11","-1.35","12.61","-140.69","0.000000","0.000000","",""
"06:40:29.898","GOREV","","","","","","","","","","","","","","","","","","","","","","","","","","","","11.79","17.82","163.03","-1.33","12.60","-140.72","0.000000","0.000000","",""
"06:40:30.070","GOREV","","","","","","","","","","","","","","","","","","","","","","","","","","","","11.80","17.82","162.95","-1.44","12.64","-140.76","0.000000","0.000000","",""
"06:40:30.233","GOREV","","","","","","","","","","","","","","","","","","","","","","","","","","","","11.82","17.82","162.86","-1.46","12.63","-140.80","0.000000","0.000000","",""
"06:40:30.407","GOREV","","","","","","","","","","","","","","","","","","","","","","","","","","","","11.81","17.84","162.78","-1.46","12.64","-140.84","0.000000","0.000000","",""
"06:40:30.584","GOREV","","","","","","","","","","","","","","","","","","","","","","","","","","","","11.82","17.84","162.69","-1.46","12.59","-140.87","0.000000","0.000000","",""
"06:40:30.732","GOREV","","","","","","","","","","","","","","","","","","","","","","","","","","","","11.83","17.82","162.61","-1.55","12.63","-140.91","0.000000","0.000000","",""
"06:40:30.917","GOREV","","","","","","","","","","","","","","","","","","","","","","","","","","","","11.81","17.82","162.53","-1.43","12.60","-140.94","0.000000","0.000000","",""
"06:40:31.084","GOREV","","","","","","","","","","","","","","","","","","","","","","","","","","","","11.81","17.83","162.45","-1.37","12.74","-140.98","0.000000","0.000000","",""
"06:40:31.252","GOREV","","","","","","","","","","","","","","","","","","","","","","","","","","","","11.82","17.84","162.36","-1.46","12.64","-141.02","0.000000","0.000000","",""
"06:40:31.402","GOREV","","","","","","","","","","","","","","","","","","","","","","","","","","","","11.82","17.82","162.28","-1.37","12.50","-141.06","0.000000","0.000000","",""
"06:40:31.566","GOREV","","","","","","","","","","","","","","","","","","","","","","","","","","","","11.83","17.83","162.19","-1.40","12.48","-141.09","0.000000","0.000000","",""
"06:40:31.747","GOREV","","","","","","","","","","","","","","","","","","","","","","","","","","","","11.82","17.83","162.11","-1.36","12.58","-141.13","0.000000","0.000000","",""
"06:40:31.897","GOREV","","","","","","","","","","","","","","","","","","","","","","","","","","","","11.82","17.84","162.03","-1.43","12.61","-141.16","0.000000","0.000000","",""
"06:40:32.063","GOREV","","","","","","","","","","","","","","","","","","","","","","","","","","","","11.82","17.85","161.95","-1.25","12.50","-141.20","0.000000","0.000000","",""
"06:40:32.233","GOREV","","","","","","","","","","","","","","","","","","","","","","","","","","","","11.83","17.83","161.86","-1.51","12.57","-141.24","0.000000","0.000000","",""
"06:40:32.400","GOREV","","","","","","","","","","","","","","","","","","","","","","","","","","","","11.82","17.82","161.78","-1.51","12.63","-141.28","0.000000","0.000000","",""
"06:40:32.568","GOREV","","","","","","","","","","","","","","","","","","","","","","","","","","","","11.80","17.82","161.70","-1.42","12.65","-141.31","0.000000","0.000000","",""
"06:40:32.730","GOREV","","","","","","","","","","","","","","","","","","","","","","","","","","","","11.82","17.82","161.61","-1.60","12.62","-141.35","0.000000","0.000000","",""
"06:40:32.908","GOREV","","","","","","","","","","","","","","","","","","","","","","","","","","","","11.81","17.83","161.53","-1.48","12.65","-141.38","0.000000","0.000000","",""
"06:40:33.082","GOREV","","","","","","","","","","","","","","","","","","","","","","","","","","","","11.82","17.81","161.45","-1.47","12.47","-141.42","0.000000","0.000000","",""
"06:40:33.232","GOREV","","","","","","","","","","","","","","","","","","","","","","","","","","","","11.82","17.81","161.37","-1.55","12.45","-141.45","0.000000","0.000000","",""
"06:40:33.409","GOREV","","","","","","","","","","","","","","","","","","","","","","","","","","","","11.82","17.78","161.28","-1.54","12.64","-141.49","0.000000","0.000000","",""
"06:40:33.567","GOREV","","","","","","","","","","","","","","","","","","","","","","","","","","","","11.82","17.79","161.20","-1.45","12.62","-141.53","0.000000","0.000000","",""
"06:40:33.731","GOREV","","","","","","","","","","","","","","","","","","","","","","","","","","","","11.80","17.82","161.12","-1.36","12.53","-141.56","0.000000","0.000000","",""
"06:40:33.897","GOREV","","","","","","","","","","","","","","","","","","","","","","","","","","","","11.82","17.85","161.03","-1.45","12.64","-141.60","0.000000","0.000000","",""
"06:40:34.062","GOREV","","","","","","","","","","","","","","","","","","","","","","","","","","","","11.83","17.85","160.95","-1.53","12.68","-141.63","0.000000","0.000000","",""
"06:40:34.240","GOREV","","","","","","","","","","","","","","","","","","","","","","","","","","","","11.83","17.85","160.87","-1.50","12.60","-141.67","0.000000","0.000000","",""
"06:40:34.401","GOREV","","","","","","","","","","","","","","","","","","","","","","","","","","","","11.84","17.84","160.78","-1.55","12.51","-141.71","0.000000","0.000000","",""
"06:40:34.564","GOREV","","","","","","","","","","","","","","","","","","","","","","","","","","","","11.84","17.82","160.70","-1.60","12.56","-141.74","0.000000","0.000000","",""
"06:40:34.727","GOREV","","","","","","","","","","","","","","","","","","","","","","","","","","","","11.85","17.83","160.62","-1.56","12.68","-141.78","0.000000","0.000000","",""
"06:40:34.899","GOREV","","","","","","","","","","","","","","","","","","","","","","","","","","","","11.83","17.85","160.53","-1.29","12.54","-141.81","0.000000","0.000000","",""
"06:40:35.059","GOREV","","","","","","","","","","","","","","","","","","","","","","","","","","","","11.82","17.84","160.45","-1.51","12.64","-141.85","0.000000","0.000000","",""
"06:40:35.235","GOREV","","","","","","","","","","","","","","","","","","","","","","","","","","","","11.81","17.83","160.37","-1.56","12.68","-141.88","0.000000","0.000000","",""
"06:40:35.399","GOREV","","","","","","","","","","","","","","","","","","","","","","","","","","","","11.81","17.83","160.29","-1.58","12.58","-141.92","0.000000","0.000000","",""
"06:40:35.558","GOREV","","","","","","","","","","","","","","","","","","","","","","","","","","","","11.82","17.83","160.21","-1.58","12.65","-141.96","0.000000","0.000000","",""
"06:40:35.725","GOREV","","","","","","","","","","","","","","","","","","","","","","","","","","","","11.83","17.84","160.13","-1.39","12.60","-141.99","0.000000","0.000000","",""
"06:40:35.893","GOREV","","","","","","","","","","","","","","","","","","","","","","","","","","","","11.84","17.83","160.04","-1.50","12.67","-142.03","0.000000","0.000000","",""
"06:40:36.057","GOREV","","","","","","","","","","","","","","","","","","","","","","","","","","","","11.83","17.84","159.96","-1.41","12.66","-142.06","0.000000","0.000000","",""
"06:40:36.223","GOREV","","","","","","","","","","","","","","","","","","","","","","","","","","","","11.83","17.85","159.88","-1.57","12.64","-142.10","0.000000","0.000000","",""
"06:40:36.403","GOREV","","","","","","","","","","","","","","","","","","","","","","","","","","","","11.80","17.86","159.80","-1.39","12.56","-142.14","0.000000","0.000000","",""
"06:40:36.554","GOREV","","","","","","","","","","","","","","","","","","","","","","","","","","","","11.82","17.86","159.71","-1.45","12.68","-142.18","0.000000","0.000000","",""
"06:40:36.720","GOREV","","","","","","","","","","","","","","","","","","","","","","","","","","","","11.82","17.85","159.63","-1.49","12.47","-142.21","0.000000","0.000000","",""
"06:40:36.885","GOREV","","","","","","","","","","","","","","","","","","","","","","","","","","","","11.81","17.86","159.54","-1.52","12.50","-142.25","0.000000","0.000000","",""
"06:40:37.057","GOREV","","","","","","","","","","","","","","","","","","","","","","","","","","","","11.81","17.84","159.46","-1.27","12.38","-142.29","0.000000","0.000000","",""
"06:40:37.226","GOREV","","","","","","","","","","","","","","","","","","","","","","","","","","","","11.81","17.84","159.38","-1.43","12.64","-142.33","0.000000","0.000000","",""
"06:40:37.416","GOREV","","","","","","","","","","","","","","","","","","","","","","","","","","","","11.81","17.84","159.29","-1.41","12.62","-142.36","0.000000","0.000000","",""
"06:40:37.554","GOREV","","","","","","","","","","","","","","","","","","","","","","","","","","","","11.83","17.85","159.21","-1.41","12.56","-142.40","0.000000","0.000000","",""
"06:40:37.722","GOREV","","","","","","","","","","","","","","","","","","","","","","","","","","","","11.81","17.83","159.13","-1.48","12.55","-142.44","0.000000","0.000000","",""
"06:40:37.889","GOREV","","","","","","","","","","","","","","","","","","","","","","","","","","","","11.83","17.82","159.05","-1.50","12.67","-142.48","0.000000","0.000000","",""
"06:40:38.059","GOREV","","","","","","","","","","","","","","","","","","","","","","","","","","","","11.82","17.82","158.97","-1.67","12.54","-142.51","0.000000","0.000000","",""
"06:40:38.226","GOREV","","","","","","","","","","","","","","","","","","","","","","","","","","","","11.82","17.83","158.88","-1.39","12.48","-142.54","0.000000","0.000000","",""
"06:40:38.393","GOREV","","","","","","","","","","","","","","","","","","","","","","","","","","","","11.85","17.82","158.80","-1.40","12.50","-142.58","0.000000","0.000000","",""
"06:40:38.560","GOREV","","","","","","","","","","","","","","","","","","","","","","","","","","","","11.84","17.84","158.72","-1.52","12.50","-142.62","0.000000","0.000000","",""
"06:40:38.722","GOREV","","","","","","","","","","","","","","","","","","","","","","","","","","","","11.84","17.83","158.64","-1.55","12.60","-142.65","0.000000","0.000000","",""
"06:40:38.892","GOREV","","","","","","","","","","","","","","","","","","","","","","","","","","","","11.82","17.80","158.55","-1.62","12.71","-142.69","0.000000","0.000000","",""
"06:40:39.057","GOREV","","","","","","","","","","","","","","","","","","","","","","","","","","","","11.81","17.82","158.47","-1.45","12.56","-142.73","0.000000","0.000000","",""
"06:40:39.219","GOREV","","","","","","","","","","","","","","","","","","","","","","","","","","","","11.80","17.82","158.39","-1.48","12.53","-142.76","0.000000","0.000000","",""
"06:40:39.399","GOREV","","","","","","","","","","","","","","","","","","","","","","","","","","","","11.85","17.83","158.30","-1.52","12.58","-142.80","0.000000","0.000000","",""
"06:40:39.553","GOREV","","","","","","","","","","","","","","","","","","","","","","","","","","","","11.82","17.82","158.22","-1.52","12.55","-142.84","0.000000","0.000000","",""
"06:40:39.718","GOREV","","","","","","","","","","","","","","","","","","","","","","","","","","","","11.82","17.82","158.14","-1.42","12.52","-142.87","0.000000","0.000000","",""
"06:40:39.893","GOREV","","","","","","","","","","","","","","","","","","","","","","","","","","","","11.82","17.83","158.05","-1.53","12.53","-142.91","0.000000","0.000000","",""
"06:40:40.054","GOREV","","","","","","","","","","","","","","","","","","","","","","","","","","","","11.81","17.84","157.97","-1.38","12.65","-142.95","0.000000","0.000000","",""
"06:40:40.224","GOREV","","","","","","","","","","","","","","","","","","","","","","","","","","","","11.81","17.83","157.89","-1.42","12.62","-142.98","0.000000","0.000000","",""
"06:40:40.386","GOREV","","","","","","","","","","","","","","","","","","","","","","","","","","","","11.83","17.85","157.80","-1.45","12.61","-143.02","0.000000","0.000000","",""
"06:40:40.554","GOREV","","","","","","","","","","","","","","","","","","","","","","","","","","","","11.84","17.83","157.72","-1.43","12.53","-143.05","0.000000","0.000000","",""
"06:40:40.728","GOREV","","","","","","","","","","","","","","","","","","","","","","","","","","","","11.83","17.84","157.64","-1.51","12.52","-143.09","0.000000","0.000000","",""
"06:40:40.921","GOREV","","","","","","","","","","","","","","","","","","","","","","","","","","","","11.80","17.83","157.55","-1.50","12.63","-143.13","0.000000","0.000000","",""
"06:40:41.066","GOREV","","","","","","","","","","","","","","","","","","","","","","","","","","","","11.82","17.82","157.47","-1.53","12.76","-143.16","0.000000","0.000000","",""
"06:40:41.218","GOREV","","","","","","","","","","","","","","","","","","","","","","","","","","","","11.83","17.83","157.39","-1.35","12.43","-143.19","0.000000","0.000000","",""
"06:40:41.392","GOREV","","","","","","","","","","","","","","","","","","","","","","","","","","","","11.84","17.85","157.31","-1.63","12.50","-143.23","0.000000","0.000000","",""
"06:40:41.562","GOREV","","","","","","","","","","","","","","","","","","","","","","","","","","","","11.83","17.85","157.22","-1.33","12.51","-143.27","0.000000","0.000000","",""
"06:40:41.715","GOREV","","","","","","","","","","","","","","","","","","","","","","","","","","","","11.84","17.86","157.14","-1.46","12.63","-143.31","0.000000","0.000000","",""
"06:40:41.885","GOREV","","","","","","","","","","","","","","","","","","","","","","","","","","","","11.82","17.84","157.06","-1.46","12.59","-143.34","0.000000","0.000000","",""
"06:40:42.052","GOREV","","","","","","","","","","","","","","","","","","","","","","","","","","","","11.82","17.86","156.98","-1.51","12.58","-143.38","0.000000","0.000000","",""
"06:40:42.216","GOREV","","","","","","","","","","","","","","","","","","","","","","","","","","","","11.83","17.84","156.89","-1.47","12.56","-143.42","0.000000","0.000000","",""
"06:40:42.385","GOREV","","","","","","","","","","","","","","","","","","","","","","","","","","","","11.82","17.85","156.81","-1.35","12.54","-143.45","0.000000","0.000000","",""
"06:40:42.560","GOREV","","","","","","","","","","","","","","","","","","","","","","","","","","","","11.80","17.84","156.72","-1.46","12.71","-143.49","0.000000","0.000000","",""
"06:40:42.733","GOREV","","","","","","","","","","","","","","","","","","","","","","","","","","","","11.80","17.84","156.64","-1.52","12.60","-143.52","0.000000","0.000000","",""
"06:40:42.884","GOREV","","","","","","","","","","","","","","","","","","","","","","","","","","","","11.80","17.82","156.56","-1.40","12.69","-143.56","0.000000","0.000000","",""
"06:40:43.058","GOREV","","","","","","","","","","","","","","","","","","","","","","","","","","","","11.82","17.83","156.47","-1.31","12.58","-143.60","0.000000","0.000000","",""
"06:40:43.218","GOREV","","","","","","","","","","","","","","","","","","","","","","","","","","","","11.82","17.82","156.38","-1.35","12.65","-143.64","0.000000","0.000000","",""
"06:40:43.402","GOREV","","","","","","","","","","","","","","","","","","","","","","","","","","","","11.83","17.82","156.30","-1.43","12.62","-143.67","0.000000","0.000000","",""
"06:40:43.553","GOREV","","","","","","","","","","","","","","","","","","","","","","","","","","","","11.81","17.84","156.22","-1.36","12.66","-143.71","0.000000","0.000000","",""
"06:40:43.719","GOREV","","","","","","","","","","","","","","","","","","","","","","","","","","","","11.81","17.84","156.14","-1.35","12.58","-143.74","0.000000","0.000000","",""
"06:40:43.881","GOREV","","","","","","","","","","","","","","","","","","","","","","","","","","","","11.80","17.85","156.06","-1.47","12.63","-143.78","0.000000","0.000000","",""
"06:40:44.049","GOREV","","","","","","","","","","","","","","","","","","","","","","","","","","","","11.81","17.86","155.97","-1.65","12.62","-143.82","0.000000","0.000000","",""
"06:40:44.219","GOREV","","","","","","","","","","","","","","","","","","","","","","","","","","","","11.82","17.85","155.89","-1.50","12.47","-143.85","0.000000","0.000000","",""
"06:40:44.384","GOREV","","","","","","","","","","","","","","","","","","","","","","","","","","","","11.82","17.82","155.80","-1.37","12.66","-143.89","0.000000","0.000000","",""
"06:40:44.560","GOREV","","","","","","","","","","","","","","","","","","","","","","","","","","","","11.83","17.84","155.72","-1.50","12.71","-143.93","0.000000","0.000000","",""
"06:40:44.716","GOREV","","","","","","","","","","","","","","","","","","","","","","","","","","","","11.83","17.88","155.64","-1.53","12.59","-143.97","0.000000","0.000000","",""
"06:40:44.884","GOREV","","","","","","","","","","","","","","","","","","","","","","","","","","","","11.83","17.87","155.55","-1.47","12.61","-144.00","0.000000","0.000000","",""
"06:40:45.108","GOREV","","","","","","","","","","","","","","","","","","","","","","","","","","","","11.84","17.88","155.47","-1.42","12.44","-144.04","0.000000","0.000000","",""
"06:40:45.217","GOREV","","","","","","","","","","","","","","","","","","","","","","","","","","","","11.83","17.86","155.39","-1.39","12.60","-144.07","0.000000","0.000000","",""
"06:40:45.382","GOREV","","","","","","","","","","","","","","","","","","","","","","","","","","","","11.83","17.84","155.30","-1.54","12.46","-144.10","0.000000","0.000000","",""
"06:40:45.550","GOREV","","","","","","","","","","","","","","","","","","","","","","","","","","","","11.82","17.84","155.22","-1.41","12.57","-144.14","0.000000","0.000000","",""
"06:40:45.714","GOREV","","","","","","","","","","","","","","","","","","","","","","","","","","","","11.82","17.83","155.14","-1.34","12.65","-144.17","0.000000","0.000000","",""
"06:40:45.879","GOREV","","","","","","","","","","","","","","","","","","","","","","","","","","","","11.82","17.83","155.05","-1.49","12.61","-144.21","0.000000","0.000000","",""
"06:40:46.045","GOREV","","","","","","","","","","","","","","","","","","","","","","","","","","","","11.83","17.84","154.97","-1.62","12.65","-144.25","0.000000","0.000000","",""
"06:40:46.211","GOREV","","","","","","","","","","","","","","","","","","","","","","","","","","","","11.82","17.84","154.89","-1.42","12.46","-144.29","0.000000","0.000000","",""
"06:40:46.390","GOREV","","","","","","","","","","","","","","","","","","","","","","","","","","","","11.81","17.84","154.81","-1.66","12.48","-144.32","0.000000","0.000000","",""
"06:40:46.555","GOREV","","","","","","","","","","","","","","","","","","","","","","","","","","","","11.82","17.86","154.73","-1.60","12.49","-144.36","0.000000","0.000000","",""
"06:40:46.719","GOREV","","","","","","","","","","","","","","","","","","","","","","","","","","","","11.82","17.85","154.64","-1.52","12.79","-144.40","0.000000","0.000000","",""
"06:40:46.878","GOREV","","","","","","","","","","","","","","","","","","","","","","","","","","","","11.81","17.83","154.56","-1.44","12.49","-144.43","0.000000","0.000000","",""
"06:40:47.042","GOREV","","","","","","","","","","","","","","","","","","","","","","","","","","","","11.83","17.83","154.48","-1.49","12.64","-144.47","0.000000","0.000000","",""
"06:40:47.212","GOREV","","","","","","","","","","","","","","","","","","","","","","","","","","","","11.82","17.84","154.40","-1.27","12.48","-144.50","0.000000","0.000000","",""
"06:40:47.377","GOREV","","","","","","","","","","","","","","","","","","","","","","","","","","","","11.81","17.83","154.31","-1.43","12.71","-144.54","0.000000","0.000000","",""
"06:40:47.556","GOREV","","","","","","","","","","","","","","","","","","","","","","","","","","","","11.80","17.84","154.23","-1.47","12.53","-144.58","0.000000","0.000000","",""
"06:40:47.711","GOREV","","","","","","","","","","","","","","","","","","","","","","","","","","","","11.81","17.82","154.15","-1.33","12.58","-144.61","0.000000","0.000000","",""
"06:40:47.878","GOREV","","","","","","","","","","","","","","","","","","","","","","","","","","","","11.81","17.82","154.07","-1.39","12.55","-144.64","0.000000","0.000000","",""
"06:40:48.042","GOREV","","","","","","","","","","","","","","","","","","","","","","","","","","","","11.83","17.84","153.99","-1.58","12.45","-144.68","0.000000","0.000000","",""
"06:40:48.215","GOREV","","","","","","","","","","","","","","","","","","","","","","","","","","","","11.82","17.83","153.91","-1.64","12.49","-144.72","0.000000","0.000000","",""
"06:40:48.373","GOREV","","","","","","","","","","","","","","","","","","","","","","","","","","","","11.85","17.83","153.82","-1.46","12.58","-144.75","0.000000","0.000000","",""
"06:40:48.540","GOREV","","","","","","","","","","","","","","","","","","","","","","","","","","","","11.83","17.83","153.74","-1.47","12.63","-144.79","0.000000","0.000000","",""
"06:40:48.706","GOREV","","","","","","","","","","","","","","","","","","","","","","","","","","","","11.83","17.84","153.66","-1.45","12.67","-144.83","0.000000","0.000000","",""
"06:40:48.884","GOREV","","","","","","","","","","","","","","","","","","","","","","","","","","","","11.83","17.85","153.58","-1.32","12.59","-144.87","0.000000","0.000000","",""
"06:40:49.042","GOREV","","","","","","","","","","","","","","","","","","","","","","","","","","","","11.83","17.84","153.49","-1.40","12.53","-144.90","0.000000","0.000000","",""
"06:40:49.204","GOREV","","","","","","","","","","","","","","","","","","","","","","","","","","","","11.82","17.85","153.41","-1.46","12.59","-144.94","0.000000","0.000000","",""
"06:40:49.370","GOREV","","","","","","","","","","","","","","","","","","","","","","","","","","","","11.82","17.83","153.33","-1.39","12.62","-144.97","0.000000","0.000000","",""
"06:40:49.536","GOREV","","","","","","","","","","","","","","","","","","","","","","","","","","","","11.82","17.82","153.25","-1.43","12.58","-145.01","0.000000","0.000000","",""
"06:40:49.702","GOREV","","","","","","","","","","","","","","","","","","","","","","","","","","","","11.81","17.83","153.17","-1.48","12.57","-145.04","0.000000","0.000000","",""
"06:40:49.873","GOREV","","","","","","","","","","","","","","","","","","","","","","","","","","","","11.80","17.83","153.08","-1.29","12.65","-145.08","0.000000","0.000000","",""
"06:40:50.038","GOREV","","","","","","","","","","","","","","","","","","","","","","","","","","","","11.81","17.83","153.00","-1.36","12.73","-145.12","0.000000","0.000000","",""
"06:40:50.200","GOREV","","","","","","","","","","","","","","","","","","","","","","","","","","","","11.81","17.83","152.92","-1.38","12.60","-145.15","0.000000","0.000000","",""
"06:40:50.383","GOREV","","","","","","","","","","","","","","","","","","","","","","","","","","","","11.83","17.83","152.83","-1.42","12.50","-145.19","0.000000","0.000000","",""
"06:40:50.535","GOREV","","","","","","","","","","","","","","","","","","","","","","","","","","","","11.84","17.82","152.75","-1.61","12.57","-145.23","0.000000","0.000000","",""
"06:40:50.702","GOREV","","","","","","","","","","","","","","","","","","","","","","","","","","","","11.85","17.82","152.67","-1.33","12.63","-145.26","0.000000","0.000000","",""
"06:40:50.865","GOREV","","","","","","","","","","","","","","","","","","","","","","","","","","","","11.84","17.84","152.58","-1.58","12.51","-145.30","0.000000","0.000000","",""
"06:40:51.039","GOREV","","","","","","","","","","","","","","","","","","","","","","","","","","","","11.83","17.82","152.50","-1.50","12.52","-145.33","0.000000","0.000000","",""
"06:40:51.202","GOREV","","","","","","","","","","","","","","","","","","","","","","","","","","","","11.81","17.83","152.42","-1.39","12.64","-145.37","0.000000","0.000000","",""
"06:40:51.364","GOREV","","","","","","","","","","","","","","","","","","","","","","","","","","","","11.82","17.83","152.34","-1.36","12.66","-145.41","0.000000","0.000000","",""
"06:40:51.545","GOREV","","","","","","","","","","","","","","","","","","","","","","","","","","","","11.81","17.82","152.25","-1.44","12.53","-145.45","0.000000","0.000000","",""
"06:40:51.712","GOREV","","","","","","","","","","","","","","","","","","","","","","","","","","","","11.81","17.84","152.17","-1.47","12.77","-145.48","0.000000","0.000000","",""
"06:40:51.862","GOREV","","","","","","","","","","","","","","","","","","","","","","","","","","","","11.81","17.84","152.09","-1.49","12.68","-145.52","0.000000","0.000000","",""
"06:40:52.029","GOREV","","","","","","","","","","","","","","","","","","","","","","","","","","","","11.80","17.84","152.01","-1.36","12.83","-145.56","0.000000","0.000000","",""
"06:40:52.206","GOREV","","","","","","","","","","","","","","","","","","","","","","","","","","","","11.79","17.83","151.92","-1.58","12.45","-145.59","0.000000","0.000000","",""
"06:40:52.370","GOREV","","","","","","","","","","","","","","","","","","","","","","","","","","","","11.81","17.84","151.84","-1.42","12.47","-145.63","0.000000","0.000000","",""
"06:40:52.533","GOREV","","","","","","","","","","","","","","","","","","","","","","","","","","","","11.82","17.86","151.76","-1.39","12.55","-145.66","0.000000","0.000000","",""
"06:40:52.691","GOREV","","","","","","","","","","","","","","","","","","","","","","","","","","","","11.84","17.86","151.68","-1.42","12.71","-145.70","0.000000","0.000000","",""
"06:40:52.869","GOREV","","","","","","","","","","","","","","","","","","","","","","","","","","","","11.82","17.85","151.60","-1.50","12.68","-145.73","0.000000","0.000000","",""
"06:40:53.065","GOREV","","","","","","","","","","","","","","","","","","","","","","","","","","","","11.83","17.84","151.51","-1.52","12.52","-145.77","0.000000","0.000000","",""
"06:40:53.195","GOREV","","","","","","","","","","","","","","","","","","","","","","","","","","","","11.83","17.82","151.43","-1.55","12.44","-145.81","0.000000","0.000000","",""
"06:40:53.359","GOREV","","","","","","","","","","","","","","","","","","","","","","","","","","","","11.83","17.83","151.35","-1.48","12.45","-145.85","0.000000","0.000000","",""
"06:40:53.526","GOREV","","","","","","","","","","","","","","","","","","","","","","","","","","","","11.83","17.83","151.26","-1.44","12.59","-145.88","0.000000","0.000000","",""
"06:40:53.689","GOREV","","","","","","","","","","","","","","","","","","","","","","","","","","","","11.83","17.85","151.18","-1.50","12.59","-145.92","0.000000","0.000000","",""
"06:40:53.883","GOREV","","","","","","","","","","","","","","","","","","","","","","","","","","","","11.81","17.84","151.10","-1.68","12.46","-145.96","0.000000","0.000000","",""
"06:40:54.028","GOREV","","","","","","","","","","","","","","","","","","","","","","","","","","","","11.82","17.82","151.02","-1.53","12.66","-145.99","0.000000","0.000000","",""
"06:40:54.202","GOREV","","","","","","","","","","","","","","","","","","","","","","","","","","","","11.81","17.83","150.94","-1.53","12.72","-146.03","0.000000","0.000000","",""
"06:40:54.363","GOREV","","","","","","","","","","","","","","","","","","","","","","","","","","","","11.81","17.83","150.85","-1.43","12.65","-146.07","0.000000","0.000000","",""
"06:40:54.519","GOREV","","","","","","","","","","","","","","","","","","","","","","","","","","","","11.81","17.84","150.77","-1.54","12.66","-146.10","0.000000","0.000000","",""
"06:40:54.688","GOREV","","","","","","","","","","","","","","","","","","","","","","","","","","","","11.82","17.85","150.69","-1.55","12.51","-146.14","0.000000","0.000000","",""
"06:40:54.855","GOREV","","","","","","","","","","","","","","","","","","","","","","","","","","","","11.79","17.85","150.61","-1.38","12.60","-146.17","0.000000","0.000000","",""
"06:40:55.024","GOREV","","","","","","","","","","","","","","","","","","","","","","","","","","","","11.80","17.83","150.53","-1.45","12.55","-146.21","0.000000","0.000000","",""
"06:40:55.187","GOREV","","","","","","","","","","","","","","","","","","","","","","","","","","","","11.82","17.83","150.44","-1.47","12.58","-146.25","0.000000","0.000000","",""
"06:40:55.356","GOREV","","","","","","","","","","","","","","","","","","","","","","","","","","","","11.83","17.84","150.36","-1.40","12.52","-146.28","0.000000","0.000000","",""
"06:40:55.517","GOREV","","","","","","","","","","","","","","","","","","","","","","","","","","","","11.84","17.82","150.28","-1.56","12.67","-146.32","0.000000","0.000000","",""
"06:40:55.710","GOREV","","","","","","","","","","","","","","","","","","","","","","","","","","","","11.83","17.83","150.20","-1.48","12.67","-146.35","0.000000","0.000000","",""
"06:40:55.848","GOREV","","","","","","","","","","","","","","","","","","","","","","","","","","","","11.81","17.84","150.12","-1.40","12.50","-146.39","0.000000","0.000000","",""
"06:40:56.014","GOREV","","","","","","","","","","","","","","","","","","","","","","","","","","","","11.84","17.82","150.03","-1.39","12.56","-146.43","0.000000","0.000000","",""
"06:40:56.196","GOREV","","","","","","","","","","","","","","","","","","","","","","","","","","","","11.81","17.82","149.95","-1.51","12.56","-146.46","0.000000","0.000000","",""
"06:40:56.348","GOREV","","","","","","","","","","","","","","","","","","","","","","","","","","","","11.80","17.85","149.87","-1.49","12.63","-146.50","0.000000","0.000000","",""
"06:40:56.513","GOREV","","","","","","","","","","","","","","","","","","","","","","","","","","","","11.79","17.85","149.78","-1.58","12.66","-146.54","0.000000","0.000000","",""
"06:40:56.692","GOREV","","","","","","","","","","","","","","","","","","","","","","","","","","","","11.79","17.85","149.70","-1.58","12.57","-146.57","0.000000","0.000000","",""
"06:40:56.845","GOREV","","","","","","","","","","","","","","","","","","","","","","","","","","","","11.79","17.83","149.62","-1.55","12.50","-146.61","0.000000","0.000000","",""
"06:40:57.011","GOREV","","","","","","","","","","","","","","","","","","","","","","","","","","","","11.81","17.83","149.54","-1.35","12.66","-146.65","0.000000","0.000000","",""
"06:40:57.208","GOREV","","","","","","","","","","","","","","","","","","","","","","","","","","","","11.82","17.84","149.46","-1.49","12.56","-146.69","0.000000","0.000000","",""
"06:40:57.343","GOREV","","","","","","","","","","","","","","","","","","","","","","","","","","","","11.82","17.86","149.37","-1.35","12.46","-146.72","0.000000","0.000000","",""
"06:40:57.523","GOREV","","","","","","","","","","","","","","","","","","","","","","","","","","","","11.82","17.86","149.29","-1.53","12.72","-146.76","0.000000","0.000000","",""
"06:40:57.680","GOREV","","","","","","","","","","","","","","","","","","","","","","","","","","","","11.83","17.84","149.21","-1.57","12.71","-146.80","0.000000","0.000000","",""
"06:40:57.841","GOREV","","","","","","","","","","","","","","","","","","","","","","","","","","","","11.86","17.85","149.13","-1.48","12.68","-146.83","0.000000","0.000000","",""
"06:40:58.048","GOREV","","","","","","","","","","","","","","","","","","","","","","","","","","","","11.84","17.84","149.05","-1.55","12.75","-146.87","0.000000","0.000000","",""
"06:40:58.174","GOREV","","","","","","","","","","","","","","","","","","","","","","","","","","","","11.82","17.83","148.97","-1.47","12.62","-146.91","0.000000","0.000000","",""
"06:40:58.340","GOREV","","","","","","","","","","","","","","","","","","","","","","","","","","","","11.80","17.83","148.89","-1.50","12.63","-146.94","0.000000","0.000000","",""
"06:40:58.522","GOREV","","","","","","","","","","","","","","","","","","","","","","","","","","","","11.82","17.84","148.81","-1.41","12.52","-146.98","0.000000","0.000000","",""
"06:40:58.672","GOREV","","","","","","","","","","","","","","","","","","","","","","","","","","","","11.80","17.84","148.72","-1.42","12.63","-147.01","0.000000","0.000000","",""
"06:40:58.870","GOREV","","","","","","","","","","","","","","","","","","","","","","","","","","","","11.81","17.84","148.64","-1.58","12.60","-147.05","0.000000","0.000000","",""
"06:40:59.004","GOREV","","","","","","","","","","","","","","","","","","","","","","","","","","","","11.79","17.82","148.56","-1.51","12.71","-147.08","0.000000","0.000000","",""
"06:40:59.208","GOREV","","","","","","","","","","","","","","","","","","","","","","","","","","","","11.81","17.83","148.47","-1.53","12.61","-147.12","0.000000","0.000000","",""
"06:40:59.361","GOREV","","","","","","","","","","","","","","","","","","","","","","","","","","","","11.80","17.81","148.39","-1.50","12.53","-147.16","0.000000","0.000000","",""
"06:40:59.508","GOREV","","","","","","","","","","","","","","","","","","","","","","","","","","","","11.80","17.81","148.31","-1.45","12.62","-147.19","0.000000","0.000000","",""
"06:40:59.680","GOREV","","","","","","","","","","","","","","","","","","","","","","","","","","","","11.81","17.81","148.22","-1.41","12.66","-147.23","0.000000","0.000000","",""
"06:40:59.837","GOREV","","","","","","","","","","","","","","","","","","","","","","","","","","","","11.82","17.81","148.14","-1.53","12.54","-147.26","0.000000","0.000000","",""
"06:41:00.010","GOREV","","","","","","","","","","","","","","","","","","","","","","","","","","","","11.81","17.82","148.06","-1.36","12.54","-147.30","0.000000","0.000000","",""
"06:41:00.185","GOREV","","","","","","","","","","","","","","","","","","","","","","","","","","","","11.82","17.82","147.98","-1.51","12.51","-147.34","0.000000","0.000000","",""
"06:41:00.340","GOREV","","","","","","","","","","","","","","","","","","","","","","","","","","","","11.80","17.84","147.90","-1.41","12.60","-147.38","0.000000","0.000000","",""
"06:41:00.511","GOREV","","","","","","","","","","","","","","","","","","","","","","","","","","","","11.83","17.85","147.81","-1.39","12.58","-147.41","0.000000","0.000000","",""
"06:41:00.673","GOREV","","","","","","","","","","","","","","","","","","","","","","","","","","","","11.82","17.85","147.73","-1.56","12.57","-147.45","0.000000","0.000000","",""
"06:41:00.857","GOREV","","","","","","","","","","","","","","","","","","","","","","","","","","","","11.82","17.85","147.65","-1.48","12.55","-147.49","0.000000","0.000000","",""
"06:41:01.005","GOREV","","","","","","","","","","","","","","","","","","","","","","","","","","","","11.83","17.84","147.57","-1.37","12.51","-147.52","0.000000","0.000000","",""
"06:41:01.172","GOREV","","","","","","","","","","","","","","","","","","","","","","","","","","","","11.82","17.82","147.48","-1.37","12.61","-147.56","0.000000","0.000000","",""
"06:41:01.374","GOREV","","","","","","","","","","","","","","","","","","","","","","","","","","","","11.83","17.82","147.40","-1.57","12.74","-147.59","0.000000","0.000000","",""
"06:41:01.507","GOREV","","","","","","","","","","","","","","","","","","","","","","","","","","","","11.83","17.83","147.32","-1.52","12.70","-147.63","0.000000","0.000000","",""
"06:41:01.671","GOREV","","","","","","","","","","","","","","","","","","","","","","","","","","","","11.82","17.84","147.24","-1.44","12.55","-147.66","0.000000","0.000000","",""
"06:41:01.837","GOREV","","","","","","","","","","","","","","","","","","","","","","","","","","","","11.83","17.83","147.15","-1.48","12.76","-147.70","0.000000","0.000000","",""
"06:41:02.005","GOREV","","","","","","","","","","","","","","","","","","","","","","","","","","","","11.82","17.84","147.07","-1.43","12.56","-147.74","0.000000","0.000000","",""
"06:41:02.201","GOREV","","","","","","","","","","","","","","","","","","","","","","","","","","","","11.81","17.83","146.99","-1.52","12.60","-147.78","0.000000","0.000000","",""
"06:41:02.361","GOREV","","","","","","","","","","","","","","","","","","","","","","","","","","","","11.82","17.86","146.91","-1.44","12.40","-147.81","0.000000","0.000000","",""
"06:41:02.504","GOREV","","","","","","","","","","","","","","","","","","","","","","","","","","","","11.80","17.84","146.82","-1.40","12.75","-147.85","0.000000","0.000000","",""
"06:41:02.670","GOREV","","","","","","","","","","","","","","","","","","","","","","","","","","","","11.78","17.81","146.74","-1.51","12.85","-147.89","0.000000","0.000000","",""
"06:41:02.844","GOREV","","","","","","","","","","","","","","","","","","","","","","","","","","","","11.78","17.81","146.66","-1.43","12.58","-147.93","0.000000","0.000000","",""
"06:41:03.009","GOREV","","","","","","","","","","","","","","","","","","","","","","","","","","","","11.78","17.80","146.58","-1.40","12.49","-147.96","0.000000","0.000000","",""
"06:41:03.184","GOREV","","","","","","","","","","","","","","","","","","","","","","","","","","","","11.81","17.81","146.49","-1.50","12.59","-148.00","0.000000","0.000000","",""
"06:41:03.339","GOREV","","","","","","","","","","","","","","","","","","","","","","","","","","","","11.83","17.84","146.41","-1.52","12.72","-148.04","0.000000","0.000000","",""
"06:41:03.511","GOREV","","","","","","","","","","","","","","","","","","","","","","","","","","","","11.83","17.82","146.33","-1.39","12.50","-148.08","0.000000","0.000000","",""
"06:41:03.681","GOREV","","","","","","","","","","","","","","","","","","","","","","","","","","","","11.83","17.82","146.25","-1.36","12.56","-148.11","0.000000","0.000000","",""
"06:41:03.841","GOREV","","","","","","","","","","","","","","","","","","","","","","","","","","","","11.81","17.84","146.16","-1.46","12.68","-148.15","0.000000","0.000000","",""
"06:41:04.023","GOREV","","","","","","","","","","","","","","","","","","","","","","","","","","","","11.79","17.85","146.08","-1.38","12.69","-148.19","0.000000","0.000000","",""
"06:41:04.174","GOREV","","","","","","","","","","","","","","","","","","","","","","","","","","","","11.80","17.86","146.00","-1.43","12.65","-148.23","0.000000","0.000000","",""
"06:41:04.343","GOREV","","","","","","","","","","","","","","","","","","","","","","","","","","","","11.83","17.85","145.92","-1.57","12.45","-148.26","0.000000","0.000000","",""
"06:41:04.505","GOREV","","","","","","","","","","","","","","","","","","","","","","","","","","","","11.84","17.87","145.83","-1.28","12.48","-148.30","0.000000","0.000000","",""
"06:41:04.677","GOREV","","","","","","","","","","","","","","","","","","","","","","","","","","","","11.83","17.86","145.75","-1.54","12.67","-148.33","0.000000","0.000000","",""
"06:41:04.853","GOREV","","","","","","","","","","","","","","","","","","","","","","","","","","","","11.81","17.85","145.67","-1.51","12.59","-148.37","0.000000","0.000000","",""
"06:41:05.009","GOREV","","","","","","","","","","","","","","","","","","","","","","","","","","","","11.82","17.86","145.59","-1.39","12.46","-148.41","0.000000","0.000000","",""
"06:41:05.183","GOREV","","","","","","","","","","","","","","","","","","","","","","","","","","","","11.81","17.87","145.50","-1.35","12.59","-148.44","0.000000","0.000000","",""
"06:41:05.344","GOREV","","","","","","","","","","","","","","","","","","","","","","","","","","","","11.80","17.86","145.42","-1.49","12.57","-148.48","0.000000","0.000000","",""
"06:41:05.508","GOREV","","","","","","","","","","","","","","","","","","","","","","","","","","","","11.79","17.86","145.34","-1.37","12.62","-148.52","0.000000","0.000000","",""
"06:41:05.677","GOREV","","","","","","","","","","","","","","","","","","","","","","","","","","","","11.79","17.85","145.26","-1.45","12.51","-148.55","0.000000","0.000000","",""
"06:41:05.851","GOREV","","","","","","","","","","","","","","","","","","","","","","","","","","","","11.79","17.84","145.17","-1.47","12.62","-148.59","0.000000","0.000000","",""
"06:41:06.003","GOREV","","","","","","","","","","","","","","","","","","","","","","","","","","","","11.80","17.84","145.09","-1.60","12.40","-148.62","0.000000","0.000000","",""
"06:41:06.182","GOREV","","","","","","","","","","","","","","","","","","","","","","","","","","","","11.79","17.82","145.01","-1.57","12.63","-148.66","0.000000","0.000000","",""
"06:41:06.352","GOREV","","","","","","","","","","","","","","","","","","","","","","","","","","","","11.80","17.85","144.92","-1.49","12.46","-148.70","0.000000","0.000000","",""
"06:41:06.515","GOREV","","","","","","","","","","","","","","","","","","","","","","","","","","","","11.81","17.85","144.84","-1.47","12.53","-148.73","0.000000","0.000000","",""
"06:41:06.670","GOREV","","","","","","","","","","","","","","","","","","","","","","","","","","","","11.83","17.83","144.76","-1.38","12.61","-148.77","0.000000","0.000000","",""
"06:41:06.843","GOREV","","","","","","","","","","","","","","","","","","","","","","","","","","","","11.81","17.84","144.68","-1.33","12.59","-148.80","0.000000","0.000000","",""
"06:41:07.003","GOREV","","","","","","","","","","","","","","","","","","","","","","","","","","","","11.81","17.84","144.60","-1.51","12.59","-148.84","0.000000","0.000000","",""
"06:41:07.172","GOREV","","","","","","","","","","","","","","","","","","","","","","","","","","","","11.81","17.83","144.52","-1.63","12.56","-148.88","0.000000","0.000000","",""
"06:41:07.347","GOREV","","","","","","","","","","","","","","","","","","","","","","","","","","","","11.80","17.83","144.44","-1.27","12.53","-148.91","0.000000","0.000000","",""
"06:41:07.504","GOREV","","","","","","","","","","","","","","","","","","","","","","","","","","","","11.81","17.86","144.35","-1.56","12.59","-148.95","0.000000","0.000000","",""
"06:41:07.673","GOREV","","","","","","","","","","","","","","","","","","","","","","","","","","","","11.81","17.84","144.27","-1.19","12.62","-148.98","0.000000","0.000000","",""
"06:41:07.837","GOREV","","","","","","","","","","","","","","","","","","","","","","","","","","","","11.81","17.82","144.19","-1.63","12.55","-149.02","0.000000","0.000000","",""
"06:41:08.002","GOREV","","","","","","","","","","","","","","","","","","","","","","","","","","","","11.81","17.83","144.10","-1.42","12.65","-149.06","0.000000","0.000000","",""
"06:41:08.182","GOREV","","","","","","","","","","","","","","","","","","","","","","","","","","","","11.79","17.84","144.02","-1.41","12.48","-149.10","0.000000","0.000000","",""
"06:41:08.338","GOREV","","","","","","","","","","","","","","","","","","","","","","","","","","","","11.80","17.84","143.93","-1.46","12.51","-149.13","0.000000","0.000000","",""
"06:41:08.504","GOREV","","","","","","","","","","","","","","","","","","","","","","","","","","","","11.81","17.86","143.85","-1.52","12.59","-149.17","0.000000","0.000000","",""
"06:41:08.670","GOREV","","","","","","","","","","","","","","","","","","","","","","","","","","","","11.80","17.88","143.77","-1.38","12.51","-149.21","0.000000","0.000000","",""
"06:41:08.836","GOREV","","","","","","","","","","","","","","","","","","","","","","","","","","","","11.81","17.86","143.69","-1.60","12.63","-149.24","0.000000","0.000000","",""
"06:41:09.015","GOREV","","","","","","","","","","","","","","","","","","","","","","","","","","","","11.81","17.86","143.60","-1.50","12.47","-149.28","0.000000","0.000000","",""
"06:41:09.198","GOREV","","","","","","","","","","","","","","","","","","","","","","","","","","","","11.83","17.87","143.52","-1.50","12.63","-149.32","0.000000","0.000000","",""
"06:41:09.339","GOREV","","","","","","","","","","","","","","","","","","","","","","","","","","","","11.82","17.87","143.44","-1.49","12.63","-149.36","0.000000","0.000000","",""
"06:41:09.505","GOREV","","","","","","","","","","","","","","","","","","","","","","","","","","","","11.82","17.87","143.35","-1.45","12.70","-149.39","0.000000","0.000000","",""
"06:41:09.677","GOREV","","","","","","","","","","","","","","","","","","","","","","","","","","","","11.83","17.84","143.27","-1.51","12.66","-149.43","0.000000","0.000000","",""
"06:41:09.863","GOREV","","","","","","","","","","","","","","","","","","","","","","","","","","","","11.83","17.85","143.19","-1.52","12.57","-149.47","0.000000","0.000000","",""
"06:41:10.004","GOREV","","","","","","","","","","","","","","","","","","","","","","","","","","","","11.82","17.83","143.10","-1.35","12.61","-149.50","0.000000","0.000000","",""
"06:41:10.174","GOREV","","","","","","","","","","","","","","","","","","","","","","","","","","","","11.81","17.81","143.02","-1.24","12.66","-149.54","0.000000","0.000000","",""
"06:41:10.340","GOREV","","","","","","","","","","","","","","","","","","","","","","","","","","","","11.82","17.82","142.94","-1.54","12.64","-149.57","0.000000","0.000000","",""
"06:41:10.514","GOREV","","","","","","","","","","","","","","","","","","","","","","","","","","","","11.82","17.83","142.85","-1.48","12.62","-149.61","0.000000","0.000000","",""
"06:41:10.690","GOREV","","","","","","","","","","","","","","","","","","","","","","","","","","","","11.84","17.81","142.77","-1.54","12.56","-149.65","0.000000","0.000000","",""
"06:41:10.837","GOREV","","","","","","","","","","","","","","","","","","","","","","","","","","","","11.80","17.83","142.69","-1.32","12.54","-149.69","0.000000","0.000000","",""
"06:41:11.005","GOREV","","","","","","","","","","","","","","","","","","","","","","","","","","","","11.83","17.84","142.60","-1.52","12.70","-149.72","0.000000","0.000000","",""
"06:41:11.171","GOREV","","","","","","","","","","","","","","","","","","","","","","","","","","","","11.83","17.84","142.51","-1.49","12.56","-149.76","0.000000","0.000000","",""
"06:41:11.353","GOREV","","","","","","","","","","","","","","","","","","","","","","","","","","","","11.81","17.83","142.43","-1.40","12.62","-149.79","0.000000","0.000000","",""
"06:41:11.530","GOREV","","","","","","","","","","","","","","","","","","","","","","","","","","","","11.80","17.84","142.35","-1.48","12.53","-149.83","0.000000","0.000000","",""
"06:41:11.670","GOREV","","","","","","","","","","","","","","","","","","","","","","","","","","","","11.81","17.85","142.27","-1.49","12.40","-149.87","0.000000","0.000000","",""
"06:41:11.836","GOREV","","","","","","","","","","","","","","","","","","","","","","","","","","","","11.82","17.84","142.19","-1.43","12.66","-149.90","0.000000","0.000000","",""
"06:41:12.017","GOREV","","","","","","","","","","","","","","","","","","","","","","","","","","","","11.82","17.83","142.11","-1.39","12.69","-149.94","0.000000","0.000000","",""
"06:41:12.202","GOREV","","","","","","","","","","","","","","","","","","","","","","","","","","","","11.83","17.81","142.02","-1.47","12.60","-149.98","0.000000","0.000000","",""
"06:41:12.337","GOREV","","","","","","","","","","","","","","","","","","","","","","","","","","","","11.81","17.85","141.94","-1.57","12.44","-150.02","0.000000","0.000000","",""
"06:41:12.504","GOREV","","","","","","","","","","","","","","","","","","","","","","","","","","","","11.81","17.84","141.86","-1.41","12.70","-150.05","0.000000","0.000000","",""
"06:41:12.673","GOREV","","","","","","","","","","","","","","","","","","","","","","","","","","","","11.81","17.82","141.78","-1.45","12.65","-150.09","0.000000","0.000000","",""
"06:41:12.839","GOREV","","","","","","","","","","","","","","","","","","","","","","","","","","","","11.80","17.85","141.69","-1.55","12.59","-150.13","0.000000","0.000000","",""
"06:41:13.002","GOREV","","","","","","","","","","","","","","","","","","","","","","","","","","","","11.79","17.86","141.61","-1.40","12.63","-150.16","0.000000","0.000000","",""
"06:41:13.188","GOREV","","","","","","","","","","","","","","","","","","","","","","","","","","","","11.79","17.87","141.52","-1.50","12.57","-150.20","0.000000","0.000000","",""
"06:41:13.338","GOREV","","","","","","","","","","","","","","","","","","","","","","","","","","","","11.79","17.87","141.44","-1.42","12.63","-150.24","0.000000","0.000000","",""
"06:41:13.503","GOREV","","","","","","","","","","","","","","","","","","","","","","","","","","","","11.81","17.83","141.36","-1.34","12.76","-150.28","0.000000","0.000000","",""
"06:41:13.672","GOREV","","","","","","","","","","","","","","","","","","","","","","","","","","","","11.83","17.83","141.28","-1.50","12.55","-150.31","0.000000","0.000000","",""
"06:41:13.836","GOREV","","","","","","","","","","","","","","","","","","","","","","","","","","","","11.84","17.85","141.19","-1.41","12.63","-150.35","0.000000","0.000000","",""
"06:41:14.002","GOREV","","","","","","","","","","","","","","","","","","","","","","","","","","","","11.83","17.86","141.11","-1.51","12.68","-150.38","0.000000","0.000000","",""
"06:41:14.181","GOREV","","","","","","","","","","","","","","","","","","","","","","","","","","","","11.84","17.86","141.03","-1.36","12.52","-150.41","0.000000","0.000000","",""
"06:41:14.337","GOREV","","","","","","","","","","","","","","","","","","","","","","","","","","","","11.83","17.86","140.95","-1.46","12.64","-150.45","0.000000","0.000000","",""
"06:41:14.508","GOREV","","","","","","","","","","","","","","","","","","","","","","","","","","","","11.83","17.87","140.87","-1.42","12.52","-150.49","0.000000","0.000000","",""
"06:41:14.670","GOREV","","","","","","","","","","","","","","","","","","","","","","","","","","","","11.83","17.87","140.78","-1.44","12.51","-150.52","0.000000","0.000000","",""
"06:41:14.849","GOREV","","","","","","","","","","","","","","","","","","","","","","","","","","","","11.83","17.85","140.70","-1.44","12.68","-150.56","0.000000","0.000000","",""
"06:41:15.003","GOREV","","","","","","","","","","","","","","","","","","","","","","","","","","","","11.79","17.83","140.62","-1.34","12.62","-150.60","0.000000","0.000000","",""
"06:41:15.171","GOREV","","","","","","","","","","","","","","","","","","","","","","","","","","","","11.79","17.82","140.54","-1.57","12.64","-150.63","0.000000","0.000000","",""
"06:41:15.338","GOREV","","","","","","","","","","","","","","","","","","","","","","","","","","","","11.80","17.84","140.45","-1.46","12.52","-150.67","0.000000","0.000000","",""
"06:41:15.504","GOREV","","","","","","","","","","","","","","","","","","","","","","","","","","","","11.81","17.83","140.37","-1.55","12.39","-150.71","0.000000","0.000000","",""
"06:41:15.678","GOREV","","","","","","","","","","","","","","","","","","","","","","","","","","","","11.81","17.83","140.29","-1.60","12.58","-150.74","0.000000","0.000000","",""
"06:41:15.835","GOREV","","","","","","","","","","","","","","","","","","","","","","","","","","","","11.79","17.85","140.21","-1.54","12.60","-150.78","0.000000","0.000000","",""
"06:41:16.004","GOREV","","","","","","","","","","","","","","","","","","","","","","","","","","","","11.79","17.84","140.13","-1.37","12.59","-150.82","0.000000","0.000000","",""
"06:41:16.189","GOREV","","","","","","","","","","","","","","","","","","","","","","","","","","","","11.79","17.83","140.04","-1.44","12.66","-150.85","0.000000","0.000000","",""
"06:41:16.336","GOREV","","","","","","","","","","","","","","","","","","","","","","","","","","","","11.80","17.84","139.96","-1.56","12.51","-150.89","0.000000","0.000000","",""
"06:41:16.533","GOREV","","","","","","","","","","","","","","","","","","","","","","","","","","","","11.81","17.83","139.88","-1.43","12.41","-150.92","0.000000","0.000000","",""
"06:41:16.668","GOREV","","","","","","","","","","","","","","","","","","","","","","","","","","","","11.82","17.83","139.80","-1.45","12.55","-150.96","0.000000","0.000000","",""
"06:41:16.843","GOREV","","","","","","","","","","","","","","","","","","","","","","","","","","","","11.83","17.83","139.72","-1.33","12.54","-150.99","0.000000","0.000000","",""
"06:41:17.001","GOREV","","","","","","","","","","","","","","","","","","","","","","","","","","","","11.82","17.83","139.63","-1.50","12.52","-151.03","0.000000","0.000000","",""
"06:41:17.171","GOREV","","","","","","","","","","","","","","","","","","","","","","","","","","","","11.82","17.83","139.55","-1.37","12.60","-151.06","0.000000","0.000000","",""
"06:41:17.339","GOREV","","","","","","","","","","","","","","","","","","","","","","","","","","","","11.81","17.83","139.47","-1.40","12.63","-151.10","0.000000","0.000000","",""
"06:41:17.515","GOREV","","","","","","","","","","","","","","","","","","","","","","","","","","","","11.81","17.84","139.38","-1.36","12.61","-151.14","0.000000","0.000000","",""
"06:41:17.670","GOREV","","","","","","","","","","","","","","","","","","","","","","","","","","","","11.83","17.86","139.30","-1.46","12.63","-151.18","0.000000","0.000000","",""
"06:41:17.842","GOREV","","","","","","","","","","","","","","","","","","","","","","","","","","","","11.83","17.86","139.22","-1.49","12.50","-151.21","0.000000","0.000000","",""
"06:41:18.004","GOREV","","","","","","","","","","","","","","","","","","","","","","","","","","","","11.84","17.85","139.13","-1.62","12.60","-151.25","0.000000","0.000000","",""
"06:41:18.180","GOREV","","","","","","","","","","","","","","","","","","","","","","","","","","","","11.82","17.85","139.05","-1.52","12.53","-151.29","0.000000","0.000000","",""
"06:41:18.339","GOREV","","","","","","","","","","","","","","","","","","","","","","","","","","","","11.80","17.84","138.97","-1.52","12.73","-151.33","0.000000","0.000000","",""
"06:41:18.509","GOREV","","","","","","","","","","","","","","","","","","","","","","","","","","","","11.81","17.85","138.88","-1.54","12.49","-151.36","0.000000","0.000000","",""
"06:41:18.678","GOREV","","","","","","","","","","","","","","","","","","","","","","","","","","","","11.81","17.85","138.80","-1.48","12.49","-151.39","0.000000","0.000000","",""
"06:41:18.845","GOREV","","","","","","","","","","","","","","","","","","","","","","","","","","","","11.80","17.86","138.72","-1.34","12.61","-151.43","0.000000","0.000000","",""
"06:41:19.003","GOREV","","","","","","","","","","","","","","","","","","","","","","","","","","","","11.82","17.84","138.64","-1.53","12.62","-151.46","0.000000","0.000000","",""
"06:41:19.169","GOREV","","","","","","","","","","","","","","","","","","","","","","","","","","","","11.83","17.86","138.56","-1.43","12.72","-151.50","0.000000","0.000000","",""
"06:41:19.340","GOREV","","","","","","","","","","","","","","","","","","","","","","","","","","","","11.82","17.84","138.48","-1.47","12.44","-151.53","0.000000","0.000000","",""
"06:41:19.502","GOREV","","","","","","","","","","","","","","","","","","","","","","","","","","","","11.82","17.86","138.39","-1.43","12.56","-151.57","0.000000","0.000000","",""
"06:41:19.693","GOREV","","","","","","","","","","","","","","","","","","","","","","","","","","","","11.82","17.87","138.31","-1.44","12.65","-151.60","0.000000","0.000000","",""
"06:41:19.854","GOREV","","","","","","","","","","","","","","","","","","","","","","","","","","","","11.80","17.84","138.23","-1.55","12.37","-151.64","0.000000","0.000000","",""
"06:41:20.003","GOREV","","","","","","","","","","","","","","","","","","","","","","","","","","","","11.81","17.81","138.14","-1.46","12.54","-151.67","0.000000","0.000000","",""
"06:41:20.169","GOREV","","","","","","","","","","","","","","","","","","","","","","","","","","","","11.82","17.83","138.06","-1.39","12.63","-151.71","0.000000","0.000000","",""
"06:41:20.339","GOREV","","","","","","","","","","","","","","","","","","","","","","","","","","","","11.82","17.84","137.97","-1.57","12.61","-151.75","0.000000","0.000000","",""
"06:41:20.501","GOREV","","","","","","","","","","","","","","","","","","","","","","","","","","","","11.81","17.85","137.89","-1.38","12.68","-151.78","0.000000","0.000000","",""
"06:41:20.684","GOREV","","","","","","","","","","","","","","","","","","","","","","","","","","","","11.81","17.86","137.81","-1.42","12.65","-151.82","0.000000","0.000000","",""
"06:41:20.834","GOREV","","","","","","","","","","","","","","","","","","","","","","","","","","","","11.81","17.84","137.72","-1.55","12.60","-151.86","0.000000","0.000000","",""
"06:41:21.002","GOREV","","","","","","","","","","","","","","","","","","","","","","","","","","","","11.82","17.84","137.64","-1.60","12.59","-151.89","0.000000","0.000000","",""
"06:41:21.166","GOREV","","","","","","","","","","","","","","","","","","","","","","","","","","","","11.81","17.84","137.56","-1.40","12.72","-151.93","0.000000","0.000000","",""
"06:41:21.345","GOREV","","","","","","","","","","","","","","","","","","","","","","","","","","","","11.79","17.84","137.47","-1.37","12.59","-151.96","0.000000","0.000000","",""
"06:41:21.504","GOREV","","","","","","","","","","","","","","","","","","","","","","","","","","","","11.81","17.84","137.39","-1.54","12.71","-152.00","0.000000","0.000000","",""
"06:41:21.677","GOREV","","","","","","","","","","","","","","","","","","","","","","","","","","","","11.82","17.84","137.31","-1.67","12.60","-152.03","0.000000","0.000000","",""
"06:41:21.831","GOREV","","","","","","","","","","","","","","","","","","","","","","","","","","","","11.81","17.83","137.23","-1.53","12.51","-152.07","0.000000","0.000000","",""
"06:41:21.996","GOREV","","","","","","","","","","","","","","","","","","","","","","","","","","","","11.80","17.83","137.14","-1.41","12.46","-152.11","0.000000","0.000000","",""
"06:41:22.164","GOREV","","","","","","","","","","","","","","","","","","","","","","","","","","","","11.80","17.85","137.06","-1.40","12.48","-152.14","0.000000","0.000000","",""
"06:41:22.333","GOREV","","","","","","","","","","","","","","","","","","","","","","","","","","","","11.80","17.87","136.98","-1.64","12.58","-152.18","0.000000","0.000000","",""
"06:41:22.498","GOREV","","","","","","","","","","","","","","","","","","","","","","","","","","","","11.81","17.85","136.90","-1.58","12.71","-152.22","0.000000","0.000000","",""
"06:41:22.661","GOREV","","","","","","","","","","","","","","","","","","","","","","","","","","","","11.84","17.86","136.82","-1.43","12.58","-152.26","0.000000","0.000000","",""
"06:41:22.839","GOREV","","","","","","","","","","","","","","","","","","","","","","","","","","","","11.83","17.84","136.73","-1.53","12.71","-152.30","0.000000","0.000000","",""
"06:41:22.998","GOREV","","","","","","","","","","","","","","","","","","","","","","","","","","","","11.84","17.82","136.65","-1.50","12.66","-152.33","0.000000","0.000000","",""
"06:41:23.177","GOREV","","","","","","","","","","","","","","","","","","","","","","","","","","","","11.84","17.82","136.57","-1.41","12.54","-152.37","0.000000","0.000000","",""
"06:41:23.338","GOREV","","","","","","","","","","","","","","","","","","","","","","","","","","","","11.81","17.83","136.49","-1.64","12.55","-152.41","0.000000","0.000000","",""
"06:41:23.492","GOREV","","","","","","","","","","","","","","","","","","","","","","","","","","","","11.82","17.84","136.40","-1.38","12.57","-152.45","0.000000","0.000000","",""
"06:41:23.670","GOREV","","","","","","","","","","","","","","","","","","","","","","","","","","","","11.82","17.84","136.32","-1.51","12.34","-152.48","0.000000","0.000000","",""
"06:41:23.842","GOREV","","","","","","","","","","","","","","","","","","","","","","","","","","","","11.81","17.84","136.24","-1.40","12.75","-152.52","0.000000","0.000000","",""
"06:41:23.992","GOREV","","","","","","","","","","","","","","","","","","","","","","","","","","","","11.80","17.84","136.16","-1.37","12.51","-152.55","0.000000","0.000000","",""
"06:41:24.175","GOREV","","","","","","","","","","","","","","","","","","","","","","","","","","","","11.82","17.83","136.08","-1.49","12.52","-152.59","0.000000","0.000000","",""
"06:41:24.326","GOREV","","","","","","","","","","","","","","","","","","","","","","","","","","","","11.83","17.84","136.00","-1.39","12.51","-152.63","0.000000","0.000000","",""
"06:41:24.489","GOREV","","","","","","","","","","","","","","","","","","","","","","","","","","","","11.81","17.84","135.92","-1.58","12.48","-152.66","0.000000","0.000000","",""
"06:41:24.677","GOREV","","","","","","","","","","","","","","","","","","","","","","","","","","","","11.82","17.83","135.83","-1.43","12.66","-152.70","0.000000","0.000000","",""
"06:41:24.821","GOREV","","","","","","","","","","","","","","","","","","","","","","","","","","","","11.80","17.91","135.86","-3.56","13.15","-152.63","0.000000","0.000000","",""
"06:41:24.986","GOREV","","","","","","","","","","","","","","","","","","","","","","","","","","","","12.19","17.91","135.81","-1.45","12.70","-152.66","0.000000","0.000000","",""
"06:41:25.153","GOREV","","","","","","","","","","","","","","","","","","","","","","","","","","","","8.18","18.89","137.19","-4.80","12.06","-150.43","0.000000","0.000000","",""
"06:41:25.321","GOREV","","","","","","","","","","","","","","","","","","","","","","","","","","","","10.36","19.19","136.61","1.61","9.98","-151.37","0.000000","0.000000","",""
"06:41:25.495","GOREV","","","","","","","","","","","","","","","","","","","","","","","","","","","","10.29","19.16","135.47","3.44","13.88","-152.21","0.000000","0.000000","",""
"06:41:25.662","GOREV","","","","","","","","","","","","","","","","","","","","","","","","","","","","11.74","18.73","135.66","-3.04","13.90","-152.24","0.000000","0.000000","",""
"06:41:25.825","GOREV","","","","","","","","","","","","","","","","","","","","","","","","","","","","16.53","18.67","137.79","9.58","9.55","-150.55","0.000000","0.000000","",""
"06:41:25.994","GOREV","","","","","","","","","","","","","","","","","","","","","","","","","","","","15.79","18.97","138.57","2.05","13.05","-149.38","0.000000","0.000000","",""
"06:41:26.167","GOREV","","","","","","","","","","","","","","","","","","","","","","","","","","","","15.22","18.64","138.67","2.40","12.09","-149.23","0.000000","0.000000","",""
"06:41:28.588","GOREV","","","","","","","","","","","","","","","","","","","","","","","","","","","","5.05","9.86","-4.01","-0.29","14.39","0.00","0.000000","0.000000","",""
"06:41:28.763","GOREV","","","","","","","","","","","","","","","","","","","","","","","","","","","","8.56","14.87","-4.95","-0.25","14.51","0.00","0.000000","0.000000","",""
"06:41:28.919","GOREV","","","","","","","","","","","","","","","","","","","","","","","","","","","","10.82","17.97","-5.88","-0.18","14.32","0.00","0.000000","0.000000","",""
"06:41:29.088","GOREV","","","","","","","","","","","","","","","","","","","","","","","","","","","","12.18","19.76","-6.81","-0.31","14.41","0.00","0.000000","0.000000","",""
"06:41:29.253","GOREV","","","","","","","","","","","","","","","","","","","","","","","","","","","","12.90","20.63","-7.75","-0.24","14.43","0.00","0.000000","0.000000","",""
"06:41:29.422","GOREV","","","","","","","","","","","","","","","","","","","","","","","","","","","","13.25","20.94","-8.69","-0.36","14.42","0.00","0.000000","0.000000","",""
"06:41:29.592","GOREV","","","","","","","","","","","","","","","","","","","","","","","","","","","","13.37","20.96","-9.61","-0.33","14.34","-0.01","0.000000","0.000000","",""
"06:41:29.763","GOREV","","","","","","","","","","","","","","","","","","","","","","","","","","","","13.37","20.84","-10.55","-0.22","14.38","-0.01","0.000000","0.000000","",""
"06:41:29.929","GOREV","","","","","","","","","","","","","","","","","","","","","","","","","","","","13.30","20.65","-11.48","-0.12","14.36","-0.01","0.000000","0.000000","",""
"06:41:30.111","GOREV","","","","","","","","","","","","","","","","","","","","","","","","","","","","13.22","20.48","-12.41","-0.42","14.52","-0.01","0.000000","0.000000","",""
"06:41:30.269","GOREV","","","","","","","","","","","","","","","","","","","","","","","","","","","","13.14","20.31","-13.35","-0.19","14.34","-0.01","0.000000","0.000000","",""
"06:41:30.453","GOREV","","","","","","","","","","","","","","","","","","","","","","","","","","","","13.04","20.15","-14.28","-0.18","14.53","-0.02","0.000000","0.000000","",""
"06:41:30.607","GOREV","","","","","","","","","","","","","","","","","","","","","","","","","","","","12.98","20.05","-15.21","-0.28","14.35","-0.02","0.000000","0.000000","",""
"06:41:30.776","GOREV","","","","","","","","","","","","","","","","","","","","","","","","","","","","12.91","19.92","-16.15","-0.44","14.29","-0.02","0.000000","0.000000","",""
"06:41:30.951","GOREV","","","","","","","","","","","","","","","","","","","","","","","","","","","","12.88","19.85","-17.08","-0.27","14.43","-0.03","0.000000","0.000000","",""
"06:41:31.125","GOREV","","","","","","","","","","","","","","","","","","","","","","","","","","","","12.84","19.79","-18.02","-0.26","14.44","-0.03","0.000000","0.000000","",""
"06:41:31.274","GOREV","","","","","","","","","","","","","","","","","","","","","","","","","","","","12.80","19.73","-18.93","-0.21","14.53","-0.04","0.000000","0.000000","",""
"06:41:31.469","GOREV","","","","","","","","","","","","","","","","","","","","","","","","","","","","12.77","19.73","-19.86","-0.23","14.46","-0.04","0.000000","0.000000","",""
"06:41:31.618","GOREV","","","","","","","","","","","","","","","","","","","","","","","","","","","","12.77","19.70","-20.79","-0.26","14.59","-0.04","0.000000","0.000000","",""
"06:41:31.787","GOREV","","","","","","","","","","","","","","","","","","","","","","","","","","","","12.77","19.66","-21.73","-0.15","14.55","-0.04","0.000000","0.000000","",""
"06:41:31.951","GOREV","","","","","","","","","","","","","","","","","","","","","","","","","","","","12.74","19.65","-22.66","-0.34","14.44","-0.04","0.000000","0.000000","",""
"06:41:32.118","GOREV","","","","","","","","","","","","","","","","","","","","","","","","","","","","12.75","19.64","-23.60","-0.30","14.50","-0.04","0.000000","0.000000","",""
"06:41:32.288","GOREV","","","","","","","","","","","","","","","","","","","","","","","","","","","","12.73","19.66","-24.54","-0.19","14.59","-0.05","0.000000","0.000000","",""
"06:41:32.467","GOREV","","","","","","","","","","","","","","","","","","","","","","","","","","","","12.72","19.66","-25.47","-0.16","14.40","-0.05","0.000000","0.000000","",""
"06:41:32.626","GOREV","","","","","","","","","","","","","","","","","","","","","","","","","","","","12.72","19.66","-26.41","-0.21","14.45","-0.05","0.000000","0.000000","",""
"06:41:32.816","GOREV","","","","","","","","","","","","","","","","","","","","","","","","","","","","12.75","19.65","-27.34","-0.17","14.47","-0.06","0.000000","0.000000","",""
"06:41:32.962","GOREV","","","","","","","","","","","","","","","","","","","","","","","","","","","","12.73","19.63","-28.27","-0.15","14.39","-0.06","0.000000","0.000000","",""
"06:41:33.132","GOREV","","","","","","","","","","","","","","","","","","","","","","","","","","","","12.73","19.67","-29.21","-0.37","14.33","-0.06","0.000000","0.000000","",""
"06:41:33.297","GOREV","","","","","","","","","","","","","","","","","","","","","","","","","","","","12.72","19.65","-30.13","-0.26","14.41","-0.06","0.000000","0.000000","",""
"06:41:33.474","GOREV","","","","","","","","","","","","","","","","","","","","","","","","","","","","12.71","19.66","-31.06","-0.18","14.49","-0.07","0.000000","0.000000","",""
"06:41:33.635","GOREV","","","","","","","","","","","","","","","","","","","","","","","","","","","","12.72","19.65","-31.99","-0.34","14.62","-0.07","0.000000","0.000000","",""
"06:41:33.816","GOREV","","","","","","","","","","","","","","","","","","","","","","","","","","","","12.72","19.65","-32.93","-0.20","14.42","-0.07","0.000000","0.000000","",""
"06:41:33.973","GOREV","","","","","","","","","","","","","","","","","","","","","","","","","","","","12.72","19.65","-33.87","-0.29","14.45","-0.07","0.000000","0.000000","",""
"06:41:34.170","GOREV","","","","","","","","","","","","","","","","","","","","","","","","","","","","12.73","19.66","-34.80","-0.44","14.65","-0.07","0.000000","0.000000","",""
"06:41:34.337","GOREV","","","","","","","","","","","","","","","","","","","","","","","","","","","","12.74","19.64","-35.73","-0.29","14.52","-0.08","0.000000","0.000000","",""
"06:41:34.480","GOREV","","","","","","","","","","","","","","","","","","","","","","","","","","","","12.74","19.65","-36.67","-0.24","14.42","-0.08","0.000000","0.000000","",""
"06:41:34.653","GOREV","","","","","","","","","","","","","","","","","","","","","","","","","","","","12.74","19.64","-37.60","-0.28","14.32","-0.08","0.000000","0.000000","",""
"06:41:34.830","GOREV","","","","","","","","","","","","","","","","","","","","","","","","","","","","12.74","19.65","-38.54","-0.34","14.39","-0.08","0.000000","0.000000","",""
"06:41:34.989","GOREV","","","","","","","","","","","","","","","","","","","","","","","","","","","","12.73","19.66","-39.47","-0.27","14.35","-0.08","0.000000","0.000000","",""
"06:41:35.150","GOREV","","","","","","","","","","","","","","","","","","","","","","","","","","","","12.72","19.67","-40.38","-0.15","14.58","-0.08","0.000000","0.000000","",""
"06:41:35.331","GOREV","","","","","","","","","","","","","","","","","","","","","","","","","","","","12.71","19.65","-41.33","-0.08","14.32","-0.09","0.000000","0.000000","",""
"06:41:35.513","GOREV","","","","","","","","","","","","","","","","","","","","","","","","","","","","12.72","19.64","-42.27","-0.17","14.30","-0.09","0.000000","0.000000","",""
"06:41:35.663","GOREV","","","","","","","","","","","","","","","","","","","","","","","","","","","","12.74","19.64","-43.20","-0.33","14.50","-0.09","0.000000","0.000000","",""
"06:41:35.825","GOREV","","","","","","","","","","","","","","","","","","","","","","","","","","","","12.76","19.66","-44.14","-0.37","14.41","-0.09","0.000000","0.000000","",""
"06:41:36.016","GOREV","","","","","","","","","","","","","","","","","","","","","","","","","","","","12.73","19.67","-45.07","-0.23","14.43","-0.09","0.000000","0.000000","",""
"06:41:36.163","GOREV","","","","","","","","","","","","","","","","","","","","","","","","","","","","12.72","19.65","-46.00","-0.15","14.26","-0.09","0.000000","0.000000","",""
"06:41:36.342","GOREV","","","","","","","","","","","","","","","","","","","","","","","","","","","","12.72","19.65","-46.93","-0.28","14.42","-0.09","0.000000","0.000000","",""
"06:41:36.503","GOREV","","","","","","","","","","","","","","","","","","","","","","","","","","","","12.72","19.63","-47.87","-0.26","14.55","-0.09","0.000000","0.000000","",""
"06:41:36.675","GOREV","","","","","","","","","","","","","","","","","","","","","","","","","","","","12.73","19.62","-48.79","-0.11","14.46","-0.10","0.000000","0.000000","",""
"06:41:36.842","GOREV","","","","","","","","","","","","","","","","","","","","","","","","","","","","12.74","19.63","-49.73","-0.40","14.48","-0.10","0.000000","0.000000","",""
"06:41:37.016","GOREV","","","","","","","","","","","","","","","","","","","","","","","","","","","","12.75","19.64","-50.66","-0.28","14.32","-0.10","0.000000","0.000000","",""
"06:41:37.173","GOREV","","","","","","","","","","","","","","","","","","","","","","","","","","","","12.74","19.64","-51.57","-0.20","14.46","-0.10","0.000000","0.000000","",""
"06:41:37.345","GOREV","","","","","","","","","","","","","","","","","","","","","","","","","","","","12.72","19.67","-52.52","-0.33","14.33","-0.10","0.000000","0.000000","",""
"06:41:37.547","GOREV","","","","","","","","","","","","","","","","","","","","","","","","","","","","12.73","19.67","-53.45","-0.27","14.46","-0.10","0.000000","0.000000","",""
"06:41:37.692","GOREV","","","","","","","","","","","","","","","","","","","","","","","","","","","","12.72","19.66","-54.38","-0.23","14.41","-0.10","0.000000","0.000000","",""
"06:41:37.846","GOREV","","","","","","","","","","","","","","","","","","","","","","","","","","","","12.74","19.65","-55.31","-0.23","14.42","-0.10","0.000000","0.000000","",""
"06:41:38.044","GOREV","","","","","","","","","","","","","","","","","","","","","","","","","","","","12.74","19.69","-56.25","-0.37","14.43","-0.10","0.000000","0.000000","",""
"06:41:38.192","GOREV","","","","","","","","","","","","","","","","","","","","","","","","","","","","12.73","19.68","-57.18","-0.45","14.32","-0.11","0.000000","0.000000","",""
"06:41:38.349","GOREV","","","","","","","","","","","","","","","","","","","","","","","","","","","","12.72","19.65","-58.10","-0.25","14.35","-0.11","0.000000","0.000000","",""
"06:41:38.517","GOREV","","","","","","","","","","","","","","","","","","","","","","","","","","","","12.73","19.66","-59.03","-0.18","14.52","-0.11","0.000000","0.000000","",""
"06:41:58.588","GOREV","","","","","","","","","","","","","","","","","","","","","","","","","","","","12.69","19.68","-170.00","-0.27","14.46","-0.31","0.000000","0.000000","",""
"06:41:58.743","GOREV","","","","","","","","","","","","","","","","","","","","","","","","","","","","12.68","19.68","-170.93","-0.34","14.64","-0.31","0.000000","0.000000","",""
"06:41:58.907","GOREV","","","","","","","","","","","","","","","","","","","","","","","","","","","","12.68","19.66","-171.85","-0.31","14.38","-0.31","0.000000","0.000000","",""
"06:41:59.110","GOREV","","","","","","","","","","","","","","","","","","","","","","","","","","","","12.67","19.66","-172.79","-0.27","14.41","-0.32","0.000000","0.000000","",""
"06:41:59.261","GOREV","","","","","","","","","","","","","","","","","","","","","","","","","","","","12.67","19.68","-173.72","-0.18","14.33","-0.32","0.000000","0.000000","",""
"06:41:59.411","GOREV","","","","","","","","","","","","","","","","","","","","","","","","","","","","12.69","19.68","-174.66","-0.21","14.40","-0.32","0.000000","0.000000","",""
"06:41:59.581","GOREV","","","","","","","","","","","","","","","","","","","","","","","","","","","","12.71","19.68","-175.59","-0.43","14.65","-0.32","0.000000","0.000000","",""
"06:41:59.749","GOREV","","","","","","","","","","","","","","","","","","","","","","","","","","","","12.68","19.68","-176.53","-0.32","14.54","-0.32","0.000000","0.000000","",""
"06:41:59.922","GOREV","","","","","","","","","","","","","","","","","","","","","","","","","","","","12.70","19.68","-177.46","-0.31","14.62","-0.32","0.000000","0.000000","",""
"06:42:00.089","GOREV","","","","","","","","","","","","","","","","","","","","","","","","","","","","12.71","19.65","-178.38","-0.30","14.43","-0.32","0.000000","0.000000","",""
"06:42:00.253","GOREV","","","","","","","","","","","","","","","","","","","","","","","","","","","","12.70","19.66","-179.32","-0.21","14.44","-0.32","0.000000","0.000000","",""
"06:42:00.439","GOREV","","","","","","","","","","","","","","","","","","","","","","","","","","","","12.67","19.66","-177.71","-0.16","14.36","-0.33","0.000000","0.000000","",""
"06:42:00.600","GOREV","","","","","","","","","","","","","","","","","","","","","","","","","","","","12.67","19.66","-178.35","-0.20","14.31","-0.33","0.000000","0.000000","",""
"06:42:00.788","GOREV","","","","","","","","","","","","","","","","","","","","","","","","","","","","12.67","19.65","-178.99","-0.21","14.60","-0.33","0.000000","0.000000","",""
"06:42:00.929","GOREV","","","","","","","","","","","","","","","","","","","","","","","","","","","","12.69","19.65","-179.62","-0.26","14.55","-0.33","0.000000","0.000000","",""
"06:42:01.095","GOREV","","","","","","","","","","","","","","","","","","","","","","","","","","","","12.70","19.67","-177.67","-0.31","14.61","-0.34","0.000000","0.000000","",""
"06:42:01.273","GOREV","","","","","","","","","","","","","","","","","","","","","","","","","","","","12.69","19.68","-178.02","-0.42","14.46","-0.34","0.000000","0.000000","",""
"06:42:01.432","GOREV","","","","","","","","","","","","","","","","","","","","","","","","","","","","12.68","19.67","-178.36","-0.29","14.52","-0.34","0.000000","0.000000","",""
"06:42:01.601","GOREV","","","","","","","","","","","","","","","","","","","","","","","","","","","","12.67","19.68","-178.71","-0.28","14.37","-0.34","0.000000","0.000000","",""
"06:42:01.771","GOREV","","","","","","","","","","","","","","","","","","","","","","","","","","","","12.66","19.68","-179.05","-0.26","14.43","-0.34","0.000000","0.000000","",""
"06:42:01.939","GOREV","","","","","","","","","","","","","","","","","","","","","","","","","","","","12.65","19.68","-179.39","-0.31","14.59","-0.34","0.000000","0.000000","",""
"06:42:02.104","GOREV","","","","","","","","","","","","","","","","","","","","","","","","","","","","12.66","19.69","-179.73","-0.29","14.46","-0.34","0.000000","0.000000","",""
"06:42:02.274","GOREV","","","","","","","","","","","","","","","","","","","","","","","","","","","","12.67","19.70","-177.55","-0.34","14.50","-0.34","0.000000","0.000000","",""
"06:42:02.442","GOREV","","","","","","","","","","","","","","","","","","","","","","","","","","","","12.68","19.71","-177.60","-0.48","14.47","-0.34","0.000000","0.000000","",""
"06:42:02.612","GOREV","","","","","","","","","","","","","","","","","","","","","","","","","","","","12.67","19.68","-177.65","-0.21","14.56","-0.35","0.000000","0.000000","",""
"06:42:02.782","GOREV","","","","","","","","","","","","","","","","","","","","","","","","","","","","12.68","19.69","-177.70","-0.31","14.53","-0.34","0.000000","0.000000","",""
"06:42:02.955","GOREV","","","","","","","","","","","","","","","","","","","","","","","","","","","","12.68","19.71","-177.74","-0.39","14.48","-0.34","0.000000","0.000000","",""
"06:42:03.122","GOREV","","","","","","","","","","","","","","","","","","","","","","","","","","","","12.68","19.69","-177.79","-0.23","14.43","-0.34","0.000000","0.000000","",""
"06:42:03.291","GOREV","","","","","","","","","","","","","","","","","","","","","","","","","","","","12.68","19.70","-177.84","-0.30","14.31","-0.34","0.000000","0.000000","",""
"06:42:03.460","GOREV","","","","","","","","","","","","","","","","","","","","","","","","","","","","12.69","19.69","-177.89","-0.23","14.48","-0.35","0.000000","0.000000","",""
"06:42:03.627","GOREV","","","","","","","","","","","","","","","","","","","","","","","","","","","","12.69","19.69","-177.94","-0.35","14.54","-0.34","0.000000","0.000000","",""
"06:42:03.799","GOREV","","","","","","","","","","","","","","","","","","","","","","","","","","","","12.70","19.68","-177.98","-0.23","14.47","-0.34","0.000000","0.000000","",""
"06:42:03.971","GOREV","","","","","","","","","","","","","","","","","","","","","","","","","","","","12.69","19.68","-178.03","-0.28","14.54","-0.34","0.000000","0.000000","",""
"06:42:04.137","GOREV","","","","","","","","","","","","","","","","","","","","","","","","","","","","12.68","19.69","-178.08","-0.26","14.47","-0.35","0.000000","0.000000","",""
"06:42:04.303","GOREV","","","","","","","","","","","","","","","","","","","","","","","","","","","","12.67","19.69","-178.13","-0.13","14.29","-0.34","0.000000","0.000000","",""
"06:42:04.474","GOREV","","","","","","","","","","","","","","","","","","","","","","","","","","","","12.68","19.69","-178.18","-0.18","14.44","-0.35","0.000000","0.000000","",""
"06:42:04.642","GOREV","","","","","","","","","","","","","","","","","","","","","","","","","","","","12.69","19.69","-178.23","-0.29","14.63","-0.34","0.000000","0.000000","",""
"06:42:04.809","GOREV","","","","","","","","","","","","","","","","","","","","","","","","","","","","12.68","19.68","-178.27","-0.20","14.54","-0.35","0.000000","0.000000","",""
"06:42:04.979","GOREV","","","","","","","","","","","","","","","","","","","","","","","","","","","","12.68","19.67","-178.32","-0.10","14.63","-0.35","0.000000","0.000000","",""
"06:42:05.142","GOREV","","","","","","","","","","","","","","","","","","","","","","","","","","","","12.67","19.68","-178.37","-0.30","14.42","-0.35","0.000000","0.000000","",""
"06:42:05.311","GOREV","","","","","","","","","","","","","","","","","","","","","","","","","","","","12.68","19.69","-178.41","-0.48","14.54","-0.35","0.000000","0.000000","",""
"06:42:05.483","GOREV","","","","","","","","","","","","","","","","","","","","","","","","","","","","12.66","19.67","-178.46","-0.19","14.44","-0.35","0.000000","0.000000","",""
"06:42:05.650","GOREV","","","","","","","","","","","","","","","","","","","","","","","","","","","","12.66","19.68","-178.51","-0.26","14.52","-0.35","0.000000","0.000000","",""
"06:42:05.824","GOREV","","","","","","","","","","","","","","","","","","","","","","","","","","","","12.67","19.68","-178.56","-0.34","14.36","-0.35","0.000000","0.000000","",""
"06:42:05.988","GOREV","","","","","","","","","","","","","","","","","","","","","","","","","","","","12.69","19.68","-178.60","-0.31","14.42","-0.35","0.000000","0.000000","",""
"06:42:06.155","GOREV","","","","","","","","","","","","","","","","","","","","","","","","","","","","12.70","19.71","-178.65","-0.13","14.55","-0.35","0.000000","0.000000","",""
"06:42:06.326","GOREV","","","","","","","","","","","","","","","","","","","","","","","","","","","","12.69","19.70","-178.69","-0.43","14.53","-0.35","0.000000","0.000000","",""
"06:42:06.502","GOREV","","","","","","","","","","","","","","","","","","","","","","","","","","","","12.69","19.70","-178.74","-0.41","14.51","-0.35","0.000000","0.000000","",""
"06:42:06.663","GOREV","","","","","","","","","","","","","","","","","","","","","","","","","","","","12.67","19.72","-178.79","-0.44","14.38","-0.35","0.000000","0.000000","",""
"06:42:06.829","GOREV","","","","","","","","","","","","","","","","","","","","","","","","","","","","12.67","19.73","-178.83","-0.28","14.43","-0.35","0.000000","0.000000","",""
"06:42:07.029","GOREV","","","","","","","","","","","","","","","","","","","","","","","","","","","","12.69","19.72","-178.88","-0.37","14.47","-0.36","0.000000","0.000000","",""
"06:42:07.165","GOREV","","","","","","","","","","","","","","","","","","","","","","","","","","","","12.67","19.70","-178.93","-0.31","14.43","-0.36","0.000000","0.000000","",""
"06:42:07.336","GOREV","","","","","","","","","","","","","","","","","","","","","","","","","","","","12.70","19.72","-178.97","-0.18","14.46","-0.36","0.000000","0.000000","",""
"06:42:07.506","GOREV","","","","","","","","","","","","","","","","","","","","","","","","","","","","12.70","19.70","-179.02","-0.24","14.54","-0.36","0.000000","0.000000","",""
"06:42:07.675","GOREV","","","","","","","","","","","","","","","","","","","","","","","","","","","","12.67","19.69","-179.07","-0.32","14.45","-0.36","0.000000","0.000000","",""
"06:42:07.847","GOREV","","","","","","","","","","","","","","","","","","","","","","","","","","","","12.68","19.68","-179.12","-0.47","14.59","-0.36","0.000000","0.000000","",""
"06:42:08.012","GOREV","","","","","","","","","","","","","","","","","","","","","","","","","","","","12.67","19.69","-179.17","-0.30","14.45","-0.36","0.000000","0.000000","",""
"06:42:08.175","GOREV","","","","","","","","","","","","","","","","","","","","","","","","","","","","12.67","19.67","-179.21","-0.35","14.43","-0.37","0.000000","0.000000","",""
"06:42:08.348","GOREV","","","","","","","","","","","","","","","","","","","","","","","","","","","","12.69","19.65","-179.26","-0.20","14.65","-0.37","0.000000","0.000000","",""
"06:42:08.518","GOREV","","","","","","","","","","","","","","","","","","","","","","","","","","","","12.67","19.66","-179.31","-0.27","14.43","-0.37","0.000000","0.000000","",""
"06:42:08.689","GOREV","","","","","","","","","","","","","","","","","","","","","","","","","","","","12.67","19.66","-179.36","-0.33","14.55","-0.37","0.000000","0.000000","",""
"06:42:08.855","GOREV","","","","","","","","","","","","","","","","","","","","","","","","","","","","12.68","19.67","-179.41","-0.41","14.30","-0.38","0.000000","0.000000","",""
"06:42:09.047","GOREV","","","","","","","","","","","","","","","","","","","","","","","","","","","","12.68","19.68","-179.46","-0.28","14.38","-0.37","0.000000","0.000000","",""
"06:42:09.185","GOREV","","","","","","","","","","","","","","","","","","","","","","","","","","","","12.68","19.67","-179.50","-0.21","14.51","-0.38","0.000000","0.000000","",""
"06:42:09.356","GOREV","","","","","","","","","","","","","","","","","","","","","","","","","","","","12.67","19.68","-179.55","-0.31","14.45","-0.38","0.000000","0.000000","",""
"06:42:09.523","GOREV","","","","","","","","","","","","","","","","","","","","","","","","","","","","12.68","19.67","-179.60","-0.23","14.45","-0.38","0.000000","0.000000","",""
"06:42:09.692","GOREV","","","","","","","","","","","","","","","","","","","","","","","","","","","","12.69","19.69","-179.65","-0.40","14.40","-0.38","0.000000","0.000000","",""
"06:42:09.862","GOREV","","","","","","","","","","","","","","","","","","","","","","","","","","","","12.70","19.69","-179.69","-0.37","14.56","-0.38","0.000000","0.000000","",""
"06:42:10.062","GOREV","","","","","","","","","","","","","","","","","","","","","","","","","","","","12.70","19.69","-179.74","-0.29","14.56","-0.39","0.000000","0.000000","",""
"06:42:10.215","GOREV","","","","","","","","","","","","","","","","","","","","","","","","","","","","12.69","19.68","-179.79","-0.29","14.42","-0.39","0.000000","0.000000","",""
"06:42:10.365","GOREV","","","","","","","","","","","","","","","","","","","","","","","","","","","","12.67","19.69","-179.84","-0.32","14.59","-0.39","0.000000","0.000000","",""
"06:42:10.538","GOREV","","","","","","","","","","","","","","","","","","","","","","","","","","","","12.66","19.70","-179.88","-0.39","14.59","-0.39","0.000000","0.000000","",""
"06:42:10.705","GOREV","","","","","","","","","","","","","","","","","","","","","","","","","","","","12.65","19.67","-179.93","-0.35","14.45","-0.39","0.000000","0.000000","",""
"06:42:10.899","GOREV","","","","","","","","","","","","","","","","","","","","","","","","","","","","12.67","19.69","-179.98","-0.23","14.50","-0.40","0.000000","0.000000","",""
"06:42:11.038","GOREV","","","","","","","","","","","","","","","","","","","","","","","","","","","","12.65","19.70","-177.34","-0.20","14.71","-0.40","0.000000","0.000000","",""
"06:42:11.219","GOREV","","","","","","","","","","","","","","","","","","","","","","","","","","","","12.67","19.69","-177.09","-0.29","14.64","-0.40","0.000000","0.000000","",""
"06:42:11.377","GOREV","","","","","","","","","","","","","","","","","","","","","","","","","","","","12.68","19.68","-176.84","-0.48","14.48","-0.40","0.000000","0.000000","",""
"06:42:11.545","GOREV","","","","","","","","","","","","","","","","","","","","","","","","","","","","12.68","19.70","-176.59","-0.31","14.50","-0.41","0.000000","0.000000","",""
"06:42:11.715","GOREV","","","","","","","","","","","","","","","","","","","","","","","","","","","","12.67","19.67","-176.34","-0.32","14.55","-0.41","0.000000","0.000000","",""
"06:42:11.885","GOREV","","","","","","","","","","","","","","","","","","","","","","","","","","","","12.66","19.69","-176.10","-0.38","14.52","-0.41","0.000000","0.000000","",""
"06:42:12.049","GOREV","","","","","","","","","","","","","","","","","","","","","","","","","","","","12.67","19.70","-175.85","-0.16","14.38","-0.41","0.000000","0.000000","",""
"06:42:12.219","GOREV","","","","","","","","","","","","","","","","","","","","","","","","","","","","12.67","19.69","-175.60","-0.21","14.62","-0.41","0.000000","0.000000","",""
"06:42:12.392","GOREV","","","","","","","","","","","","","","","","","","","","","","","","","","","","12.68","19.69","-175.35","-0.32","14.31","-0.41","0.000000","0.000000","",""
"06:42:12.560","GOREV","","","","","","","","","","","","","","","","","","","","","","","","","","","","12.67","19.70","-175.10","-0.33","14.34","-0.41","0.000000","0.000000","",""
"06:42:12.725","GOREV","","","","","","","","","","","","","","","","","","","","","","","","","","","","12.66","19.68","-174.85","-0.35","14.67","-0.41","0.000000","0.000000","",""
"06:42:12.913","GOREV","","","","","","","","","","","","","","","","","","","","","","","","","","","","12.68","19.67","-174.60","-0.33","14.53","-0.41","0.000000","0.000000","",""
"06:42:13.062","GOREV","","","","","","","","","","","","","","","","","","","","","","","","","","","","12.66","19.65","-174.35","-0.29","14.56","-0.42","0.000000","0.000000","",""
"06:42:13.232","GOREV","","","","","","","","","","","","","","","","","","","","","","","","","","","","12.64","19.66","-174.11","-0.36","14.65","-0.42","0.000000","0.000000","",""
"06:42:13.401","GOREV","","","","","","","","","","","","","","","","","","","","","","","","","","","","12.68","19.69","-173.86","-0.33","14.57","-0.42","0.000000","0.000000","",""
"06:42:13.571","GOREV","","","","","","","","","","","","","","","","","","","","","","","","","","","","12.67","19.70","-173.61","-0.19","14.50","-0.42","0.000000","0.000000","",""
"06:42:13.739","GOREV","","","","","","","","","","","","","","","","","","","","","","","","","","","","12.67","19.70","-173.36","-0.35","14.63","-0.42","0.000000","0.000000","",""
"06:42:13.917","GOREV","","","","","","","","","","","","","","","","","","","","","","","","","","","","12.69","19.69","-173.11","-0.39","14.42","-0.42","0.000000","0.000000","",""
"06:42:14.077","GOREV","","","","","","","","","","","","","","","","","","","","","","","","","","","","12.68","19.70","-172.86","-0.29","14.36","-0.42","0.000000","0.000000","",""
"06:42:14.240","GOREV","","","","","","","","","","","","","","","","","","","","","","","","","","","","12.70","19.70","-172.61","-0.30","14.48","-0.42","0.000000","0.000000","",""
"06:42:14.412","GOREV","","","","","","","","","","","","","","","","","","","","","","","","","","","","12.70","19.68","-172.36","-0.49","14.72","-0.43","0.000000","0.000000","",""
"06:42:14.581","GOREV","","","","","","","","","","","","","","","","","","","","","","","","","","","","12.68","19.69","-172.11","-0.37","14.60","-0.43","0.000000","0.000000","",""
"06:42:14.756","GOREV","","","","","","","","","","","","","","","","","","","","","","","","","","","","12.67","19.71","-171.86","-0.40","14.47","-0.43","0.000000","0.000000","",""
"06:42:14.916","GOREV","","","","","","","","","","","","","","","","","","","","","","","","","","","","12.65","19.71","-171.61","-0.19","14.64","-0.43","0.000000","0.000000","",""
"06:42:15.092","GOREV","","","","","","","","","","","","","","","","","","","","","","","","","","","","12.66","19.70","-171.36","-0.15","14.50","-0.43","0.000000","0.000000","",""
"06:42:15.251","GOREV","","","","","","","","","","","","","","","","","","","","","","","","","","","","12.66","19.70","-171.11","-0.40","14.47","-0.43","0.000000","0.000000","",""
"06:42:15.429","GOREV","","","","","","","","","","","","","","","","","","","","","","","","","","","","12.65","19.70","-170.86","-0.26","14.51","-0.43","0.000000","0.000000","",""
"06:42:15.588","GOREV","","","","","","","","","","","","","","","","","","","","","","","","","","","","12.64","19.69","-170.62","-0.21","14.50","-0.43","0.000000","0.000000","",""
"06:42:15.758","GOREV","","","","","","","","","","","","","","","","","","","","","","","","","","","","12.65","19.69","-170.37","-0.40","14.34","-0.43","0.000000","0.000000","",""
"06:42:15.945","GOREV","","","","","","","","","","","","","","","","","","","","","","","","","","","","12.66","19.68","-170.12","-0.31","14.46","-0.43","0.000000","0.000000","",""
"06:42:16.102","GOREV","","","","","","","","","","","","","","","","","","","","","","","","","","","","12.66","19.69","-169.87","-0.26","14.43","-0.43","0.000000","0.000000","",""
"06:42:16.260","GOREV","","","","","","","","","","","","","","","","","","","","","","","","","","","","12.66","19.69","-169.62","-0.39","14.39","-0.44","0.000000","0.000000","",""
"06:42:16.435","GOREV","","","","","","","","","","","","","","","","","","","","","","","","","","","","12.64","19.70","-169.37","-0.29","14.73","-0.44","0.000000","0.000000","",""
"06:42:16.599","GOREV","","","","","","","","","","","","","","","","","","","","","","","","","","","","12.65","19.67","-169.12","-0.29","14.63","-0.44","0.000000","0.000000","",""
"06:42:16.780","GOREV","","","","","","","","","","","","","","","","","","","","","","","","","","","","12.65","19.68","-168.87","-0.22","14.48","-0.44","0.000000","0.000000","",""
"06:42:16.938","GOREV","","","","","","","","","","","","","","","","","","","","","","","","","","","","12.66","19.69","-168.63","-0.39","14.38","-0.44","0.000000","0.000000","",""
"06:42:17.102","GOREV","","","","","","","","","","","","","","","","","","","","","","","","","","","","12.68","19.66","-168.38","-0.34","14.67","-0.44","0.000000","0.000000","",""
"06:42:17.283","GOREV","","","","","","","","","","","","","","","","","","","","","","","","","","","","12.69","19.66","-168.13","-0.33","14.60","-0.44","0.000000","0.000000","",""
"06:42:17.447","GOREV","","","","","","","","","","","","","","","","","","","","","","","","","","","","12.67","19.68","-167.88","-0.32","14.59","-0.45","0.000000","0.000000","",""
"06:42:17.610","GOREV","","","","","","","","","","","","","","","","","","","","","","","","","","","","12.69","19.70","-167.63","-0.22","14.49","-0.45","0.000000","0.000000","",""
"06:42:17.779","GOREV","","","","","","","","","","","","","","","","","","","","","","","","","","","","12.69","19.70","-167.38","-0.25","14.61","-0.45","0.000000","0.000000","",""
"06:42:17.955","GOREV","","","","","","","","","","","","","","","","","","","","","","","","","","","","12.72","19.72","-167.13","-0.26","14.63","-0.45","0.000000","0.000000","",""
"06:42:18.115","GOREV","","","","","","","","","","","","","","","","","","","","","","","","","","","","12.70","19.72","-166.88","-0.36","14.40","-0.45","0.000000","0.000000","",""
"06:42:18.282","GOREV","","","","","","","","","","","","","","","","","","","","","","","","","","","","12.68","19.71","-166.63","-0.37","14.66","-0.45","0.000000","0.000000","",""
"06:42:18.458","GOREV","","","","","","","","","","","","","","","","","","","","","","","","","","","","12.68","19.68","-166.38","-0.31","14.61","-0.45","0.000000","0.000000","",""
"06:42:18.622","GOREV","","","","","","","","","","","","","","","","","","","","","","","","","","","","12.69","19.68","-166.13","-0.21","14.49","-0.45","0.000000","0.000000","",""
"06:42:18.814","GOREV","","","","","","","","","","","","","","","","","","","","","","","","","","","","12.67","19.69","-165.88","-0.31","14.44","-0.46","0.000000","0.000000","",""
"06:42:18.961","GOREV","","","","","","","","","","","","","","","","","","","","","","","","","","","","12.68","19.69","-165.63","-0.42","14.74","-0.46","0.000000","0.000000","",""
"06:42:19.128","GOREV","","","","","","","","","","","","","","","","","","","","","","","","","","","","12.67","19.70","-165.39","-0.30","14.59","-0.46","0.000000","0.000000","",""
"06:42:19.295","GOREV","","","","","","","","","","","","","","","","","","","","","","","","","","","","12.64","19.68","-165.14","-0.39","14.65","-0.46","0.000000","0.000000","",""
"06:42:19.464","GOREV","","","","","","","","","","","","","","","","","","","","","","","","","","","","12.65","19.68","-164.88","-0.55","14.51","-0.47","0.000000","0.000000","",""
"06:42:19.630","GOREV","","","","","","","","","","","","","","","","","","","","","","","","","","","","12.66","19.68","-164.63","-0.32","14.45","-0.47","0.000000","0.000000","",""
"06:42:19.804","GOREV","","","","","","","","","","","","","","","","","","","","","","","","","","","","12.66","19.70","-164.38","-0.26","14.21","-0.47","0.000000","0.000000","",""
"06:42:19.969","GOREV","","","","","","","","","","","","","","","","","","","","","","","","","","","","12.66","19.68","-164.14","-0.26","14.35","-0.47","0.000000","0.000000","",""
"06:42:20.141","GOREV","","","","","","","","","","","","","","","","","","","","","","","","","","","","12.66","19.67","-163.89","-0.43","14.45","-0.47","0.000000","0.000000","",""
"06:42:20.304","GOREV","","","","","","","","","","","","","","","","","","","","","","","","","","","","12.67","19.68","-163.64","-0.47","14.53","-0.47","0.000000","0.000000","",""
"06:42:20.480","GOREV","","","","","","","","","","","","","","","","","","","","","","","","","","","","12.66","19.67","-163.39","-0.27","14.58","-0.47","0.000000","0.000000","",""
"06:42:20.667","GOREV","","","","","","","","","","","","","","","","","","","","","","","","","","","","12.65","19.68","-163.14","-0.23","14.41","-0.47","0.000000","0.000000","",""
"06:42:20.829","GOREV","","","","","","","","","","","","","","","","","","","","","","","","","","","","12.65","19.68","-162.89","-0.36","14.54","-0.47","0.000000","0.000000","",""
"06:42:20.986","GOREV","","","","","","","","","","","","","","","","","","","","","","","","","","","","12.65","19.70","-162.64","-0.24","14.46","-0.47","0.000000","0.000000","",""
"06:42:21.148","GOREV","","","","","","","","","","","","","","","","","","","","","","","","","","","","12.67","19.69","-162.39","-0.26","14.48","-0.47","0.000000","0.000000","",""
"06:42:21.314","GOREV","","","","","","","","","","","","","","","","","","","","","","","","","","","","12.66","19.71","-162.14","-0.31","14.44","-0.47","0.000000","0.000000","",""
"06:42:21.486","GOREV","","","","","","","","","","","","","","","","","","","","","","","","","","","","12.65","19.71","-161.89","-0.26","14.53","-0.47","0.000000","0.000000","",""
"06:42:21.681","GOREV","","","","","","","","","","","","","","","","","","","","","","","","","","","","12.67","19.69","-161.64","-0.32","14.35","-0.47","0.000000","0.000000","",""
"06:42:21.825","GOREV","","","","","","","","","","","","","","","","","","","","","","","","","","","","12.67","19.70","-161.39","-0.54","14.52","-0.47","0.000000","0.000000","",""
"06:42:21.991","GOREV","","","","","","","","","","","","","","","","","","","","","","","","","","","","12.65","19.68","-161.14","-0.31","14.47","-0.47","0.000000","0.000000","",""
"06:42:22.168","GOREV","","","","","","","","","","","","","","","","","","","","","","","","","","","","12.65","19.66","-160.90","-0.34","14.63","-0.47","0.000000","0.000000","",""
"06:42:22.324","GOREV","","","","","","","","","","","","","","","","","","","","","","","","","","","","12.64","19.68","-160.64","-0.44","14.59","-0.47","0.000000","0.000000","",""
"06:42:22.493","GOREV","","","","","","","","","","","","","","","","","","","","","","","","","","","","12.67","19.70","-160.40","-0.29","14.43","-0.47","0.000000","0.000000","",""
"06:42:22.663","GOREV","","","","","","","","","","","","","","","","","","","","","","","","","","","","12.66","19.70","-160.15","-0.45","14.47","-0.48","0.000000","0.000000","",""
"06:42:22.831","GOREV","","","","","","","","","","","","","","","","","","","","","","","","","","","","12.66","19.71","-159.90","-0.39","14.60","-0.48","0.000000","0.000000","",""
"06:42:23.013","GOREV","","","","","","","","","","","","","","","","","","","","","","","","","","","","12.67","19.69","-159.65","-0.22","14.41","-0.48","0.000000","0.000000","",""
"06:42:23.166","GOREV","","","","","","","","","","","","","","","","","","","","","","","","","","","","12.68","19.68","-159.41","-0.39","14.54","-0.48","0.000000","0.000000","",""
"06:42:23.345","GOREV","","","","","","","","","","","","","","","","","","","","","","","","","","","","12.66","19.68","-159.16","-0.24","14.46","-0.48","0.000000","0.000000","",""
"06:42:23.508","GOREV","","","","","","","","","","","","","","","","","","","","","","","","","","","","12.65","19.69","-158.91","-0.25","14.54","-0.49","0.000000","0.000000","",""
"06:42:23.674","GOREV","","","","","","","","","","","","","","","","","","","","","","","","","","","","12.65","19.69","-158.66","-0.31","14.66","-0.49","0.000000","0.000000","",""
"06:42:23.849","GOREV","","","","","","","","","","","","","","","","","","","","","","","","","","","","12.62","19.69","-158.41","-0.35","14.38","-0.49","0.000000","0.000000","",""
"06:42:24.016","GOREV","","","","","","","","","","","","","","","","","","","","","","","","","","","","12.63","19.68","-158.16","-0.31","14.59","-0.49","0.000000","0.000000","",""
"06:42:24.181","GOREV","","","","","","","","","","","","","","","","","","","","","","","","","","","","12.64","19.67","-157.92","-0.37","14.54","-0.49","0.000000","0.000000","",""
"06:42:24.346","GOREV","","","","","","","","","","","","","","","","","","","","","","","","","","","","12.65","19.67","-157.67","-0.07","14.40","-0.49","0.000000","0.000000","",""
"06:42:24.517","GOREV","","","","","","","","","","","","","","","","","","","","","","","","","","","","12.66","19.69","-157.42","-0.34","14.41","-0.50","0.000000","0.000000","",""
"06:42:24.684","GOREV","","","","","","","","","","","","","","","","","","","","","","","","","","","","12.67","19.70","-157.16","-0.41","14.49","-0.50","0.000000","0.000000","",""
"06:42:24.863","GOREV","","","","","","","","","","","","","","","","","","","","","","","","","","","","12.67","19.70","-156.92","-0.26","14.53","-0.50","0.000000","0.000000","",""
"06:42:25.023","GOREV","","","","","","","","","","","","","","","","","","","","","","","","","","","","12.65","19.70","-156.67","-0.37","14.31","-0.50","0.000000","0.000000","",""
"06:42:25.200","GOREV","","","","","","","","","","","","","","","","","","","","","","","","","","","","12.65","19.69","-156.42","-0.28","14.58","-0.50","0.000000","0.000000","",""
"06:42:25.360","GOREV","","","","","","","","","","","","","","","","","","","","","","","","","","","","12.64","19.67","-156.17","-0.22","14.33","-0.50","0.000000","0.000000","",""
"06:42:25.525","GOREV","","","","","","","","","","","","","","","","","","","","","","","","","","","","12.66","19.69","-155.92","-0.35","14.45","-0.49","0.000000","0.000000","",""
"06:42:25.695","GOREV","","","","","","","","","","","","","","","","","","","","","","","","","","","","12.64","19.69","-155.67","-0.37","14.49","-0.50","0.000000","0.000000","",""
"06:42:25.864","GOREV","","","","","","","","","","","","","","","","","","","","","","","","","","","","12.65","19.70","-155.42","-0.27","14.53","-0.50","0.000000","0.000000","",""
"06:42:26.053","GOREV","","","","","","","","","","","","","","","","","","","","","","","","","","","","12.67","19.71","-155.17","-0.36","14.56","-0.50","0.000000","0.000000","",""
"06:42:26.197","GOREV","","","","","","","","","","","","","","","","","","","","","","","","","","","","12.67","19.70","-154.93","-0.44","14.48","-0.51","0.000000","0.000000","",""
"06:42:26.372","GOREV","","","","","","","","","","","","","","","","","","","","","","","","","","","","12.66","19.70","-154.68","-0.02","14.57","-0.51","0.000000","0.000000","",""
"06:42:26.550","GOREV","","","","","","","","","","","","","","","","","","","","","","","","","","","","12.66","19.69","-154.42","-0.27","14.58","-0.51","0.000000","0.000000","",""
"06:42:26.709","GOREV","","","","","","","","","","","","","","","","","","","","","","","","","","","","12.67","19.70","-154.18","-0.40","14.40","-0.51","0.000000","0.000000","",""
"06:42:26.879","GOREV","","","","","","","","","","","","","","","","","","","","","","","","","","","","12.68","19.71","-153.93","-0.31","14.45","-0.51","0.000000","0.000000","",""
"06:42:27.042","GOREV","","","","","","","","","","","","","","","","","","","","","","","","","","","","12.67","19.70","-153.68","-0.27","14.58","-0.51","0.000000","0.000000","",""
"06:42:27.207","GOREV","","","","","","","","","","","","","","","","","","","","","","","","","","","","12.66","19.71","-153.43","-0.34","14.41","-0.52","0.000000","0.000000","",""
"06:42:27.399","GOREV","","","","","","","","","","","","","","","","","","","","","","","","","","","","12.67","19.70","-153.18","-0.26","14.61","-0.52","0.000000","0.000000","",""
"06:42:27.547","GOREV","","","","","","","","","","","","","","","","","","","","","","","","","","","","12.68","19.70","-152.93","-0.38","14.58","-0.52","0.000000","0.000000","",""
"06:42:27.716","GOREV","","","","","","","","","","","","","","","","","","","","","","","","","","","","12.67","19.71","-152.68","-0.36","14.56","-0.52","0.000000","0.000000","",""
"06:42:27.884","GOREV","","","","","","","","","","","","","","","","","","","","","","","","","","","","12.67","19.72","-152.43","-0.30","14.66","-0.52","0.000000","0.000000","",""
"06:42:28.060","GOREV","","","","","","","","","","","","","","","","","","","","","","","","","","","","12.68","19.72","-152.19","-0.34","14.51","-0.53","0.000000","0.000000","",""
"06:42:28.230","GOREV","","","","","","","","","","","","","","","","","","","","","","","","","","","","12.69","19.67","-151.93","-0.35","14.56","-0.53","0.000000","0.000000","",""
"06:42:28.391","GOREV","","","","","","","","","","","","","","","","","","","","","","","","","","","","12.65","19.67","-151.69","-0.28","14.52","-0.53","0.000000","0.000000","",""
"06:42:28.559","GOREV","","","","","","","","","","","","","","","","","","","","","","","","","","","","12.66","19.70","-151.44","-0.38","14.55","-0.53","0.000000","0.000000","",""
"06:42:28.726","GOREV","","","","","","","","","","","","","","","","","","","","","","","","","","","","12.65","19.72","-151.19","-0.17","14.40","-0.53","0.000000","0.000000","",""
"06:42:28.901","GOREV","","","","","","","","","","","","","","","","","","","","","","","","","","","","12.64","19.70","-150.94","-0.30","14.63","-0.53","0.000000","0.000000","",""
"06:42:29.063","GOREV","","","","","","","","","","","","","","","","","","","","","","","","","","","","12.66","19.71","-150.69","-0.26","14.44","-0.53","0.000000","0.000000","",""
"06:42:29.230","GOREV","","","","","","","","","","","","","","","","","","","","","","","","","","","","12.65","19.73","-150.45","-0.37","14.57","-0.53","0.000000","0.000000","",""
"06:42:29.411","GOREV","","","","","","","","","","","","","","","","","","","","","","","","","","","","12.65","19.70","-150.20","-0.30","14.50","-0.53","0.000000","0.000000","",""
"06:42:29.573","GOREV","","","","","","","","","","","","","","","","","","","","","","","","","","","","12.66","19.70","-149.95","-0.18","14.40","-0.53","0.000000","0.000000","",""
"06:42:29.737","GOREV","","","","","","","","","","","","","","","","","","","","","","","","","","","","12.63","19.70","-149.70","-0.21","14.60","-0.53","0.000000","0.000000","",""
"06:42:29.906","GOREV","","","","","","","","","","","","","","","","","","","","","","","","","","","","12.64","19.69","-149.45","-0.46","14.59","-0.53","0.000000","0.000000","",""
"06:42:30.075","GOREV","","","","","","","","","","","","","","","","","","","","","","","","","","","","12.66","19.71","-149.20","-0.47","14.49","-0.53","0.000000","0.000000","",""
"06:42:30.240","GOREV","","","","","","","","","","","","","","","","","","","","","","","","","","","","12.69","19.71","-148.95","-0.26","14.47","-0.53","0.000000","0.000000","",""
"06:42:30.411","GOREV","","","","","","","","","","","","","","","","","","","","","","","","","","","","12.67","19.68","-148.70","-0.43","14.66","-0.53","0.000000","0.000000","",""
"06:42:30.579","GOREV","","","","","","","","","","","","","","","","","","","","","","","","","","","","12.66","19.68","-148.46","-0.38","14.58","-0.54","0.000000","0.000000","",""
"06:42:30.751","GOREV","","","","","","","","","","","","","","","","","","","","","","","","","","","","12.66","19.70","-148.21","-0.21","14.50","-0.54","0.000000","0.000000","",""
"06:42:30.917","GOREV","","","","","","","","","","","","","","","","","","","","","","","","","","","","12.64","19.71","-147.96","-0.40","14.36","-0.54","0.000000","0.000000","",""
"06:42:31.101","GOREV","","","","","","","","","","","","","","","","","","","","","","","","","","","","12.63","19.70","-147.71","-0.34","14.56","-0.54","0.000000","0.000000","",""
"06:42:31.268","GOREV","","","","","","","","","","","","","","","","","","","","","","","","","","","","12.63","19.69","-147.46","-0.36","14.57","-0.53","0.000000","0.000000","",""
"06:42:31.432","GOREV","","","","","","","","","","","","","","","","","","","","","","","","","","","","12.63","19.70","-147.21","-0.19","14.40","-0.54","0.000000","0.000000","",""
"06:42:31.592","GOREV","","","","","","","","","","","","","","","","","","","","","","","","","","","","12.65","19.71","-146.96","-0.35","14.54","-0.54","0.000000","0.000000","",""
"06:42:31.765","GOREV","","","","","","","","","","","","","","","","","","","","","","","","","","","","12.65","19.71","-146.71","-0.40","14.51","-0.54","0.000000","0.000000","",""
"06:42:31.926","GOREV","","","","","","","","","","","","","","","","","","","","","","","","","","","","12.64","19.70","-146.47","-0.32","14.61","-0.54","0.000000","0.000000","",""
"06:42:32.093","GOREV","","","","","","","","","","","","","","","","","","","","","","","","","","","","12.65","19.72","-146.22","-0.22","14.57","-0.54","0.000000","0.000000","",""
"06:42:32.266","GOREV","","","","","","","","","","","","","","","","","","","","","","","","","","","","12.65","19.70","-145.97","-0.29","14.62","-0.55","0.000000","0.000000","",""
"06:42:32.436","GOREV","","","","","","","","","","","","","","","","","","","","","","","","","","","","12.66","19.72","-145.72","-0.38","14.48","-0.55","0.000000","0.000000","",""
"06:42:32.599","GOREV","","","","","","","","","","","","","","","","","","","","","","","","","","","","12.66","19.72","-145.47","-0.25","14.46","-0.55","0.000000","0.000000","",""
"06:42:32.769","GOREV","","","","","","","","","","","","","","","","","","","","","","","","","","","","12.65","19.70","-145.22","-0.31","14.57","-0.55","0.000000","0.000000","",""
"06:42:32.942","GOREV","","","","","","","","","","","","","","","","","","","","","","","","","","","","12.65","19.71","-144.97","-0.23","14.58","-0.56","0.000000","0.000000","",""
"06:42:33.112","GOREV","","","","","","","","","","","","","","","","","","","","","","","","","","","","12.66","19.71","-144.72","-0.28","14.54","-0.56","0.000000","0.000000","",""
"06:42:33.278","GOREV","","","","","","","","","","","","","","","","","","","","","","","","","","","","12.66","19.70","-144.47","-0.24","14.44","-0.56","0.000000","0.000000","",""
"06:42:33.447","GOREV","","","","","","","","","","","","","","","","","","","","","","","","","","","","12.67","19.68","-144.23","-0.48","14.57","-0.56","0.000000","0.000000","",""
"06:42:33.617","GOREV","","","","","","","","","","","","","","","","","","","","","","","","","","","","12.66","19.69","-143.97","-0.26","14.61","-0.56","0.000000","0.000000","",""
"06:42:33.782","GOREV","","","","","","","","","","","","","","","","","","","","","","","","","","","","12.66","19.69","-143.73","-0.18","14.56","-0.57","0.000000","0.000000","",""
"06:42:33.954","GOREV","","","","","","","","","","","","","","","","","","","","","","","","","","","","12.67","19.70","-143.48","-0.27","14.40","-0.57","0.000000","0.000000","",""
"06:42:34.122","GOREV","","","","","","","","","","","","","","","","","","","","","","","","","","","","12.65","19.71","-143.23","-0.33","14.55","-0.57","0.000000","0.000000","",""
"06:42:34.290","GOREV","","","","","","","","","","","","","","","","","","","","","","","","","","","","12.67","19.72","-142.98","-0.34","14.56","-0.57","0.000000","0.000000","",""
"06:42:34.465","GOREV","","","","","","","","","","","","","","","","","","","","","","","","","","","","12.66","19.69","-142.73","-0.37","14.55","-0.57","0.000000","0.000000","",""
"06:42:34.631","GOREV","","","","","","","","","","","","","","","","","","","","","","","","","","","","12.67","19.71","-142.48","-0.37","14.51","-0.57","0.000000","0.000000","",""
"06:42:34.796","GOREV","","","","","","","","","","","","","","","","","","","","","","","","","","","","12.65","19.69","-142.23","-0.45","14.55","-0.57","0.000000","0.000000","",""
"06:42:34.968","GOREV","","","","","","","","","","","","","","","","","","","","","","","","","","","","12.65","19.70","-141.98","-0.42","14.52","-0.57","0.000000","0.000000","",""
"06:42:35.134","GOREV","","","","","","","","","","","","","","","","","","","","","","","","","","","","12.63","19.70","-141.73","-0.31","14.38","-0.57","0.000000","0.000000","",""
"06:42:35.306","GOREV","","","","","","","","","","","","","","","","","","","","","","","","","","","","12.65","19.71","-141.48","-0.31","14.41","-0.57","0.000000","0.000000","",""
"06:42:35.483","GOREV","","","","","","","","","","","","","","","","","","","","","","","","","","","","12.65","19.71","-141.23","-0.28","14.48","-0.57","0.000000","0.000000","",""
"06:42:35.651","GOREV","","","","","","","","","","","","","","","","","","","","","","","","","","","","12.65","19.71","-140.98","-0.21","14.40","-0.58","0.000000","0.000000","",""
"06:42:35.809","GOREV","","","","","","","","","","","","","","","","","","","","","","","","","","","","12.67","19.72","-140.73","-0.39","14.45","-0.58","0.000000","0.000000","",""
"06:42:35.980","GOREV","","","","","","","","","","","","","","","","","","","","","","","","","","","","12.68","19.73","-140.49","-0.42","14.52","-0.58","0.000000","0.000000","",""
"06:42:36.152","GOREV","","","","","","","","","","","","","","","","","","","","","","","","","","","","12.69","19.72","-140.24","-0.39","14.46","-0.58","0.000000","0.000000","",""
"06:42:36.314","GOREV","","","","","","","","","","","","","","","","","","","","","","","","","","","","12.66","19.72","-139.98","-0.26","14.51","-0.58","0.000000","0.000000","",""
"06:42:36.483","GOREV","","","","","","","","","","","","","","","","","","","","","","","","","","","","12.65","19.71","-139.73","-0.37","14.56","-0.58","0.000000","0.000000","",""
"06:42:36.663","GOREV","","","","","","","","","","","","","","","","","","","","","","","","","","","","12.64","19.70","-139.48","-0.24","14.59","-0.58","0.000000","0.000000","",""
"06:42:36.820","GOREV","","","","","","","","","","","","","","","","","","","","","","","","","","","","12.65","19.68","-139.23","-0.34","14.61","-0.58","0.000000","0.000000","",""
"06:42:36.989","GOREV","","","","","","","","","","","","","","","","","","","","","","","","","","","","12.65","19.70","-138.98","-0.31","14.52","-0.58","0.000000","0.000000","",""
"06:42:37.168","GOREV","","","","","","","","","","","","","","","","","","","","","","","","","","","","12.63","19.70","-138.74","-0.33","14.28","-0.59","0.000000","0.000000","",""
"06:42:37.323","GOREV","","","","","","","","","","","","","","","","","","","","","","","","","","","","12.64","19.69","-138.48","-0.41","14.45","-0.59","0.000000","0.000000","",""
"06:42:37.493","GOREV","","","","","","","","","","","","","","","","","","","","","","","","","","","","12.64","19.69","-138.24","-0.39","14.43","-0.59","0.000000","0.000000","",""
"06:42:37.663","GOREV","","","","","","","","","","","","","","","","","","","","","","","","","","","","12.63","19.70","-137.99","-0.40","14.38","-0.59","0.000000","0.000000","",""
"06:42:37.831","GOREV","","","","","","","","","","","","","","","","","","","","","","","","","","","","12.60","19.70","-137.73","-0.26","14.53","-0.59","0.000000","0.000000","",""
"06:42:38.004","GOREV","","","","","","","","","","","","","","","","","","","","","","","","","","","","12.61","19.72","-137.48","-0.33","14.55","-0.59","0.000000","0.000000","",""
"06:42:38.165","GOREV","","","","","","","","","","","","","","","","","","","","","","","","","","","","12.62","19.71","-137.24","-0.26","14.45","-0.59","0.000000","0.000000","",""
"06:42:38.334","GOREV","","","","","","","","","","","","","","","","","","","","","","","","","","","","12.65","19.72","-136.99","-0.34","14.50","-0.59","0.000000","0.000000","",""
"06:42:38.518","GOREV","","","","","","","","","","","","","","","","","","","","","","","","","","","","12.65","19.69","-136.74","-0.43","14.46","-0.59","0.000000","0.000000","",""
"06:42:38.685","GOREV","","","","","","","","","","","","","","","","","","","","","","","","","","","","12.67","19.69","-136.49","-0.41","14.43","-0.59","0.000000","0.000000","",""
"06:42:38.841","GOREV","","","","","","","","","","","","","","","","","","","","","","","","","","","","12.67","19.71","-136.24","-0.54","14.46","-0.59","0.000000","0.000000","",""
"06:42:39.028","GOREV","","","","","","","","","","","","","","","","","","","","","","","","","","","","12.63","19.70","-135.99","-0.18","14.35","-0.59","0.000000","0.000000","",""
"06:42:39.177","GOREV","","","","","","","","","","","","","","","","","","","","","","","","","","","","12.64","19.73","-135.74","-0.31","14.47","-0.60","0.000000","0.000000","",""
"06:42:39.353","GOREV","","","","","","","","","","","","","","","","","","","","","","","","","","","","12.64","19.71","-135.49","-0.33","14.34","-0.60","0.000000","0.000000","",""
"06:42:39.520","GOREV","","","","","","","","","","","","","","","","","","","","","","","","","","","","12.63","19.71","-135.24","-0.45","14.79","-0.61","0.000000","0.000000","",""
"06:42:39.683","GOREV","","","","","","","","","","","","","","","","","","","","","","","","","","","","12.65","19.71","-134.99","-0.35","14.48","-0.60","0.000000","0.000000","",""
"06:42:39.853","GOREV","","","","","","","","","","","","","","","","","","","","","","","","","","","","12.63","19.73","-134.74","-0.36","14.64","-0.60","0.000000","0.000000","",""
"06:42:40.022","GOREV","","","","","","","","","","","","","","","","","","","","","","","","","","","","12.63","19.69","-134.49","-0.31","14.46","-0.61","0.000000","0.000000","",""
"06:42:40.208","GOREV","","","","","","","","","","","","","","","","","","","","","","","","","","","","12.64","19.70","-134.24","-0.22","14.56","-0.61","0.000000","0.000000","",""
"06:42:40.364","GOREV","","","","","","","","","","","","","","","","","","","","","","","","","","","","12.65","19.70","-133.99","-0.41","14.44","-0.61","0.000000","0.000000","",""
"06:42:40.529","GOREV","","","","","","","","","","","","","","","","","","","","","","","","","","","","12.65","19.69","-133.74","-0.45","14.64","-0.61","0.000000","0.000000","",""
"06:42:40.699","GOREV","","","","","","","","","","","","","","","","","","","","","","","","","","","","12.65","19.70","-133.49","-0.42","14.46","-0.61","0.000000","0.000000","",""
"06:42:40.868","GOREV","","","","","","","","","","","","","","","","","","","","","","","","","","","","12.65","19.68","-133.25","-0.31","14.46","-0.61","0.000000","0.000000","",""
"06:42:41.036","GOREV","","","","","","","","","","","","","","","","","","","","","","","","","","","","12.65","19.68","-132.99","-0.33","14.66","-0.61","0.000000","0.000000","",""
"06:42:41.210","GOREV","","","","","","","","","","","","","","","","","","","","","","","","","","","","12.66","19.68","-132.74","-0.42","14.55","-0.61","0.000000","0.000000","",""
"06:42:41.368","GOREV","","","","","","","","","","","","","","","","","","","","","","","","","","","","12.66","19.68","-132.50","-0.47","14.52","-0.61","0.000000","0.000000","",""
"06:42:41.536","GOREV","","","","","","","","","","","","","","","","","","","","","","","","","","","","12.64","19.70","-132.25","-0.44","14.48","-0.61","0.000000","0.000000","",""
"06:42:41.705","GOREV","","","","","","","","","","","","","","","","","","","","","","","","","","","","12.65","19.70","-132.00","-0.28","14.46","-0.61","0.000000","0.000000","",""
"06:42:41.874","GOREV","","","","","","","","","","","","","","","","","","","","","","","","","","","","12.66","19.72","-131.75","-0.39","14.57","-0.62","0.000000","0.000000","",""
"06:42:42.038","GOREV","","","","","","","","","","","","","","","","","","","","","","","","","","","","12.65","19.73","-131.50","-0.42","14.50","-0.62","0.000000","0.000000","",""
"06:42:42.207","GOREV","","","","","","","","","","","","","","","","","","","","","","","","","","","","12.64","19.69","-131.25","-0.28","14.64","-0.62","0.000000","0.000000","",""
"06:42:42.381","GOREV","","","","","","","","","","","","","","","","","","","","","","","","","","","","12.64","19.70","-131.00","-0.37","14.59","-0.62","0.000000","0.000000","",""
"06:42:42.549","GOREV","","","","","","","","","","","","","","","","","","","","","","","","","","","","12.65","19.69","-130.75","-0.42","14.58","-0.62","0.000000","0.000000","",""
"06:42:42.715","GOREV","","","","","","","","","","","","","","","","","","","","","","","","","","","","12.66","19.70","-130.50","-0.45","14.29","-0.62","0.000000","0.000000","",""
"06:42:42.903","GOREV","","","","","","","","","","","","","","","","","","","","","","","","","","","","12.64","19.68","-130.25","-0.40","14.52","-0.62","0.000000","0.000000","",""
"06:42:43.049","GOREV","","","","","","","","","","","","","","","","","","","","","","","","","","","","12.65","19.71","-130.00","-0.24","14.62","-0.62","0.000000","0.000000","",""
"06:42:43.218","GOREV","","","","","","","","","","","","","","","","","","","","","","","","","","","","12.65","19.72","-129.76","-0.36","14.52","-0.62","0.000000","0.000000","",""
"06:42:43.400","GOREV","","","","","","","","","","","","","","","","","","","","","","","","","","","","12.63","19.71","-129.51","-0.29","14.63","-0.63","0.000000","0.000000","",""
"06:42:43.557","GOREV","","","","","","","","","","","","","","","","","","","","","","","","","","","","12.61","19.72","-129.25","-0.41","14.54","-0.63","0.000000","0.000000","",""
"06:42:43.725","GOREV","","","","","","","","","","","","","","","","","","","","","","","","","","","","12.64","19.72","-129.00","-0.36","14.58","-0.63","0.000000","0.000000","",""
"06:42:43.897","GOREV","","","","","","","","","","","","","","","","","","","","","","","","","","","","12.66","19.71","-128.76","-0.43","14.54","-0.63","0.000000","0.000000","",""
"06:42:44.064","GOREV","","","","","","","","","","","","","","","","","","","","","","","","","","","","12.67","19.70","-128.51","-0.28","14.46","-0.63","0.000000","0.000000","",""
"06:42:44.229","GOREV","","","","","","","","","","","","","","","","","","","","","","","","","","","","12.63","19.72","-128.26","-0.38","14.49","-0.63","0.000000","0.000000","",""
"06:42:44.405","GOREV","","","","","","","","","","","","","","","","","","","","","","","","","","","","12.64","19.74","-128.01","-0.42","14.38","-0.63","0.000000","0.000000","",""
"06:42:44.573","GOREV","","","","","","","","","","","","","","","","","","","","","","","","","","","","12.65","19.72","-127.76","-0.31","14.44","-0.63","0.000000","0.000000","",""
"06:42:44.739","GOREV","","","","","","","","","","","","","","","","","","","","","","","","","","","","12.65","19.71","-127.51","-0.38","14.51","-0.63","0.000000","0.000000","",""
"06:42:44.936","GOREV","","","","","","","","","","","","","","","","","","","","","","","","","","","","12.64","19.70","-127.26","-0.31","14.42","-0.63","0.000000","0.000000","",""
"06:42:45.080","GOREV","","","","","","","","","","","","","","","","","","","","","","","","","","","","12.64","19.70","-127.02","-0.40","14.71","-0.63","0.000000","0.000000","",""
"06:42:45.259","GOREV","","","","","","","","","","","","","","","","","","","","","","","","","","","","12.63","19.69","-126.77","-0.28","14.44","-0.63","0.000000","0.000000","",""
"06:42:45.408","GOREV","","","","","","","","","","","","","","","","","","","","","","","","","","","","12.63","19.71","-126.52","-0.36","14.51","-0.63","0.000000","0.000000","",""
"06:42:45.585","GOREV","","","","","","","","","","","","","","","","","","","","","","","","","","","","12.64","19.68","-126.28","-0.22","14.36","-0.63","0.000000","0.000000","",""
"06:42:45.747","GOREV","","","","","","","","","","","","","","","","","","","","","","","","","","","","12.65","19.69","-126.03","-0.30","14.53","-0.64","0.000000","0.000000","",""
