ZAMAN,KAYNAK,ANA_0_DURUM,ANA_1_IRT,ANA_2_HIZ,ANA_3_SIC,ANA_4_NEM,ANA_5_EN,ANA_6_BOY,ANA_7_PITCH,ANA_8_ROLL,ANA_9_YAW,ANA_10_BASMS,ANA_11_BASBMP,ANA_12_BASTOP,ANA_13,ANA_14,ANA_15,ANA_16,ANA_17,ANA_18,ANA_19,ANA_20_IVMEX,ANA_21_IVMEY,ANA_22_IVMEZ,ANA_23,ANA_24,ANA_25,ANA_26,GOREV_0_DURUM,GOREV_1_EN,GOREV_2_BOY,GOREV_3_IVMEX,GOREV_4_IVMEY,GOREV_5_IVMEZ,GOREV_6_FILTREX,GOREV_7_FILTREY,GOREV_8_FILTREZ
"17:42:41.475","ANA","0","+0.5","+0.0","+29.0","+0.0","+40.7347","+29.9413","+21.2","-4.8","-46.3","102149","102295","102222","0","0","0","0","0","0","0","0","0","0","-2.66","-2.19","+9.65","117","","","","","","","","","",""
"17:42:42.487","ANA","0","+0.5","+0.0","+29.0","+0.0","+40.7347","+29.9413","+20.4","-4.7","-44.1","102147","102293","102220","0","0","0","0","0","0","0","0","0","0","-2.81","-2.32","+8.97","118","","","","","","","","","",""
"17:42:43.505","ANA","0","+0.6","+0.0","+29.0","+0.0","+40.7347","+29.9413","+20.8","-5.6","-41.6","102145","102293","102219","0","0","0","0","0","0","0","0","0","0","-2.69","-2.02","+9.21","119","","","","","","","","","",""
"17:42:44.522","ANA","0","+0.6","+0.0","+29.0","+0.0","+40.7347","+29.9413","+21.3","-5.8","-41.0","102145","102296","102220","0","0","0","0","0","0","0","0","0","0","-2.95","-2.19","+9.27","120","","","","","","","","","",""
"17:42:45.562","ANA","0","+0.6","+0.0","+29.1","+0.0","+40.7347","+29.9413","+18.1","-12.8","-36.0","102146","102298","102222","0","0","0","0","0","0","0","0","0","0","-1.67","-2.24","+8.93","121","","","","","","","","","",""
"17:42:46.536","ANA","0","+0.5","+0.0","+29.1","+0.0","+40.7347","+29.9413","+19.6","-6.7","-34.7","102147","102300","102223","0","0","0","0","0","0","0","0","0","0","-1.96","-1.65","+9.79","122","","","","","","","","","",""
"17:42:47.554","ANA","0","+0.4","+0.0","+29.2","+0.0","+40.7347","+29.9413","+14.6","-9.3","-28.8","102146","102299","102222","0","0","0","0","0","0","0","0","0","0","-2.20","-2.14","+9.09","123","","","","","","","","","",""
"17:42:48.594","ANA","0","+0.3","+0.0","+29.2","+0.0","+40.7347","+29.9413","+12.2","-12.7","-22.8","102148","102298","102223","0","0","0","0","0","0","0","0","0","0","-2.67","-0.90","+9.65","124","","","","","","","","","",""
"17:42:49.593","ANA","0","+0.4","+0.0","+29.2","+0.0","+40.7347","+29.9413","+17.7","-10.4","-27.2","102146","102299","102222","0","0","0","0","0","0","0","0","0","0","-2.13","-1.39","+10.56","125","","","","","","","","","",""
"17:42:50.564","ANA","0","+0.5","+0.0","+29.3","+0.0","+40.7347","+29.9413","+8.4","-13.7","-21.4","102146","102299","102223","0","0","0","0","0","0","0","0","0","0","-1.83","-2.01","+9.14","126","","","","","","","","","",""
"17:42:51.583","ANA","0","+0.7","+0.0","+29.3","+0.0","+40.7347","+29.9413","+20.3","+2.9","-46.0","102140","102297","102218","0","0","0","0","0","0","0","0","0","0","-3.00","-1.46","+8.82","127","","","","","","","","","",""
"17:42:52.600","ANA","0","+0.9","+0.0","+29.3","+0.0","+40.7347","+29.9413","+20.8","-2.5","-42.3","102138","102298","102218","0","0","0","0","0","0","0","0","0","0","-1.96","-1.92","+9.26","128","","","","","","","","","",""
"17:42:53.615","ANA","0","+0.9","+0.0","+29.4","+0.0","+40.7347","+29.9413","+4.0","-17.3","+3.1","102140","102295","102218","0","0","0","0","0","0","0","0","0","0","-2.53","-1.91","+8.26","129","","","","","","","","","",""
"17:42:54.634","ANA","0","+0.0","+0.0","+29.4","+0.0","+40.7347","+29.9413","+2.9","-41.6","+43.1","102145","102378","102261","0","0","0","0","0","0","0","0","0","0","+0.17","-0.63","+8.10","130","","","","","","","","","",""
"17:42:55.652","ANA","0","+0.0","+0.0","+29.5","+0.0","+40.7347","+29.9413","-3.3","-36.7","+60.5","102140","102375","102257","0","0","0","0","0","0","0","0","0","0","-0.20","-0.65","+9.13","131","","","","","","","","","",""
"17:42:56.668","ANA","0","+0.0","+0.0","+29.5","+0.0","+40.7347","+29.9413","+7.8","-44.3","+9.1","102144","102433","102288","0","0","0","0","0","0","0","0","0","0","+1.80","-1.70","+10.11","132","","","","","","","","","",""
"17:42:57.685","ANA","0","+0.0","+0.0","+29.5","+0.0","+40.7347","+29.9413","+9.5","-35.6","-15.7","102139","102399","102269","0","0","0","0","0","0","0","0","0","0","+0.32","-1.97","+7.59","133","","","","","","","","","",""
"17:42:58.705","ANA","0","+0.0","+0.0","+29.6","+0.0","+40.7347","+29.9413","+9.7","-30.6","-36.2","102130","102343","102236","0","0","0","0","0","0","0","0","0","0","+0.60","-1.72","+9.09","134","","","","","","","","","",""
"17:42:59.743","ANA","0","+0.9","+0.0","+29.7","+0.0","+40.7347","+29.9413","+11.8","-23.8","-72.0","102121","102312","102217","0","0","0","0","0","0","0","0","0","0","+1.91","-0.83","+9.92","135","","","","","","","","","",""
"17:43:00.741","ANA","0","+3.0","+0.0","+29.6","+0.0","+40.7347","+29.9413","+26.5","+4.4","-124.4","102049","102301","102175","0","0","0","0","0","0","0","0","0","0","+2.38","-1.39","+8.25","136","","","","","","","","","",""
"17:43:01.739","ANA","0","+9.5","+0.0","+29.6","+0.0","+40.7347","+29.9413","+23.9","+5.1","-123.1","101966","102297","102132","0","0","0","0","0","0","0","0","0","0","+1.21","-1.26","+10.43","137","","","","","","","","","",""
"17:43:02.735","ANA","0","+7.8","+0.0","+29.6","+0.0","+40.7347","+29.9413","+25.1","+1.4","-124.6","102039","102295","102167","0","0","0","0","0","0","0","0","0","0","+1.83","-1.78","+9.13","138","","","","","","","","","",""
"17:43:03.731","ANA","0","+6.2","+0.0","+29.6","+0.0","+40.7347","+29.9413","+20.3","-4.1","-123.1","102070","102294","102182","0","0","0","0","0","0","0","0","0","0","+3.07","-1.48","+8.52","139","","","","","","","","","",""
"17:43:04.731","ANA","0","+12.7","+0.0","+29.6","+0.0","+40.7347","+29.9413","+31.1","+9.8","-118.4","101747","102295","102021","0","0","0","0","0","0","0","0","0","0","+0.10","-2.34","+9.06","140","","","","","","","","","",""
"17:43:05.730","ANA","1","+31.5","+10.1","+29.6","+0.0","+40.7347","+29.9413","+35.2","+5.6","-115.8","101459","102298","101879","0","0","0","0","0","0","0","0","0","0","+0.52","-1.50","+9.67","141","","","","","","","","","",""
"17:43:06.737","ANA","1","+38.9","+11.6","+29.7","+0.0","+40.7347","+29.9413","+28.4","+5.5","-117.6","101551","102300","101925","0","0","0","0","0","0","0","0","0","0","+0.81","-2.24","+9.42","142","","","","","","","","","",""
"17:43:07.744","ANA","1","+35.3","+2.3","+29.8","+0.0","+40.7347","+29.9413","+30.3","+8.4","-123.8","101529","102302","101916","0","0","0","0","0","0","0","0","0","0","+0.85","-1.86","+9.28","143","","","","","","","","","",""
"17:43:08.740","ANA","1","+35.7","+0.6","+29.8","+0.0","+40.7347","+29.9413","+29.7","+6.1","-122.9","101502","102306","101904","0","0","0","0","0","0","0","0","0","0","+1.14","-1.64","+9.63","144","","","","","","","","","",""
"17:43:09.757","ANA","1","+37.2","+0.8","+29.8","+0.0","+40.7347","+29.9413","+31.3","+6.6","-119.8","101454","102303","101878","0","0","0","0","0","0","0","0","0","0","+0.52","-1.54","+9.63","145","","","","","","","","","",""
"17:43:10.735","ANA","1","+41.2","+3.0","+29.9","+0.0","+40.7347","+29.9413","+32.6","+5.7","-117.7","101378","102304","101841","0","0","0","0","0","0","0","0","0","0","+0.62","-1.74","+9.22","146","","","","","","","","","",""
"17:43:11.732","ANA","1","+44.3","+3.3","+29.9","+0.0","+40.7347","+29.9413","+32.8","+5.0","-117.1","101349","102305","101827","0","0","0","0","0","0","0","0","0","0","+0.57","-1.64","+9.60","147","","","","","","","","","",""
"17:43:12.731","ANA","1","+35.9","-5.6","+30.0","+0.0","+40.7347","+29.9413","+16.2","+13.2","-116.4","101714","102307","102010","0","0","0","0","0","0","0","0","0","0","+1.67","-2.45","+9.00","148","","","","","","","","","",""
"17:43:13.736","ANA","1","+15.1","+0.0","+30.1","+0.0","+40.7347","+29.9413","-23.0","+63.7","-88.7","101990","102303","102147","0","0","0","0","0","0","0","0","0","0","+1.22","-9.64","+1.01","149","","","","","","","","","",""
"17:43:14.732","ANA","1","+6.0","+0.0","+30.0","+0.0","+40.7347","+29.9413","-22.8","+62.7","-88.2","102095","102303","102199","0","0","0","0","0","0","0","0","0","0","+1.10","-9.52","+0.97","150","","","","","","","","","",""
"17:43:15.729","ANA","1","+2.0","+0.0","+30.1","+0.0","+40.7347","+29.9413","-18.0","+59.2","-88.6","102134","102301","102218","0","0","0","0","0","0","0","0","0","0","+0.76","-9.48","+1.65","151","","","","","","","","","",""
"17:43:16.725","ANA","1","+0.3","+0.0","+30.1","+0.0","+40.7347","+29.9413","-15.0","+57.7","-84.7","102149","102302","102226","0","0","0","0","0","0","0","0","0","0","+0.09","-9.59","+2.42","152","","","","","","","","","",""
"17:43:17.699","ANA","1","+0.1","+0.0","+30.1","+0.0","+40.7347","+29.9413","-2.6","+28.4","-96.3","102154","102302","102228","0","0","0","0","0","0","0","0","0","0","+1.53","-6.82","+6.73","153","","","","","","","","","",""
"17:43:18.739","ANA","1","+0.0","+0.0","+30.1","+0.0","+40.7347","+29.9413","-39.1","-80.7","-71.8","102163","102305","102234","0","0","0","0","0","0","0","0","0","0","+6.55","-3.48","-0.66","154","","","","","","","","","",""
"17:43:19.737","ANA","1","+0.0","+0.0","+30.1","+0.0","+40.7347","+29.9413","-80.1","-90.2","+14.8","102148","102333","102240","0","0","0","0","0","0","0","0","0","0","+0.89","-9.59","-1.79","155","","","","","","","","","",""
"17:43:20.733","ANA","1","+0.0","+0.0","+30.2","+0.0","+40.7347","+29.9413","-82.2","-85.4","+11.3","102139","102351","102245","0","0","0","0","0","0","0","0","0","0","+0.35","-9.59","-1.47","156","","","","","","","","","",""
"17:43:21.732","ANA","1","+0.0","+0.0","+30.3","+0.0","+40.7347","+29.9413","-83.5","-87.7","+19.9","102138","102359","102248","0","0","0","0","0","0","0","0","0","0","-1.33","-9.82","-2.02","157","","","","","","","","","",""
"17:43:22.729","ANA","1","+0.0","+0.0","+30.4","+0.0","+40.7347","+29.9413","-87.9","-92.1","+21.3","102140","102365","102252","0","0","0","0","0","0","0","0","0","0","-1.80","-8.85","-0.63","158","","","","","","","","","",""
"17:43:23.729","ANA","1","+0.0","+0.0","+30.4","+0.0","+40.7347","+29.9413","-104.5","-116.9","+10.0","102140","102337","102239","0","0","0","0","0","0","0","0","0","0","-1.55","-6.15","-6.73","159","","","","","","","","","",""
"17:43:24.733","ANA","1","+0.0","+0.0","+30.4","+0.0","+40.7347","+29.9413","-100.6","-92.8","+0.7","102143","102320","102231","0","0","0","0","0","0","0","0","0","0","+0.17","-8.64","-5.44","160","","","","","","","","","",""
"17:43:25.734","ANA","1","+0.1","+0.0","+30.3","+0.0","+40.7347","+29.9413","-69.8","-149.1","-19.1","102146","102311","102229","0","0","0","0","0","0","0","0","0","0","+0.54","-6.59","-13.07","161","","","","","","","","","",""
"17:43:26.737","ANA","1","+0.2","+0.0","+30.3","+0.0","+40.7347","+29.9413","+11.9","+161.3","+4.8","102145","102306","102225","0","0","0","0","0","0","0","0","0","0","+2.09","-3.01","-8.61","162","","","","","","","","","",""
"17:43:27.734","ANA","1","+0.7","+0.0","+30.4","+0.0","+40.7347","+29.9413","-70.6","-76.2","-40.1","102135","102306","102221","0","0","0","0","0","0","0","0","0","0","+6.86","-6.30","-3.18","163","","","","","","","","","",""
"17:43:28.731","ANA","1","+0.2","+0.0","+30.4","+0.0","+40.7347","+29.9413","-63.8","-11.6","-67.9","102150","102306","102228","0","0","0","0","0","0","0","0","0","0","+4.94","-8.75","-0.37","164","","","","","","","","","",""
"17:43:29.729","ANA","1","+0.0","+0.0","+30.3","+0.0","+40.7347","+29.9413","-67.7","-13.5","-50.7","102160","102309","102235","0","0","0","0","0","0","0","0","0","0","+2.15","-9.07","-0.98","165","","","","","","","","","",""
"17:43:30.746","ANA","1","+0.0","+0.0","+30.2","+0.0","+40.7347","+29.9413","-73.5","-27.4","-44.3","102160","102309","102235","0","0","0","0","0","0","0","0","0","0","+2.24","-9.52","-1.11","166","","","","","","","","","",""
"17:43:31.745","ANA","1","+0.0","+0.0","+30.2","+0.0","+40.7347","+29.9413","-81.8","-40.5","-35.2","102161","102309","102235","0","0","0","0","0","0","0","0","0","0","+2.53","-9.85","-2.00","167","","","","","","","","","",""
"17:43:32.719","ANA","1","+0.0","+0.0","+30.3","+0.0","+40.7347","+29.9413","-83.4","-93.1","+25.6","102139","102331","102235","0","0","0","0","0","0","0","0","0","0","+0.87","-9.72","-0.49","168","","","","","","","","","",""
"17:43:33.715","ANA","1","+0.0","+0.0","+30.4","+0.0","+40.7347","+29.9413","-84.7","-90.9","+23.6","102132","102345","102239","0","0","0","0","0","0","0","0","0","0","+0.00","-9.84","-1.42","169","","","","","","","","","",""
"17:43:34.714","ANA","1","+0.1","+0.0","+30.5","+0.0","+40.7347","+29.9413","+129.6","+80.5","+65.6","102141","102320","102230","0","0","0","0","0","0","0","0","0","0","+0.97","+2.61","-9.06","170","","","","","","","","","",""
"17:43:35.711","ANA","1","+0.3","+0.0","+30.4","+0.0","+40.7347","+29.9413","+124.1","+89.2","+57.4","102145","102304","102224","0","0","0","0","0","0","0","0","0","0","-0.48","+1.79","-9.38","171","","","","","","","","","",""
"17:43:36.708","ANA","1","+0.5","+0.0","+30.4","+0.0","+40.7347","+29.9413","+127.3","+87.3","+63.0","102144","102298","102221","0","0","0","0","0","0","0","0","0","0","+0.37","+1.27","-8.76","172","","","","","","","","","",""
"17:43:37.706","ANA","1","+0.7","+0.0","+30.3","+0.0","+40.7347","+29.9413","+123.3","+90.9","+55.0","102141","102293","102217","0","0","0","0","0","0","0","0","0","0","-0.32","+1.76","-9.40","173","","","","","","","","","",""
"17:43:38.702","ANA","1","+0.8","+0.0","+30.3","+0.0","+40.7347","+29.9413","+125.8","+84.4","+56.3","102139","102293","102216","0","0","0","0","0","0","0","0","0","0","-0.88","+2.11","-9.57","174","","","","","","","","","",""
"17:43:39.698","ANA","1","+0.8","+0.0","+30.3","+0.0","+40.7347","+29.9413","+129.5","+90.7","+58.0","102141","102292","102217","0","0","0","0","0","0","0","0","0","0","+0.05","+0.79","-9.57","175","","","","","","","","","",""
"17:43:40.693","ANA","1","+0.6","+0.0","+30.3","+0.0","+40.7347","+29.9413","-81.0","-87.4","+28.1","102133","102320","102227","0","0","0","0","0","0","0","0","0","0","-0.37","-9.57","-0.74","176","","","","","","","","","",""
"17:43:41.693","ANA","1","+0.5","+0.0","+30.5","+0.0","+40.7347","+29.9413","-83.5","-89.2","+26.4","102127","102331","102229","0","0","0","0","0","0","0","0","0","0","-0.14","-10.10","-1.05","177","","","","","","","","","",""
"17:43:42.688","ANA","1","+0.3","+0.0","+30.6","+0.0","+40.7347","+29.9413","-83.6","-89.4","+27.2","102129","102337","102233","0","0","0","0","0","0","0","0","0","0","-0.22","-9.92","-0.81","178","","","","","","","","","",""
"17:43:43.683","ANA","1","+0.3","+0.0","+30.7","+0.0","+40.7347","+29.9413","-84.3","-89.2","+27.8","102127","102339","102233","0","0","0","0","0","0","0","0","0","0","-0.05","-9.85","-0.62","179","","","","","","","","","",""
"17:43:44.680","ANA","1","+0.3","+0.0","+30.8","+0.0","+40.7347","+29.9413","-84.3","-89.8","+26.0","102129","102339","102234","0","0","0","0","0","0","0","0","0","0","-0.17","-9.88","-0.94","180","","","","","","","","","",""
"17:43:45.678","ANA","1","+0.2","+0.0","+30.8","+0.0","+40.7347","+29.9413","-97.5","-79.2","-10.4","102138","102320","102229","0","0","0","0","0","0","0","0","0","0","+1.60","-9.38","-3.63","181","","","","","","","","","",""
"17:43:46.675","ANA","1","+0.2","+0.0","+30.6","+0.0","+40.7347","+29.9413","-102.1","-82.0","+2.1","102144","102310","102227","0","0","0","0","0","0","0","0","0","0","-2.35","-8.60","-3.94","182","","","","","","","","","",""
"17:43:47.671","ANA","1","+0.3","+0.0","+30.5","+0.0","+40.7347","+29.9413","-86.3","-89.4","+30.5","102132","102327","102230","0","0","0","0","0","0","0","0","0","0","-0.62","-9.39","-0.35","183","","","","","","","","","",""
"17:43:48.742","ANA","1","+0.3","+0.0","+30.6","+0.0","+40.7347","+29.9413","-88.3","-40.2","-29.1","102141","102318","102230","0","0","0","0","0","0","0","0","0","0","-3.48","-10.73","-0.26","184","","","","","","","","","",""
"17:43:49.669","ANA","1","+0.0","+0.0","+30.5","+0.0","+40.7347","+29.9413","-37.1","+50.0","-78.3","102152","102304","102228","0","0","0","0","0","0","0","0","0","0","-0.51","-10.77","+0.54","185","","","","","","","","","",""
"17:43:50.662","ANA","1","+0.0","+0.0","+30.4","+0.0","+40.7347","+29.9413","-36.9","+52.4","-81.8","102154","102296","102225","0","0","0","0","0","0","0","0","0","0","+1.76","-9.79","+0.18","186","","","","","","","","","",""
"17:43:51.659","ANA","1","+0.1","+0.0","+30.3","+0.0","+40.7347","+29.9413","-35.1","+55.8","-82.9","102156","102295","102226","0","0","0","0","0","0","0","0","0","0","+0.99","-9.52","-0.08","187","","","","","","","","","",""
"17:43:52.656","ANA","1","+0.0","+0.0","+30.3","+0.0","+40.7347","+29.9413","-23.1","+50.1","-63.1","102155","102296","102226","0","0","0","0","0","0","0","0","0","0","-5.84","-8.52","-0.22","188","","","","","","","","","",""
"17:43:53.653","ANA","1","+0.3","+0.0","+30.2","+0.0","+40.7347","+29.9413","+27.4","+20.8","+68.0","102146","102295","102221","0","0","0","0","0","0","0","0","0","0","-4.42","+6.38","+5.38","189","","","","","","","","","",""
"17:43:54.649","ANA","1","+0.3","+0.0","+30.2","+0.0","+40.7347","+29.9413","+54.3","+17.7","+92.4","102148","102300","102224","0","0","0","0","0","0","0","0","0","0","+0.03","+8.93","+2.35","190","","","","","","","","","",""
"17:43:55.646","ANA","1","+0.4","+0.0","+30.2","+0.0","+40.7347","+29.9413","+55.1","+18.2","+89.6","102145","102298","102222","0","0","0","0","0","0","0","0","0","0","-0.14","+9.31","+2.26","191","","","","","","","","","",""
"17:43:56.643","ANA","1","+0.5","+0.0","+30.2","+0.0","+40.7347","+29.9413","+53.9","+21.1","+87.6","102144","102300","102222","0","0","0","0","0","0","0","0","0","0","-0.38","+9.55","+1.97","192","","","","","","","","","",""
"17:43:57.640","ANA","1","+0.5","+0.0","+30.1","+0.0","+40.7347","+29.9413","+52.5","+20.9","+85.1","102146","102298","102222","0","0","0","0","0","0","0","0","0","0","-0.73","+8.85","+2.11","193","","","","","","","","","",""
"17:43:58.637","ANA","1","+0.5","+0.0","+30.1","+0.0","+40.7347","+29.9413","+24.3","+13.8","+41.8","102143","102296","102220","0","0","0","0","0","0","0","0","0","0","-9.56","+8.27","+4.76","194","","","","","","","","","",""
"17:43:59.633","ANA","1","+0.9","+0.0","+30.0","+0.0","+40.7347","+29.9413","+23.6","+61.2","+3.0","102137","102292","102214","0","0","0","0","0","0","0","0","0","0","-10.22","-0.16","-0.83","195","","","","","","","","","",""
"17:44:00.630","ANA","1","+1.2","+0.0","+30.0","+0.0","+40.7347","+29.9413","+23.0","+61.1","+3.3","102135","102291","102213","0","0","0","0","0","0","0","0","0","0","-10.02","-0.06","-0.43","196","","","","","","","","","",""
"17:44:01.605","ANA","1","+1.2","+0.0","+30.0","+0.0","+40.7347","+29.9413","+22.9","+61.5","+2.7","102137","102291","102214","0","0","0","0","0","0","0","0","0","0","-9.93","-0.54","-0.41","197","","","","","","","","","",""
"17:44:02.622","ANA","1","+1.2","+0.0","+30.0","+0.0","+40.7347","+29.9413","+21.6","+60.5","+2.0","102139","102291","102215","0","0","0","0","0","0","0","0","0","0","-9.89","-0.36","-0.40","198","","","","","","","","","",""
"17:44:03.660","ANA","1","+0.8","+0.0","+30.0","+0.0","+40.7347","+29.9413","-83.5","-79.4","+14.6","102137","102320","102229","0","0","0","0","0","0","0","0","0","0","+0.43","-9.82","-2.19","199","","","","","","","","","",""
"17:44:04.635","ANA","1","+0.3","+0.0","+30.1","+0.0","+40.7347","+29.9413","-91.6","-83.2","+4.2","102135","102327","102231","0","0","0","0","0","0","0","0","0","0","-0.60","-9.07","-4.05","200","","","","","","","","","",""
"17:44:05.660","ANA","1","+0.3","+0.0","+30.2","+0.0","+40.7347","+29.9413","-94.5","-82.4","+3.9","102140","102320","102230","0","0","0","0","0","0","0","0","0","0","+0.11","-8.93","-3.61","201","","","","","","","","","",""
"17:44:06.669","ANA","1","+0.3","+0.0","+30.2","+0.0","+40.7347","+29.9413","-98.3","-81.2","+2.6","102140","102317","102228","0","0","0","0","0","0","0","0","0","0","-0.47","-9.03","-3.93","202","","","","","","","","","",""
"17:44:07.686","ANA","1","+0.2","+0.0","+30.3","+0.0","+40.7347","+29.9413","-99.6","-82.0","+2.9","102141","102317","102229","0","0","0","0","0","0","0","0","0","0","-0.17","-9.00","-4.07","203","","","","","","","","","",""
"17:44:08.725","ANA","1","+0.0","+0.0","+30.2","+0.0","+40.7347","+29.9413","-100.5","-83.6","+4.2","102147","102321","102234","0","0","0","0","0","0","0","0","0","0","-0.14","-9.06","-3.73","204","","","","","","","","","",""
"17:44:09.725","ANA","1","+0.0","+0.0","+30.2","+0.0","+40.7347","+29.9413","-122.8","-109.0","+3.3","102146","102319","102233","0","0","0","0","0","0","0","0","0","0","-1.66","-6.21","-7.17","205","","","","","","","","","",""
"17:44:10.720","ANA","1","+0.0","+0.0","+30.3","+0.0","+40.7347","+29.9413","-124.4","-91.1","+2.4","102156","102315","102236","0","0","0","0","0","0","0","0","0","0","-1.73","-7.21","-6.71","206","","","","","","","","","",""
"17:44:11.719","ANA","1","+0.0","+0.0","+30.3","+0.0","+40.7347","+29.9413","-121.0","-96.5","+10.1","102156","102316","102236","0","0","0","0","0","0","0","0","0","0","-2.24","-7.57","-5.79","207","","","","","","","","","",""
"17:44:12.713","ANA","1","+0.0","+0.0","+30.3","+0.0","+40.7347","+29.9413","-123.6","-98.8","+7.3","102157","102318","102238","0","0","0","0","0","0","0","0","0","0","-2.24","-7.05","-6.40","208","","","","","","","","","",""
"17:44:13.713","ANA","1","+0.0","+0.0","+30.4","+0.0","+40.7347","+29.9413","-128.6","-100.0","+2.7","102158","102318","102238","0","0","0","0","0","0","0","0","0","0","-2.39","-6.38","-7.11","209","","","","","","","","","",""
"17:44:14.709","ANA","1","+0.0","+0.0","+30.4","+0.0","+40.7347","+29.9413","-113.7","-94.1","+22.8","102156","102320","102238","0","0","0","0","0","0","0","0","0","0","-2.42","-8.06","-4.01","210","","","","","","","","","",""
"17:44:15.705","ANA","1","+0.0","+0.0","+30.4","+0.0","+40.7347","+29.9413","-111.8","-89.9","+17.2","102156","102346","102251","0","0","0","0","0","0","0","0","0","0","-2.20","-8.56","-4.36","211","","","","","","","","","",""
"17:44:16.703","ANA","1","+0.0","+0.0","+30.4","+0.0","+40.7347","+29.9413","-120.2","-80.8","+10.0","102155","102335","102245","0","0","0","0","0","0","0","0","0","0","-1.52","-8.22","-4.63","212","","","","","","","","","",""
"17:44:17.698","ANA","1","+0.0","+0.0","+30.4","+0.0","+40.7347","+29.9413","-118.2","-65.6","+1.0","102159","102320","102239","0","0","0","0","0","0","0","0","0","0","-3.35","-7.21","-5.67","213","","","","","","","","","",""
"17:44:18.697","ANA","1","+0.0","+0.0","+30.3","+0.0","+40.7347","+29.9413","-117.1","-80.5","+15.8","102163","102304","102233","0","0","0","0","0","0","0","0","0","0","-4.86","-8.11","-5.71","214","","","","","","","","","",""
"17:44:19.695","ANA","1","+0.0","+0.0","+30.3","+0.0","+40.7347","+29.9413","-120.0","-92.1","+19.9","102159","102305","102232","0","0","0","0","0","0","0","0","0","0","-3.53","-7.96","-4.67","215","","","","","","","","","",""
"17:44:20.691","ANA","1","+0.0","+0.0","+30.3","+0.0","+40.7347","+29.9413","-115.5","-88.7","+22.1","102164","102298","102231","0","0","0","0","0","0","0","0","0","0","-2.81","-8.26","-4.26","216","","","","","","","","","",""
"17:44:21.686","ANA","1","+0.0","+0.0","+30.3","+0.0","+40.7347","+29.9413","-120.4","-98.6","+9.5","102165","102296","102231","0","0","0","0","0","0","0","0","0","0","-2.44","-7.79","-6.32","217","","","","","","","","","",""
"17:44:22.683","ANA","1","+0.0","+0.0","+30.2","+0.0","+40.7347","+29.9413","-118.9","-91.4","+9.6","102165","102298","102231","0","0","0","0","0","0","0","0","0","0","-1.83","-8.01","-5.44","218","","","","","","","","","",""
"17:44:23.682","ANA","1","+0.0","+0.0","+30.1","+0.0","+40.7347","+29.9413","-108.9","-93.4","+32.8","102160","102296","102228","0","0","0","0","0","0","0","0","0","0","-2.36","-8.81","-2.53","219","","","","","","","","","",""
"17:44:24.677","ANA","1","+0.0","+0.0","+30.0","+0.0","+40.7347","+29.9413","-87.7","-86.0","+24.3","102158","102302","102230","0","0","0","0","0","0","0","0","0","0","-0.23","-9.60","-0.51","220","","","","","","","","","",""
"17:44:25.677","ANA","1","+0.0","+0.0","+30.0","+0.0","+40.7347","+29.9413","-80.2","-100.6","+21.5","102157","102304","102230","0","0","0","0","0","0","0","0","0","0","+0.89","-9.61","-1.66","221","","","","","","","","","",""
"17:44:26.671","ANA","1","+0.0","+0.0","+29.9","+0.0","+40.7347","+29.9413","-89.4","-80.8","+24.5","102156","102303","102230","0","0","0","0","0","0","0","0","0","0","-0.93","-9.43","-0.52","222","","","","","","","","","",""
"17:44:27.669","ANA","1","+0.0","+0.0","+29.9","+0.0","+40.7347","+29.9413","-88.2","-81.4","+25.8","102153","102303","102228","0","0","0","0","0","0","0","0","0","0","-0.73","-9.40","-0.42","223","","","","","","","","","",""
"17:44:28.667","ANA","1","+0.1","+0.0","+29.9","+0.0","+40.7347","+29.9413","-11.2","-129.6","-16.7","102149","102301","102225","0","0","0","0","0","0","0","0","0","0","+8.93","-0.91","-0.82","224","","","","","","","","","",""
"17:44:29.663","ANA","1","+0.3","+0.0","+29.9","+0.0","+40.7347","+29.9413","+5.5","-119.8","-33.4","102146","102301","102224","0","0","0","0","0","0","0","0","0","0","+9.44","+0.80","-0.01","225","","","","","","","","","",""
"17:44:30.659","ANA","1","+0.4","+0.0","+29.8","+0.0","+40.7347","+29.9413","+6.2","-118.1","-32.7","102144","102299","102222","0","0","0","0","0","0","0","0","0","0","+9.21","+0.81","+0.47","226","","","","","","","","","",""
"17:44:31.657","ANA","1","+0.5","+0.0","+29.8","+0.0","+40.7347","+29.9413","+5.8","-117.7","-32.7","102143","102298","102221","0","0","0","0","0","0","0","0","0","0","+9.60","+0.55","+0.06","227","","","","","","","","","",""
"17:44:32.725","ANA","1","+0.6","+0.0","+29.8","+0.0","+40.7347","+29.9413","+5.8","-116.9","-33.0","102142","102295","102219","0","0","0","0","0","0","0","0","0","0","+9.65","+0.58","+0.09","228","","","","","","","","","",""
"17:44:33.651","ANA","1","+0.7","+0.0","+29.8","+0.0","+40.7347","+29.9413","+4.7","-116.9","-31.9","102141","102293","102217","0","0","0","0","0","0","0","0","0","0","+9.52","+0.42","+0.11","229","","","","","","","","","",""
"17:44:34.651","ANA","1","+0.8","+0.0","+29.8","+0.0","+40.7347","+29.9413","-14.8","-111.6","-21.8","102142","102293","102218","0","0","0","0","0","0","0","0","0","0","+11.69","-1.57","+1.19","230","","","","","","","","","",""
"17:44:35.655","ANA","1","+0.6","+0.0","+29.8","+0.0","+40.7347","+29.9413","-150.1","-5.7","+90.0","102145","102296","102221","0","0","0","0","0","0","0","0","0","0","-9.18","+1.25","+1.26","231","","","","","","","","","",""
"17:44:36.652","ANA","1","+0.6","+0.0","+29.8","+0.0","+40.7347","+29.9413","-138.9","-1.0","+71.5","102144","102295","102220","0","0","0","0","0","0","0","0","0","0","-9.52","+0.44","-1.00","232","","","","","","","","","",""
"17:44:37.649","ANA","1","+0.6","+0.0","+29.8","+0.0","+40.7347","+29.9413","-138.8","+0.6","+69.0","102144","102296","102220","0","0","0","0","0","0","0","0","0","0","-9.26","+0.14","-1.29","233","","","","","","","","","",""
"17:44:38.647","ANA","1","+0.6","+0.0","+29.7","+0.0","+40.7347","+29.9413","-137.8","+2.5","+66.9","102144","102298","102221","0","0","0","0","0","0","0","0","0","0","-9.35","+0.16","-0.84","234","","","","","","","","","",""
"17:44:39.644","ANA","1","+0.5","+0.0","+29.7","+0.0","+40.7347","+29.9413","-140.0","+1.6","+64.5","102145","102298","102222","0","0","0","0","0","0","0","0","0","0","-9.44","-0.25","-1.83","235","","","","","","","","","",""
"17:44:40.641","ANA","1","+0.6","+0.0","+29.7","+0.0","+40.7347","+29.9413","-146.1","+0.7","+64.1","102143","102294","102218","0","0","0","0","0","0","0","0","0","0","-9.63","+0.47","-2.34","236","","","","","","","","","",""
"17:44:41.637","ANA","1","+0.8","+0.0","+29.7","+0.0","+40.7347","+29.9413","-147.6","+1.8","+63.8","102141","102295","102218","0","0","0","0","0","0","0","0","0","0","-9.07","+0.95","-2.24","237","","","","","","","","","",""
"17:44:42.636","ANA","1","+0.9","+0.0","+29.7","+0.0","+40.7347","+29.9413","-118.8","-58.5","+61.9","102139","102292","102215","0","0","0","0","0","0","0","0","0","0","-9.31","-1.57","-1.39","238","","","","","","","","","",""
"17:44:43.634","ANA","1","+1.1","+0.0","+29.6","+0.0","+40.7347","+29.9413","+10.4","-127.4","-27.0","102137","102294","102216","0","0","0","0","0","0","0","0","0","0","+9.27","+0.98","-1.32","239","","","","","","","","","",""
"17:44:44.630","ANA","1","+1.0","+0.0","+29.6","+0.0","+40.7347","+29.9413","+9.8","-128.6","-24.1","102138","102294","102216","0","0","0","0","0","0","0","0","0","0","+9.52","+0.18","-1.61","240","","","","","","","","","",""
"17:44:45.626","ANA","1","+1.0","+0.0","+29.5","+0.0","+40.7347","+29.9413","+8.6","-129.0","-23.5","102136","102295","102215","0","0","0","0","0","0","0","0","0","0","+9.35","+0.55","-1.70","241","","","","","","","","","",""
"17:44:46.623","ANA","1","+1.1","+0.0","+29.5","+0.0","+40.7347","+29.9413","+7.8","-128.5","-27.1","102136","102293","102215","0","0","0","0","0","0","0","0","0","0","+9.23","+0.43","-1.36","242","","","","","","","","","",""
"17:44:47.621","ANA","1","+1.1","+0.0","+29.5","+0.0","+40.7347","+29.9413","+7.9","-128.8","-28.0","102137","102294","102216","0","0","0","0","0","0","0","0","0","0","+9.35","+0.55","-1.48","243","","","","","","","","","",""
"17:44:48.617","ANA","1","+1.1","+0.0","+29.5","+0.0","+40.7347","+29.9413","+7.0","-129.2","-28.7","102137","102295","102216","0","0","0","0","0","0","0","0","0","0","+9.31","+0.62","-1.57","244","","","","","","","","","",""
"17:44:49.616","ANA","1","+0.9","+0.0","+29.5","+0.0","+40.7347","+29.9413","+6.4","-129.8","-27.6","102140","102296","102218","0","0","0","0","0","0","0","0","0","0","+9.46","+0.39","-1.67","245","","","","","","","","","",""
"17:44:50.612","ANA","1","+0.8","+0.0","+29.5","+0.0","+40.7347","+29.9413","-3.5","-121.5","-31.9","102141","102297","102219","0","0","0","0","0","0","0","0","0","0","+9.35","-0.34","-0.09","246","","","","","","","","","",""
"17:44:51.610","ANA","1","+0.8","+0.0","+29.5","+0.0","+40.7347","+29.9413","+9.5","-123.1","-41.3","102141","102299","102220","0","0","0","0","0","0","0","0","0","0","+9.27","+1.37","-0.99","247","","","","","","","","","",""
"17:44:52.608","ANA","1","+0.8","+0.0","+29.4","+0.0","+40.7347","+29.9413","+13.0","-125.6","-40.9","102138","102298","102218","0","0","0","0","0","0","0","0","0","0","+9.13","+2.17","-1.16","248","","","","","","","","","",""
"17:44:53.608","ANA","1","+0.9","+0.0","+29.4","+0.0","+40.7347","+29.9413","+11.7","-125.6","-40.2","102138","102299","102218","0","0","0","0","0","0","0","0","0","0","+9.10","+1.77","-1.33","249","","","","","","","","","",""
"17:44:54.603","ANA","1","+0.8","+0.0","+29.4","+0.0","+40.7347","+29.9413","+12.1","-126.1","-39.1","102140","102299","102219","0","0","0","0","0","0","0","0","0","0","+9.23","+1.80","-1.30","250","","","","","","","","","",""
"17:44:55.600","ANA","1","+0.8","+0.0","+29.4","+0.0","+40.7347","+29.9413","+12.4","-125.3","-39.1","102140","102300","102220","0","0","0","0","0","0","0","0","0","0","+9.18","+1.79","-1.14","251","","","","","","","","","",""
"17:44:56.596","ANA","1","+0.8","+0.0","+29.4","+0.0","+40.7347","+29.9413","+13.4","-125.0","-39.1","102141","102300","102221","0","0","0","0","0","0","0","0","0","0","+9.19","+2.15","-0.83","252","","","","","","","","","",""
"17:44:57.595","ANA","1","+0.7","+0.0","+29.4","+0.0","+40.7347","+29.9413","+13.6","-125.8","-38.4","102141","102301","102221","0","0","0","0","0","0","0","0","0","0","+9.14","+2.00","-1.22","253","","","","","","","","","",""
"17:44:58.592","ANA","1","+0.6","+0.0","+29.4","+0.0","+40.7347","+29.9413","+14.0","-126.4","-38.4","102143","102301","102222","0","0","0","0","0","0","0","0","0","0","+9.22","+1.94","-1.39","254","","","","","","","","","",""
"17:44:59.587","ANA","1","+0.7","+0.0","+29.4","+0.0","+40.7347","+29.9413","+0.9","-126.1","-34.8","102140","102300","102220","0","0","0","0","0","0","0","0","0","0","+9.01","-0.05","-1.47","255","","","","","","","","","",""
"17:45:00.584","ANA","1","+0.9","+0.0","+29.4","+0.0","+40.7347","+29.9413","+1.4","-126.6","-35.9","102139","102297","102218","0","0","0","0","0","0","0","0","0","0","+9.35","+0.54","-1.47","256","","","","","","","","","",""
"17:45:01.580","ANA","1","+0.9","+0.0","+29.4","+0.0","+40.7347","+29.9413","+1.4","-126.9","-35.9","102139","102297","102218","0","0","0","0","0","0","0","0","0","0","+9.36","+0.43","-1.69","257","","","","","","","","","",""
"17:45:02.581","ANA","1","+0.7","+0.0","+29.3","+0.0","+40.7347","+29.9413","-12.5","-126.5","-31.1","102142","102300","102221","0","0","0","0","0","0","0","0","0","0","+9.18","-1.48","-1.96","258","","","","","","","","","",""
"17:45:03.577","ANA","1","+0.6","+0.0","+29.3","+0.0","+40.7347","+29.9413","-11.6","-126.7","-31.9","102146","102300","102223","0","0","0","0","0","0","0","0","0","0","+9.22","-1.22","-1.82","259","","","","","","","","","",""
"17:45:04.577","ANA","1","+0.5","+0.0","+29.3","+0.0","+40.7347","+29.9413","-12.2","-126.9","-31.5","102145","102299","102222","0","0","0","0","0","0","0","0","0","0","+9.14","-1.37","-2.11","260","","","","","","","","","",""
"17:45:05.571","ANA","1","+0.5","+0.0","+29.3","+0.0","+40.7347","+29.9413","-11.2","-127.0","-32.2","102144","102300","102222","0","0","0","0","0","0","0","0","0","0","+9.43","-1.14","-2.00","261","","","","","","","","","",""
"17:45:06.569","ANA","1","+0.7","+0.0","+29.3","+0.0","+40.7347","+29.9413","-10.7","-126.8","-32.6","102142","102299","102220","0","0","0","0","0","0","0","0","0","0","+9.11","-1.28","-2.01","262","","","","","","","","","",""
"17:45:07.575","ANA","1","+0.7","+0.0","+29.3","+0.0","+40.7347","+29.9413","-9.3","-126.9","-32.5","102142","102297","102219","0","0","0","0","0","0","0","0","0","0","+9.48","-0.66","-1.91","263","","","","","","","","","",""
"17:45:08.564","ANA","1","+0.8","+0.0","+29.3","+0.0","+40.7347","+29.9413","-10.2","-127.4","-31.2","102140","102297","102218","0","0","0","0","0","0","0","0","0","0","+9.01","-1.25","-1.94","264","","","","","","","","","",""
"17:45:09.561","ANA","1","+0.8","+0.0","+29.3","+0.0","+40.7347","+29.9413","-10.7","-127.4","-31.3","102141","102297","102219","0","0","0","0","0","0","0","0","0","0","-0.01","-1.16","+0.01","265","","","","","","","","","",""
"17:45:10.569","ANA","1","+0.8","+0.0","+29.4","+0.0","+40.7347","+29.9413","-11.1","-127.7","-31.6","102142","102299","102220","0","0","0","0","0","0","0","0","0","0","-0.01","-1.14","+0.01","266","","","","","","","","","",""
"17:45:11.568","ANA","1","+0.6","+0.0","+29.4","+0.0","+40.7347","+29.9413","-10.9","-128.4","-30.6","102145","102299","102222","0","0","0","0","0","0","0","0","0","0","-0.01","-1.26","+0.01","267","","","","","","","","","",""
"17:45:12.572","ANA","1","+0.7","+0.0","+29.4","+0.0","+40.7347","+29.9413","-11.1","-128.2","-30.4","102141","102298","102220","0","0","0","0","0","0","0","0","0","0","-0.01","-1.25","+0.01","268","","","","","","","","","",""
"17:45:13.571","ANA","1","+0.8","+0.0","+29.4","+0.0","+40.7347","+29.9413","-10.4","-127.8","-29.4","102139","102296","102217","0","0","0","0","0","0","0","0","0","0","+9.32","-1.29","+1.28","269","","","","","","","","","",""
"17:45:14.614","ANA","1","+0.9","+0.0","+29.4","+0.0","+40.7347","+29.9413","+37.7","-119.3","-13.2","102141","102295","102218","0","0","0","0","0","0","0","0","0","0","+9.34","-1.23","-1.61","270","","","","","","","","","",""
"17:45:15.615","ANA","1","+0.9","+0.0","+29.4","+0.0","+40.7347","+29.9413","-4.3","-126.1","-25.8","102141","102294","102218","0","0","0","0","0","0","0","0","0","0","+9.17","-1.67","-2.01","271","","","","","","","","","",""
"17:45:16.593","ANA","1","+0.9","+0.0","+29.4","+0.0","+40.7347","+29.9413","-10.6","-127.5","-27.6","102141","102294","102218","0","0","0","0","0","0","0","0","0","0","+9.23","-1.62","-1.98","272","","","","","","","","","",""
"17:45:17.596","ANA","1","+0.8","+0.0","+29.4","+0.0","+40.7347","+29.9413","-10.6","-127.5","-27.6","102141","102296","102218","0","0","0","0","0","0","0","0","0","0","+9.23","-1.62","-1.98","273","","","","","","","","","",""
"17:45:18.629","ANA","1","+0.8","+0.0","+29.4","+0.0","+40.7347","+29.9413","-45.0","-121.1","-10.2","102141","102297","102219","0","0","0","0","0","0","0","0","0","0","+6.03","-6.28","-2.90","274","","","","","","","","","",""
"17:45:19.632","ANA","1","+0.6","+0.0","+29.4","+0.0","+40.7347","+29.9413","-92.5","-85.6","+25.4","102138","102316","102227","0","0","0","0","0","0","0","0","0","0","-1.34","-10.10","-1.64","275","","","","","","","","","",""
"17:45:20.628","ANA","1","+0.4","+0.0","+29.5","+0.0","+40.7347","+29.9413","-89.6","-88.1","+24.1","102138","102320","102229","0","0","0","0","0","0","0","0","0","0","-0.57","-9.60","-1.62","276","","","","","","","","","",""
"17:45:21.625","ANA","1","+0.2","+0.0","+29.6","+0.0","+40.7347","+29.9413","-90.7","-87.5","+24.9","102140","102327","102233","0","0","0","0","0","0","0","0","0","0","-0.81","-9.60","-1.52","277","","","","","","","","","",""
"17:45:22.622","ANA","1","+0.0","+0.0","+29.7","+0.0","+40.7347","+29.9413","-91.0","-87.9","+24.6","102138","102339","102239","0","0","0","0","0","0","0","0","0","0","-0.80","-9.39","-1.30","278","","","","","","","","","",""
"17:45:23.619","ANA","1","+0.0","+0.0","+29.8","+0.0","+40.7347","+29.9413","-89.1","-88.5","+22.1","102141","102348","102244","0","0","0","0","0","0","0","0","0","0","-0.05","-9.73","-1.58","279","","","","","","","","","",""
"17:45:24.620","ANA","1","+0.0","+0.0","+29.8","+0.0","+40.7347","+29.9413","-7.4","-129.2","-18.1","102146","102319","102232","0","0","0","0","0","0","0","0","0","0","+0.00","+0.00","+0.00","280","","","","","","","","","",""
"17:45:25.617","ANA","1","+0.1","+0.0","+29.8","+0.0","+40.7347","+29.9413","-7.4","-129.2","-18.1","102146","102307","102226","0","0","0","0","0","0","0","0","0","0","+0.00","+0.00","+0.00","281","","","","","","","","","",""
"17:45:26.641","ANA","1","+0.3","+0.0","+29.8","+0.0","+40.7347","+29.9413","-7.4","-129.2","-18.1","102146","102300","102223","0","0","0","0","0","0","0","0","0","0","+0.00","+0.00","+0.00","282","","","","","","","","","",""
"17:45:27.668","ANA","1","+0.4","+0.0","+29.8","+0.0","+40.7347","+29.9413","+2.2","-128.3","-23.9","102146","102298","102222","0","0","0","0","0","0","0","0","0","0","+9.57","-0.24","-1.51","283","","","","","","","","","",""
"17:45:28.666","ANA","1","+0.5","+0.0","+29.7","+0.0","+40.7347","+29.9413","+2.2","-128.3","-23.9","102146","102296","102221","0","0","0","0","0","0","0","0","0","0","+9.57","-0.24","-1.51","284","","","","","","","","","",""
"17:45:29.688","ANA","1","+0.6","+0.0","+29.7","+0.0","+40.7347","+29.9413","+2.2","-128.3","-23.9","102146","102294","102220","0","0","0","0","0","0","0","0","0","0","+9.57","-0.24","-1.51","285","","","","","","","","","",""
"17:45:30.710","ANA","1","+0.6","+0.0","+29.7","+0.0","+40.7347","+29.9413","+2.2","-128.3","-23.9","102146","102291","102218","0","0","0","0","0","0","0","0","0","0","+9.57","-0.24","-1.51","286","","","","","","","","","",""
"17:45:31.733","ANA","1","+0.7","+0.0","+29.7","+0.0","+40.7347","+29.9413","+2.2","-128.3","-23.9","102146","102290","102218","0","0","0","0","0","0","0","0","0","0","+9.57","-0.24","-1.51","287","","","","","","","","","",""
"17:45:32.755","ANA","1","+0.7","+0.0","+29.7","+0.0","+40.7347","+29.9413","-7.7","+112.6","-78.3","102147","102293","102220","0","0","0","0","0","0","0","0","0","0","+0.71","-8.47","-1.72","288","","","","","","","","","",""
"17:45:33.727","ANA","1","+0.4","+0.0","+29.6","+0.0","+40.7347","+29.9413","-7.5","+88.0","-62.3","102152","102298","102225","0","0","0","0","0","0","0","0","0","0","-0.52","-6.61","-0.29","289","","","","","","","","","",""
"17:45:34.769","ANA","1","+0.1","+0.0","+29.5","+0.0","+40.7347","+29.9413","-11.1","+90.4","-51.1","102152","102300","102226","0","0","0","0","0","0","0","0","0","0","-2.11","-6.76","-1.66","290","","","","","","","","","",""
"17:45:35.743","ANA","1","+0.1","+0.0","+29.5","+0.0","+40.7347","+29.9413","-1.9","+82.4","-52.9","102153","102297","102225","0","0","0","0","0","0","0","0","0","0","-2.84","-7.28","-0.18","291","","","","","","","","","",""
"17:45:36.758","ANA","1","+0.1","+0.0","+29.5","+0.0","+40.7347","+29.9413","-5.0","+93.7","-57.8","102153","102298","102226","0","0","0","0","0","0","0","0","0","0","-1.10","-6.80","-2.01","292","","","","","","","","","",""
"17:45:37.777","ANA","1","+0.1","+0.0","+29.5","+0.0","+40.7347","+29.9413","-0.8","+95.7","-58.1","102153","102300","102227","0","0","0","0","0","0","0","0","0","0","-2.40","-8.75","-1.83","293","","","","","","","","","",""
"17:45:38.816","ANA","1","+0.1","+0.0","+29.5","+0.0","+40.7347","+29.9413","-4.3","+97.7","-59.6","102151","102305","102228","0","0","0","0","0","0","0","0","0","0","-2.77","-11.15","-2.43","294","","","","","","","","","",""
"17:45:39.816","ANA","1","+0.0","+0.0","+29.6","+0.0","+40.7347","+29.9413","-10.5","+92.7","-60.6","102154","102306","102230","0","0","0","0","0","0","0","0","0","0","-1.95","-10.10","-2.84","295","","","","","","","","","",""
"17:45:40.810","ANA","1","+0.0","+0.0","+29.6","+0.0","+40.7347","+29.9413","-8.8","+88.6","-55.9","102162","102308","102235","0","0","0","0","0","0","0","0","0","0","-2.67","-10.35","-2.34","296","","","","","","","","","",""
"17:45:41.807","ANA","1","+0.0","+0.0","+29.6","+0.0","+40.7347","+29.9413","-7.5","+91.3","-53.6","102158","102307","102233","0","0","0","0","0","0","0","0","0","0","-4.07","-10.64","-2.89","297","","","","","","","","","",""
"17:45:42.781","ANA","1","+0.0","+0.0","+29.6","+0.0","+40.7347","+29.9413","-2.3","+95.6","-60.1","102156","102305","102231","0","0","0","0","0","0","0","0","0","0","-3.52","-8.98","-1.74","298","","","","","","","","","",""
"17:45:43.822","ANA","1","+0.0","+0.0","+29.6","+0.0","+40.7347","+29.9413","-0.6","+95.5","-57.9","102157","102304","102231","0","0","0","0","0","0","0","0","0","0","-4.15","-10.31","-2.53","299","","","","","","","","","",""
"17:45:44.796","ANA","1","+0.0","+0.0","+29.6","+0.0","+40.7347","+29.9413","-3.5","+91.3","-55.7","102156","102302","102229","0","0","0","0","0","0","0","0","0","0","-4.01","-9.35","-2.07","300","","","","","","","","","",""
"17:45:45.811","ANA","1","+0.0","+0.0","+29.6","+0.0","+40.7347","+29.9413","+1.2","+95.0","-57.3","102154","102301","102228","0","0","0","0","0","0","0","0","0","0","-3.21","-9.22","-1.99","301","","","","","","","","","",""
"17:45:53.948","ANA","1","+0.2","+0.0","+29.8","+0.0","+40.7346","+29.9413","-2.9","+88.8","-58.0","102148","102304","102226","0","0","0","0","0","0","0","0","0","0","-3.00","-7.65","-3.39","309","","","","","","","","","",""
"17:45:54.966","ANA","1","+0.2","+0.0","+29.8","+0.0","+40.7346","+29.9413","-4.8","+88.9","-56.2","102148","102304","102226","0","0","0","0","0","0","0","0","0","0","-3.45","-8.77","-4.11","310","","","","","","","","","",""
"17:45:56.005","ANA","1","+0.1","+0.0","+29.8","+0.0","+40.7346","+29.9413","-5.0","+88.7","-58.0","102151","102305","102228","0","0","0","0","0","0","0","0","0","0","-5.19","-11.31","-4.52","311","","","","","","","","","",""
"17:45:56.980","ANA","1","+0.1","+0.0","+29.9","+0.0","+40.7345","+29.9413","-2.7","+85.1","-58.0","102150","102303","102226","0","0","0","0","0","0","0","0","0","0","-3.79","-9.39","-1.79","312","","","","","","","","","",""
"17:45:58.019","ANA","1","+0.2","+0.0","+29.9","+0.0","+40.7345","+29.9413","-4.6","+86.2","-55.8","102152","102300","102226","0","0","0","0","0","0","0","0","0","0","-5.11","-10.35","-3.20","313","","","","","","","","","",""
"17:45:58.993","ANA","1","+0.1","+0.0","+29.9","+0.0","+40.7345","+29.9413","-7.7","+84.2","-53.3","102151","102300","102226","0","0","0","0","0","0","0","0","0","0","-3.40","-9.02","-2.66","314","","","","","","","","","",""
"17:46:00.010","ANA","1","+0.2","+0.0","+29.9","+0.0","+40.7345","+29.9413","-6.2","+84.1","-47.7","102149","102300","102225","0","0","0","0","0","0","0","0","0","0","-3.75","-7.78","-1.97","315","","","","","","","","","",""
"17:46:01.027","ANA","1","+0.4","+0.0","+29.9","+0.0","+40.7345","+29.9413","-5.5","+83.3","-51.9","102144","102300","102222","0","0","0","0","0","0","0","0","0","0","-3.83","-6.65","-2.00","316","","","","","","","","","",""
"17:46:02.043","ANA","1","+0.5","+0.0","+29.9","+0.0","+40.7344","+29.9413","-5.6","+84.5","-55.5","102145","102300","102222","0","0","0","0","0","0","0","0","0","0","-2.70","-5.98","-1.39","317","","","","","","","","","",""
"17:46:03.060","ANA","1","+0.3","+0.0","+29.9","+0.0","+40.7344","+29.9413","-4.5","+81.6","-53.0","102150","102301","102225","0","0","0","0","0","0","0","0","0","0","-3.31","-6.57","-1.57","318","","","","","","","","","",""
"17:46:04.077","ANA","1","+0.3","+0.0","+29.9","+0.0","+40.7344","+29.9413","-2.0","+87.3","-60.2","102149","102301","102225","0","0","0","0","0","0","0","0","0","0","-4.86","-8.97","-1.94","319","","","","","","","","","",""
"17:46:05.117","ANA","1","+0.3","+0.0","+29.9","+0.0","+40.7344","+29.9413","-2.9","+88.5","-66.6","102147","102303","102225","0","0","0","0","0","0","0","0","0","0","-3.79","-10.51","-2.51","320","","","","","","","","","",""
"17:46:06.091","ANA","1","+0.3","+0.0","+29.9","+0.0","+40.7344","+29.9413","+0.7","+89.1","-59.4","102147","102303","102225","0","0","0","0","0","0","0","0","0","0","-4.32","-9.72","-0.76","321","","","","","","","","","",""
"17:46:07.108","ANA","1","+0.2","+0.0","+29.9","+0.0","+40.7344","+29.9413","+3.3","+88.3","-55.1","102149","102302","102225","0","0","0","0","0","0","0","0","0","0","-4.17","-8.00","-1.01","322","","","","","","","","","",""
"17:46:08.125","ANA","1","+0.2","+0.0","+29.9","+0.0","+40.7344","+29.9413","-4.8","+85.4","-56.6","102150","102302","102226","0","0","0","0","0","0","0","0","0","0","-3.80","-8.71","-1.80","323","","","","","","","","","",""
"17:46:09.164","ANA","1","+0.1","+0.0","+29.9","+0.0","+40.7344","+29.9413","-17.8","+82.1","-54.0","102151","102305","102228","0","0","0","0","0","0","0","0","0","0","-3.43","-9.43","-4.55","324","","","","","","","","","",""
"17:46:10.160","ANA","1","+0.1","+0.0","+29.9","+0.0","+40.7344","+29.9413","-8.3","+84.3","-61.5","102149","102303","102226","0","0","0","0","0","0","0","0","0","0","-3.81","-10.85","-2.61","325","","","","","","","","","",""
"17:46:11.159","ANA","1","+0.1","+0.0","+29.9","+0.0","+40.7343","+29.9413","-13.6","+82.8","-58.5","102147","102308","102227","0","0","0","0","0","0","0","0","0","0","-2.38","-9.82","-1.55","326","","","","","","","","","",""
"17:46:12.132","ANA","1","+0.3","+0.0","+29.9","+0.0","+40.7343","+29.9413","-1.5","+88.3","-67.6","102145","102303","102224","0","0","0","0","0","0","0","0","0","0","-0.93","-7.86","-2.15","327","","","","","","","","","",""
"17:46:13.174","ANA","1","+6.3","+0.0","+29.9","+0.0","+40.7343","+29.9413","+74.9","+137.1","-77.8","101946","102304","102125","0","0","0","0","0","0","0","0","0","0","-2.18","-8.14","-1.94","328","","","","","","","","","",""
"17:46:14.174","ANA","1","+13.4","+0.0","+30.0","+0.0","+40.7343","+29.9413","+65.3","+130.3","-76.0","101857","102305","102081","0","0","0","0","0","0","0","0","0","0","-1.74","-9.44","-3.69","329","","","","","","","","","",""
"17:46:15.180","ANA","1","+12.5","+0.0","+30.1","+0.0","+40.7343","+29.9413","-87.1","-115.5","+99.6","102002","102297","102150","0","0","0","0","0","0","0","0","0","0","-2.30","-9.13","+1.96","330","","","","","","","","","",""
"17:46:16.185","ANA","1","+6.2","+0.0","+30.1","+0.0","+40.7343","+29.9413","+87.6","+122.0","-75.0","102090","102294","102192","0","0","0","0","0","0","0","0","0","0","-4.40","-8.57","-1.44","331","","","","","","","","","",""
"17:46:17.190","ANA","1","+3.0","+0.0","+30.0","+0.0","+40.7343","+29.9413","+73.6","+123.6","-90.1","102124","102293","102208","0","0","0","0","0","0","0","0","0","0","-2.81","-9.39","-0.03","332","","","","","","","","","",""
"17:46:18.179","ANA","1","+1.5","+0.0","+30.0","+0.0","+40.7343","+29.9413","+81.9","+128.3","-82.7","102139","102295","102217","0","0","0","0","0","0","0","0","0","0","-3.45","-9.13","+0.18","333","","","","","","","","","",""
"17:46:19.176","ANA","1","+0.9","+0.0","+30.0","+0.0","+40.7343","+29.9413","+69.1","+126.4","-79.6","102145","102295","102220","0","0","0","0","0","0","0","0","0","0","-2.94","-9.06","-0.77","334","","","","","","","","","",""
"17:46:20.173","ANA","1","+0.8","+0.0","+30.0","+0.0","+40.7343","+29.9413","+64.3","+125.9","-82.1","102141","102294","102217","0","0","0","0","0","0","0","0","0","0","-2.32","-8.67","-0.82","335","","","","","","","","","",""
"17:46:21.169","ANA","1","+0.9","+0.0","+29.9","+0.0","+40.7343","+29.9413","+70.3","+110.8","-86.3","102139","102295","102217","0","0","0","0","0","0","0","0","0","0","-4.90","-9.65","+0.09","336","","","","","","","","","",""
"17:46:22.166","ANA","1","+1.0","+0.0","+29.9","+0.0","+40.7343","+29.9413","+64.5","+119.8","-75.1","102137","102296","102216","0","0","0","0","0","0","0","0","0","0","-4.00","-7.50","-0.28","337","","","","","","","","","",""
"17:46:23.161","ANA","1","+1.0","+0.0","+29.9","+0.0","+40.7343","+29.9413","+15.4","+87.2","-63.7","102138","102296","102217","0","0","0","0","0","0","0","0","0","0","-4.32","-8.89","-0.71","338","","","","","","","","","",""
"17:46:24.136","ANA","1","+0.9","+0.0","+29.9","+0.0","+40.7343","+29.9413","-8.4","+78.0","-49.9","102141","102299","102220","0","0","0","0","0","0","0","0","0","0","-4.17","-8.36","-2.40","339","","","","","","","","","",""
"17:46:25.154","ANA","1","+0.7","+0.0","+29.9","+0.0","+40.7343","+29.9413","-0.3","+84.4","-48.5","102141","102302","102221","0","0","0","0","0","0","0","0","0","0","-4.88","-7.90","-2.53","340","","","","","","","","","",""
"17:46:26.170","ANA","1","+0.5","+0.0","+29.9","+0.0","+40.7343","+29.9413","+4.1","+86.1","-53.7","102145","102302","102224","0","0","0","0","0","0","0","0","0","0","-4.34","-8.64","-1.62","341","","","","","","","","","",""
"17:46:27.187","ANA","1","+0.4","+0.0","+29.9","+0.0","+40.7343","+29.9413","+4.8","+86.6","-53.9","102145","102302","102224","0","0","0","0","0","0","0","0","0","0","-4.38","-8.39","-1.52","342","","","","","","","","","",""
"17:46:28.205","ANA","1","+0.5","+0.0","+30.0","+0.0","+40.7343","+29.9413","+6.5","+87.4","-54.6","102145","102300","102222","0","0","0","0","0","0","0","0","0","0","-4.80","-8.55","-1.52","343","","","","","","","","","",""
"17:46:29.221","ANA","1","+0.5","+0.0","+30.0","+0.0","+40.7343","+29.9413","+5.8","+86.9","-54.9","102144","102302","102223","0","0","0","0","0","0","0","0","0","0","-4.75","-8.47","-1.63","344","","","","","","","","","",""
"17:46:30.238","ANA","1","+0.4","+0.0","+30.1","+0.0","+40.7343","+29.9413","+4.9","+86.4","-54.5","102147","102302","102225","0","0","0","0","0","0","0","0","0","0","-4.65","-8.64","-1.52","345","","","","","","","","","",""
"17:46:31.255","ANA","1","+0.3","+0.0","+30.1","+0.0","+40.7343","+29.9413","+4.2","+84.8","-53.7","102147","102303","102225","0","0","0","0","0","0","0","0","0","0","-4.69","-8.47","-1.46","346","","","","","","","","","",""
"17:46:35.321","ANA","1","+0.7","+0.0","+30.4","+0.0","+40.7343","+29.9413","+3.7","+85.1","-54.8","102140","102301","102221","0","0","0","0","0","0","0","0","0","0","-4.40","-8.31","-1.50","350","","","","","","","","","",""
"17:46:36.339","ANA","1","+0.8","+0.0","+30.4","+0.0","+40.7343","+29.9413","+3.7","+84.5","-53.7","102138","102299","102219","0","0","0","0","0","0","0","0","0","0","-4.80","-8.46","-1.60","351","","","","","","","","","",""
"17:46:37.356","ANA","1","+0.8","+0.0","+30.5","+0.0","+40.7343","+29.9413","+3.4","+84.7","-54.0","102140","102298","102219","0","0","0","0","0","0","0","0","0","0","-4.46","-8.36","-1.49","352","","","","","","","","","",""
"17:46:39.390","ANA","1","+0.9","+0.0","+30.6","+0.0","+40.7343","+29.9413","+3.4","+84.5","-53.8","102140","102295","102218","0","0","0","0","0","0","0","0","0","0","-4.77","-8.32","-1.63","354","","","","","","","","","",""
"17:46:40.408","ANA","1","+0.9","+0.0","+30.7","+0.0","+40.7343","+29.9413","+3.9","+84.5","-52.4","102140","102296","102218","0","0","0","0","0","0","0","0","0","0","-4.92","-8.60","-1.39","355","","","","","","","","","",""
"17:46:41.422","ANA","1","+0.7","+0.0","+30.7","+0.0","+40.7343","+29.9413","+3.6","+87.0","-52.0","102144","102298","102221","0","0","0","0","0","0","0","0","0","0","-4.71","-7.71","-2.40","356","","","","","","","","","",""
"17:46:42.440","ANA","1","+0.6","+0.0","+30.8","+0.0","+40.7343","+29.9413","-2.3","+80.0","-48.2","102144","102299","102221","0","0","0","0","0","0","0","0","0","0","-5.38","-8.31","-1.49","357","","","","","","","","","",""
"17:46:43.480","ANA","1","+0.3","+0.0","+30.8","+0.0","+40.7343","+29.9413","-14.1","+71.4","-43.9","102149","102302","102226","0","0","0","0","0","0","0","0","0","0","-5.03","-8.18","-1.22","358","","","","","","","","","",""
"17:46:44.476","ANA","1","+0.3","+0.0","+30.8","+0.0","+40.7343","+29.9413","-13.9","+72.7","-42.0","102146","102301","102224","0","0","0","0","0","0","0","0","0","0","-5.26","-8.13","-1.78","359","","","","","","","","","",""
"17:46:45.473","ANA","1","+0.5","+0.0","+30.9","+0.0","+40.7343","+29.9413","-12.9","+73.9","-43.9","102144","102301","102222","0","0","0","0","0","0","0","0","0","0","-4.98","-8.14","-1.72","360","","","","","","","","","",""
"17:46:46.468","ANA","1","+0.6","+0.0","+30.9","+0.0","+40.7343","+29.9413","-12.8","+74.0","-43.6","102143","102300","102221","0","0","0","0","0","0","0","0","0","0","-4.94","-8.13","-1.61","361","","","","","","","","","",""
"17:46:47.466","ANA","1","+0.6","+0.0","+30.9","+0.0","+40.7343","+29.9413","-19.7","+72.2","-37.6","102144","102300","102222","0","0","0","0","0","0","0","0","0","0","-4.84","-7.50","-2.23","362","","","","","","","","","",""
"17:46:48.463","ANA","1","+0.4","+0.0","+31.0","+0.0","+40.7343","+29.9413","-19.4","+70.8","-36.6","102147","102301","102224","0","0","0","0","0","0","0","0","0","0","-5.48","-7.73","-2.13","363","","","","","","","","","",""
"17:46:49.459","ANA","1","+0.4","+0.0","+31.0","+0.0","+40.7343","+29.9413","-19.5","+70.2","-35.4","102148","102297","102223","0","0","0","0","0","0","0","0","0","0","-5.88","-7.59","-2.26","364","","","","","","","","","",""
"17:46:50.455","ANA","1","+0.5","+0.0","+31.1","+0.0","+40.7343","+29.9413","-19.2","+70.5","-35.9","102146","102298","102222","0","0","0","0","0","0","0","0","0","0","-5.40","-7.38","-2.25","365","","","","","","","","","",""
"17:46:51.452","ANA","1","+0.4","+0.0","+31.2","+0.0","+40.7343","+29.9413","-19.3","+70.0","-35.2","102148","102298","102223","0","0","0","0","0","0","0","0","0","0","-5.71","-7.51","-2.13","366","","","","","","","","","",""
"17:46:52.449","ANA","1","+0.4","+0.0","+31.2","+0.0","+40.7343","+29.9413","-19.3","+70.2","-35.3","102147","102297","102222","0","0","0","0","0","0","0","0","0","0","-5.42","-7.52","-2.20","367","","","","","","","","","",""
"17:46:53.445","ANA","1","+0.4","+0.0","+31.3","+0.0","+40.7343","+29.9413","-18.9","+70.2","-35.2","102148","102297","102223","0","0","0","0","0","0","0","0","0","0","-5.55","-7.59","-2.03","368","","","","","","","","","",""
"17:46:54.441","ANA","1","+0.4","+0.0","+31.4","+0.0","+40.7343","+29.9413","-18.2","+69.8","-35.3","102148","102298","102223","0","0","0","0","0","0","0","0","0","0","-5.65","-7.57","-2.04","369","","","","","","","","","",""
"17:46:55.439","ANA","1","+0.4","+0.0","+31.3","+0.0","+40.7343","+29.9413","-15.2","+80.2","-32.1","102148","102297","102223","0","0","0","0","0","0","0","0","0","0","-6.26","-7.98","-3.41","370","","","","","","","","","",""
"17:46:56.434","ANA","1","+0.3","+0.0","+31.3","+0.0","+40.7343","+29.9413","-10.9","+79.1","-15.5","102152","102296","102224","0","0","0","0","0","0","0","0","0","0","-7.42","-5.11","-3.33","371","","","","","","","","","",""
"17:46:57.430","ANA","1","+0.2","+0.0","+31.4","+0.0","+40.7343","+29.9413","-14.1","+80.2","-17.5","102152","102298","102225","0","0","0","0","0","0","0","0","0","0","-7.23","-5.36","-3.83","372","","","","","","","","","",""
"17:46:58.427","ANA","1","+0.1","+0.0","+31.4","+0.0","+40.7343","+29.9413","-15.1","+81.0","-16.9","102152","102299","102225","0","0","0","0","0","0","0","0","0","0","-6.94","-5.26","-4.11","373","","","","","","","","","",""
"17:46:59.424","ANA","1","+0.2","+0.0","+31.5","+0.0","+40.7343","+29.9413","-16.0","+81.2","-17.7","102153","102296","102225","0","0","0","0","0","0","0","0","0","0","-7.03","-5.51","-4.00","374","","","","","","","","","",""
"17:47:00.420","ANA","1","+0.2","+0.0","+31.5","+0.0","+40.7343","+29.9413","-15.9","+81.0","-17.7","102151","102298","102225","0","0","0","0","0","0","0","0","0","0","-6.82","-5.36","-3.95","375","","","","","","","","","",""
"17:47:01.415","ANA","1","+0.2","+0.0","+31.5","+0.0","+40.7343","+29.9413","-23.7","+81.9","-17.4","102153","102297","102225","0","0","0","0","0","0","0","0","0","0","-6.63","-5.32","-4.55","376","","","","","","","","","",""
"17:47:02.412","ANA","1","+0.0","+0.0","+31.6","+0.0","+40.7343","+29.9413","-22.2","+81.3","-16.6","102155","102298","102226","0","0","0","0","0","0","0","0","0","0","-6.48","-5.53","-4.30","377","","","","","","","","","",""
"17:47:03.408","ANA","1","+0.1","+0.0","+31.6","+0.0","+40.7343","+29.9413","-20.9","+80.7","-17.0","102153","102297","102225","0","0","0","0","0","0","0","0","0","0","-6.82","-5.05","-4.46","378","","","","","","","","","",""
"17:47:04.404","ANA","1","+0.1","+0.0","+31.6","+0.0","+40.7343","+29.9413","-22.2","+80.2","-17.1","102155","102297","102226","0","0","0","0","0","0","0","0","0","0","-6.76","-5.28","-4.44","379","","","","","","","","","",""
"17:47:05.400","ANA","1","+0.1","+0.0","+31.6","+0.0","+40.7343","+29.9413","-21.7","+80.5","-16.9","102155","102296","102225","0","0","0","0","0","0","0","0","0","0","-6.90","-5.59","-4.30","380","","","","","","","","","",""
"17:47:06.397","ANA","1","+0.1","+0.0","+31.6","+0.0","+40.7343","+29.9413","-22.3","+80.3","-17.5","102153","102294","102224","0","0","0","0","0","0","0","0","0","0","-6.71","-5.53","-4.32","381","","","","","","","","","",""
"17:47:07.393","ANA","1","+0.2","+0.0","+31.6","+0.0","+40.7343","+29.9413","-22.8","+80.4","-17.5","102154","102294","102224","0","0","0","0","0","0","0","0","0","0","-6.78","-5.46","-4.36","382","","","","","","","","","",""
"17:47:08.390","ANA","1","+0.2","+0.0","+31.6","+0.0","+40.7343","+29.9413","-24.3","+79.7","-17.2","102154","102295","102225","0","0","0","0","0","0","0","0","0","0","-6.59","-5.50","-4.57","383","","","","","","","","","",""
"17:47:09.386","ANA","1","+0.0","+0.0","+31.6","+0.0","+40.7343","+29.9413","-23.1","+80.1","-16.7","102158","102296","102227","0","0","0","0","0","0","0","0","0","0","-6.76","-5.59","-4.11","384","","","","","","","","","",""
"17:47:10.382","ANA","1","+0.0","+0.0","+31.6","+0.0","+40.7343","+29.9413","-22.4","+79.7","-17.4","102158","102295","102227","0","0","0","0","0","0","0","0","0","0","-6.88","-5.34","-4.23","385","","","","","","","","","",""
"17:47:11.380","ANA","1","+0.0","+0.0","+31.6","+0.0","+40.7343","+29.9413","-23.0","+79.4","-18.0","102159","102299","102229","0","0","0","0","0","0","0","0","0","0","-6.73","-5.80","-4.11","386","","","","","","","","","",""
"17:47:12.376","ANA","1","+0.0","+0.0","+31.6","+0.0","+40.7343","+29.9413","-24.3","+79.1","-16.8","102159","102299","102229","0","0","0","0","0","0","0","0","0","0","-6.80","-5.36","-4.26","387","","","","","","","","","",""
"17:47:13.372","ANA","1","+0.0","+0.0","+31.6","+0.0","+40.7343","+29.9413","-25.6","+78.9","-15.9","102161","102301","102231","0","0","0","0","0","0","0","0","0","0","-6.90","-5.11","-4.57","388","","","","","","","","","",""
"17:47:14.368","ANA","1","+0.0","+0.0","+31.6","+0.0","+40.7343","+29.9413","-25.4","+78.9","-16.0","102162","102300","102231","0","0","0","0","0","0","0","0","0","0","-6.73","-5.36","-4.38","389","","","","","","","","","",""
"17:47:15.365","ANA","1","+0.0","+0.0","+31.6","+0.0","+40.7343","+29.9413","-24.8","+79.0","-15.9","102159","102299","102229","0","0","0","0","0","0","0","0","0","0","-6.92","-5.34","-4.34","390","","","","","","","","","",""
"17:47:16.361","ANA","1","+0.0","+0.0","+31.6","+0.0","+40.7343","+29.9413","-24.6","+78.5","-16.1","102159","102299","102229","0","0","0","0","0","0","0","0","0","0","-6.96","-5.71","-4.17","391","","","","","","","","","",""
"17:47:17.357","ANA","1","+0.0","+0.0","+31.6","+0.0","+40.7343","+29.9413","-25.9","+78.4","-16.0","102160","102299","102229","0","0","0","0","0","0","0","0","0","0","-6.80","-5.38","-4.40","392","","","","","","","","","",""
"17:47:18.354","ANA","1","+0.0","+0.0","+31.6","+0.0","+40.7343","+29.9413","-25.4","+78.0","-14.9","102159","102298","102228","0","0","0","0","0","0","0","0","0","0","-7.01","-5.50","-4.23","393","","","","","","","","","",""
"17:47:19.350","ANA","1","+0.0","+0.0","+31.6","+0.0","+40.7343","+29.9413","-25.2","+77.7","-14.6","102160","102298","102229","0","0","0","0","0","0","0","0","0","0","-6.96","-5.38","-4.23","394","","","","","","","","","",""
"17:47:20.348","ANA","1","+0.0","+0.0","+31.6","+0.0","+40.7343","+29.9413","-25.0","+77.6","-14.6","102158","102297","102227","0","0","0","0","0","0","0","0","0","0","-6.86","-5.44","-3.99","395","","","","","","","","","",""
"17:47:21.344","ANA","1","+0.0","+0.0","+31.6","+0.0","+40.7343","+29.9413","-25.4","+77.9","-15.2","102158","102298","102228","0","0","0","0","0","0","0","0","0","0","-6.86","-5.50","-4.11","396","","","","","","","","","",""
"17:47:22.340","ANA","1","+0.0","+0.0","+31.6","+0.0","+40.7343","+29.9413","-25.8","+77.6","-14.7","102158","102298","102228","0","0","0","0","0","0","0","0","0","0","-7.05","-5.48","-4.28","397","","","","","","","","","",""
"17:47:23.337","ANA","1","+0.0","+0.0","+31.6","+0.0","+40.7343","+29.9413","-25.2","+77.4","-14.4","102160","102300","102230","0","0","0","0","0","0","0","0","0","0","-7.07","-5.42","-4.09","398","","","","","","","","","",""
"17:47:24.333","ANA","1","+0.0","+0.0","+31.6","+0.0","+40.7343","+29.9413","-25.5","+77.3","-15.0","102158","102300","102229","0","0","0","0","0","0","0","0","0","0","-6.92","-5.44","-4.13","399","","","","","","","","","",""
"17:47:25.329","ANA","1","+0.0","+0.0","+31.5","+0.0","+40.7343","+29.9413","-25.8","+77.6","-14.6","102158","102300","102229","0","0","0","0","0","0","0","0","0","0","-6.90","-5.28","-4.21","400","","","","","","","","","",""
"17:47:26.326","ANA","1","+0.0","+0.0","+31.5","+0.0","+40.7343","+29.9413","-25.2","+77.5","-13.9","102159","102301","102230","0","0","0","0","0","0","0","0","0","0","-7.17","-5.23","-4.21","401","","","","","","","","","",""
"17:47:27.323","ANA","1","+0.0","+0.0","+31.5","+0.0","+40.7343","+29.9413","-24.7","+77.3","-14.1","102158","102299","102229","0","0","0","0","0","0","0","0","0","0","-7.13","-5.36","-4.07","402","","","","","","","","","",""
"17:47:28.318","ANA","1","+0.0","+0.0","+31.5","+0.0","+40.7343","+29.9413","-24.5","+77.5","-14.2","102155","102298","102227","0","0","0","0","0","0","0","0","0","0","-6.94","-5.23","-4.03","403","","","","","","","","","",""
"17:47:29.316","ANA","1","+0.0","+0.0","+31.5","+0.0","+40.7343","+29.9413","-24.4","+77.4","-14.5","102155","102298","102226","0","0","0","0","0","0","0","0","0","0","-6.96","-5.21","-4.19","404","","","","","","","","","",""
"17:47:30.312","ANA","1","+0.0","+0.0","+31.5","+0.0","+40.7343","+29.9413","-24.6","+77.5","-14.5","102154","102297","102225","0","0","0","0","0","0","0","0","0","0","-7.07","-5.40","-4.13","405","","","","","","","","","",""
"17:47:31.309","ANA","1","+0.2","+0.0","+31.5","+0.0","+40.7343","+29.9413","-24.3","+77.5","-14.5","102152","102295","102224","0","0","0","0","0","0","0","0","0","0","-6.92","-5.36","-4.00","406","","","","","","","","","",""
"17:47:32.306","ANA","1","+0.2","+0.0","+31.4","+0.0","+40.7343","+29.9413","-24.6","+77.4","-13.9","102153","102294","102223","0","0","0","0","0","0","0","0","0","0","-7.03","-5.30","-4.15","407","","","","","","","","","",""
"17:47:33.301","ANA","1","+0.3","+0.0","+31.4","+0.0","+40.7343","+29.9413","-24.5","+77.4","-14.5","102151","102292","102222","0","0","0","0","0","0","0","0","0","0","-7.01","-5.26","-4.19","408","","","","","","","","","",""
"17:47:34.298","ANA","1","+0.3","+0.0","+31.4","+0.0","+40.7343","+29.9413","-24.7","+77.4","-14.2","102152","102292","102222","0","0","0","0","0","0","0","0","0","0","-7.01","-5.32","-4.13","409","","","","","","","","","",""
"17:47:35.295","ANA","1","+0.3","+0.0","+31.4","+0.0","+40.7343","+29.9413","-24.8","+77.2","-14.6","102152","102293","102223","0","0","0","0","0","0","0","0","0","0","-6.96","-5.28","-4.21","410","","","","","","","","","",""
"17:47:36.292","ANA","1","+0.2","+0.0","+31.4","+0.0","+40.7343","+29.9413","-25.2","+77.2","-14.5","102153","102296","102224","0","0","0","0","0","0","0","0","0","0","-7.00","-5.46","-4.11","411","","","","","","","","","",""
"17:47:37.287","ANA","1","+0.1","+0.0","+31.4","+0.0","+40.7343","+29.9413","-25.1","+77.3","-14.6","102155","102295","102225","0","0","0","0","0","0","0","0","0","0","-6.92","-5.28","-4.21","412","","","","","","","","","",""
"17:47:38.284","ANA","1","+0.1","+0.0","+31.4","+0.0","+40.7343","+29.9413","-25.3","+77.2","-14.4","102154","102295","102225","0","0","0","0","0","0","0","0","0","0","-7.17","-5.30","-4.23","413","","","","","","","","","",""
"17:47:39.280","ANA","1","+0.1","+0.0","+31.4","+0.0","+40.7343","+29.9413","-25.1","+77.1","-14.4","102154","102296","102225","0","0","0","0","0","0","0","0","0","0","-7.09","-5.28","-4.23","414","","","","","","","","","",""
"17:47:40.278","ANA","1","+0.1","+0.0","+31.4","+0.0","+40.7343","+29.9413","-25.1","+76.7","-14.0","102154","102295","102225","0","0","0","0","0","0","0","0","0","0","-7.17","-5.28","-4.09","415","","","","","","","","","",""
"17:47:41.274","ANA","1","+0.1","+0.0","+31.3","+0.0","+40.7343","+29.9413","-25.0","+76.8","-14.4","102154","102293","102223","0","0","0","0","0","0","0","0","0","0","-7.01","-5.36","-4.03","416","","","","","","","","","",""
"17:47:42.270","ANA","1","+0.2","+0.0","+31.3","+0.0","+40.7343","+29.9413","-25.1","+77.2","-13.9","102154","102293","102223","0","0","0","0","0","0","0","0","0","0","-7.17","-5.34","-4.17","417","","","","","","","","","",""
"17:47:43.266","ANA","1","+0.2","+0.0","+31.3","+0.0","+40.7343","+29.9413","-24.9","+77.0","-14.4","102154","102293","102224","0","0","0","0","0","0","0","0","0","0","-7.05","-5.34","-4.00","418","","","","","","","","","",""
"17:47:44.263","ANA","1","+0.2","+0.0","+31.3","+0.0","+40.7343","+29.9413","-26.4","+76.6","-13.8","102154","102293","102223","0","0","0","0","0","0","0","0","0","0","-7.13","-5.15","-4.23","419","","","","","","","","","",""
"17:47:45.238","ANA","1","+0.2","+0.0","+31.2","+0.0","+40.7343","+29.9413","-39.8","+70.7","-9.9","102153","102295","102224","0","0","0","0","0","0","0","0","0","0","-6.86","-4.73","-4.40","420","","","","","","","","","",""
"17:47:46.254","ANA","1","+0.1","+0.0","+31.2","+0.0","+40.7343","+29.9413","-63.9","+52.1","-0.5","102153","102301","102227","0","0","0","0","0","0","0","0","0","0","-6.46","-4.88","-3.53","421","","","","","","","","","",""
"17:47:47.272","ANA","1","+0.0","+0.0","+31.1","+0.0","+40.7343","+29.9413","-73.2","+48.1","+1.1","102158","102302","102230","0","0","0","0","0","0","0","0","0","0","-6.32","-4.11","-4.44","422","","","","","","","","","",""
"17:47:48.310","ANA","1","+0.0","+0.0","+31.1","+0.0","+40.7343","+29.9413","-87.3","+34.4","+10.0","102159","102301","102230","0","0","0","0","0","0","0","0","0","0","-6.92","-4.96","-4.67","423","","","","","","","","","",""
"17:47:49.284","ANA","1","+0.0","+0.0","+31.0","+0.0","+40.7343","+29.9413","-85.3","+34.6","+8.1","102159","102301","102230","0","0","0","0","0","0","0","0","0","0","-8.47","-5.42","-4.92","424","","","","","","","","","",""
"17:47:50.300","ANA","1","+0.0","+0.0","+31.0","+0.0","+40.7343","+29.9413","-79.6","+41.8","+6.8","102158","102300","102229","0","0","0","0","0","0","0","0","0","0","-7.92","-4.84","-4.30","425","","","","","","","","","",""
"17:47:51.317","ANA","1","+0.0","+0.0","+31.0","+0.0","+40.7343","+29.9413","-83.5","+40.0","+7.5","102157","102300","102229","0","0","0","0","0","0","0","0","0","0","-7.98","-7.28","-5.94","426","","","","","","","","","",""
"17:47:52.334","ANA","1","+0.0","+0.0","+31.0","+0.0","+40.7343","+29.9413","-80.4","+41.8","+8.0","102156","102302","102229","0","0","0","0","0","0","0","0","0","0","-6.80","-4.46","-4.34","427","","","","","","","","","",""
"17:47:53.374","ANA","1","+0.0","+0.0","+31.0","+0.0","+40.7343","+29.9413","-83.6","+40.0","+9.5","102159","102301","102230","0","0","0","0","0","0","0","0","0","0","-10.17","-6.15","-5.19","428","","","","","","","","","",""
"17:47:54.371","ANA","1","+0.0","+0.0","+30.9","+0.0","+40.7343","+29.9413","-83.2","+53.2","+19.7","102158","102301","102229","0","0","0","0","0","0","0","0","0","0","-7.15","-2.52","-4.77","429","","","","","","","","","",""
"17:47:55.421","ANA","1","+0.0","+0.0","+30.9","+0.0","+40.7343","+29.9413","-82.4","+53.7","+16.1","102156","102304","102230","0","0","0","0","0","0","0","0","0","0","-7.96","-2.39","-4.11","430","","","","","","","","","",""
"17:47:56.364","ANA","1","+0.0","+0.0","+30.8","+0.0","+40.7343","+29.9413","-76.9","+57.7","+14.9","102155","102302","102229","0","0","0","0","0","0","0","0","0","0","-9.10","-3.84","-5.90","431","","","","","","","","","",""
"17:47:57.360","ANA","1","+0.0","+0.0","+30.8","+0.0","+40.7343","+29.9413","-96.8","+40.0","+21.2","102157","102304","102230","0","0","0","0","0","0","0","0","0","0","-6.90","-2.82","-6.09","432","","","","","","","","","",""
"17:47:58.357","ANA","1","+0.0","+0.0","+30.8","+0.0","+40.7343","+29.9413","-93.7","+39.2","+11.2","102157","102303","102230","0","0","0","0","0","0","0","0","0","0","-6.53","-3.92","-5.63","433","","","","","","","","","",""
"17:47:59.355","ANA","1","+0.0","+0.0","+30.8","+0.0","+40.7342","+29.9413","-85.6","+43.6","+10.6","102158","102303","102231","0","0","0","0","0","0","0","0","0","0","-10.02","-3.23","-4.92","434","","","","","","","","","",""
"17:48:00.350","ANA","1","+0.0","+0.0","+30.8","+0.0","+40.7342","+29.9413","-80.1","+48.1","+11.5","102161","102303","102232","0","0","0","0","0","0","0","0","0","0","-7.73","-4.32","-6.23","435","","","","","","","","","",""
"17:48:01.346","ANA","1","+0.0","+0.0","+30.8","+0.0","+40.7342","+29.9413","-74.6","+54.6","+10.7","102157","102301","102229","0","0","0","0","0","0","0","0","0","0","-5.21","-3.28","-3.75","436","","","","","","","","","",""
"17:48:02.343","ANA","1","+0.0","+0.0","+30.8","+0.0","+40.7342","+29.9413","-76.2","+53.8","+11.8","102159","102299","102229","0","0","0","0","0","0","0","0","0","0","-8.14","-3.82","-3.93","437","","","","","","","","","",""
"17:48:03.340","ANA","1","+0.0","+0.0","+30.8","+0.0","+40.7342","+29.9413","-82.6","+49.3","+11.0","102158","102302","102230","0","0","0","0","0","0","0","0","0","0","-5.86","-0.35","-3.85","438","","","","","","","","","",""
"17:48:04.336","ANA","1","+0.0","+0.0","+30.8","+0.0","+40.7342","+29.9413","-89.9","+43.0","+14.7","102160","102301","102231","0","0","0","0","0","0","0","0","0","0","-9.19","-6.96","-7.28","439","","","","","","","","","",""
"17:48:05.332","ANA","1","+0.0","+0.0","+30.8","+0.0","+40.7342","+29.9413","-89.4","+40.2","+14.0","102161","102304","102232","0","0","0","0","0","0","0","0","0","0","-6.86","-5.73","-5.94","440","","","","","","","","","",""
"17:48:06.328","ANA","1","+0.0","+0.0","+30.8","+0.0","+40.7342","+29.9413","-95.0","+42.3","+13.1","102160","102302","102231","0","0","0","0","0","0","0","0","0","0","-4.48","-2.39","-4.78","441","","","","","","","","","",""
"17:48:07.324","ANA","1","+0.0","+0.0","+30.8","+0.0","+40.7342","+29.9413","-91.4","+41.1","+10.6","102159","102303","102231","0","0","0","0","0","0","0","0","0","0","-4.98","-3.71","-4.69","442","","","","","","","","","",""
"17:48:08.298","ANA","1","+0.0","+0.0","+30.8","+0.0","+40.7342","+29.9413","-84.1","+41.6","+9.1","102157","102302","102230","0","0","0","0","0","0","0","0","0","0","-5.38","-2.63","-3.43","443","","","","","","","","","",""
"17:48:09.338","ANA","1","+0.0","+0.0","+30.8","+0.0","+40.7342","+29.9413","-82.5","+51.9","+8.9","102156","102301","102228","0","0","0","0","0","0","0","0","0","0","-10.30","-4.13","-6.73","444","","","","","","","","","",""
"17:48:10.312","ANA","1","+0.0","+0.0","+30.8","+0.0","+40.7341","+29.9413","-78.4","+52.4","+9.3","102155","102301","102228","0","0","0","0","0","0","0","0","0","0","-6.92","-4.40","-6.53","445","","","","","","","","","",""
"17:48:11.351","ANA","1","+0.0","+0.0","+30.9","+0.0","+40.7341","+29.9413","-78.0","+51.5","+10.5","102160","102299","102230","0","0","0","0","0","0","0","0","0","0","-5.77","-3.80","-4.19","446","","","","","","","","","",""
"17:48:12.346","ANA","1","+0.0","+0.0","+30.9","+0.0","+40.7341","+29.9413","-80.3","+52.5","+12.2","102157","102300","102228","0","0","0","0","0","0","0","0","0","0","-7.09","-3.14","-4.15","447","","","","","","","","","",""
"17:48:13.342","ANA","1","+0.0","+0.0","+30.9","+0.0","+40.7341","+29.9413","-86.1","+50.7","+13.8","102156","102298","102227","0","0","0","0","0","0","0","0","0","0","-7.94","-1.20","-5.50","448","","","","","","","","","",""
"17:48:15.335","ANA","1","+0.0","+0.0","+31.0","+0.0","+40.7341","+29.9413","-86.0","+46.3","+14.6","102156","102297","102226","0","0","0","0","0","0","0","0","0","0","-6.86","-4.13","-5.96","450","","","","","","","","","",""
"17:48:16.331","ANA","1","+0.0","+0.0","+31.0","+0.0","+40.7341","+29.9413","-88.1","+42.3","+16.5","102156","102297","102227","0","0","0","0","0","0","0","0","0","0","-5.51","-2.64","-4.73","451","","","","","","","","","",""
"17:48:17.327","ANA","1","+0.0","+0.0","+31.0","+0.0","+40.7341","+29.9413","-85.4","+40.0","+14.7","102158","102297","102228","0","0","0","0","0","0","0","0","0","0","-7.17","-3.36","-4.75","452","","","","","","","","","",""
"17:48:18.324","ANA","1","+0.0","+0.0","+31.0","+0.0","+40.7341","+29.9413","-82.4","+41.9","+14.7","102157","102297","102227","0","0","0","0","0","0","0","0","0","0","-7.30","-3.00","-3.13","453","","","","","","","","","",""
"17:48:20.316","ANA","1","+0.0","+0.0","+31.1","+0.0","+40.7340","+29.9413","-77.6","+45.3","+12.6","102158","102298","102228","0","0","0","0","0","0","0","0","0","0","-7.88","-5.40","-5.80","455","","","","","","","","","",""
"17:48:21.289","ANA","1","+0.0","+0.0","+31.1","+0.0","+40.7340","+29.9413","-76.1","+45.0","+9.2","102159","102300","102229","0","0","0","0","0","0","0","0","0","0","-5.61","-3.84","-3.65","456","","","","","","","","","",""
"17:48:22.306","ANA","1","+0.0","+0.0","+31.0","+0.0","+40.7340","+29.9413","-73.3","+47.4","+6.6","102159","102299","102229","0","0","0","0","0","0","0","0","0","0","-6.65","-4.86","-3.52","457","","","","","","","","","",""
"17:48:23.321","ANA","1","+0.0","+0.0","+31.0","+0.0","+40.7340","+29.9413","-78.6","+44.5","+6.7","102161","102299","102230","0","0","0","0","0","0","0","0","0","0","-5.90","-3.09","-3.89","458","","","","","","","","","",""
"17:48:24.360","ANA","1","+0.0","+0.0","+31.0","+0.0","+40.7340","+29.9413","-79.4","+47.1","+6.2","102160","102301","102231","0","0","0","0","0","0","0","0","0","0","-10.85","-4.94","-5.75","459","","","","","","","","","",""
"17:48:25.335","ANA","1","+0.0","+0.0","+31.0","+0.0","+40.7340","+29.9413","-86.1","+36.7","+2.3","102158","102300","102229","0","0","0","0","0","0","0","0","0","0","-7.71","-7.69","-6.36","460","","","","","","","","","",""
"17:48:26.350","ANA","1","+0.0","+0.0","+31.0","+0.0","+40.7340","+29.9413","-88.0","+43.9","+8.3","102157","102299","102228","0","0","0","0","0","0","0","0","0","0","-5.36","-4.76","-5.96","461","","","","","","","","","",""
"17:48:27.366","ANA","1","+0.0","+0.0","+31.0","+0.0","+40.7340","+29.9413","-88.0","+39.1","+9.3","102156","102301","102228","0","0","0","0","0","0","0","0","0","0","-4.42","-3.10","-5.21","462","","","","","","","","","",""
"17:48:28.383","ANA","1","+0.0","+0.0","+31.0","+0.0","+40.7340","+29.9413","-82.3","+41.1","+8.3","102155","102301","102228","0","0","0","0","0","0","0","0","0","0","-6.92","-4.32","-4.78","463","","","","","","","","","",""
"17:48:30.416","ANA","1","+0.0","+0.0","+30.9","+0.0","+40.7340","+29.9413","-81.2","+40.9","+9.6","102161","102301","102231","0","0","0","0","0","0","0","0","0","0","-8.02","-8.02","-4.90","465","","","","","","","","","",""
"17:48:31.433","ANA","1","+0.0","+0.0","+30.9","+0.0","+40.7340","+29.9413","-77.9","+44.0","+9.8","102159","102298","102229","0","0","0","0","0","0","0","0","0","0","-8.47","-6.26","-6.55","466","","","","","","","","","",""
"17:48:32.471","ANA","1","+0.0","+0.0","+30.9","+0.0","+40.7340","+29.9413","-78.3","+44.0","+10.4","102159","102298","102229","0","0","0","0","0","0","0","0","0","0","-6.42","-4.48","-4.94","467","","","","","","","","","",""
"17:48:33.445","ANA","1","+0.0","+0.0","+30.9","+0.0","+40.7340","+29.9413","-82.4","+45.1","+6.2","102158","102297","102227","0","0","0","0","0","0","0","0","0","0","-3.50","-3.57","-3.53","468","","","","","","","","","",""
"17:48:34.461","ANA","1","+0.0","+0.0","+30.9","+0.0","+40.7339","+29.9413","-84.3","+43.9","+6.6","102155","102294","102225","0","0","0","0","0","0","0","0","0","0","-6.86","-3.88","-4.61","469","","","","","","","","","",""
"17:48:35.479","ANA","1","+0.2","+0.0","+30.9","+0.0","+40.7339","+29.9413","-87.1","+43.6","+8.9","102153","102293","102223","0","0","0","0","0","0","0","0","0","0","-6.79","-0.63","-5.69","470","","","","","","","","","",""
"17:48:37.512","ANA","1","+0.0","+0.0","+31.0","+0.0","+40.7339","+29.9413","-90.6","+35.4","+12.5","102158","102293","102226","0","0","0","0","0","0","0","0","0","0","-5.98","-5.23","-6.53","472","","","","","","","","","",""
"17:48:38.508","ANA","1","+0.1","+0.0","+31.0","+0.0","+40.7339","+29.9413","-69.0","+49.2","+10.1","102154","102293","102224","0","0","0","0","0","0","0","0","0","0","-5.98","-4.32","-3.90","473","","","","","","","","","",""
"17:48:39.482","ANA","1","+0.1","+0.0","+31.0","+0.0","+40.7339","+29.9413","-69.0","+46.6","+9.0","102155","102294","102224","0","0","0","0","0","0","0","0","0","0","-8.14","-3.27","-4.01","474","","","","","","","","","",""
"17:48:40.498","ANA","1","+0.2","+0.0","+31.0","+0.0","+40.7339","+29.9413","-66.6","+51.1","+7.9","102153","102294","102223","0","0","0","0","0","0","0","0","0","0","-8.05","-4.65","-6.34","475","","","","","","","","","",""
"17:48:41.515","ANA","1","+0.3","+0.0","+31.1","+0.0","+40.7339","+29.9413","-66.4","+55.5","+7.3","102152","102294","102223","0","0","0","0","0","0","0","0","0","0","-6.17","-4.88","-3.76","476","","","","","","","","","",""
"17:48:42.531","ANA","1","+0.2","+0.0","+31.1","+0.0","+40.7339","+29.9413","-65.0","+58.1","+5.2","102153","102292","102223","0","0","0","0","0","0","0","0","0","0","-7.21","-5.48","-3.79","477","","","","","","","","","",""
"17:48:43.546","ANA","1","+0.1","+0.0","+31.1","+0.0","+40.7339","+29.9413","-82.1","+44.5","+7.1","102156","102291","102223","0","0","0","0","0","0","0","0","0","0","-6.80","-2.99","-5.01","478","","","","","","","","","",""
"17:48:44.588","ANA","1","+0.2","+0.0","+31.1","+0.0","+40.7339","+29.9413","-88.3","+38.5","+16.1","102155","102290","102223","0","0","0","0","0","0","0","0","0","0","-10.10","-5.69","-7.23","479","","","","","","","","","",""
"17:48:45.582","ANA","1","+0.1","+0.0","+31.1","+0.0","+40.7339","+29.9413","-80.5","+45.1","+11.9","102155","102291","102223","0","0","0","0","0","0","0","0","0","0","-5.75","-5.01","-5.13","480","","","","","","","","","",""
"17:48:46.577","ANA","1","+0.1","+0.0","+31.1","+0.0","+40.7339","+29.9413","-84.7","+38.2","+11.9","102156","102293","102225","0","0","0","0","0","0","0","0","0","0","-4.59","-3.00","-5.36","481","","","","","","","","","",""
"17:48:47.575","ANA","1","+0.0","+0.0","+31.1","+0.0","+40.7339","+29.9413","-76.7","+40.9","+11.4","102156","102292","102224","0","0","0","0","0","0","0","0","0","0","-7.90","-3.84","-2.52","482","","","","","","","","","",""
"17:48:48.570","ANA","1","+0.1","+0.0","+31.1","+0.0","+40.7339","+29.9413","-79.7","+40.2","+13.0","102157","102293","102225","0","0","0","0","0","0","0","0","0","0","-9.60","-7.40","-6.26","483","","","","","","","","","",""
"17:48:49.566","ANA","1","+0.1","+0.0","+31.1","+0.0","+40.7339","+29.9413","-75.4","+44.1","+15.2","102156","102292","102224","0","0","0","0","0","0","0","0","0","0","-7.61","-4.32","-5.00","484","","","","","","","","","",""
"17:48:51.558","ANA","1","+0.1","+0.0","+31.2","+0.0","+40.7339","+29.9413","-79.6","+40.9","+12.0","102155","102294","102224","0","0","0","0","0","0","0","0","0","0","-8.77","-6.03","-3.11","486","","","","","","","","","",""
"17:48:52.554","ANA","1","+0.0","+0.0","+31.2","+0.0","+40.7339","+29.9413","-88.5","+37.3","+12.2","102158","102293","102226","0","0","0","0","0","0","0","0","0","0","-6.55","-1.62","-4.53","487","","","","","","","","","",""
"17:48:53.551","ANA","1","+0.0","+0.0","+31.2","+0.0","+40.7339","+29.9413","-91.0","+35.3","+15.0","102158","102294","102226","0","0","0","0","0","0","0","0","0","0","-8.10","-7.25","-6.75","488","","","","","","","","","",""
"17:48:54.547","ANA","1","+0.0","+0.0","+31.2","+0.0","+40.7339","+29.9413","-90.1","+34.9","+18.8","102158","102292","102225","0","0","0","0","0","0","0","0","0","0","-7.32","-6.13","-6.48","489","","","","","","","","","",""
"17:48:55.564","ANA","1","+0.0","+0.0","+31.2","+0.0","+40.7339","+29.9413","-90.4","+30.5","+17.2","102156","102293","102225","0","0","0","0","0","0","0","0","0","0","-5.69","-3.02","-4.61","490","","","","","","","","","",""
"17:48:56.538","ANA","1","+0.1","+0.0","+31.2","+0.0","+40.7339","+29.9413","-86.2","+31.9","+13.9","102154","102293","102224","0","0","0","0","0","0","0","0","0","0","-4.13","-3.79","-4.03","491","","","","","","","","","",""
"17:48:57.536","ANA","1","+0.1","+0.0","+31.2","+0.0","+40.7339","+29.9413","-89.7","+43.5","+20.6","102155","102292","102224","0","0","0","0","0","0","0","0","0","0","-7.05","-4.05","-4.34","492","","","","","","","","","",""
"17:48:58.534","ANA","1","+0.1","+0.0","+31.2","+0.0","+40.7339","+29.9413","-89.9","+36.4","+16.4","102155","102293","102224","0","0","0","0","0","0","0","0","0","0","-13.86","-3.79","-6.75","493","","","","","","","","","",""
"17:48:59.527","ANA","1","+0.1","+0.0","+31.2","+0.0","+40.7339","+29.9413","-82.5","+36.8","+13.8","102155","102292","102224","0","0","0","0","0","0","0","0","0","0","-8.32","-7.38","-6.96","494","","","","","","","","","",""
"17:49:00.523","ANA","1","+0.1","+0.0","+31.2","+0.0","+40.7339","+29.9413","-81.0","+40.9","+14.0","102154","102293","102223","0","0","0","0","0","0","0","0","0","0","-6.23","-5.03","-5.73","495","","","","","","","","","",""
"17:49:03.512","ANA","1","+0.4","+0.0","+31.3","+0.0","+40.7339","+29.9413","-87.6","+36.6","+12.9","102153","102291","102222","0","0","0","0","0","0","0","0","0","0","-4.65","-2.70","-3.88","498","","","","","","","","","",""
"17:49:05.504","ANA","1","+0.1","+0.0","+31.3","+0.0","+40.7339","+29.9413","-92.5","+31.3","+20.0","102155","102293","102224","0","0","0","0","0","0","0","0","0","0","-5.90","-5.55","-5.82","500","","","","","","","","","",""
"17:49:06.501","ANA","1","+0.1","+0.0","+31.3","+0.0","+40.7339","+29.9413","-96.6","+26.2","+19.2","102157","102293","102225","0","0","0","0","0","0","0","0","0","0","-3.88","-1.25","-5.03","501","","","","","","","","","",""
"17:49:08.492","ANA","1","+0.0","+0.0","+31.3","+0.0","+40.7339","+29.9413","-87.7","+29.9","+19.2","102160","102296","102228","0","0","0","0","0","0","0","0","0","0","-8.30","-4.21","-3.33","503","","","","","","","","","",""
"17:49:10.485","ANA","1","+0.0","+0.0","+31.3","+0.0","+40.7339","+29.9413","-81.2","+37.6","+14.9","102156","102297","102226","0","0","0","0","0","0","0","0","0","0","-6.26","-5.32","-5.17","505","","","","","","","","","",""
"17:49:11.481","ANA","1","+0.0","+0.0","+31.3","+0.0","+40.7339","+29.9413","-84.4","+34.8","+19.5","102157","102296","102226","0","0","0","0","0","0","0","0","0","0","-4.78","-3.99","-3.57","506","","","","","","","","","",""
"17:49:12.476","ANA","1","+0.1","+0.0","+31.3","+0.0","+40.7339","+29.9413","-86.4","+34.9","+15.5","102155","102294","102225","0","0","0","0","0","0","0","0","0","0","-4.63","-5.09","-3.33","507","","","","","","","","","",""
"17:49:14.470","ANA","1","+0.0","+0.0","+31.3","+0.0","+40.7339","+29.9413","-93.4","+32.7","+18.2","102157","102294","102225","0","0","0","0","0","0","0","0","0","0","-6.76","-1.41","-4.44","509","","","","","","","","","",""
"17:49:16.461","ANA","1","+0.0","+0.0","+31.3","+0.0","+40.7339","+29.9413","-92.2","+31.5","+21.9","102158","102292","102225","0","0","0","0","0","0","0","0","0","0","-8.67","-5.23","-6.88","511","","","","","","","","","",""
"17:49:17.457","ANA","1","+0.0","+0.0","+31.3","+0.0","+40.7339","+29.9413","-92.1","+32.1","+20.7","102157","102293","102225","0","0","0","0","0","0","0","0","0","0","-7.01","-4.26","-6.26","512","","","","","","","","","",""
"17:49:18.453","ANA","1","+0.0","+0.0","+31.3","+0.0","+40.7339","+29.9413","-88.7","+31.8","+20.0","102158","102295","102226","0","0","0","0","0","0","0","0","0","0","-5.67","-3.78","-3.99","513","","","","","","","","","",""
"17:49:20.446","ANA","1","+0.0","+0.0","+31.3","+0.0","+40.7335","+29.9413","-90.6","+29.6","+20.0","102161","102296","102228","0","0","0","0","0","0","0","0","0","0","-5.07","-3.74","-4.07","515","","","","","","","","","",""
"17:49:21.442","ANA","1","+0.0","+0.0","+31.3","+0.0","+40.7335","+29.9413","-89.9","+28.8","+17.1","102157","102296","102226","0","0","0","0","0","0","0","0","0","0","-6.94","-3.63","-3.51","516","","","","","","","","","",""
"17:49:22.440","ANA","1","+0.0","+0.0","+31.3","+0.0","+40.7335","+29.9413","-89.8","+32.3","+18.1","102157","102292","102225","0","0","0","0","0","0","0","0","0","0","-11.79","-3.79","-5.48","517","","","","","","","","","",""
"17:49:23.433","ANA","1","+0.0","+0.0","+31.3","+0.0","+40.7334","+29.9413","-86.8","+35.0","+19.5","102159","102292","102225","0","0","0","0","0","0","0","0","0","0","-8.71","-5.53","-7.36","518","","","","","","","","","",""
"17:49:24.430","ANA","1","+0.0","+0.0","+31.3","+0.0","+40.7334","+29.9413","-89.1","+38.1","+21.5","102158","102294","102226","0","0","0","0","0","0","0","0","0","0","-6.21","-3.24","-6.01","519","","","","","","","","","",""
"17:49:25.426","ANA","1","+0.0","+0.0","+31.3","+0.0","+40.7334","+29.9413","-89.1","+38.1","+18.9","102157","102295","102226","0","0","0","0","0","0","0","0","0","0","-3.93","-3.46","-3.47","520","","","","","","","","","",""
"17:49:28.414","ANA","1","+0.0","+0.0","+31.3","+0.0","+40.7334","+29.9413","-92.9","+38.5","+18.9","102156","102295","102225","0","0","0","0","0","0","0","0","0","0","-7.69","-0.67","-5.13","523","","","","","","","","","",""
"17:49:31.378","ANA","1","+0.0","+0.0","+31.3","+0.0","+40.7334","+29.9413","-84.8","-5.4","+0.2","102157","102294","102225","0","0","0","0","0","0","0","0","0","0","-3.22","-8.47","-3.66","526","","","","","","","","","",""
"17:49:32.418","ANA","1","+0.0","+0.0","+31.3","+0.0","+40.7334","+29.9413","-91.1","-12.1","-17.5","102156","102295","102226","0","0","0","0","0","0","0","0","0","0","-0.90","-6.13","-4.42","527","","","","","","","","","",""
"17:49:34.408","ANA","1","+0.1","+0.0","+31.3","+0.0","+40.7334","+29.9413","-79.5","+14.5","-2.7","102153","102296","102225","0","0","0","0","0","0","0","0","0","0","-5.57","-7.63","-2.15","529","","","","","","","","","",""
"17:49:37.436","ANA","1","+0.2","+0.0","+31.4","+0.0","+40.7334","+29.9413","-70.8","+1.3","+4.6","102153","102295","102224","0","0","0","0","0","0","0","0","0","0","-5.71","-10.21","-1.66","532","","","","","","","","","",""
"17:49:38.450","ANA","1","+0.3","+0.0","+31.4","+0.0","+40.7334","+29.9413","-69.1","-3.5","-0.3","102151","102294","102222","0","0","0","0","0","0","0","0","0","0","-3.01","-8.35","-0.67","533","","","","","","","","","",""
"17:49:39.467","ANA","1","+0.4","+0.0","+31.4","+0.0","+40.7334","+29.9413","-69.5","-2.1","-0.0","102151","102293","102222","0","0","0","0","0","0","0","0","0","0","-2.00","-8.00","-0.82","534","","","","","","","","","",""
"17:49:40.483","ANA","1","+0.3","+0.0","+31.5","+0.0","+40.7334","+29.9413","-74.9","-4.8","+0.0","102151","102292","102222","0","0","0","0","0","0","0","0","0","0","-2.44","-7.17","-0.61","535","","","","","","","","","",""
"17:49:42.518","ANA","1","+0.3","+0.0","+31.5","+0.0","+40.7334","+29.9413","-76.3","+11.7","-4.8","102152","102294","102223","0","0","0","0","0","0","0","0","0","0","-4.69","-7.50","-2.93","537","","","","","","","","","",""
"17:49:43.534","ANA","1","+0.2","+0.0","+31.6","+0.0","+40.7334","+29.9413","-76.5","+7.1","-1.2","102154","102292","102223","0","0","0","0","0","0","0","0","0","0","-6.73","-11.02","-3.39","538","","","","","","","","","",""
"17:49:44.550","ANA","1","+0.1","+0.0","+31.6","+0.0","+40.7334","+29.9413","-75.3","+2.9","-1.8","102156","102295","102225","0","0","0","0","0","0","0","0","0","0","-3.81","-10.73","-2.23","539","","","","","","","","","",""
"17:49:45.565","ANA","1","+0.1","+0.0","+31.6","+0.0","+40.7334","+29.9413","-78.5","-6.2","+1.8","102154","102296","102225","0","0","0","0","0","0","0","0","0","0","-3.27","-9.21","-2.94","540","","","","","","","","","",""
"17:49:46.580","ANA","1","+0.1","+0.0","+31.6","+0.0","+40.7334","+29.9413","-72.4","-4.4","-7.6","102152","102296","102224","0","0","0","0","0","0","0","0","0","0","-2.22","-8.82","-1.13","541","","","","","","","","","",""
"17:49:50.645","ANA","1","+0.0","+0.0","+31.7","+0.0","+40.7334","+29.9413","-78.0","-6.8","-4.3","102154","102297","102226","0","0","0","0","0","0","0","0","0","0","-2.20","-9.38","-2.31","545","","","","","","","","","",""
"17:49:51.664","ANA","1","+0.0","+0.0","+31.7","+0.0","+40.7334","+29.9413","-71.5","+2.2","-7.2","102156","102297","102226","0","0","0","0","0","0","0","0","0","0","-3.29","-10.46","-1.79","546","","","","","","","","","",""
"17:49:55.751","ANA","1","+0.0","+0.0","+31.9","+0.0","+40.7334","+29.9413","-74.8","-11.7","-0.0","102157","102294","102225","0","0","0","0","0","0","0","0","0","0","-4.67","-10.27","-0.58","550","","","","","","","","","",""
"17:49:56.722","ANA","1","+0.1","+0.0","+31.9","+0.0","+40.7334","+29.9413","-73.3","-5.6","-3.8","102154","102294","102224","0","0","0","0","0","0","0","0","0","0","-2.72","-7.80","-0.78","551","","","","","","","","","",""
"17:49:57.738","ANA","1","+0.1","+0.0","+31.9","+0.0","+40.7334","+29.9413","-73.0","-4.6","-4.9","102153","102295","102224","0","0","0","0","0","0","0","0","0","0","-3.17","-8.85","-0.67","552","","","","","","","","","",""
"17:49:58.754","ANA","1","+0.2","+0.0","+31.9","+0.0","+40.7334","+29.9413","-75.1","-5.3","-7.3","102151","102296","102224","0","0","0","0","0","0","0","0","0","0","-3.45","-8.90","-0.70","553","","","","","","","","","",""
"17:49:59.770","ANA","1","+0.2","+0.0","+32.0","+0.0","+40.7334","+29.9413","-74.9","-4.6","-8.1","102153","102298","102225","0","0","0","0","0","0","0","0","0","0","-3.71","-9.09","-0.50","554","","","","","","","","","",""
"17:50:07.900","ANA","1","+0.3","+0.0","+32.3","+0.0","+40.7334","+29.9413","-73.1","-6.4","-6.9","102152","102293","102222","0","0","0","0","0","0","0","0","0","0","-3.79","-8.85","+0.02","562","","","","","","","","","",""
"17:50:11.964","ANA","1","+0.3","+0.0","+32.4","+0.0","+40.7330","+29.9413","-74.8","-6.6","-8.5","102152","102295","102223","0","0","0","0","0","0","0","0","0","0","-3.52","-9.02","-0.37","566","","","","","","","","","",""
"17:50:16.029","ANA","1","+0.4","+0.0","+32.4","+0.0","+40.7330","+29.9413","-72.3","-4.6","-7.0","102150","102293","102221","0","0","0","0","0","0","0","0","0","0","-3.95","-8.89","-0.02","570","","","","","","","","","",""
"17:50:17.044","ANA","1","+0.4","+0.0","+32.4","+0.0","+40.7330","+29.9413","-72.8","-5.0","-6.7","102150","102294","102222","0","0","0","0","0","0","0","0","0","0","-3.79","-8.73","+0.08","571","","","","","","","","","",""
"17:50:19.077","ANA","1","+0.5","+0.0","+32.4","+0.0","+40.7330","+29.9413","-73.1","-3.9","-5.2","102147","102293","102220","0","0","0","0","0","0","0","0","0","0","-4.28","-8.89","+0.00","573","","","","","","","","","",""
"17:50:20.119","ANA","1","+0.8","+0.0","+32.4","+0.0","+40.7330","+29.9413","-66.0","+19.8","-20.2","102143","102289","102216","0","0","0","0","0","0","0","0","0","0","-4.67","-8.18","-0.83","574","","","","","","","","","",""
"17:50:21.114","ANA","1","+0.9","+0.0","+32.4","+0.0","+40.7330","+29.9413","-52.4","+39.4","-28.0","102142","102290","102216","0","0","0","0","0","0","0","0","0","0","-3.84","-7.55","-1.73","575","","","","","","","","","",""
"17:50:22.109","ANA","1","+0.7","+0.0","+32.3","+0.0","+40.7330","+29.9413","-67.2","+16.0","-18.6","102146","102290","102218","0","0","0","0","0","0","0","0","0","0","-4.86","-7.82","-1.76","576","","","","","","","","","",""
"17:50:25.138","ANA","1","+0.5","+0.0","+32.2","+0.0","+40.7330","+29.9413","-92.1","-13.7","+10.4","102151","102287","102219","0","0","0","0","0","0","0","0","0","0","-5.59","-9.72","-0.99","579","","","","","","","","","",""
"17:50:27.176","ANA","1","+0.4","+0.0","+32.1","+0.0","+40.7330","+29.9413","-96.9","-20.2","+10.4","102154","102289","102222","0","0","0","0","0","0","0","0","0","0","-4.94","-6.80","-1.16","581","","","","","","","","","",""
"17:50:28.147","ANA","1","+0.4","+0.0","+32.1","+0.0","+40.7330","+29.9413","-90.8","-15.1","+11.1","102150","102289","102220","0","0","0","0","0","0","0","0","0","0","-5.19","-8.00","-1.16","582","","","","","","","","","",""
"17:50:29.121","ANA","1","+0.5","+0.0","+32.1","+0.0","+40.7330","+29.9413","-83.3","-10.9","-4.2","102149","102291","102220","0","0","0","0","0","0","0","0","0","0","-4.11","-9.21","-1.12","583","","","","","","","","","",""
"17:50:31.178","ANA","1","+0.4","+0.0","+32.0","+0.0","+40.7330","+29.9413","-96.8","-28.1","+13.4","102149","102295","102222","0","0","0","0","0","0","0","0","0","0","-5.90","-11.43","-3.43","585","","","","","","","","","",""
"17:50:33.144","ANA","1","+0.5","+0.0","+32.0","+0.0","+40.7330","+29.9413","-87.3","-2.4","+1.1","102148","102293","102220","0","0","0","0","0","0","0","0","0","0","-4.86","-9.05","-2.79","587","","","","","","","","","",""
"17:50:35.181","ANA","1","+0.7","+0.0","+32.0","+0.0","+40.7330","+29.9413","-103.5","-18.8","+5.3","102144","102294","102219","0","0","0","0","0","0","0","0","0","0","-2.80","-5.59","-3.95","589","","","","","","","","","",""
"17:50:36.177","ANA","1","+0.8","+0.0","+32.0","+0.0","+40.7329","+29.9413","-100.9","-25.5","-4.0","102143","102292","102218","0","0","0","0","0","0","0","0","0","0","-3.22","-8.56","-2.26","590","","","","","","","","","",""
"17:50:37.151","ANA","1","+0.8","+0.0","+31.9","+0.0","+40.7329","+29.9413","-93.8","-23.5","-7.7","102144","102293","102218","0","0","0","0","0","0","0","0","0","0","-2.35","-8.65","-2.69","591","","","","","","","","","",""
"17:50:38.192","ANA","1","+0.8","+0.0","+31.9","+0.0","+40.7329","+29.9413","-88.5","-20.9","-14.3","102142","102294","102218","0","0","0","0","0","0","0","0","0","0","-3.34","-12.47","-1.66","592","","","","","","","","","",""
"17:50:39.163","ANA","1","+0.7","+0.0","+31.9","+0.0","+40.7329","+29.9413","-92.6","+2.1","-6.9","102144","102295","102220","0","0","0","0","0","0","0","0","0","0","-4.61","-10.13","-2.81","593","","","","","","","","","",""
"17:50:40.204","ANA","1","+0.6","+0.0","+31.9","+0.0","+40.7329","+29.9413","-86.2","-13.1","-19.9","102147","102296","102221","0","0","0","0","0","0","0","0","0","0","-3.85","-11.32","-3.41","594","","","","","","","","","",""
"17:50:41.197","ANA","1","+0.5","+0.0","+31.9","+0.0","+40.7329","+29.9413","-81.8","-17.0","-21.5","102148","102296","102222","0","0","0","0","0","0","0","0","0","0","-1.04","-9.32","-1.39","595","","","","","","","","","",""
"17:50:42.171","ANA","1","+0.3","+0.0","+31.9","+0.0","+40.7329","+29.9413","-81.7","+7.5","-38.0","102152","102298","102225","0","0","0","0","0","0","0","0","0","0","-0.38","-7.84","-2.79","596","","","","","","","","","",""
"17:50:43.211","ANA","1","+0.2","+0.0","+31.8","+0.0","+40.7329","+29.9413","-63.4","-57.4","-17.0","102150","102298","102224","0","0","0","0","0","0","0","0","0","0","+2.38","-7.71","+1.70","597","","","","","","","","","",""
"17:50:44.207","ANA","1","+0.5","+0.0","+31.7","+0.0","+40.7329","+29.9413","-65.9","-45.8","-16.6","102144","102292","102218","0","0","0","0","0","0","0","0","0","0","+2.76","-6.88","+0.93","598","","","","","","","","","",""
"17:50:45.203","ANA","1","+0.3","+0.0","+31.6","+0.0","+40.7328","+29.9413","-76.7","-17.5","-26.4","102154","102306","102230","0","0","0","0","0","0","0","0","0","0","-0.98","-8.35","-0.66","599","","","","","","","","","",""
"17:50:46.198","ANA","1","+0.0","+0.0","+31.6","+0.0","+40.7328","+29.9413","-82.4","-16.0","-21.4","102157","102309","102233","0","0","0","0","0","0","0","0","0","0","-1.50","-7.88","-2.04","600","","","","","","","","","",""
"17:50:47.195","ANA","1","+0.0","+0.0","+31.6","+0.0","+40.7328","+29.9413","-82.2","-10.9","-23.4","102157","102307","102232","0","0","0","0","0","0","0","0","0","0","-1.62","-8.86","-2.44","601","","","","","","","","","",""
"17:50:48.170","ANA","1","+0.0","+0.0","+31.6","+0.0","+40.7328","+29.9413","-92.2","-14.8","-8.5","102156","102305","102231","0","0","0","0","0","0","0","0","0","0","-4.30","-9.10","-2.15","602","","","","","","","","","",""
"17:50:49.211","ANA","1","+0.0","+0.0","+31.6","+0.0","+40.7328","+29.9413","-114.2","-16.6","+23.2","102154","102301","102227","0","0","0","0","0","0","0","0","0","0","-10.52","-7.32","-2.18","603","","","","","","","","","",""
"17:50:50.215","ANA","1","+0.1","+0.0","+31.6","+0.0","+40.7328","+29.9413","-118.8","-15.1","+29.5","102152","102298","102225","0","0","0","0","0","0","0","0","0","0","-7.65","-5.63","-2.97","604","","","","","","","","","",""
"17:50:52.205","ANA","1","+0.0","+0.0","+31.5","+0.0","+40.7328","+29.9413","-89.5","-24.2","-5.4","102155","102298","102226","0","0","0","0","0","0","0","0","0","0","-5.15","-11.60","-2.79","606","","","","","","","","","",""
"17:50:55.194","ANA","1","+0.4","+0.0","+31.4","+0.0","+40.7328","+29.9413","-88.1","-16.7","-7.5","102148","102296","102222","0","0","0","0","0","0","0","0","0","0","-4.52","-10.19","-3.03","609","","","","","","","","","",""
"17:50:56.191","ANA","1","+0.4","+0.0","+31.4","+0.0","+40.7327","+29.9413","-84.4","-21.9","-9.6","102145","102298","102222","0","0","0","0","0","0","0","0","0","0","-4.23","-12.19","-2.27","610","","","","","","","","","",""
"17:50:57.187","ANA","1","+0.5","+0.0","+31.3","+0.0","+40.7327","+29.9413","-83.7","-22.8","-5.3","102146","102296","102221","0","0","0","0","0","0","0","0","0","0","-3.36","-13.68","-0.52","611","","","","","","","","","",""
"17:51:00.176","ANA","1","+0.0","+0.0","+31.2","+0.0","+40.7327","+29.9413","-89.1","-20.5","-0.7","102155","102304","102229","0","0","0","0","0","0","0","0","0","0","-4.03","-10.77","-2.47","614","","","","","","","","","",""
"17:51:01.149","ANA","1","+0.0","+0.0","+31.2","+0.0","+40.7327","+29.9413","-87.0","-21.7","-1.5","102155","102307","102231","0","0","0","0","0","0","0","0","0","0","-2.77","-7.79","-2.83","615","","","","","","","","","",""
"17:51:02.166","ANA","1","+0.0","+0.0","+31.2","+0.0","+40.7327","+29.9413","-87.1","-19.2","-6.0","102156","102307","102232","0","0","0","0","0","0","0","0","0","0","-1.53","-7.88","-2.11","616","","","","","","","","","",""
"17:51:03.181","ANA","1","+0.0","+0.0","+31.2","+0.0","+40.7327","+29.9413","-81.6","-20.0","-8.0","102153","102304","102228","0","0","0","0","0","0","0","0","0","0","-0.61","-6.07","-1.12","617","","","","","","","","","",""
"17:51:06.231","ANA","1","+0.0","+0.0","+31.1","+0.0","+40.7326","+29.9413","-83.4","-19.7","-8.5","102154","102305","102229","0","0","0","0","0","0","0","0","0","0","-0.41","-6.53","-1.88","620","","","","","","","","","",""
"17:51:08.264","ANA","1","+0.0","+0.0","+31.0","+0.0","+40.7326","+29.9413","-79.9","-24.2","-4.3","102150","102306","102228","0","0","0","0","0","0","0","0","0","0","-1.84","-6.84","-0.97","622","","","","","","","","","",""
"17:51:09.279","ANA","1","+0.1","+0.0","+31.0","+0.0","+40.7326","+29.9413","-84.0","-22.5","-8.1","102147","102304","102226","0","0","0","0","0","0","0","0","0","0","-1.23","-5.75","-1.12","623","","","","","","","","","",""
"17:51:10.296","ANA","1","+0.4","+0.0","+30.9","+0.0","+40.7325","+29.9413","-85.9","-15.4","-2.5","102144","102296","102220","0","0","0","0","0","0","0","0","0","0","-1.57","-5.94","-1.71","624","","","","","","","","","",""
"17:51:13.345","ANA","1","+0.5","+0.0","+30.9","+0.0","+40.7325","+29.9413","-89.0","-18.6","+3.7","102148","102298","102223","0","0","0","0","0","0","0","0","0","0","-4.25","-7.21","-1.73","627","","","","","","","","","",""
"17:51:14.363","ANA","1","+0.2","+0.0","+30.9","+0.0","+40.7325","+29.9413","-87.1","-20.5","+3.9","102151","102301","102226","0","0","0","0","0","0","0","0","0","0","-4.92","-8.31","-1.42","628","","","","","","","","","",""
"17:51:15.380","ANA","1","+0.1","+0.0","+30.9","+0.0","+40.7325","+29.9413","-86.1","-15.6","-4.6","102151","102301","102226","0","0","0","0","0","0","0","0","0","0","-3.07","-6.94","-1.12","629","","","","","","","","","",""
"17:51:18.451","ANA","1","+0.2","+0.0","+30.8","+0.0","+40.7325","+29.9413","-87.1","-14.9","-3.0","102149","102303","102226","0","0","0","0","0","0","0","0","0","0","-6.61","-12.06","-0.20","632","","","","","","","","","",""
"17:51:19.447","ANA","1","+0.1","+0.0","+30.8","+0.0","+40.7325","+29.9413","-84.9","-12.4","-4.0","102149","102302","102226","0","0","0","0","0","0","0","0","0","0","-3.44","-11.93","+0.26","633","","","","","","","","","",""
"17:51:20.421","ANA","1","+0.2","+0.0","+30.8","+0.0","+40.7325","+29.9413","-86.5","-7.6","-3.1","102148","102300","102224","0","0","0","0","0","0","0","0","0","0","-4.90","-11.72","-0.40","634","","","","","","","","","",""
"17:51:21.438","ANA","1","+0.3","+0.0","+30.8","+0.0","+40.7325","+29.9413","-83.2","-6.4","-4.5","102149","102298","102224","0","0","0","0","0","0","0","0","0","0","-5.55","-11.97","-0.27","635","","","","","","","","","",""
"17:51:22.451","ANA","1","+0.3","+0.0","+30.8","+0.0","+40.7325","+29.9413","-87.0","-8.7","-1.9","102149","102300","102224","0","0","0","0","0","0","0","0","0","0","-3.84","-9.93","-0.58","636","","","","","","","","","",""
"17:51:23.469","ANA","1","+0.1","+0.0","+30.8","+0.0","+40.7325","+29.9413","-82.7","-8.2","+1.3","102152","102302","102227","0","0","0","0","0","0","0","0","0","0","-3.52","-7.15","-0.41","637","","","","","","","","","",""
"17:51:24.485","ANA","1","+0.1","+0.0","+30.8","+0.0","+40.7325","+29.9413","-88.0","-9.9","+2.8","102152","102302","102227","0","0","0","0","0","0","0","0","0","0","-2.29","-5.38","-1.71","638","","","","","","","","","",""
"17:51:26.520","ANA","1","+0.1","+0.0","+30.8","+0.0","+40.7325","+29.9413","-88.7","-10.9","-0.3","102150","102301","102225","0","0","0","0","0","0","0","0","0","0","-4.01","-5.79","-1.10","640","","","","","","","","","",""
"17:51:28.553","ANA","1","+0.3","+0.0","+30.7","+0.0","+40.7325","+29.9413","-90.7","-16.3","-8.3","102149","102301","102225","0","0","0","0","0","0","0","0","0","0","-1.23","-5.75","-0.86","642","","","","","","","","","",""
"17:51:29.549","ANA","1","+0.1","+0.0","+30.7","+0.0","+40.7325","+29.9413","-93.8","-24.6","-4.8","102153","102303","102228","0","0","0","0","0","0","0","0","0","0","-3.59","-7.32","-2.46","643","","","","","","","","","",""
"17:51:30.566","ANA","1","+0.1","+0.0","+30.7","+0.0","+40.7325","+29.9413","-90.3","-24.5","-1.8","102150","102300","102225","0","0","0","0","0","0","0","0","0","0","-3.41","-8.50","-0.97","644","","","","","","","","","",""
"17:51:32.599","ANA","1","+0.3","+0.0","+30.8","+0.0","+40.7325","+29.9413","-95.2","-27.6","-8.3","102148","102298","102223","0","0","0","0","0","0","0","0","0","0","-2.19","-9.60","-3.04","646","","","","","","","","","",""
"17:51:40.675","ANA","1","+0.6","+0.0","+30.9","+0.0","+40.7325","+29.9413","-100.7","-24.6","-22.5","102146","102293","102220","0","0","0","0","0","0","0","0","0","0","-0.10","-6.77","-3.68","654","","","","","","","","","",""
"17:51:41.669","ANA","1","+0.6","+0.0","+30.9","+0.0","+40.7325","+29.9413","-91.1","-27.0","-30.6","102145","102294","102220","0","0","0","0","0","0","0","0","0","0","+1.10","-7.61","-2.83","655","","","","","","","","","",""
"17:51:42.665","ANA","1","+0.5","+0.0","+30.9","+0.0","+40.7325","+29.9413","-88.8","-30.8","-27.0","102149","102297","102223","0","0","0","0","0","0","0","0","0","0","+1.16","-7.79","-1.65","656","","","","","","","","","",""
"17:51:43.665","ANA","1","+0.3","+0.0","+30.9","+0.0","+40.7325","+29.9413","-77.2","-27.2","-24.6","102151","102297","102224","0","0","0","0","0","0","0","0","0","0","-0.11","-10.30","+0.32","657","","","","","","","","","",""
"17:51:44.661","ANA","1","+0.1","+0.0","+30.9","+0.0","+40.7325","+29.9413","-78.5","-23.7","-19.6","102154","102300","102227","0","0","0","0","0","0","0","0","0","0","-2.50","-14.03","+0.76","658","","","","","","","","","",""
"17:51:45.656","ANA","1","+0.0","+0.0","+30.9","+0.0","+40.7325","+29.9413","-79.3","-24.0","-20.8","102154","102302","102228","0","0","0","0","0","0","0","0","0","0","-0.55","-13.06","-0.02","659","","","","","","","","","",""
"17:51:46.654","ANA","1","+0.0","+0.0","+30.9","+0.0","+40.7325","+29.9413","-81.5","-22.7","-18.2","102157","102304","102231","0","0","0","0","0","0","0","0","0","0","-0.37","-12.38","-0.45","660","","","","","","","","","",""
"17:51:47.650","ANA","1","+0.0","+0.0","+30.9","+0.0","+40.7325","+29.9413","-80.1","-20.2","-14.7","102158","102304","102231","0","0","0","0","0","0","0","0","0","0","-3.01","-14.18","+0.04","661","","","","","","","","","",""
"17:51:48.646","ANA","1","+0.0","+0.0","+30.9","+0.0","+40.7325","+29.9413","-80.6","-17.0","-14.7","102157","102301","102229","0","0","0","0","0","0","0","0","0","0","-2.44","-11.67","-0.02","662","","","","","","","","","",""
"17:51:49.640","ANA","1","+0.0","+0.0","+30.9","+0.0","+40.7325","+29.9413","-83.4","-14.1","-12.3","102157","102302","102229","0","0","0","0","0","0","0","0","0","0","-1.64","-8.84","-1.19","663","","","","","","","","","",""
"17:51:53.626","ANA","1","+0.1","+0.0","+30.7","+0.0","+40.7325","+29.9413","-84.3","-20.4","-14.9","102153","102301","102227","0","0","0","0","0","0","0","0","0","0","-1.30","-6.42","-1.05","667","","","","","","","","","",""
"17:51:54.621","ANA","1","+0.1","+0.0","+30.8","+0.0","+40.7325","+29.9413","-95.6","-31.6","-29.0","102150","102299","102224","0","0","0","0","0","0","0","0","0","0","-0.30","-9.07","-2.58","668","","","","","","","","","",""
"17:51:56.592","ANA","1","+0.5","+0.0","+30.8","+0.0","+40.7325","+29.9413","-114.9","-9.4","-4.8","102145","102295","102220","0","0","0","0","0","0","0","0","0","0","-4.36","-7.21","-6.15","670","","","","","","","","","",""
"17:51:57.632","ANA","1","+0.5","+0.0","+30.9","+0.0","+40.7325","+29.9413","-83.1","-28.4","-33.4","102146","102297","102221","0","0","0","0","0","0","0","0","0","0","+1.99","-12.31","-2.91","671","","","","","","","","","",""
"17:52:00.622","ANA","1","+0.6","+0.0","+30.9","+0.0","+40.7325","+29.9413","-82.2","-25.7","-21.9","102145","102296","102220","0","0","0","0","0","0","0","0","0","0","+1.04","-12.40","-3.02","674","","","","","","","","","",""
"17:52:02.614","ANA","1","+0.4","+0.0","+31.0","+0.0","+40.7325","+29.9413","-83.3","-29.1","-12.0","102146","102299","102223","0","0","0","0","0","0","0","0","0","0","-0.43","-13.21","-2.97","676","","","","","","","","","",""
"17:52:07.592","ANA","1","+0.5","+0.0","+31.1","+0.0","+40.7325","+29.9413","-84.8","-22.4","-14.6","102145","102301","102223","0","0","0","0","0","0","0","0","0","0","+0.00","-6.50","-1.99","681","","","","","","","","","",""
"17:52:09.587","ANA","1","+0.4","+0.0","+31.1","+0.0","+40.7325","+29.9413","-84.5","-22.9","-15.8","102146","102305","102225","0","0","0","0","0","0","0","0","0","0","+0.08","-6.63","-1.39","683","","","","","","","","","",""
"17:52:11.579","ANA","1","+0.0","+0.0","+31.1","+0.0","+40.7325","+29.9413","-82.6","-20.4","-16.4","102154","102307","102230","0","0","0","0","0","0","0","0","0","0","-1.50","-8.57","-1.63","685","","","","","","","","","",""
"17:52:23.552","ANA","1","+1.3","+0.0","+30.9","+0.0","+40.7325","+29.9413","-90.2","-14.3","-16.2","102133","102291","102212","0","0","0","0","0","0","0","0","0","0","+0.01","-6.26","-0.99","697","","","","","","","","","",""
"17:52:30.629","ANA","1","+0.7","+0.0","+30.9","+0.0","+40.7325","+29.9413","-94.6","-26.7","-10.1","102142","102299","102220","0","0","0","0","0","0","0","0","0","0","-3.19","-12.46","-2.96","704","","","","","","","","","",""
"17:52:31.624","ANA","1","+1.0","+0.0","+30.9","+0.0","+40.7325","+29.9413","-93.6","-29.9","-23.0","102134","102293","102214","0","0","0","0","0","0","0","0","0","0","-0.80","-14.39","-6.26","705","","","","","","","","","",""
"17:52:52.540","ANA","1","+1.1","+0.0","+31.2","+0.0","+40.7325","+29.9413","-46.5","+14.6","-94.8","102139","102292","102216","0","0","0","0","0","0","0","0","0","0","+4.84","-7.61","+2.73","726","","","","","","","","","",""
"17:52:53.537","ANA","1","+1.1","+0.0","+31.2","+0.0","+40.7325","+29.9413","-32.0","+66.7","-80.4","102137","102291","102214","0","0","0","0","0","0","0","0","0","0","+0.52","-9.85","+0.46","727","","","","","","","","","",""
"17:52:54.535","ANA","1","+1.2","+0.0","+31.1","+0.0","+40.7325","+29.9413","-35.9","+68.9","-87.0","102135","102291","102213","0","0","0","0","0","0","0","0","0","0","+1.25","-12.71","+0.01","728","","","","","","","","","",""
"17:52:55.530","ANA","1","+1.6","+0.0","+31.1","+0.0","+40.7325","+29.9413","-42.5","+55.2","-83.9","102130","102284","102207","0","0","0","0","0","0","0","0","0","0","+1.23","-9.60","+0.40","729","","","","","","","","","",""
"17:53:09.650","ANA","1","+6.4","+0.0","+31.6","+0.0","+40.7325","+29.9413","+2.4","+91.2","-87.3","101932","102316","102124","0","0","0","0","0","0","0","0","0","0","-0.95","-9.31","+0.14","743","","","","","","","","","",""
"17:53:20.537","ANA","1","+14.0","+0.0","+31.6","+0.0","+40.7325","+29.9413","+22.5","+115.1","-86.7","101906","102296","102101","0","0","0","0","0","0","0","0","0","0","-0.68","-9.79","-0.06","754","","","","","","","","","",""
"17:53:21.546","ANA","1","+13.5","+0.0","+31.6","+0.0","+40.7325","+29.9413","+21.2","+104.3","-82.9","101909","102297","102103","0","0","0","0","0","0","0","0","0","0","-0.75","-10.23","+0.09","755","","","","","","","","","",""
"17:53:22.551","ANA","1","+15.5","+0.0","+31.6","+0.0","+40.7325","+29.9413","+10.1","+95.8","-81.2","101844","102298","102071","0","0","0","0","0","0","0","0","0","0","-0.91","-11.22","-0.30","756","","","","","","","","","",""
"17:53:26.579","ANA","1","+10.7","+0.0","+31.5","+0.0","+40.7325","+29.9413","+24.3","+122.0","-92.5","101986","102289","102138","0","0","0","0","0","0","0","0","0","0","+0.35","-9.86","-0.31","760","","","","","","","","","",""
"17:53:27.584","ANA","1","+9.1","+0.0","+31.5","+0.0","+40.7325","+29.9413","+25.0","+121.4","-93.6","102004","102289","102147","0","0","0","0","0","0","0","0","0","0","+0.46","-9.67","+0.14","761","","","","","","","","","",""
"17:53:28.584","ANA","1","+8.4","+0.0","+31.5","+0.0","+40.7325","+29.9413","+29.2","+123.3","-91.0","102012","102284","102148","0","0","0","0","0","0","0","0","0","0","+0.24","-10.14","-0.25","762","","","","","","","","","",""
"17:53:29.588","ANA","1","+7.8","+0.0","+31.5","+0.0","+40.7325","+29.9413","+36.1","+128.5","-91.3","102028","102284","102156","0","0","0","0","0","0","0","0","0","0","-0.35","-9.75","-0.49","763","","","","","","","","","",""
"17:53:30.586","ANA","1","+5.6","+0.0","+31.6","+0.0","+40.7325","+29.9413","-69.3","-131.2","+71.7","102076","102317","102196","0","0","0","0","0","0","0","0","0","0","-0.06","-9.51","-0.15","764","","","","","","","","","",""
"17:53:31.585","ANA","1","+2.8","+0.0","+31.6","+0.0","+40.7325","+29.9413","-79.4","-118.1","+53.4","102098","102345","102221","0","0","0","0","0","0","0","0","0","0","-0.48","-10.01","-0.69","765","","","","","","","","","",""
"17:53:32.590","ANA","1","+1.2","+0.0","+31.6","+0.0","+40.7325","+29.9413","-83.5","-120.1","+59.2","102106","102376","102241","0","0","0","0","0","0","0","0","0","0","-1.28","-9.81","-1.73","766","","","","","","","","","",""
"17:53:59.508","ANA","1","+0.0","+0.0","+31.0","+0.0","+40.7325","+29.9413","-86.1","-67.6","+3.0","102143","102317","102230","0","0","0","0","0","0","0","0","0","0","-1.42","-9.84","-2.29","793","","","","","","","","","",""
"17:54:01.545","ANA","1","+0.7","+0.0","+30.8","+0.0","+40.7325","+29.9413","-92.1","-46.0","-16.2","102135","102300","102218","0","0","0","0","0","0","0","0","0","0","-0.37","-9.85","-4.46","795","","","","","","","","","",""
"17:54:29.536","ANA","1","+0.6","+0.0","+30.9","+0.0","+40.7325","+29.9413","-25.0","+83.9","-78.6","102142","102291","102217","0","0","0","0","0","0","0","0","0","0","-0.52","-9.65","-0.89","823","","","","","","","","","",""
"17:54:57.469","ANA","1","+19.0","+0.0","+31.5","+0.0","+40.7312","+29.9414","+14.3","+42.2","-72.6","101821","102302","102061","0","0","0","0","0","0","0","0","0","0","-3.73","-7.50","+5.44","851","","","","","","","","","",""
"17:54:58.466","ANA","1","+16.8","+0.0","+31.6","+0.0","+40.7312","+29.9414","+26.9","+54.3","-80.0","101882","102302","102092","0","0","0","0","0","0","0","0","0","0","-4.55","-7.28","+5.11","852","","","","","","","","","",""
"17:54:59.463","ANA","1","+12.3","+0.0","+31.6","+0.0","+40.7312","+29.9414","+37.1","+62.9","-77.9","101978","102301","102140","0","0","0","0","0","0","0","0","0","0","-5.28","-6.61","+4.34","853","","","","","","","","","",""
"17:55:17.479","ANA","3","+21.2","+8.9","+31.1","+0.0","+40.7312","+29.9414","-30.2","+67.8","-85.4","101672","102292","101982","0","0","0","0","0","0","0","0","0","0","+2.32","-9.80","+0.17","871","","","","","","","","","",""
"17:55:18.507","ANA","3","+23.8","+5.9","+31.1","+0.0","+40.7312","+29.9414","-37.2","+47.4","-78.2","101877","102286","102082","0","0","0","0","0","0","0","0","0","0","+1.80","-9.52","+0.45","872","","","","","","","","","",""
"17:55:19.475","ANA","3","+12.8","-6.5","+30.9","+0.0","+40.7312","+29.9414","-33.8","+55.5","-78.5","101970","102287","102128","0","0","0","0","0","0","0","0","0","0","+1.17","-10.31","-1.60","873","","","","","","","","","",""
"17:55:36.520","ANA","3","+1.3","+0.0","+30.6","+0.0","+40.7311","+29.9413","-89.4","-42.3","-12.2","102134","102293","102213","0","0","0","0","0","0","0","0","0","0","-0.04","-7.09","-0.96","890","","","","","","","","","",""
"17:55:37.496","ANA","3","+1.3","+0.0","+30.6","+0.0","+40.7311","+29.9413","-91.7","-42.7","-9.6","102135","102294","102214","0","0","0","0","0","0","0","0","0","0","-0.74","-9.50","-2.33","891","","","","","","","","","",""
"17:55:45.572","ANA","3","+1.3","-0.0","+30.6","+0.0","+40.7311","+29.9413","-93.3","-38.6","-15.6","102133","102294","102214","0","0","0","0","0","0","0","0","0","0","-0.70","-8.43","-2.50","899","","","","","","","","","",""
"17:55:47.541","ANA","3","+0.9","-0.3","+30.7","+0.0","+40.7311","+29.9413","-93.3","-49.3","+1.3","102139","102300","102219","0","0","0","0","0","0","0","0","0","0","-0.75","-7.71","-1.52","901","","","","","","","","","",""
"17:55:49.576","ANA","3","+0.4","-0.2","+30.7","+0.0","+40.7311","+29.9413","-91.9","-53.4","-8.0","102143","102302","102223","0","0","0","0","0","0","0","0","0","0","-0.19","-8.97","-2.08","903","","","","","","","","","",""
"17:55:50.616","ANA","3","+0.5","+0.0","+30.7","+0.0","+40.7311","+29.9413","-82.8","-42.4","-18.8","102143","102302","102222","0","0","0","0","0","0","0","0","0","0","-0.58","-11.31","-1.89","904","","","","","","","","","",""
"17:55:51.612","ANA","3","+0.6","+0.0","+30.7","+0.0","+40.7311","+29.9413","-75.4","-2.2","-30.5","102144","102299","102221","0","0","0","0","0","0","0","0","0","0","-0.95","-10.13","-0.77","905","","","","","","","","","",""
"17:55:52.607","ANA","3","+0.6","+0.0","+30.7","+0.0","+40.7311","+29.9413","-87.2","-29.8","-12.6","102143","102296","102220","0","0","0","0","0","0","0","0","0","0","-1.04","-8.90","-1.61","906","","","","","","","","","",""
"17:55:53.582","ANA","3","+0.8","+0.1","+30.7","+0.0","+40.7311","+29.9413","-84.4","-26.3","-8.9","102142","102296","102219","0","0","0","0","0","0","0","?","0?0","-3.40","-9.22","-1.38","907","NULL","","","","","","","","","",""
"17:55:54.622","ANA","3","+0.8","+0.0","+30.7","+0.0","+40.7311","+29.9413","-80.6","-24.6","-16.4","102144","102294","102219","0","0","0","0","0","0","0","0","0","0","-2.14","-12.68","-0.36","908","","","","","","","","","",""
"17:55:55.594","ANA","3","+0.6","-0.1","+30.7","+0.0","+40.7311","+29.9413","-67.7","-12.4","-4.1","102148","102294","102221","0","0","0","0","0","0","0","0","0","0","-5.90","-8.27","+3.74","909","","","","","","","","","",""
"17:55:56.611","ANA","3","+0.4","-0.2","+30.7","+0.0","+40.7311","+29.9413","-70.6","-10.7","-6.9","102147","102296","102222","0","0","0","0","0","0","0","0","0","0","-2.75","-8.15","+1.49","910","","","","","","","","","",""
"17:55:57.649","ANA","3","+0.3","-0.1","+30.7","+0.0","+40.7311","+29.9413","-68.1","-6.7","-11.2","102151","102298","102225","0","0","0","0","0","0","0","0","0","0","-5.84","-10.88","+1.37","911","","","","","","","","","",""
"17:55:58.623","ANA","3","+0.3","-0.0","+30.7","+0.0","+40.7311","+29.9413","-66.1","+5.0","-19.1","102148","102294","102221","0","0","0","0","0","0","0","0","0","0","-3.82","-9.65","+0.34","912","","","","","","","","","",""
"17:55:59.662","ANA","3","+0.6","+0.1","+30.8","+0.0","+40.7311","+29.9413","-65.6","+14.1","-12.6","102145","102292","102219","0","0","0","0","0","0","0","0","0","0","-4.46","-7.50","+0.40","913","","","","","","","","","",""
"17:56:00.659","ANA","3","+0.9","+0.2","+30.8","+0.0","+40.7311","+29.9413","-49.9","+18.2","-21.9","102142","102291","102217","0","0","0","0","0","0","0","0","0","0","-5.69","-9.88","-0.96","914","","","","","","","","","",""
"17:56:01.657","ANA","3","+1.1","+0.2","+30.8","+0.0","+40.7311","+29.9413","-47.5","+37.2","-65.9","102138","102287","102213","0","0","0","0","0","0","0","0","0","0","-0.50","-10.60","-0.23","915","","","","","","","","","",""
"17:56:02.652","ANA","3","+1.3","+0.2","+30.8","+0.0","+40.7311","+29.9413","-45.2","+30.7","-51.1","102136","102286","102211","0","0","0","0","0","0","0","0","0","0","-2.27","-9.79","-0.70","916","","","","","","","","","",""
"17:56:03.648","ANA","3","+1.4","+0.0","+30.8","+0.0","+40.7311","+29.9413","-50.0","+26.3","-59.1","102137","102288","102212","0","0","0","0","0","0","0","0","0","0","-0.20","-8.85","-0.51","917","","","","","","","","","",""
"17:56:04.647","ANA","3","+1.3","-0.1","+30.8","+0.0","+40.7311","+29.9413","-50.3","+26.7","-52.2","102137","102289","102213","0","0","0","0","0","0","0","0","0","0","-1.84","-10.40","-1.99","918","","","","","","","","","",""
"17:56:05.644","ANA","3","+1.2","-0.1","+30.7","+0.0","+40.7311","+29.9413","-51.5","+33.8","-48.3","102136","102290","102213","0","0","0","0","0","0","0","0","0","0","-1.59","-12.11","-0.84","919","","","","","","","","","",""
"17:56:06.638","ANA","3","+1.2","-0.0","+30.7","+0.0","+40.7311","+29.9413","-47.8","+34.2","-53.0","102136","102288","102212","0","0","0","0","0","0","0","0","0","0","-0.14","-7.73","-0.22","920","","","","","","","","","",""
"17:56:07.634","ANA","3","+1.4","+0.0","+30.7","+0.0","+40.7311","+29.9413","-46.3","+26.7","-51.3","102136","102287","102212","0","0","0","0","0","0","0","0","0","0","-0.99","-9.92","-0.31","921","","","","","","","","","",""
"17:56:08.633","ANA","3","+1.3","-0.0","+30.7","+0.0","+40.7311","+29.9413","-49.4","+27.4","-49.8","102138","102287","102213","0","0","0","0","0","0","0","0","0","0","-1.62","-10.47","-0.38","922","","","","","","","","","",""
"17:56:09.629","ANA","3","+1.1","-0.1","+30.6","+0.0","+40.7311","+29.9413","-52.1","+28.4","-45.7","102141","102289","102215","0","0","0","0","0","0","0","0","0","0","-2.65","-10.52","-1.12","923","","","","","","","","","",""
"17:56:10.624","ANA","3","+0.9","-0.2","+30.7","+0.0","+40.7311","+29.9413","-44.6","+27.5","-50.3","102142","102290","102216","0","0","0","0","0","0","0","0","0","0","-2.36","-7.73","+0.02","924","","","","","","","","","",""
"17:56:11.621","ANA","3","+1.0","-0.0","+30.7","+0.0","+40.7311","+29.9413","-42.5","+28.9","-49.8","102140","102287","102214","0","0","0","0","0","0","0","0","0","0","-1.74","-9.92","-0.50","925","","","","","","","","","",""
"17:56:12.621","ANA","3","+1.2","+0.1","+30.6","+0.0","+40.7311","+29.9413","-42.5","+27.7","-52.7","102137","102286","102211","0","0","0","0","0","0","0","0","0","0","-3.06","-11.39","-0.21","926","","","","","","","","","",""
"17:56:13.617","ANA","3","+1.6","+0.3","+30.6","+0.0","+40.7311","+29.9413","-44.3","+31.2","-50.0","102131","102279","102205","0","0","0","0","0","0","0","0","0","0","-3.71","-12.84","-0.05","927","","","","","","","","","",""
"17:56:14.611","ANA","3","+1.8","+0.2","+30.6","+0.0","+40.7311","+29.9413","-44.2","+17.9","-54.0","102136","102280","102208","0","0","0","0","0","0","0","0","0","0","-0.46","-8.61","+2.08","928","","","","","","","","","",""
"17:56:15.608","ANA","3","+1.6","-0.0","+30.6","+0.0","+40.7311","+29.9413","-46.5","+28.6","-49.8","102134","102283","102209","0","0","0","0","0","0","0","0","0","0","-1.21","-7.17","+0.92","929","","","","","","","","","",""
"17:56:16.605","ANA","3","+1.4","-0.2","+30.5","+0.0","+40.7311","+29.9413","-49.0","+26.4","-49.2","102135","102288","102211","0","0","0","0","0","0","0","0","0","0","-1.58","-9.01","+0.20","930","","","","","","","","","",""
"17:56:17.603","ANA","3","+1.0","-0.4","+30.5","+0.0","+40.7311","+29.9413","-54.7","+24.9","-45.8","102142","102292","102217","0","0","0","0","0","0","0","0","0","0","-2.52","-12.36","-2.29","931","","","","","","","","","",""
"17:56:18.599","ANA","3","+0.7","-0.4","+30.5","+0.0","+40.7311","+29.9413","-53.1","+25.3","-49.4","102143","102292","102218","0","0","0","0","0","0","0","0","0","0","-1.69","-10.02","-0.11","932","","","","","","","","","",""
"17:56:19.594","ANA","3","+0.7","-0.2","+30.5","+0.0","+40.7311","+29.9413","-53.3","+28.1","-42.7","102143","102293","102218","0","0","0","0","0","0","0","0","0","0","-2.64","-7.03","-0.22","933","","","","","","","","","",""
"17:56:20.591","ANA","3","+0.8","+0.0","+30.4","+0.0","+40.7311","+29.9413","-52.5","+33.2","-42.4","102141","102291","102216","0","0","0","0","0","0","0","0","0","0","-2.60","-8.60","-1.66","934","","","","","","","","","",""
"17:56:21.588","ANA","3","+1.1","+0.2","+30.4","+0.0","+40.7311","+29.9413","-49.4","+30.0","-48.2","102139","102290","102214","0","0","0","0","0","0","0","0","0","0","-2.70","-8.81","-1.00","935","","","","","","","","","",""
"17:56:22.587","ANA","3","+1.2","+0.1","+30.4","+0.0","+40.7311","+29.9413","-49.9","+32.1","-48.3","102138","102289","102213","0","0","0","0","0","0","0","0","0","0","-1.59","-11.21","-0.06","936","","","","","","","","","",""
"17:56:23.581","ANA","3","+1.2","+0.0","+30.3","+0.0","+40.7311","+29.9413","-53.3","+36.0","-51.7","102138","102288","102213","0","0","0","0","0","0","0","0","0","0","-0.82","-6.03","-0.37","937","","","","","","","","","",""
"17:56:34.561","ANA","3","+0.8","-0.0","+30.4","+0.0","+40.7311","+29.9413","-87.2","-64.3","+20.0","102143","102295","102219","0","0","0","0","0","0","0","0","0","0","-2.66","-10.10","+0.13","948","","","","","","","","","",""
"17:56:35.546","ANA","3","+0.8","+0.0","+30.3","+0.0","+40.7311","+29.9413","-74.3","-108.5","+68.7","102139","102296","102217","0","0","0","0","0","0","0","0","0","0","+0.67","-9.21","+0.41","949","","","","","","","","","",""
"17:56:36.543","ANA","3","+1.2","+0.3","+30.4","+0.0","+40.7311","+29.9413","-90.3","-109.6","+73.3","102131","102295","102213","0","0","0","0","0","0","0","0","0","0","-2.96","-9.35","+0.36","950","","","","","","","","","",""
"17:56:37.540","ANA","3","+1.5","+0.4","+30.4","+0.0","+40.7311","+29.9413","-96.2","-107.2","+69.1","102130","102292","102211","0","0","0","0","0","0","0","0","0","0","-3.11","-9.64","-0.15","951","","","","","","","","","",""
"17:56:38.537","ANA","3","+1.6","+0.2","+30.4","+0.0","+40.7311","+29.9413","-98.0","-101.4","+63.9","102131","102289","102210","0","0","0","0","0","0","0","0","0","0","-3.23","-9.19","+0.08","952","","","","","","","","","",""
"17:56:39.532","ANA","3","+1.4","-0.1","+30.4","+0.0","+40.7311","+29.9413","-98.5","-97.2","+59.6","102136","102294","102215","0","0","0","0","0","0","0","0","0","0","-3.23","-9.31","-0.10","953","","","","","","","","","",""
"17:56:40.530","ANA","3","+1.2","-0.2","+30.4","+0.0","+40.7311","+29.9413","-96.8","-119.8","+78.3","102131","102300","102216","0","0","0","0","0","0","0","0","0","0","-3.48","-9.90","-0.91","954","","","","","","","","","",""
"17:56:41.527","ANA","3","+1.0","-0.2","+30.4","+0.0","+40.7311","+29.9413","-90.7","-121.1","+77.7","102128","102318","102223","0","0","0","0","0","0","0","0","0","0","-2.52","-9.52","+0.24","955","","","","","","","","","",""
"17:56:42.524","ANA","3","+0.9","-0.2","+30.5","+0.0","+40.7311","+29.9413","-92.3","-120.8","+81.0","102123","102329","102226","0","0","0","0","0","0","0","0","0","0","-3.27","-9.96","-0.13","956","","","","","","","","","",""
"17:56:43.521","ANA","3","+0.6","-0.2","+30.6","+0.0","+40.7311","+29.9413","-91.9","-123.4","+81.2","102121","102347","102234","0","0","0","0","0","0","0","0","0","0","-2.88","-9.28","-0.07","957","","","","","","","","","",""
"17:56:44.518","ANA","3","+0.4","-0.2","+30.6","+0.0","+40.7311","+29.9413","-93.5","-122.6","+80.7","102120","102355","102238","0","0","0","0","0","0","0","0","0","0","-3.17","-9.38","-0.57","958","","","","","","","","","",""
"17:56:45.514","ANA","3","+0.8","+0.2","+30.7","+0.0","+40.7311","+29.9413","-97.6","-113.5","+70.7","102121","102323","102222","0","0","0","0","0","0","0","0","0","0","-3.46","-9.27","+0.10","959","","","","","","","","","",""
"17:56:46.511","ANA","3","+1.4","+0.6","+30.7","+0.0","+40.7311","+29.9413","-95.3","-120.4","+79.7","102122","102318","102220","0","0","0","0","0","0","0","0","0","0","-3.26","-9.22","-0.33","960","","","","","","","","","",""
"17:56:47.508","ANA","3","+0.2","-0.6","+30.7","+0.0","+40.7311","+29.9413","+64.5","+138.0","-95.1","102119","102421","102270","0","0","0","0","0","0","0","0","0","0","+0.47","-8.43","+1.14","961","","","","","","","","","",""
"17:56:48.507","ANA","3","-0.3","-0.7","+30.8","+0.0","+40.7311","+29.9413","+43.6","+125.8","-75.2","102105","102376","102240","0","0","0","0","0","0","0","0","0","0","-1.95","-11.09","-0.96","962","","","","","","","","","",""
"17:56:49.488","ANA","3","+2.7","+2.1","+31.0","+0.0","+40.7311","+29.9413","+6.6","+55.6","-82.3","102045","102331","102188","0","0","0","0","0","0","0","0","0","0","-1.52","-8.86","+3.42","963","","","","","","","","","",""
"17:56:50.528","ANA","3","+5.5","+3.1","+31.1","+0.0","+40.7311","+29.9413","-16.4","+42.1","-118.8","102073","102303","102188","0","0","0","0","0","0","0","0","0","0","+4.21","-7.46","+4.73","964","","","","","","","","","",""
"17:56:51.501","ANA","3","+6.1","+1.6","+31.1","+0.0","+40.7311","+29.9413","-4.9","+46.3","-87.0","102029","102297","102163","0","0","0","0","0","0","0","0","0","0","-0.33","-9.02","+3.74","965","","","","","","","","","",""
"17:56:52.518","ANA","3","+8.8","+2.4","+31.1","+0.0","+40.7311","+29.9413","-1.6","+48.5","-89.0","101990","102293","102142","0","0","0","0","0","0","0","0","0","0","+0.26","-8.51","+4.00","966","","","","","","","","","",""
"17:56:53.559","ANA","3","+8.3","+0.3","+31.2","+0.0","+40.7311","+29.9413","+19.1","+122.9","-86.3","102039","102297","102168","0","0","0","0","0","0","0","0","0","0","+0.42","-9.56","-1.33","967","","","","","","","","","",""
"17:56:54.556","ANA","3","+5.1","-2.8","+31.3","+0.0","+40.7311","+29.9413","+17.0","+81.9","-108.3","102078","102299","102188","0","0","0","0","0","0","0","0","0","0","+0.70","-8.97","+3.29","968","","","","","","","","","",""
"17:56:55.553","ANA","3","+3.0","-3.1","+31.5","+0.0","+40.7311","+29.9413","+17.3","+79.3","-111.5","102097","102301","102199","0","0","0","0","0","0","0","0","0","0","+0.12","-8.97","+4.17","969","","","","","","","","","",""
"17:56:56.551","ANA","3","+2.2","-1.9","+31.6","+0.0","+40.7311","+29.9413","+18.9","+81.8","-110.0","102105","102301","102203","0","0","0","0","0","0","0","0","0","0","-0.01","-9.32","+2.57","970","","","","","","","","","",""
"17:56:57.545","ANA","3","+1.8","-0.9","+31.7","+0.0","+40.7311","+29.9413","-75.2","-95.2","+59.9","102125","102298","102212","0","0","0","0","0","0","0","0","0","0","-2.55","-9.61","+1.51","971","","","","","","","","","",""
"17:56:58.519","ANA","3","+1.2","-0.5","+31.5","+0.0","+40.7311","+29.9413","-67.9","-23.1","-3.2","102139","102291","102215","0","0","0","0","0","0","0","0","0","0","-3.15","-8.86","+2.21","972","","","","","","","","","",""
"17:56:59.559","ANA","3","+0.9","-0.1","+31.3","+0.0","+40.7311","+29.9413","-59.9","+5.9","-23.9","102142","102288","102215","0","0","0","0","0","0","0","0","0","0","-2.71","-10.02","+1.05","973","","","","","","","","","",""
"17:57:00.533","ANA","3","+0.9","+0.0","+31.2","+0.0","+40.7311","+29.9413","-61.4","+0.1","-21.6","102145","102288","102216","0","0","0","0","0","0","0","0","0","0","-2.69","-8.80","+0.24","974","","","","","","","","","",""
"17:57:01.550","ANA","3","+0.9","+0.1","+31.2","+0.0","+40.7311","+29.9413","-55.8","-0.3","-39.5","102144","102289","102217","0","0","0","0","0","0","0","0","0","0","-0.66","-9.96","-0.17","975","","","","","","","","","",""
"17:57:02.567","ANA","3","+0.9","+0.1","+31.1","+0.0","+40.7311","+29.9413","-41.7","+9.9","-54.4","102145","102288","102216","0","0","0","0","0","0","0","0","0","0","+0.56","-9.82","+2.31","976","","","","","","","","","",""
"17:57:03.584","ANA","3","+0.6","-0.1","+31.0","+0.0","+40.7311","+29.9413","-52.7","+1.9","-46.6","102149","102293","102221","0","0","0","0","0","0","0","0","0","0","+0.30","-8.14","+1.01","977","","","","","","","","","",""
"17:57:04.601","ANA","3","+0.4","-0.2","+31.0","+0.0","+40.7311","+29.9413","-56.1","+5.5","-49.4","102149","102296","102223","0","0","0","0","0","0","0","0","0","0","-0.49","-9.55","+0.24","978","","","","","","","","","",""
"17:57:05.644","ANA","3","+0.3","-0.1","+31.0","+0.0","+40.7311","+29.9413","-53.0","+16.2","-50.8","102148","102298","102223","0","0","0","0","0","0","0","0","0","0","+0.17","-10.55","+1.13","979","","","","","","","","","",""
"17:57:06.638","ANA","3","+0.4","+0.0","+31.0","+0.0","+40.7311","+29.9413","-56.8","+22.3","-50.0","102147","102296","102221","0","0","0","0","0","0","0","0","0","0","-0.72","-7.53","+0.84","980","","","","","","","","","",""
"17:57:07.635","ANA","3","+0.4","-0.0","+30.9","+0.0","+40.7311","+29.9413","-62.0","+21.5","-43.9","102151","102298","102224","0","0","0","0","0","0","0","0","0","0","-1.35","-9.52","-2.35","981","","","","","","","","","",""
"17:57:08.632","ANA","3","+0.3","-0.0","+30.9","+0.0","+40.7311","+29.9413","-64.1","+17.1","-36.8","102150","102298","102224","0","0","0","0","0","0","0","0","0","0","-0.89","-9.23","-1.29","982","","","","","","","","","",""
"17:57:09.630","ANA","3","+0.3","-0.0","+30.8","+0.0","+40.7311","+29.9413","-60.6","+12.5","-41.0","102148","102295","102222","0","0","0","0","0","0","0","0","0","0","-1.64","-10.69","-0.39","983","","","","","","","","","",""
"17:57:10.627","ANA","3","+0.5","+0.0","+30.8","+0.0","+40.7311","+29.9413","-59.6","+13.9","-32.2","102147","102294","102220","0","0","0","0","0","0","0","0","0","0","-4.38","-11.28","-1.94","984","","","","","","","","","",""
"17:57:11.624","ANA","3","+0.7","+0.1","+30.8","+0.0","+40.7311","+29.9413","-62.4","+12.5","-37.0","102145","102294","102219","0","0","0","0","0","0","0","0","0","0","-1.04","-10.35","+0.70","985","","","","","","","","","",""
"17:57:12.619","ANA","3","+0.7","+0.0","+30.8","+0.0","+40.7311","+29.9413","-64.1","+16.5","-38.7","102146","102293","102220","0","0","0","0","0","0","0","0","0","0","-0.61","-8.10","+0.85","986","","","","","","","","","",""
"17:57:13.616","ANA","3","+0.6","-0.0","+30.8","+0.0","+40.7311","+29.9413","-67.8","+11.7","-27.5","102147","102294","102220","0","0","0","0","0","0","0","0","0","0","-1.25","-9.39","-1.24","987","","","","","","","","","",""
"17:57:14.613","ANA","3","+0.6","-0.0","+30.7","+0.0","+40.7311","+29.9413","-55.0","+7.9","-35.9","102144","102292","102218","0","0","0","0","0","0","0","0","0","0","-1.33","-10.89","-0.21","988","","","","","","","","","",""
"17:57:15.587","ANA","3","+0.8","+0.0","+30.7","+0.0","+40.7311","+29.9413","-60.0","+9.0","-25.4","102143","102293","102218","0","0","0","0","0","0","0","0","0","0","-2.89","-9.51","-0.03","989","","","","","","","","","",""
"17:57:16.605","ANA","3","+0.7","-0.0","+30.7","+0.0","+40.7311","+29.9413","-60.6","+8.4","-24.7","102146","102294","102220","0","0","0","0","0","0","0","0","0","0","-2.81","-6.42","+0.77","990","","","","","","","","","",""
"17:57:17.622","ANA","3","+0.5","-0.2","+30.6","+0.0","+40.7311","+29.9413","-70.6","+0.2","-15.9","102147","102296","102222","0","0","0","0","0","0","0","0","0","0","-4.51","-9.31","-0.88","991","","","","","","","","","",""
"17:57:18.663","ANA","3","+0.5","-0.1","+30.6","+0.0","+40.7311","+29.9413","-57.0","+19.1","-24.9","102145","102295","102220","0","0","0","0","0","0","0","0","0","0","-4.90","-12.19","+1.99","992","","","","","","","","","",""
"17:57:19.658","ANA","3","+0.8","+0.1","+30.6","+0.0","+40.7311","+29.9413","-60.5","+17.9","-26.8","102141","102291","102216","0","0","0","0","0","0","0","0","0","0","-2.00","-7.13","+0.81","993","","","","","","","","","",""
"17:57:20.655","ANA","3","+0.9","+0.1","+30.6","+0.0","+40.7311","+29.9413","-62.6","+19.2","-19.6","102142","102291","102217","0","0","0","0","0","0","0","0","0","0","-4.32","-8.60","-1.27","994","","","","","","","","","",""
"17:57:21.653","ANA","3","+1.0","+0.1","+30.6","+0.0","+40.7311","+29.9413","-63.5","+13.7","-15.9","102141","102290","102215","0","0","0","0","0","0","0","0","0","0","-6.26","-12.30","-3.06","995","","","","","","","","","",""
"17:57:22.649","ANA","3","+1.0","+0.0","+30.6","+0.0","+40.7311","+29.9413","-68.2","+12.9","-10.8","102141","102289","102215","0","0","0","0","0","0","0","0","0","0","-4.82","-8.34","-0.61","996","","","","","","","","","",""
"17:57:23.646","ANA","3","+1.0","-0.0","+30.6","+0.0","+40.7311","+29.9413","-55.0","+11.6","-13.5","102141","102290","102215","0","0","0","0","0","0","0","0","0","0","-4.28","-6.94","+0.45","997","","","","","","","","","",""
"17:57:24.618","ANA","3","+0.9","-0.1","+30.6","+0.0","+40.7311","+29.9413","-54.9","+4.2","-9.3","102144","102290","102217","0","0","0","0","0","0","0","0","0","0","-6.07","-9.02","+1.26","998","","","","","","","","","",""
"17:57:25.636","ANA","3","+0.9","-0.0","+30.5","+0.0","+40.7311","+29.9413","-57.2","+0.2","+3.6","102141","102287","102214","0","0","0","0","0","0","0","0","0","0","-3.75","-7.61","+2.76","999","","","","","","","","","",""
"17:57:26.677","ANA","3","+1.3","+0.2","+30.5","+0.0","+40.7311","+29.9413","-48.2","-5.4","+11.3","102136","102284","102210","0","0","0","0","0","0","0","0","0","0","-9.03","-8.89","+5.19","1000","","","","","","","","","",""
"17:57:27.674","ANA","3","+1.4","+0.1","+30.4","+0.0","+40.7311","+29.9413","-55.8","-19.0","+3.1","102138","102287","102212","0","0","0","0","0","0","0","0","0","0","-4.00","-8.68","+3.47","1001","","","","","","","","","",""
"17:57:28.671","ANA","3","+1.2","-0.0","+30.4","+0.0","+40.7311","+29.9413","-63.9","-17.0","+1.4","102138","102290","102214","0","0","0","0","0","0","0","0","0","0","-3.08","-7.13","+2.16","1002","","","","","","","","","",""
"17:57:29.669","ANA","3","+0.9","-0.3","+30.4","+0.0","+40.7311","+29.9413","-64.8","-9.2","-14.2","102142","102293","102217","0","0","0","0","0","0","0","0","0","0","-2.66","-7.94","+1.94","1003","","","","","","","","","",""
"17:57:30.665","ANA","3","+0.7","-0.3","+30.3","+0.0","+40.7311","+29.9413","-68.8","-6.3","-19.0","102143","102295","102219","0","0","0","0","0","0","0","0","0","0","-3.17","-8.80","-0.96","1004","","","","","","","","","",""
"17:57:31.665","ANA","3","+0.7","-0.1","+30.3","+0.0","+40.7311","+29.9413","-62.3","+1.2","-29.6","102141","102294","102218","0","0","0","0","0","0","0","0","0","0","-2.30","-11.14","-0.51","1005","","","","","","","","","",""
"17:57:32.661","ANA","3","+0.7","-0.0","+30.3","+0.0","+40.7311","+29.9413","-54.8","+8.5","-42.6","102144","102295","102219","0","0","0","0","0","0","0","0","0","0","-1.11","-11.36","+1.80","1006","","","","","","","","","",""
"17:57:33.658","ANA","3","+0.7","-0.0","+30.2","+0.0","+40.7311","+29.9413","-55.0","+10.3","-48.5","102144","102295","102220","0","0","0","0","0","0","0","0","0","0","-0.63","-6.26","+2.56","1007","","","","","","","","","",""
"17:57:34.653","ANA","3","+0.6","-0.0","+30.2","+0.0","+40.7311","+29.9413","-56.9","+5.5","-43.5","102147","102295","102221","0","0","0","0","0","0","0","0","0","0","-0.38","-8.97","+0.11","1008","","","","","","","","","",""
"17:57:35.652","ANA","3","+0.5","-0.1","+30.2","+0.0","+40.7311","+29.9413","-61.3","+4.3","-41.6","102147","102295","102221","0","0","0","0","0","0","0","0","0","0","+0.17","-10.52","+0.88","1009","","","","","","","","","",""
"17:57:36.650","ANA","3","+0.6","-0.0","+30.2","+0.0","+40.7311","+29.9413","-70.8","+3.9","-34.2","102145","102296","102221","0","0","0","0","0","0","0","0","0","0","-1.13","-10.06","-1.63","1010","","","","","","","","","",""
"17:57:37.643","ANA","3","+0.7","+0.0","+30.2","+0.0","+40.7311","+29.9413","-73.5","+2.0","-30.0","102143","102296","102220","0","0","0","0","0","0","0","0","0","0","-1.33","-8.15","-1.90","1011","","","","","","","","","",""
"17:57:38.643","ANA","3","+0.6","-0.0","+30.2","+0.0","+40.7311","+29.9413","-69.7","+3.2","-25.8","102145","102296","102221","0","0","0","0","0","0","0","0","0","0","-3.08","-10.47","-1.69","1012","","","","","","","","","",""
"17:57:39.643","ANA","3","+0.5","-0.0","+30.1","+0.0","+40.7311","+29.9413","-66.0","+12.6","-30.1","102146","102298","102222","0","0","0","0","0","0","0","0","0","0","-2.31","-11.18","+0.27","1013","","","","","","","","","",""
"17:57:40.649","ANA","3","+0.5","-0.0","+30.1","+0.0","+40.7311","+29.9413","-68.9","+14.7","-29.4","102146","102296","102221","0","0","0","0","0","0","0","0","0","0","-2.67","-10.15","-0.63","1014","","","","","","","","","",""
"17:57:41.654","ANA","3","+0.4","-0.1","+30.1","+0.0","+40.7311","+29.9413","-65.8","+20.4","-32.1","102147","102296","102222","0","0","0","0","0","0","0","0","0","0","-3.16","-8.10","-0.16","1015","","","","","","","","","",""
"17:57:42.652","ANA","3","+0.5","-0.0","+30.1","+0.0","+40.7311","+29.9413","-69.4","+20.7","-28.1","102145","102296","102221","0","0","0","0","0","0","0","0","0","0","-2.95","-9.26","-1.52","1016","","","","","","","","","",""
"17:57:43.649","ANA","3","+0.6","+0.0","+30.1","+0.0","+40.7311","+29.9413","-69.8","+18.9","-29.4","102146","102295","102221","0","0","0","0","0","0","0","0","0","0","-2.73","-9.40","-3.49","1017","","","","","","","","","",""
"17:57:44.646","ANA","3","+0.7","+0.1","+30.1","+0.0","+40.7311","+29.9413","-76.3","+22.6","-19.4","102142","102293","102218","0","0","0","0","0","0","0","0","0","0","-2.85","-7.34","-1.27","1018","","","","","","","","","",""
"17:57:45.643","ANA","3","+0.9","+0.1","+30.1","+0.0","+40.7311","+29.9413","-64.3","+18.2","-27.3","102142","102292","102217","0","0","0","0","0","0","0","0","0","0","-6.21","-9.64","-2.38","1019","","","","","","","","","",""
"17:57:46.642","ANA","3","+1.0","+0.1","+30.1","+0.0","+40.7311","+29.9413","-65.9","+24.4","-36.2","102140","102289","102215","0","0","0","0","0","0","0","0","0","0","-3.13","-12.47","-0.20","1020","","","","","","","","","",""
"17:57:47.647","ANA","3","+1.1","+0.1","+30.1","+0.0","+40.7311","+29.9413","-66.7","+24.9","-35.0","102138","102286","102212","0","0","0","0","0","0","0","0","0","0","-1.39","-9.52","-0.33","1021","","","","","","","","","",""
"17:57:48.644","ANA","3","+1.2","+0.0","+30.1","+0.0","+40.7311","+29.9413","-64.7","+23.0","-38.6","102139","102288","102213","0","0","0","0","0","0","0","0","0","0","-1.14","-7.25","+0.05","1022","","","","","","","","","",""
"17:57:49.643","ANA","3","+1.1","-0.0","+30.0","+0.0","+40.7311","+29.9413","-66.2","+22.2","-34.2","102139","102288","102213","0","0","0","0","0","0","0","0","0","0","-2.30","-11.88","-3.81","1023","","","","","","","","","",""
"17:57:50.648","ANA","3","+1.2","-0.0","+30.0","+0.0","+40.7311","+29.9413","-66.9","+25.9","-34.4","102138","102289","102213","0","0","0","0","0","0","0","0","0","0","-2.24","-7.42","-1.29","1024","","","","","","","","","",""
"17:57:51.645","ANA","3","+1.1","-0.0","+30.0","+0.0","+40.7311","+29.9413","-63.2","+17.6","-32.9","102139","102291","102215","0","0","0","0","0","0","0","0","0","0","-3.68","-9.06","-0.54","1025","","","","","","","","","",""
"17:57:52.644","ANA","3","+1.2","+0.0","+30.0","+0.0","+40.7311","+29.9413","-64.3","+19.9","-35.6","102135","102289","102212","0","0","0","0","0","0","0","0","0","0","-2.96","-10.81","-1.30","1026","","","","","","","","","",""
"17:57:53.649","ANA","3","+1.4","+0.1","+30.0","+0.0","+40.7311","+29.9413","-64.5","+24.0","-38.8","102136","102286","102211","0","0","0","0","0","0","0","0","0","0","-1.53","-8.40","-0.57","1027","","","","","","","","","",""
"17:57:54.648","ANA","3","+1.2","-0.0","+29.9","+0.0","+40.7311","+29.9413","-66.0","+13.7","-35.8","102138","102290","102214","0","0","0","0","0","0","0","0","0","0","-1.98","-11.02","-2.95","1028","","","","","","","","","",""
"17:57:55.653","ANA","3","+0.8","-0.4","+29.9","+0.0","+40.7311","+29.9413","-70.6","+11.1","-32.6","102145","102296","102220","0","0","0","0","0","0","0","0","0","0","-1.87","-9.36","-1.28","1029","","","","","","","","","",""
"17:57:56.648","ANA","3","+0.4","-0.5","+29.9","+0.0","+40.7311","+29.9413","-69.1","+3.6","-18.3","102148","102298","102223","0","0","0","0","0","0","0","0","0","0","-4.40","-8.25","-0.38","1030","","","","","","","","","",""
"17:57:57.645","ANA","3","+0.3","-0.2","+29.9","+0.0","+40.7311","+29.9413","-83.7","-11.6","-2.5","102149","102298","102223","0","0","0","0","0","0","0","0","0","0","-5.07","-9.86","-1.87","1031","","","","","","","","","",""
"17:57:58.645","ANA","3","+0.4","+0.0","+29.9","+0.0","+40.7311","+29.9413","-85.2","-44.2","+33.4","102146","102298","102222","0","0","0","0","0","0","0","0","0","0","-4.15","-8.22","+1.27","1032","","","","","","","","","",""
"17:57:59.641","ANA","3","+0.6","+0.2","+29.8","+0.0","+40.7311","+29.9413","-91.8","-45.7","+42.6","102143","102298","102220","0","0","0","0","0","0","0","0","0","0","-5.03","-8.55","+1.13","1033","","","","","","","","","",""
"17:58:00.638","ANA","3","+0.5","+0.0","+29.8","+0.0","+40.7311","+29.9413","-93.1","-71.1","+57.3","102148","102303","102225","0","0","0","0","0","0","0","0","0","0","-4.36","-9.19","+1.05","1034","","","","","","","","","",""
"17:58:12.995","ANA","0","-73.8","+0.0","+29.6","+0.0","+0.0000","+0.0000","+0.2","+0.0","-0.0","102141","102316","102228","0","0","0","0","0","0","0","0","0","0","-0.23","-9.59","-0.85","1","","","","","","","","","",""
"17:58:13.995","ANA","0","-72.0","+0.0","+29.7","+0.0","+0.0000","+0.0000","-0.9","-0.9","-0.7","102134","102307","102220","0","0","0","0","0","0","0","0","0","0","-0.09","-9.72","-1.15","2","","","","","","","","","",""
"17:58:14.992","ANA","0","-71.9","+0.0","+29.6","+0.0","+0.0000","+0.0000","-2.7","-0.9","-2.2","102134","102308","102221","0","0","0","0","0","0","0","0","0","0","+0.04","-9.69","-1.44","3","","","","","","","","","",""
"17:58:15.988","ANA","0","+0.2","+0.0","+29.7","+0.0","+0.0000","+0.0000","+2.2","-2.8","-1.2","102134","102305","102219","0","0","0","0","0","0","0","0","0","0","-0.20","-8.09","+1.14","4","","","","","","","","","",""
"17:58:16.986","ANA","0","+0.0","+0.0","+29.7","+0.0","+0.0000","+0.0000","+6.0","-4.6","+9.5","102134","102325","102230","0","0","0","0","0","0","0","0","0","0","-2.20","-10.06","+0.17","5","","","","","","","","","",""
"17:58:17.985","ANA","0","+0.0","+0.0","+29.8","+0.0","+0.0000","+0.0000","+1.8","-10.9","+10.7","102134","102355","102244","0","0","0","0","0","0","0","0","0","0","-2.04","-9.60","-0.01","6","","","","","","","","","",""
"17:58:18.990","ANA","0","+0.0","+0.0","+29.9","+0.0","+0.0000","+0.0000","+3.9","-16.3","+8.1","102130","102387","102258","0","0","0","0","0","0","0","0","0","0","-1.98","-9.61","+0.39","7","","","","","","","","","",""
"17:58:19.988","ANA","0","+0.0","+0.0","+29.9","+0.0","+0.0000","+0.0000","+2.8","-17.4","+5.2","102130","102417","102274","0","0","0","0","0","0","0","0","0","0","-1.22","-9.56","-0.46","8","","","","","","","","","",""
"17:58:20.985","ANA","0","+0.0","+0.0","+30.0","+0.0","+0.0000","+0.0000","+1.3","-15.8","+4.5","102130","102408","102269","0","0","0","0","0","0","0","0","0","0","-1.23","-9.50","-0.75","9","","","","","","","","","",""
"17:58:21.983","ANA","0","+0.0","+0.0","+29.9","+0.0","+0.0000","+0.0000","+3.9","-10.9","+3.8","102127","102385","102256","0","0","0","0","0","0","0","0","0","0","-0.54","-9.26","+0.01","10","","","","","","","","","",""
"17:58:23.015","ANA","0","+0.0","+0.0","+29.9","+0.0","+0.0000","+0.0000","+20.1","-31.2","+5.1","102127","102383","102255","0","0","0","0","0","0","0","0","0","0","-0.49","-10.07","+3.56","11","","","","","","","","","",""
"17:58:24.030","ANA","0","+0.0","+0.0","+30.0","+0.0","+0.0000","+0.0000","+40.3","-35.9","+9.4","102136","102376","102256","0","0","0","0","0","0","0","0","0","0","-0.95","-8.17","+6.21","12","","","","","","","","","",""
"17:58:25.038","ANA","0","+0.0","+0.0","+30.2","+0.0","+0.0000","+0.0000","+40.4","-30.5","+7.2","102141","102403","102272","0","0","0","0","0","0","0","0","0","0","-0.04","-7.34","+5.61","13","","","","","","","","","",""
"17:58:26.046","ANA","0","+0.0","+0.0","+30.3","+0.0","+0.0000","+0.0000","+37.7","-24.2","+10.7","102144","102483","102314","0","0","0","0","0","0","0","0","0","0","-1.35","-7.55","+5.65","14","","","","","","","","","",""
"17:58:27.064","ANA","0","+0.0","+0.0","+30.4","+0.0","+0.0000","+0.0000","+35.3","-23.8","+11.0","102144","102522","102333","0","0","0","0","0","0","0","0","0","0","-1.36","-8.02","+5.34","15","","","","","","","","","",""
"17:58:28.080","ANA","0","+0.0","+0.0","+30.4","+0.0","+0.0000","+0.0000","+36.2","-23.5","+13.5","102145","102539","102342","0","0","0","0","0","0","0","0","0","0","-1.84","-7.65","+5.59","16","","","","","","","","","",""
"17:58:29.099","ANA","0","+0.0","+0.0","+30.5","+0.0","+0.0000","+0.0000","+38.9","-24.3","+18.7","102144","102533","102339","0","0","0","0","0","0","0","0","0","0","-2.84","-7.53","+6.32","17","","","","","","","","","",""
"17:58:30.113","ANA","0","+0.0","+0.0","+30.5","+0.0","+0.0000","+0.0000","+29.3","-18.5","+9.6","102139","102563","102351","0","0","0","0","0","0","0","0","0","0","-1.91","-9.00","+3.80","18","","","","","","","","","",""
"17:58:31.121","ANA","0","+0.0","+0.0","+30.6","+0.0","+0.0000","+0.0000","+18.9","-12.4","+5.1","102129","102558","102343","0","0","0","0","0","0","0","0","0","0","-1.07","-9.22","+2.29","19","","","","","","","","","",""
"17:58:32.134","ANA","0","+0.0","+0.0","+30.6","+0.0","+40.7300","+29.9412","+35.7","-22.0","+17.1","102133","102558","102346","0","0","0","0","0","0","0","0","0","0","-2.42","-7.94","+5.86","20","","","","","","","","","",""
"17:58:33.150","ANA","0","+0.0","+0.0","+30.6","+0.0","+40.7300","+29.9412","+14.9","-24.6","+14.5","102135","102571","102353","0","0","0","0","0","0","0","0","0","0","-2.64","-8.69","+2.34","21","","","","","","","","","",""
"17:58:34.167","ANA","0","+0.0","+0.0","+30.6","+0.0","+40.7300","+29.9412","+8.4","-15.7","+16.1","102132","102535","102334","0","0","0","0","0","0","0","0","0","0","-3.08","-9.06","+1.38","22","","","","","","","","","",""
"17:58:35.183","ANA","0","+0.0","+0.0","+30.6","+0.0","+40.7300","+29.9412","+9.8","-10.1","+16.6","102130","102500","102315","0","0","0","0","0","0","0","0","0","0","-3.31","-8.76","+1.99","23","","","","","","","","","",""
"17:58:36.202","ANA","0","+0.0","+0.0","+30.5","+0.0","+40.7300","+29.9412","+11.0","-5.1","+10.8","102126","102394","102260","0","0","0","0","0","0","0","0","0","0","-2.35","-9.52","+0.77","24","","","","","","","","","",""
"17:58:37.216","ANA","0","+0.0","+0.0","+30.4","+0.0","+40.7300","+29.9412","+10.2","-3.4","+4.9","102128","102344","102236","0","0","0","0","0","0","0","0","0","0","-1.13","-9.84","+1.01","25","","","","","","","","","",""
"17:58:38.233","ANA","0","+0.0","+0.0","+30.4","+0.0","+40.7300","+29.9412","+6.4","-13.8","+2.0","102122","102362","102242","0","0","0","0","0","0","0","0","0","0","-0.91","-9.51","+0.49","26","","","","","","","","","",""
"17:58:39.252","ANA","0","+0.0","+0.0","+30.3","+0.0","+40.7300","+29.9412","+5.3","-16.0","+4.1","102119","102376","102247","0","0","0","0","0","0","0","0","0","0","-1.40","-10.06","+0.06","27","","","","","","","","","",""
"17:58:40.268","ANA","0","+0.0","+0.0","+30.3","+0.0","+40.7300","+29.9412","+5.1","-15.2","+3.4","102115","102375","102245","0","0","0","0","0","0","0","0","0","0","-1.37","-9.73","+0.26","28","","","","","","","","","",""
"17:58:41.284","ANA","0","+0.0","+0.0","+30.3","+0.0","+40.7300","+29.9412","+5.6","+24.0","+6.4","102127","102330","102228","0","0","0","0","0","0","0","0","0","0","-2.07","-9.72","+0.72","29","","","","","","","","","",""
"17:58:42.304","ANA","0","+0.0","+0.0","+30.2","+0.0","+40.7300","+29.9412","-3.6","+110.4","+4.0","102143","102312","102228","0","0","0","0","0","0","0","0","0","0","+0.08","-9.52","-1.04","30","","","","","","","","","",""
"17:58:43.345","ANA","0","+0.0","+0.0","+30.0","+0.0","+40.7300","+29.9412","+11.6","+153.7","+19.2","102145","102297","102221","0","0","0","0","0","0","0","0","0","0","-1.66","-9.93","-0.96","31","","","","","","","","","",""
"17:58:44.343","ANA","0","+0.0","+0.0","+30.0","+0.0","+40.7300","+29.9412","+13.1","+160.0","+14.4","102145","102294","102220","0","0","0","0","0","0","0","0","0","0","-2.10","-9.01","-1.36","32","","","","","","","","","",""
"17:58:45.342","ANA","0","+0.0","+0.0","+29.9","+0.0","+40.7300","+29.9412","+17.4","+165.2","+15.1","102144","102293","102219","0","0","0","0","0","0","0","0","0","0","-5.38","-11.40","-1.48","33","","","","","","","","","",""
"17:58:46.339","ANA","0","+0.0","+0.0","+29.9","+0.0","+40.7300","+29.9412","+23.4","+161.5","+19.1","102144","102293","102218","0","0","0","0","0","0","0","0","0","0","-3.42","-10.60","-0.41","34","","","","","","","","","",""
"17:58:47.334","ANA","0","+0.0","+0.0","+29.9","+0.0","+40.7300","+29.9412","+23.6","+157.0","+18.0","102144","102291","102217","0","0","0","0","0","0","0","0","0","0","-2.58","-7.65","-0.27","35","","","","","","","","","",""
"17:58:48.331","ANA","0","+0.0","+0.0","+29.9","+0.0","+40.7300","+29.9412","+29.4","+159.4","+16.2","102144","102294","102219","0","0","0","0","0","0","0","0","0","0","-2.30","-9.23","+0.03","36","","","","","","","","","",""
"17:58:49.306","ANA","0","+0.0","+0.0","+29.9","+0.0","+40.7300","+29.9412","+11.4","+171.4","+6.0","102145","102295","102220","0","0","0","0","0","0","0","0","0","0","-1.30","-9.18","-0.35","37","","","","","","","","","",""
"17:58:50.322","ANA","0","+0.0","+0.0","+29.9","+0.0","+40.7300","+29.9412","+15.9","+162.5","+8.0","102148","102298","102223","0","0","0","0","0","0","0","0","0","0","-2.01","-9.97","-0.51","38","","","","","","","","","",""
"17:58:51.362","ANA","0","+0.0","+0.0","+29.9","+0.0","+40.7300","+29.9412","+13.3","+165.4","+7.5","102148","102301","102224","0","0","0","0","0","0","0","0","0","0","-3.43","-12.23","-1.91","39","","","","","","","","","",""
"17:58:52.360","ANA","0","+0.0","+0.0","+29.9","+0.0","+40.7300","+29.9412","+14.0","+169.5","+5.2","102148","102299","102224","0","0","0","0","0","0","0","0","0","0","-0.67","-10.39","+1.26","40","","","","","","","","","",""
"17:58:53.359","ANA","0","+0.0","+0.0","+30.0","+0.0","+40.7300","+29.9412","+17.4","+167.8","+10.9","102150","102297","102223","0","0","0","0","0","0","0","0","0","0","-2.28","-11.46","-1.32","41","","","","","","","","","",""
"17:58:54.355","ANA","0","+0.0","+0.0","+30.0","+0.0","+40.7300","+29.9412","+16.5","+163.5","+17.8","102153","102299","102226","0","0","0","0","0","0","0","0","0","0","-2.22","-10.81","-1.80","42","","","","","","","","","",""
"17:58:55.351","ANA","0","+0.0","+0.0","+30.0","+0.0","+40.7300","+29.9412","+25.3","+157.3","+13.2","102150","102296","102223","0","0","0","0","0","0","0","0","0","0","-2.95","-9.13","-0.43","43","","","","","","","","","",""
"17:58:56.347","ANA","0","+0.0","+0.0","+30.0","+0.0","+40.7300","+29.9412","+29.3","+154.7","+17.8","102148","102296","102222","0","0","0","0","0","0","0","0","0","0","-3.66","-6.82","-0.88","44","","","","","","","","","",""
"17:58:57.344","ANA","0","+0.0","+0.0","+30.0","+0.0","+40.7300","+29.9412","+32.0","+158.7","+12.7","102149","102296","102222","0","0","0","0","0","0","0","0","0","0","-2.75","-5.67","-0.23","45","","","","","","","","","",""
"17:58:58.318","ANA","0","+0.0","+0.0","+30.0","+0.0","+40.7300","+29.9412","+42.0","+155.3","+6.5","102147","102295","102221","0","0","0","0","0","0","0","0","0","0","-6.48","-8.39","+1.10","46","","","","","","","","","",""
"17:58:59.359","ANA","0","+0.0","+0.0","+30.0","+0.0","+40.7300","+29.9412","+21.4","+172.5","+4.1","102146","102295","102220","0","0","0","0","0","0","0","0","0","0","-3.29","-10.57","+0.04","47","","","","","","","","","",""
"17:59:00.355","ANA","0","+0.0","+0.0","+30.0","+0.0","+40.7300","+29.9412","+27.9","+169.1","+5.0","102146","102294","102220","0","0","0","0","0","0","0","0","0","0","-3.86","-11.18","+1.13","48","","","","","","","","","",""
"17:59:04.321","ANA","0","+0.0","+0.0","+29.9","+0.0","+40.7300","+29.9412","+29.6","+165.0","+8.6","102148","102291","102220","0","0","0","0","0","0","0","0","0","0","-1.78","-6.67","+1.34","52","","","","","","","","","",""
"17:59:05.361","ANA","0","+0.0","+0.0","+29.9","+0.0","+40.7300","+29.9412","+26.3","+165.6","+10.0","102144","102291","102218","0","0","0","0","0","0","0","0","0","0","-2.38","-8.52","+0.41","53","","","","","","","","","",""
"17:59:08.373","ANA","0","+0.1","+0.0","+29.9","+0.0","+40.7300","+29.9412","+13.8","+170.2","+0.7","102144","102291","102218","0","0","0","0","0","0","0","0","0","0","-3.45","-11.61","-0.60","56","","","","","","","","","",""
"17:59:09.370","ANA","0","+0.0","+0.0","+29.9","+0.0","+40.7300","+29.9412","+9.2","+171.3","+10.1","102148","102294","102221","0","0","0","0","0","0","0","0","0","0","-1.30","-12.28","-0.81","57","","","","","","","","","",""
"17:59:10.369","ANA","0","+0.0","+0.0","+29.9","+0.0","+40.7300","+29.9412","+12.7","+169.5","+12.0","102147","102294","102221","0","0","0","0","0","0","0","0","0","0","-2.21","-11.26","-1.15","58","","","","","","","","","",""
"17:59:11.366","ANA","0","+0.0","+0.0","+29.9","+0.0","+40.7300","+29.9412","+21.9","+170.9","+15.6","102150","102299","102224","0","0","0","0","0","0","0","0","0","0","-1.73","-11.48","-2.26","59","","","","","","","","","",""
"17:59:12.361","ANA","0","+0.0","+0.0","+29.9","+0.0","+40.7300","+29.9412","+17.3","+168.9","+19.6","102151","102301","102226","0","0","0","0","0","0","0","0","0","0","-2.26","-8.56","-1.59","60","","","","","","","","","",""
"17:59:13.358","ANA","0","+0.0","+0.0","+29.9","+0.0","+40.7300","+29.9412","+16.3","+169.3","+15.6","102153","102302","102227","0","0","0","0","0","0","0","0","0","0","-1.19","-5.76","+0.54","61","","","","","","","","","",""
"17:59:14.354","ANA","0","+0.0","+0.0","+29.9","+0.0","+40.7300","+29.9412","+22.9","+169.5","+17.2","102152","102299","102226","0","0","0","0","0","0","0","0","0","0","-2.03","-7.28","-1.59","62","","","","","","","","","",""
"17:59:15.352","ANA","0","+0.0","+0.0","+29.9","+0.0","+40.7300","+29.9412","+23.9","+173.4","+11.8","102152","102299","102226","0","0","0","0","0","0","0","0","0","0","-3.11","-7.82","-0.72","63","","","","","","","","","",""
"17:59:16.349","ANA","0","+0.0","+0.0","+30.0","+0.0","+40.7300","+29.9412","+25.4","+170.1","+10.7","102152","102299","102226","0","0","0","0","0","0","0","0","0","0","-4.03","-8.63","+0.67","64","","","","","","","","","",""
"17:59:17.346","ANA","0","+0.0","+0.0","+29.9","+0.0","+40.7300","+29.9412","+28.3","+169.8","+14.4","102152","102299","102225","0","0","0","0","0","0","0","0","0","0","-4.03","-9.90","-0.10","65","","","","","","","","","",""
"17:59:18.345","ANA","0","+0.0","+0.0","+29.9","+0.0","+40.7300","+29.9412","+29.0","+175.3","+13.9","102149","102297","102223","0","0","0","0","0","0","0","0","0","0","-9.07","-13.46","-2.03","66","","","","","","","","","",""
"17:59:19.342","ANA","0","+0.0","+0.0","+29.9","+0.0","+40.7300","+29.9412","+27.5","+173.2","+20.1","102148","102295","102221","0","0","0","0","0","0","0","0","0","0","-4.59","-11.81","-1.01","67","","","","","","","","","",""
"17:59:20.339","ANA","0","+0.0","+0.0","+29.9","+0.0","+40.7300","+29.9412","-24.0","-173.6","-22.9","102145","102294","102220","0","0","0","0","0","0","0","0","0","0","-2.68","-10.97","-0.80","68","","","","","","","","","",""
"17:59:21.335","ANA","0","+0.0","+0.0","+30.0","+0.0","+40.7300","+29.9412","+21.4","+175.3","+22.8","102146","102293","102220","0","0","0","0","0","0","0","0","0","0","-2.05","-8.11","+0.14","69","","","","","","","","","",""
"17:59:22.332","ANA","0","+0.0","+0.0","+29.9","+0.0","+40.7300","+29.9412","+21.1","+175.4","+21.1","102147","102293","102220","0","0","0","0","0","0","0","0","0","0","-1.39","-6.26","+0.61","70","","","","","","","","","",""
"17:59:23.329","ANA","0","+0.0","+0.0","+29.9","+0.0","+40.7300","+29.9412","+21.8","+170.2","+22.4","102148","102295","102222","0","0","0","0","0","0","0","0","0","0","-1.91","-7.34","-0.86","71","","","","","","","","","",""
"17:59:24.326","ANA","0","+0.0","+0.0","+29.9","+0.0","+40.7300","+29.9412","+18.2","+170.0","+17.3","102148","102299","102224","0","0","0","0","0","0","0","0","0","0","-1.78","-8.14","-0.02","72","","","","","","","","","",""
"17:59:25.324","ANA","0","+0.0","+0.0","+29.9","+0.0","+40.7300","+29.9412","+19.4","+165.3","+17.8","102151","102301","102226","0","0","0","0","0","0","0","0","0","0","-1.66","-8.22","-0.86","73","","","","","","","","","",""
"17:59:26.322","ANA","0","+0.0","+0.0","+29.9","+0.0","+40.7300","+29.9412","+14.7","+166.1","+20.8","102152","102303","102228","0","0","0","0","0","0","0","0","0","0","-2.98","-11.65","-4.03","74","","","","","","","","","",""
"17:59:27.319","ANA","0","+0.0","+0.0","+29.9","+0.0","+40.7300","+29.9412","+15.2","+163.4","+22.5","102149","102300","102224","0","0","0","0","0","0","0","0","0","0","-1.69","-12.10","-3.42","75","","","","","","","","","",""
"17:59:28.317","ANA","0","+0.0","+0.0","+29.9","+0.0","+40.7300","+29.9412","+18.7","+155.8","+20.9","102150","102300","102225","0","0","0","0","0","0","0","0","0","0","-2.00","-10.10","-1.64","76","","","","","","","","","",""
"17:59:29.312","ANA","0","+0.0","+0.0","+29.9","+0.0","+40.7300","+29.9412","+15.3","+163.7","+20.2","102149","102298","102224","0","0","0","0","0","0","0","0","0","0","-2.29","-9.60","-0.98","77","","","","","","","","","",""
"17:59:30.309","ANA","0","+0.0","+0.0","+29.9","+0.0","+40.7300","+29.9412","+17.8","+163.7","+18.9","102148","102298","102223","0","0","0","0","0","0","0","0","0","0","-1.48","-7.73","-0.62","78","","","","","","","","","",""
"17:59:31.305","ANA","0","+0.0","+0.0","+29.9","+0.0","+40.7300","+29.9412","+23.2","+166.9","+19.1","102147","102295","102221","0","0","0","0","0","0","0","0","0","0","-2.24","-6.67","+0.07","79","","","","","","","","","",""
"17:59:32.303","ANA","0","+0.0","+0.0","+29.9","+0.0","+40.7300","+29.9412","+23.8","+169.4","+19.9","102148","102296","102222","0","0","0","0","0","0","0","0","0","0","-3.27","-8.18","-1.79","80","","","","","","","","","",""
"17:59:33.302","ANA","0","+0.0","+0.0","+29.9","+0.0","+40.7294","+29.9411","+24.9","+167.8","+19.2","102147","102296","102221","0","0","0","0","0","0","0","0","0","0","-3.63","-10.06","-0.66","81","","","","","","","","","",""
"17:59:34.298","ANA","0","+0.0","+0.0","+29.9","+0.0","+40.7294","+29.9411","+24.9","+176.4","+18.7","102148","102301","102225","0","0","0","0","0","0","0","0","0","0","-3.30","-11.89","-0.30","82","","","","","","","","","",""
"17:59:35.295","ANA","0","+0.0","+0.0","+29.9","+0.0","+40.7294","+29.9411","+25.3","+171.2","+21.3","102149","102302","102226","0","0","0","0","0","0","0","0","0","0","-4.13","-10.75","+0.20","83","","","","","","","","","",""
"17:59:36.293","ANA","0","+0.0","+0.0","+29.9","+0.0","+40.7293","+29.9411","+23.9","+172.5","+18.7","102149","102301","102225","0","0","0","0","0","0","0","0","0","0","-2.77","-10.18","+0.55","84","","","","","","","","","",""
"17:59:37.288","ANA","0","+0.0","+0.0","+29.9","+0.0","+40.7293","+29.9411","+21.7","+171.9","+23.0","102151","102302","102227","0","0","0","0","0","0","0","0","0","0","-1.91","-9.77","-0.80","85","","","","","","","","","",""
"17:59:38.284","ANA","0","+0.0","+0.0","+29.9","+0.0","+40.7293","+29.9411","+15.0","+174.9","+20.3","102153","102301","102227","0","0","0","0","0","0","0","0","0","0","-1.66","-6.00","+1.14","86","","","","","","","","","",""
"17:59:39.283","ANA","0","+0.0","+0.0","+30.0","+0.0","+40.7293","+29.9411","+20.3","+174.8","+18.1","102154","102301","102227","0","0","0","0","0","0","0","0","0","0","-1.90","-6.50","+0.66","87","","","","","","","","","",""
"17:59:40.279","ANA","0","+0.0","+0.0","+30.0","+0.0","+40.7293","+29.9411","+15.7","+170.5","+13.4","102154","102301","102228","0","0","0","0","0","0","0","0","0","0","-1.26","-9.01","-1.29","88","","","","","","","","","",""
"17:59:41.278","ANA","0","+0.0","+0.0","+30.0","+0.0","+40.7293","+29.9411","+16.1","+157.2","+20.2","102154","102300","102227","0","0","0","0","0","0","0","0","0","0","-2.46","-10.89","-0.86","89","","","","","","","","","",""
"17:59:42.272","ANA","0","+0.0","+0.0","+30.0","+0.0","+40.7293","+29.9411","+19.4","+160.5","+21.3","102154","102300","102227","0","0","0","0","0","0","0","0","0","0","-1.74","-7.52","-0.03","90","","","","","","","","","",""
"17:59:43.269","ANA","0","+0.0","+0.0","+30.0","+0.0","+40.7293","+29.9411","+23.8","+162.7","+23.4","102154","102300","102227","0","0","0","0","0","0","0","0","0","0","-3.46","-6.80","-0.86","91","","","","","","","","","",""
"17:59:44.268","ANA","0","+0.0","+0.0","+30.0","+0.0","+40.7293","+29.9411","+21.4","+170.0","+23.4","102152","102300","102226","0","0","0","0","0","0","0","0","0","0","-2.79","-8.35","-1.25","92","","","","","","","","","",""
"17:59:45.264","ANA","0","+0.0","+0.0","+30.1","+0.0","+40.7292","+29.9411","+27.6","+169.0","+22.7","102149","102300","102225","0","0","0","0","0","0","0","0","0","0","-4.50","-9.93","-1.40","93","","","","","","","","","",""
"17:59:46.263","ANA","0","+0.0","+0.0","+30.1","+0.0","+40.7292","+29.9411","+33.4","+164.6","+19.1","102150","102299","102224","0","0","0","0","0","0","0","0","0","0","-5.48","-12.27","-2.38","94","","","","","","","","","",""
"17:59:47.260","ANA","0","+0.0","+0.0","+30.1","+0.0","+40.7292","+29.9411","+34.9","+165.0","+21.3","102149","102299","102224","0","0","0","0","0","0","0","0","0","0","-5.84","-11.21","+0.27","95","","","","","","","","","",""
"17:59:48.255","ANA","0","+0.0","+0.0","+30.2","+0.0","+40.7292","+29.9410","+31.9","+166.6","+27.8","102151","102300","102226","0","0","0","0","0","0","0","0","0","0","-3.03","-9.55","-0.83","96","","","","","","","","","",""
"17:59:49.252","ANA","0","+0.0","+0.0","+30.2","+0.0","+40.7292","+29.9410","+26.2","+167.3","+22.6","102151","102300","102225","0","0","0","0","0","0","0","0","0","0","-2.52","-6.63","+0.31","97","","","","","","","","","",""
"17:59:50.249","ANA","0","+0.0","+0.0","+30.2","+0.0","+40.7292","+29.9410","+29.5","+166.6","+20.6","102151","102300","102226","0","0","0","0","0","0","0","0","0","0","-2.46","-7.59","-0.06","98","","","","","","","","","",""
"17:59:51.246","ANA","0","+0.0","+0.0","+30.2","+0.0","+40.7292","+29.9410","+18.5","+154.5","+14.0","102153","102302","102227","0","0","0","0","0","0","0","0","0","0","-0.55","-7.50","+0.74","99","","","","","","","","","",""
"17:59:52.247","ANA","0","+0.0","+0.0","+30.3","+0.0","+40.7292","+29.9410","-10.9","+171.1","+12.3","102155","102302","102228","0","0","0","0","0","0","0","0","0","0","+2.93","-10.42","-0.31","100","","","","","","","","","",""
"17:59:53.252","ANA","0","+0.0","+0.0","+30.3","+0.0","+40.7292","+29.9410","+1.9","+153.6","+12.8","102155","102301","102228","0","0","0","0","0","0","0","0","0","0","+1.08","-11.47","-1.66","101","","","","","","","","","",""
"17:59:54.250","ANA","0","+0.0","+0.0","+30.3","+0.0","+40.7291","+29.9410","+14.7","+154.7","+19.2","102153","102301","102227","0","0","0","0","0","0","0","0","0","0","-1.42","-11.00","-1.69","102","","","","","","","","","",""
"17:59:55.258","ANA","0","+0.0","+0.0","+30.4","+0.0","+40.7291","+29.9410","+10.6","+157.3","+25.0","102151","102298","102224","0","0","0","0","0","0","0","0","0","0","-1.20","-10.72","-3.54","103","","","","","","","","","",""
"17:59:56.262","ANA","0","+0.0","+0.0","+30.4","+0.0","+40.7291","+29.9410","+13.8","+159.4","+27.8","102147","102299","102223","0","0","0","0","0","0","0","0","0","0","-1.40","-9.06","-1.95","104","","","","","","","","","",""
"17:59:57.259","ANA","0","+0.0","+0.0","+30.5","+0.0","+40.7291","+29.9410","+15.9","+165.6","+23.4","102145","102296","102221","0","0","0","0","0","0","0","0","0","0","-1.80","-6.13","-0.47","105","","","","","","","","","",""
"17:59:58.256","ANA","0","+0.0","+0.0","+30.5","+0.0","+40.7291","+29.9410","+22.0","+162.4","+27.0","102145","102296","102220","0","0","0","0","0","0","0","0","0","0","-2.85","-7.84","-1.67","106","","","","","","","","","",""
"17:59:59.253","ANA","0","+0.0","+0.0","+30.5","+0.0","+40.7291","+29.9410","+19.7","+164.2","+20.4","102146","102298","102222","0","0","0","0","0","0","0","0","0","0","-3.79","-9.80","+0.56","107","","","","","","","","","",""
"18:00:00.252","ANA","0","+0.0","+0.0","+30.5","+0.0","+40.7291","+29.9410","+14.4","+163.6","+20.4","102148","102299","102224","0","0","0","0","0","0","0","0","0","0","-4.07","-14.30","-3.97","108","","","","","","","","","",""
"18:00:01.260","ANA","0","+0.0","+0.0","+30.5","+0.0","+40.7291","+29.9410","+19.9","+165.0","+15.4","102151","102299","102225","0","0","0","0","0","0","0","0","0","0","-2.97","-11.34","+1.52","109","","","","","","","","","",""
"18:00:02.267","ANA","0","+0.0","+0.0","+30.5","+0.0","+40.7291","+29.9410","+18.3","+165.6","+19.1","102153","102300","102226","0","0","0","0","0","0","0","0","0","0","-1.59","-11.23","+0.86","110","","","","","","","","","",""
"18:00:03.272","ANA","0","+0.0","+0.0","+30.5","+0.0","+40.7290","+29.9410","+19.7","+171.0","+24.4","102150","102300","102225","0","0","0","0","0","0","0","0","0","0","-2.05","-9.53","-0.81","111","","","","","","","","","",""
"18:00:04.268","ANA","0","+0.0","+0.0","+30.5","+0.0","+40.7290","+29.9410","+21.1","+170.4","+25.9","102149","102301","102225","0","0","0","0","0","0","0","0","0","0","-1.38","-6.42","+0.57","112","","","","","","","","","",""
"18:00:05.265","ANA","0","+0.0","+0.0","+30.5","+0.0","+40.7290","+29.9410","+24.4","+173.6","+28.3","102147","102301","102224","0","0","0","0","0","0","0","0","0","0","-2.53","-9.34","-1.91","113","","","","","","","","","",""
"18:00:06.261","ANA","0","+0.0","+0.0","+30.5","+0.0","+40.7290","+29.9410","+18.5","+170.8","+22.3","102151","102303","102227","0","0","0","0","0","0","0","0","0","0","-1.61","-9.09","-0.85","114","","","","","","","","","",""
"18:00:07.258","ANA","0","+0.0","+0.0","+30.6","+0.0","+40.7290","+29.9410","+18.5","+167.0","+28.6","102154","102301","102228","0","0","0","0","0","0","0","0","0","0","-1.13","-8.81","-1.74","115","","","","","","","","","",""
"18:00:08.257","ANA","0","+0.0","+0.0","+30.6","+0.0","+40.7290","+29.9410","+15.8","+168.1","+22.3","102153","102298","102226","0","0","0","0","0","0","0","0","0","0","-2.06","-12.19","-2.58","116","","","","","","","","","",""
"18:00:09.264","ANA","0","+0.0","+0.0","+30.6","+0.0","+40.7290","+29.9410","+14.2","+165.3","+28.4","102150","102297","102224","0","0","0","0","0","0","0","0","0","0","-0.99","-11.50","-3.05","117","","","","","","","","","",""
"18:00:10.271","ANA","0","+0.0","+0.0","+30.6","+0.0","+40.7290","+29.9410","+17.8","+161.3","+25.9","102150","102296","102223","0","0","0","0","0","0","0","0","0","0","-2.16","-10.48","-1.61","118","","","","","","","","","",""
"18:00:11.277","ANA","0","+0.0","+0.0","+30.6","+0.0","+40.7290","+29.9410","+16.7","+161.4","+26.0","102148","102295","102221","0","0","0","0","0","0","0","0","0","0","-1.79","-8.53","-1.13","119","","","","","","","","","",""
"18:00:12.273","ANA","0","+0.0","+0.0","+30.6","+0.0","+40.7289","+29.9410","+20.0","+161.1","+29.4","102150","102295","102222","0","0","0","0","0","0","0","0","0","0","-2.20","-6.53","-1.10","120","","","","","","","","","",""
"18:00:13.271","ANA","0","+0.0","+0.0","+30.6","+0.0","+40.7289","+29.9410","+23.3","+157.6","+27.3","102149","102297","102223","0","0","0","0","0","0","0","0","0","0","-2.75","-8.15","-1.40","121","","","","","","","","","",""
"18:00:14.268","ANA","0","+0.0","+0.0","+30.6","+0.0","+40.7289","+29.9410","+19.1","+168.8","+24.3","102147","102297","102222","0","0","0","0","0","0","0","0","0","0","-2.49","-9.53","-0.32","122","","","","","","","","","",""
"18:00:15.266","ANA","0","+0.0","+0.0","+30.7","+0.0","+40.7289","+29.9409","+21.4","+168.3","+20.8","102149","102299","102224","0","0","0","0","0","0","0","0","0","0","-5.88","-13.88","-1.51","123","","","","","","","","","",""
"18:00:16.273","ANA","0","+0.0","+0.0","+30.7","+0.0","+40.7289","+29.9409","+19.5","+170.8","+22.3","102149","102297","102223","0","0","0","0","0","0","0","0","0","0","-2.44","-10.85","+1.04","124","","","","","","","","","",""
"18:00:17.280","ANA","0","+0.0","+0.0","+30.7","+0.0","+40.7289","+29.9409","+21.1","+170.8","+24.7","102147","102295","102221","0","0","0","0","0","0","0","0","0","0","-2.03","-10.57","+0.18","125","","","","","","","","","",""
"18:00:18.288","ANA","0","+0.0","+0.0","+30.7","+0.0","+40.7289","+29.9409","+21.4","+169.0","+28.6","102148","102297","102223","0","0","0","0","0","0","0","0","0","0","-2.03","-10.67","-0.48","126","","","","","","","","","",""
"18:00:19.293","ANA","0","+0.0","+0.0","+30.7","+0.0","+40.7289","+29.9409","+22.7","+168.8","+31.7","102148","102297","102223","0","0","0","0","0","0","0","0","0","0","-1.97","-7.55","-0.30","127","","","","","","","","","",""
"18:00:20.289","ANA","0","+0.0","+0.0","+30.7","+0.0","+40.7288","+29.9409","+21.2","+169.6","+24.3","102149","102297","102223","0","0","0","0","0","0","0","0","0","0","-1.16","-6.92","+0.20","128","","","","","","","","","",""
"18:00:21.286","ANA","0","+0.0","+0.0","+30.7","+0.0","+40.7288","+29.9409","+28.5","+164.9","+19.6","102148","102296","102222","0","0","0","0","0","0","0","0","0","0","-3.15","-7.92","+0.96","129","","","","","","","","","",""
"18:00:22.282","ANA","0","+0.0","+0.0","+30.7","+0.0","+40.7288","+29.9409","+23.2","+170.7","+19.3","102149","102297","102223","0","0","0","0","0","0","0","0","0","0","-2.35","-9.59","-0.12","130","","","","","","","","","",""
"18:00:23.283","ANA","0","+0.0","+0.0","+30.7","+0.0","+40.7288","+29.9409","+18.8","+169.6","+21.7","102149","102295","102222","0","0","0","0","0","0","0","0","0","0","-0.80","-10.56","-0.56","131","","","","","","","","","",""
"18:00:24.289","ANA","0","+0.0","+0.0","+30.7","+0.0","+40.7288","+29.9409","+14.7","+156.3","+16.2","102150","102296","102223","0","0","0","0","0","0","0","0","0","0","-1.32","-10.36","+0.76","132","","","","","","","","","",""
"18:00:25.294","ANA","0","+0.0","+0.0","+30.8","+0.0","+40.7288","+29.9409","+17.6","+155.3","+16.9","102151","102295","102223","0","0","0","0","0","0","0","0","0","0","-2.01","-8.47","+0.16","133","","","","","","","","","",""
"18:00:26.291","ANA","0","+0.0","+0.0","+30.8","+0.0","+40.7288","+29.9409","+20.1","+155.9","+19.8","102151","102297","102224","0","0","0","0","0","0","0","0","0","0","-1.83","-6.23","+0.56","134","","","","","","","","","",""
"18:00:27.288","ANA","0","+0.0","+0.0","+30.8","+0.0","+40.7288","+29.9409","+20.1","+147.9","+22.3","102152","102297","102225","0","0","0","0","0","0","0","0","0","0","-2.99","-9.35","-1.57","135","","","","","","","","","",""
"18:00:28.287","ANA","0","+0.0","+0.0","+30.8","+0.0","+40.7287","+29.9409","+20.1","+150.3","+22.1","102152","102298","102225","0","0","0","0","0","0","0","0","0","0","-2.43","-10.02","-0.43","136","","","","","","","","","",""
"18:00:29.293","ANA","0","+0.0","+0.0","+30.8","+0.0","+40.7287","+29.9409","+21.5","+157.7","+22.2","102152","102298","102225","0","0","0","0","0","0","0","0","0","0","-5.77","-11.97","-0.54","137","","","","","","","","","",""
"18:00:30.301","ANA","0","+0.0","+0.0","+30.8","+0.0","+40.7287","+29.9409","+23.0","+158.3","+22.0","102152","102296","102224","0","0","0","0","0","0","0","0","0","0","-3.68","-10.71","+0.21","138","","","","","","","","","",""
"18:00:31.306","ANA","0","+0.0","+0.0","+30.7","+0.0","+40.7287","+29.9409","+19.8","+148.9","+28.9","102152","102297","102225","0","0","0","0","0","0","0","0","0","0","-1.36","-9.60","-0.95","139","","","","","","","","","",""
"18:00:32.303","ANA","0","+0.0","+0.0","+30.7","+0.0","+40.7287","+29.9409","+26.1","+153.9","+28.7","102151","102295","102223","0","0","0","0","0","0","0","0","0","0","-1.82","-6.98","+0.38","140","","","","","","","","","",""
"18:00:33.300","ANA","0","+0.0","+0.0","+30.7","+0.0","+40.7287","+29.9409","+15.9","+161.4","+26.5","102148","102296","102222","0","0","0","0","0","0","0","0","0","0","-1.25","-7.21","+0.34","141","","","","","","","","","",""
"18:00:34.296","ANA","0","+0.0","+0.0","+30.7","+0.0","+40.7287","+29.9409","+19.5","+160.8","+22.8","102151","102296","102224","0","0","0","0","0","0","0","0","0","0","-2.80","-9.09","+0.04","142","","","","","","","","","",""
"18:00:35.293","ANA","0","+0.0","+0.0","+30.6","+0.0","+40.7287","+29.9409","+25.3","+146.4","-0.3","102150","102297","102224","0","0","0","0","0","0","0","0","0","0","-2.65","-11.63","+3.33","143","","","","","","","","","",""
"18:00:36.293","ANA","0","+0.0","+0.0","+30.6","+0.0","+40.7287","+29.9409","+22.9","+149.0","+15.4","102155","102299","102227","0","0","0","0","0","0","0","0","0","0","-2.57","-10.46","+0.99","144","","","","","","","","","",""
"18:00:37.298","ANA","0","+0.0","+0.0","+30.6","+0.0","+40.7287","+29.9409","+26.1","+139.6","+20.0","102155","102299","102227","0","0","0","0","0","0","0","0","0","0","-2.29","-8.06","-0.17","145","","","","","","","","","",""
"18:00:38.294","ANA","0","+0.0","+0.0","+30.5","+0.0","+40.7286","+29.9409","+23.5","+135.0","+22.6","102155","102301","102228","0","0","0","0","0","0","0","0","0","0","-1.99","-7.05","-0.12","146","","","","","","","","","",""
"18:00:39.291","ANA","0","+0.0","+0.0","+30.5","+0.0","+40.7286","+29.9409","+23.6","+139.6","+21.4","102154","102301","102228","0","0","0","0","0","0","0","0","0","0","-3.26","-8.88","-0.67","147","","","","","","","","","",""
"18:00:40.290","ANA","0","+0.0","+0.0","+30.5","+0.0","+40.7286","+29.9409","+25.2","+140.9","+25.0","102154","102302","102228","0","0","0","0","0","0","0","0","0","0","-3.67","-10.22","-1.17","148","","","","","","","","","",""
"18:00:41.297","ANA","0","+0.0","+0.0","+30.5","+0.0","+40.7286","+29.9409","+25.6","+148.1","+25.8","102153","102299","102226","0","0","0","0","0","0","0","0","0","0","-2.43","-11.27","-0.08","149","","","","","","","","","",""
"18:00:42.302","ANA","0","+0.0","+0.0","+30.4","+0.0","+40.7286","+29.9409","+35.3","+130.1","+9.8","102153","102300","102226","0","0","0","0","0","0","0","0","0","0","-4.46","-11.73","+2.01","150","","","","","","","","","",""
"18:00:43.298","ANA","0","+0.0","+0.0","+30.4","+0.0","+40.7286","+29.9408","+49.5","+104.3","+3.3","102156","102299","102228","0","0","0","0","0","0","0","0","0","0","-2.27","-7.01","+4.17","151","","","","","","","","","",""
"18:00:44.298","ANA","0","+0.0","+0.0","+30.4","+0.0","+40.7286","+29.9408","+39.7","+118.2","+23.5","102155","102300","102227","0","0","0","0","0","0","0","0","0","0","-2.26","-6.67","+1.20","152","","","","","","","","","",""
"18:00:45.293","ANA","0","+0.0","+0.0","+30.4","+0.0","+40.7286","+29.9408","+13.1","+151.0","+26.6","102156","102301","102228","0","0","0","0","0","0","0","0","0","0","-0.19","-7.67","-0.42","153","","","","","","","","","",""
"18:00:46.288","ANA","0","+0.0","+0.0","+30.4","+0.0","+40.7286","+29.9408","+7.4","+149.2","+25.3","102153","102301","102227","0","0","0","0","0","0","0","0","0","0","-0.36","-8.35","-1.63","154","","","","","","","","","",""
"18:00:47.287","ANA","0","+0.0","+0.0","+30.4","+0.0","+40.7285","+29.9408","+12.6","+149.0","+24.8","102155","102302","102228","0","0","0","0","0","0","0","0","0","0","-0.48","-8.40","-0.23","155","","","","","","","","","",""
"18:00:48.287","ANA","0","+0.0","+0.0","+30.4","+0.0","+40.7285","+29.9408","+21.9","+139.3","+26.0","102155","102303","102229","0","0","0","0","0","0","0","0","0","0","-3.92","-12.03","-4.73","156","","","","","","","","","",""
"18:00:49.292","ANA","0","+0.0","+0.0","+30.4","+0.0","+40.7285","+29.9408","+18.6","+141.8","+25.2","102154","102305","102229","0","0","0","0","0","0","0","0","0","0","-2.41","-11.22","-1.13","157","","","","","","","","","",""
"18:00:50.299","ANA","0","+0.0","+0.0","+30.4","+0.0","+40.7285","+29.9408","+24.5","+132.5","+30.0","102156","102304","102230","0","0","0","0","0","0","0","0","0","0","-5.23","-11.89","-2.19","158","","","","","","","","","",""
"18:00:51.308","ANA","0","+0.0","+0.0","+30.4","+0.0","+40.7285","+29.9408","+19.5","+142.2","+25.5","102154","102302","102228","0","0","0","0","0","0","0","0","0","0","-2.20","-10.40","-1.21","159","","","","","","","","","",""
"18:00:52.313","ANA","0","+0.0","+0.0","+30.5","+0.0","+40.7285","+29.9408","+24.9","+135.6","+26.2","102150","102298","102224","0","0","0","0","0","0","0","0","0","0","-2.06","-8.52","-0.60","160","","","","","","","","","",""
"18:00:53.308","ANA","0","+0.0","+0.0","+30.4","+0.0","+40.7285","+29.9408","+26.5","+136.5","+26.9","102150","102298","102224","0","0","0","0","0","0","0","0","0","0","-2.44","-7.51","-0.26","161","","","","","","","","","",""
"18:00:54.305","ANA","0","+0.0","+0.0","+30.5","+0.0","+40.7285","+29.9408","+25.9","+139.6","+7.4","102150","102297","102223","0","0","0","0","0","0","0","0","0","0","-1.49","-7.36","+0.62","162","","","","","","","","","",""
"18:00:55.304","ANA","0","+0.0","+0.0","+30.5","+0.0","+40.7285","+29.9408","+34.0","+139.0","+11.5","102148","102294","102221","0","0","0","0","0","0","0","0","0","0","-5.11","-8.92","+1.61","163","","","","","","","","","",""
"18:00:56.300","ANA","0","+0.0","+0.0","+30.5","+0.0","+40.7284","+29.9408","+36.5","+131.3","+14.6","102146","102293","102220","0","0","0","0","0","0","0","0","0","0","-3.68","-8.14","+2.63","164","","","","","","","","","",""
"18:00:57.299","ANA","0","+0.0","+0.0","+30.5","+0.0","+40.7284","+29.9408","+41.6","+135.4","+17.9","102149","102294","102222","0","0","0","0","0","0","0","0","0","0","-8.90","-11.96","+0.65","165","","","","","","","","","",""
"18:00:58.305","ANA","0","+0.0","+0.0","+30.5","+0.0","+40.7284","+29.9408","+34.3","+139.2","+19.4","102149","102293","102221","0","0","0","0","0","0","0","0","0","0","-3.48","-11.57","+1.78","166","","","","","","","","","",""
"18:00:59.313","ANA","0","+0.0","+0.0","+30.5","+0.0","+40.7284","+29.9408","+30.2","+139.6","+22.9","102150","102295","102222","0","0","0","0","0","0","0","0","0","0","-3.64","-11.59","+0.46","167","","","","","","","","","",""
"18:01:00.319","ANA","0","+0.0","+0.0","+30.5","+0.0","+40.7284","+29.9408","+31.3","+135.0","+21.5","102150","102295","102222","0","0","0","0","0","0","0","0","0","0","-2.29","-10.89","+1.92","168","","","","","","","","","",""
"18:01:01.324","ANA","0","+0.0","+0.0","+30.6","+0.0","+40.7284","+29.9408","+28.6","+136.9","+23.8","102151","102296","102223","0","0","0","0","0","0","0","0","0","0","-2.50","-8.06","+1.34","169","","","","","","","","","",""
"18:01:02.320","ANA","0","+0.0","+0.0","+30.6","+0.0","+40.7284","+29.9408","+36.3","+128.8","+24.2","102153","102298","102225","0","0","0","0","0","0","0","0","0","0","-2.04","-6.26","+1.26","170","","","","","","","","","",""
"18:01:03.318","ANA","0","+0.0","+0.0","+30.6","+0.0","+40.7284","+29.9408","+31.8","+132.7","+20.5","102153","102298","102225","0","0","0","0","0","0","0","0","0","0","-2.36","-5.40","+1.32","171","","","","","","","","","",""
"18:01:04.314","ANA","0","+0.0","+0.0","+30.6","+0.0","+40.7283","+29.9408","+29.2","+135.7","+21.2","102154","102297","102225","0","0","0","0","0","0","0","0","0","0","-1.91","-6.55","+1.44","172","","","","","","","","","",""
"18:01:05.311","ANA","0","+0.0","+0.0","+30.6","+0.0","+40.7283","+29.9408","+26.4","+133.0","+18.8","102154","102297","102225","0","0","0","0","0","0","0","0","0","0","-1.17","-6.96","+0.52","173","","","","","","","","","",""
"18:01:06.307","ANA","0","+0.0","+0.0","+30.7","+0.0","+40.7283","+29.9408","+34.5","+124.9","+19.3","102151","102298","102225","0","0","0","0","0","0","0","0","0","0","-2.96","-8.14","+0.66","174","","","","","","","","","",""
"18:01:07.306","ANA","0","+0.0","+0.0","+30.7","+0.0","+40.7283","+29.9407","+28.4","+126.4","+26.9","102152","102299","102226","0","0","0","0","0","0","0","0","0","0","-4.80","-10.18","-1.86","175","","","","","","","","","",""
"18:01:08.313","ANA","0","+0.0","+0.0","+30.7","+0.0","+40.7283","+29.9407","+29.7","+122.8","+25.5","102150","102298","102224","0","0","0","0","0","0","0","0","0","0","-5.34","-12.43","-2.81","176","","","","","","","","","",""
"18:01:09.316","ANA","0","+0.0","+0.0","+30.7","+0.0","+40.7283","+29.9407","+49.6","+112.1","+5.7","102154","102297","102225","0","0","0","0","0","0","0","0","0","0","-4.94","-8.97","+4.32","177","","","","","","","","","",""
"18:01:11.310","ANA","0","+0.0","+0.0","+30.8","+0.0","+40.7283","+29.9407","+62.0","+107.0","+23.2","102151","102296","102224","0","0","0","0","0","0","0","0","0","0","-8.23","-8.47","+2.49","179","","","","","","","","","",""
"18:01:12.308","ANA","0","+0.0","+0.0","+30.8","+0.0","+40.7282","+29.9407","+51.7","+117.5","+26.4","102152","102297","102224","0","0","0","0","0","0","0","0","0","0","-4.50","-5.71","+1.98","180","","","","","","","","","",""
"18:01:13.304","ANA","0","+0.0","+0.0","+30.9","+0.0","+40.7282","+29.9407","+54.4","+122.8","+27.2","102150","102298","102224","0","0","0","0","0","0","0","0","0","0","-3.99","-5.01","+0.04","181","","","","","","","","","",""
"18:01:14.300","ANA","0","+0.0","+0.0","+30.9","+0.0","+40.7282","+29.9407","+54.4","+120.5","+23.8","102153","102299","102226","0","0","0","0","0","0","0","0","0","0","-4.96","-6.05","+0.65","182","","","","","","","","","",""
"18:01:15.298","ANA","0","+0.0","+0.0","+30.9","+0.0","+40.7282","+29.9407","+47.9","+127.3","+19.5","102151","102300","102225","0","0","0","0","0","0","0","0","0","0","-5.63","-7.82","+2.00","183","","","","","","","","","",""
"18:01:16.293","ANA","0","+0.0","+0.0","+30.9","+0.0","+40.7282","+29.9407","+56.2","+111.2","+20.2","102153","102301","102227","0","0","0","0","0","0","0","0","0","0","-7.23","-8.06","+2.20","184","","","","","","","","","",""
"18:01:17.291","ANA","0","+0.0","+0.0","+30.9","+0.0","+40.7282","+29.9407","+50.1","+111.2","+23.8","102155","102303","102229","0","0","0","0","0","0","0","0","0","0","-8.56","-9.51","+1.52","185","","","","","","","","","",""
"18:01:18.289","ANA","0","+0.0","+0.0","+30.9","+0.0","+40.7282","+29.9407","+43.2","+112.6","+15.6","102154","102303","102229","0","0","0","0","0","0","0","0","0","0","-3.71","-10.38","+1.25","186","","","","","","","","","",""
"18:01:19.296","ANA","0","+0.0","+0.0","+30.9","+0.0","+40.7282","+29.9407","+42.2","+115.3","+16.9","102154","102301","102228","0","0","0","0","0","0","0","0","0","0","-3.84","-10.11","+2.45","187","","","","","","","","","",""
"18:01:20.303","ANA","0","+0.0","+0.0","+31.0","+0.0","+40.7282","+29.9407","+43.2","+128.4","+28.6","102152","102301","102227","0","0","0","0","0","0","0","0","0","0","-5.15","-10.32","+1.26","188","","","","","","","","","",""
"18:01:21.307","ANA","0","+0.0","+0.0","+31.0","+0.0","+40.7281","+29.9407","+34.1","+139.3","+20.2","102149","102300","102225","0","0","0","0","0","0","0","0","0","0","-3.03","-8.75","+1.94","189","","","","","","","","","",""
"18:01:22.301","ANA","0","+0.0","+0.0","+31.0","+0.0","+40.7281","+29.9407","+34.3","+138.2","+4.7","102153","102298","102225","0","0","0","0","0","0","0","0","0","0","-1.27","-7.03","+2.47","190","","","","","","","","","",""
"18:01:23.301","ANA","0","+0.0","+0.0","+31.0","+0.0","+40.7281","+29.9407","+40.9","+126.9","+13.8","102155","102299","102227","0","0","0","0","0","0","0","0","0","0","-2.17","-6.67","+2.60","191","","","","","","","","","",""
"18:01:24.296","ANA","0","+0.0","+0.0","+31.0","+0.0","+40.7281","+29.9407","+40.8","+132.2","+13.3","102152","102296","102224","0","0","0","0","0","0","0","0","0","0","-3.04","-9.07","+1.30","192","","","","","","","","","",""
"18:01:25.291","ANA","0","+0.0","+0.0","+31.0","+0.0","+40.7281","+29.9407","+38.1","+136.9","+7.0","102152","102296","102224","0","0","0","0","0","0","0","0","0","0","-2.63","-8.00","+1.96","193","","","","","","","","","",""
"18:01:26.290","ANA","0","+0.0","+0.0","+31.0","+0.0","+40.7281","+29.9407","+41.5","+127.0","+7.8","102151","102297","102224","0","0","0","0","0","0","0","0","0","0","-6.78","-10.77","+1.61","194","","","","","","","","","",""
"18:01:27.287","ANA","0","+0.0","+0.0","+31.0","+0.0","+40.7281","+29.9407","+37.1","+125.4","+9.1","102154","102296","102225","0","0","0","0","0","0","0","0","0","0","-3.77","-11.90","+1.33","195","","","","","","","","","",""
"18:01:28.284","ANA","0","+0.0","+0.0","+31.0","+0.0","+40.7281","+29.9407","+41.1","+127.7","+9.5","102151","102294","102222","0","0","0","0","0","0","0","0","0","0","-5.98","-10.60","+3.03","196","","","","","","","","","",""
"18:01:29.281","ANA","0","+0.0","+0.0","+31.0","+0.0","+40.7281","+29.9407","+45.4","+124.0","+10.8","102151","102297","102224","0","0","0","0","0","0","0","0","0","0","-4.92","-8.96","+2.43","197","","","","","","","","","",""
"18:01:30.275","ANA","0","+0.0","+0.0","+31.0","+0.0","+40.7280","+29.9407","+40.9","+119.0","+7.2","102152","102296","102224","0","0","0","0","0","0","0","0","0","0","-2.79","-8.60","+2.79","198","","","","","","","","","",""
"18:01:31.272","ANA","0","+0.0","+0.0","+31.0","+0.0","+40.7280","+29.9406","+36.8","+116.6","+4.5","102154","102296","102225","0","0","0","0","0","0","0","0","0","0","-2.06","-5.69","+2.95","199","","","","","","","","","",""
"18:01:32.268","ANA","0","+0.0","+0.0","+31.0","+0.0","+40.7280","+29.9406","+38.3","+128.9","+4.1","102155","102297","102226","0","0","0","0","0","0","0","0","0","0","-2.80","-6.75","+2.79","200","","","","","","","","","",""
"18:01:33.267","ANA","0","+0.0","+0.0","+31.0","+0.0","+40.7280","+29.9406","+36.4","+129.2","+13.2","102154","102296","102225","0","0","0","0","0","0","0","0","0","0","-2.75","-8.01","+1.03","201","","","","","","","","","",""
"18:01:34.264","ANA","0","+0.0","+0.0","+31.0","+0.0","+40.7280","+29.9406","+39.4","+130.3","+11.6","102153","102298","102226","0","0","0","0","0","0","0","0","0","0","-4.94","-8.05","+1.26","202","","","","","","","","","",""
"18:01:35.258","ANA","0","+0.0","+0.0","+31.0","+0.0","+40.7280","+29.9406","+41.7","+133.1","+6.3","102155","102298","102226","0","0","0","0","0","0","0","0","0","0","-4.55","-7.34","+4.03","203","","","","","","","","","",""
"18:01:36.256","ANA","0","+0.0","+0.0","+31.0","+0.0","+40.7280","+29.9406","+31.2","+129.2","-8.0","102154","102298","102226","0","0","0","0","0","0","0","0","0","0","-2.83","-8.52","+4.42","204","","","","","","","","","",""
"18:01:37.253","ANA","0","+0.0","+0.0","+31.0","+0.0","+40.7280","+29.9406","+38.8","+121.3","-2.5","102154","102297","102225","0","0","0","0","0","0","0","0","0","0","-2.69","-11.27","+5.40","205","","","","","","","","","",""
"18:01:38.251","ANA","0","+0.0","+0.0","+31.0","+0.0","+40.7280","+29.9406","+39.8","+127.3","+0.8","102151","102295","102223","0","0","0","0","0","0","0","0","0","0","-4.38","-10.05","+5.73","206","","","","","","","","","",""
"18:01:39.247","ANA","0","+0.0","+0.0","+31.0","+0.0","+40.7279","+29.9406","+34.7","+136.1","+4.5","102150","102295","102222","0","0","0","0","0","0","0","0","0","0","-3.59","-10.32","+3.51","207","","","","","","","","","",""
"18:01:40.241","ANA","0","+0.0","+0.0","+31.0","+0.0","+40.7279","+29.9406","+33.7","+133.5","+6.5","102149","102294","102221","0","0","0","0","0","0","0","0","0","0","-3.03","-8.52","+2.20","208","","","","","","","","","",""
"18:01:41.239","ANA","0","+0.0","+0.0","+31.0","+0.0","+40.7279","+29.9406","+38.3","+137.7","+7.7","102151","102294","102223","0","0","0","0","0","0","0","0","0","0","-3.43","-7.67","+2.36","209","","","","","","","","","",""
"18:01:42.236","ANA","0","+0.0","+0.0","+31.0","+0.0","+40.7279","+29.9406","+34.4","+133.3","+9.2","102152","102293","102223","0","0","0","0","0","0","0","0","0","0","-2.10","-6.30","+1.88","210","","","","","","","","","",""
"18:01:43.235","ANA","0","+0.0","+0.0","+31.0","+0.0","+40.7279","+29.9406","+41.6","+140.5","+11.3","102152","102293","102223","0","0","0","0","0","0","0","0","0","0","-5.52","-5.80","+3.27","211","","","","","","","","","",""
"18:01:44.230","ANA","0","+0.0","+0.0","+31.0","+0.0","+40.7279","+29.9406","+34.7","+137.9","+8.4","102152","102298","102225","0","0","0","0","0","0","0","0","0","0","-2.34","-7.17","+3.58","212","","","","","","","","","",""
"18:01:45.227","ANA","0","+0.0","+0.0","+31.0","+0.0","+40.7279","+29.9406","+44.7","+117.6","+9.4","102153","102299","102226","0","0","0","0","0","0","0","0","0","0","-4.69","-8.22","+2.82","213","","","","","","","","","",""
"18:01:46.226","ANA","0","+0.0","+0.0","+31.0","+0.0","+40.7279","+29.9406","+42.9","+106.0","+7.8","102155","102299","102227","0","0","0","0","0","0","0","0","0","0","-5.01","-10.81","+3.49","214","","","","","","","","","",""
"18:01:47.197","ANA","0","+0.0","+0.0","+31.0","+0.0","+40.7279","+29.9406","+58.0","+96.9","+9.7","102155","102300","102227","0","0","0","0","0","0","0","0","0","0","-4.82","-8.05","+5.55","215","","","","","","","","","",""
"18:01:48.236","ANA","0","+0.0","+0.0","+31.0","+0.0","+40.7278","+29.9406","+38.8","+114.8","+8.9","102152","102298","102225","0","0","0","0","0","0","0","0","0","0","-3.68","-9.82","+2.92","216","","","","","","","","","",""
"18:01:49.235","ANA","0","+0.0","+0.0","+31.0","+0.0","+40.7278","+29.9406","+29.6","+128.4","+13.9","102154","102298","102226","0","0","0","0","0","0","0","0","0","0","-2.82","-9.02","+2.08","217","","","","","","","","","",""
"18:01:50.231","ANA","0","+0.0","+0.0","+31.0","+0.0","+40.7278","+29.9406","+24.1","+141.1","+28.6","102152","102297","102225","0","0","0","0","0","0","0","0","0","0","-1.98","-6.32","+1.36","218","","","","","","","","","",""
"18:01:51.226","ANA","0","+0.0","+0.0","+31.0","+0.0","+40.7278","+29.9406","+29.0","+122.7","+5.3","102155","102300","102227","0","0","0","0","0","0","0","0","0","0","-1.79","-6.84","+1.87","219","","","","","","","","","",""
"18:01:52.225","ANA","0","+0.0","+0.0","+30.9","+0.0","+40.7278","+29.9405","+37.0","+129.5","+23.8","102155","102301","102228","0","0","0","0","0","0","0","0","0","0","-2.22","-7.96","+1.23","220","","","","","","","","","",""
"18:01:53.222","ANA","0","+0.0","+0.0","+30.9","+0.0","+40.7278","+29.9405","+33.1","+117.2","+16.5","102156","102303","102229","0","0","0","0","0","0","0","0","0","0","-4.44","-8.50","+0.63","221","","","","","","","","","",""
"18:01:54.219","ANA","0","+0.0","+0.0","+30.9","+0.0","+40.7278","+29.9405","+21.6","+115.9","+25.8","102156","102304","102230","0","0","0","0","0","0","0","0","0","0","-4.01","-9.67","+0.50","222","","","","","","","","","",""
"18:01:55.215","ANA","0","+0.0","+0.0","+30.8","+0.0","+40.7278","+29.9405","+25.9","+115.5","+9.8","102154","102304","102229","0","0","0","0","0","0","0","0","0","0","-5.90","-13.89","+0.54","223","","","","","","","","","",""
"18:01:56.212","ANA","0","+0.0","+0.0","+30.8","+0.0","+40.7277","+29.9405","+26.4","+122.0","+3.2","102153","102301","102227","0","0","0","0","0","0","0","0","0","0","-1.14","-11.93","+4.44","224","","","","","","","","","",""
"18:01:57.211","ANA","0","+0.0","+0.0","+30.9","+0.0","+40.7277","+29.9405","+18.3","+130.7","+12.2","102155","102299","102227","0","0","0","0","0","0","0","0","0","0","-2.26","-13.35","+1.60","225","","","","","","","","","",""
"18:01:58.216","ANA","0","+0.0","+0.0","+30.9","+0.0","+40.7277","+29.9405","+18.3","+127.0","+11.6","102155","102300","102227","0","0","0","0","0","0","0","0","0","0","-0.66","-9.77","+1.80","226","","","","","","","","","",""
"18:01:59.213","ANA","0","+0.0","+0.0","+30.9","+0.0","+40.7277","+29.9405","+18.3","+129.0","+12.4","102153","102299","102226","0","0","0","0","0","0","0","0","0","0","-0.70","-8.88","+1.61","227","","","","","","","","","",""
"18:02:00.209","ANA","0","+0.0","+0.0","+31.0","+0.0","+40.7277","+29.9405","+21.8","+134.4","+11.8","102153","102297","102225","0","0","0","0","0","0","0","0","0","0","-0.68","-7.09","+2.15","228","","","","","","","","","",""
"18:02:01.204","ANA","0","+0.0","+0.0","+31.0","+0.0","+40.7277","+29.9405","+20.6","+133.7","+9.3","102152","102294","102223","0","0","0","0","0","0","0","0","0","0","-1.34","-8.28","+1.66","229","","","","","","","","","",""
"18:02:02.202","ANA","0","+0.0","+0.0","+31.1","+0.0","+40.7277","+29.9405","+22.5","+133.7","+8.1","102153","102292","102223","0","0","0","0","0","0","0","0","0","0","-1.80","-9.21","+1.47","230","","","","","","","","","",""
"18:02:03.202","ANA","0","+0.0","+0.0","+31.1","+0.0","+40.7277","+29.9405","+23.4","+128.3","+12.9","102154","102293","102223","0","0","0","0","0","0","0","0","0","0","-2.69","-10.34","-0.02","231","","","","","","","","","",""
"18:02:04.209","ANA","0","+0.0","+0.0","+31.2","+0.0","+40.7277","+29.9405","+23.0","+125.7","+17.9","102154","102294","102224","0","0","0","0","0","0","0","0","0","0","-3.11","-11.56","-0.37","232","","","","","","","","","",""
"18:02:05.215","ANA","0","+0.0","+0.0","+31.2","+0.0","+40.7276","+29.9405","+25.0","+125.0","+20.7","102153","102294","102224","0","0","0","0","0","0","0","0","0","0","-1.86","-10.60","-0.21","233","","","","","","","","","",""
"18:02:06.223","ANA","0","+0.0","+0.0","+31.2","+0.0","+40.7276","+29.9405","+27.2","+120.6","+18.3","102153","102295","102224","0","0","0","0","0","0","0","0","0","0","-3.98","-10.79","+0.09","234","","","","","","","","","",""
"18:02:07.227","ANA","0","+0.0","+0.0","+31.2","+0.0","+40.7276","+29.9405","+25.9","+122.9","+16.0","102152","102295","102224","0","0","0","0","0","0","0","0","0","0","-3.96","-9.39","+2.03","235","","","","","","","","","",""
"18:02:08.224","ANA","0","+0.0","+0.0","+31.2","+0.0","+40.7276","+29.9405","+30.7","+118.5","+20.3","102154","102295","102225","0","0","0","0","0","0","0","0","0","0","-4.32","-7.50","+1.35","236","","","","","","","","","",""
"18:02:09.220","ANA","0","+0.0","+0.0","+31.2","+0.0","+40.7276","+29.9405","+39.6","+115.7","+19.1","102154","102296","102225","0","0","0","0","0","0","0","0","0","0","-2.77","-6.61","+1.05","237","","","","","","","","","",""
"18:02:10.217","ANA","0","+0.0","+0.0","+31.2","+0.0","+40.7276","+29.9405","+40.5","+115.7","+15.2","102154","102299","102226","0","0","0","0","0","0","0","0","0","0","-3.58","-7.61","+2.26","238","","","","","","","","","",""
"18:02:11.214","ANA","0","+0.0","+0.0","+31.2","+0.0","+40.7276","+29.9404","+38.0","+113.6","+15.9","102153","102297","102225","0","0","0","0","0","0","0","0","0","0","-4.09","-8.57","+2.58","239","","","","","","","","","",""
"18:02:12.213","ANA","0","+0.0","+0.0","+31.2","+0.0","+40.7276","+29.9404","+37.7","+126.0","+20.1","102152","102296","102224","0","0","0","0","0","0","0","0","0","0","-7.32","-11.77","+2.61","240","","","","","","","","","",""
"18:02:13.219","ANA","0","+0.0","+0.0","+31.2","+0.0","+40.7276","+29.9404","+33.9","+120.9","+24.5","102151","102295","102223","0","0","0","0","0","0","0","0","0","0","-4.50","-10.77","+1.55","241","","","","","","","","","",""
"18:02:14.224","ANA","0","+0.0","+0.0","+31.2","+0.0","+40.7276","+29.9404","+32.7","+116.5","+28.1","102152","102296","102224","0","0","0","0","0","0","0","0","0","0","-3.59","-9.97","+0.89","242","","","","","","","","","",""
"18:02:15.222","ANA","0","+0.0","+0.0","+31.2","+0.0","+40.7275","+29.9404","+32.6","+115.7","+19.7","102152","102298","102225","0","0","0","0","0","0","0","0","0","0","-1.44","-7.69","+2.00","243","","","","","","","","","",""
"18:02:16.218","ANA","0","+0.0","+0.0","+31.2","+0.0","+40.7275","+29.9404","+22.5","+111.2","+17.6","102154","102296","102225","0","0","0","0","0","0","0","0","0","0","-0.11","-5.59","+0.74","244","","","","","","","","","",""
"18:02:17.190","ANA","0","+0.0","+0.0","+31.2","+0.0","+40.7275","+29.9404","-2.6","+128.5","+4.1","102152","102291","102221","0","0","0","0","0","0","0","0","0","0","+1.70","-7.61","+1.70","245","","","","","","","","","",""
"18:02:18.206","ANA","0","+0.0","+0.0","+31.2","+0.0","+40.7275","+29.9404","-4.2","+132.3","-3.5","102148","102290","102219","0","0","0","0","0","0","0","0","0","0","+3.34","-8.82","+2.21","246","","","","","","","","","",""
"18:02:19.247","ANA","0","+0.0","+0.0","+31.2","+0.0","+40.7275","+29.9404","+1.5","+128.0","+4.9","102148","102288","102218","0","0","0","0","0","0","0","0","0","0","+1.62","-10.52","-0.57","247","","","","","","","","","",""
"18:02:20.243","ANA","0","+0.0","+0.0","+31.2","+0.0","+40.7275","+29.9404","+1.5","+124.8","+9.0","102149","102287","102218","0","0","0","0","0","0","0","0","0","0","+1.41","-11.81","+1.46","248","","","","","","","","","",""
"18:02:21.240","ANA","0","+0.0","+0.0","+31.2","+0.0","+40.7275","+29.9404","+2.6","+119.8","+9.3","102150","102288","102219","0","0","0","0","0","0","0","0","0","0","+0.76","-11.88","+0.66","249","","","","","","","","","",""
"18:02:22.239","ANA","0","+0.0","+0.0","+31.2","+0.0","+40.7275","+29.9404","+6.7","+118.5","+14.6","102150","102290","102220","0","0","0","0","0","0","0","0","0","0","-0.72","-10.64","+0.10","250","","","","","","","","","",""
"18:02:23.234","ANA","0","+0.0","+0.0","+31.2","+0.0","+40.7275","+29.9404","+8.2","+121.2","+16.8","102149","102289","102219","0","0","0","0","0","0","0","0","0","0","-0.81","-8.48","+1.33","251","","","","","","","","","",""
"18:02:24.230","ANA","0","+0.0","+0.0","+31.2","+0.0","+40.7274","+29.9404","+9.6","+123.9","+17.8","102152","102291","102221","0","0","0","0","0","0","0","0","0","0","-0.73","-6.78","+0.97","252","","","","","","","","","",""
"18:02:25.230","ANA","0","+0.0","+0.0","+31.3","+0.0","+40.7274","+29.9404","+11.2","+123.7","+11.4","102154","102293","102223","0","0","0","0","0","0","0","0","0","0","+0.28","-7.03","+1.44","253","","","","","","","","","",""
"18:02:26.226","ANA","0","+0.0","+0.0","+31.3","+0.0","+40.7274","+29.9404","+19.3","+115.6","+13.5","102155","102294","102225","0","0","0","0","0","0","0","0","0","0","-2.56","-7.84","+1.09","254","","","","","","","","","",""
"18:02:27.222","ANA","0","+0.0","+0.0","+31.3","+0.0","+40.7274","+29.9404","+25.2","+118.0","+13.2","102153","102295","102224","0","0","0","0","0","0","0","0","0","0","-2.01","-9.02","+2.55","255","","","","","","","","","",""
"18:02:28.219","ANA","0","+0.0","+0.0","+31.4","+0.0","+40.7274","+29.9404","+18.0","+114.7","+8.1","102156","102296","102226","0","0","0","0","0","0","0","0","0","0","-1.25","-10.02","+2.45","256","","","","","","","","","",""
"18:02:29.215","ANA","0","+0.0","+0.0","+31.4","+0.0","+40.7274","+29.9404","+18.4","+114.2","+9.4","102154","102296","102225","0","0","0","0","0","0","0","0","0","0","-1.60","-10.89","+4.36","257","","","","","","","","","",""
"18:02:30.214","ANA","0","+0.0","+0.0","+31.4","+0.0","+40.7274","+29.9403","+21.8","+107.2","+15.0","102151","102293","102222","0","0","0","0","0","0","0","0","0","0","-2.41","-11.72","+1.98","258","","","","","","","","","",""
"18:02:31.221","ANA","0","+0.0","+0.0","+31.3","+0.0","+40.7274","+29.9403","+23.4","+101.8","+20.3","102154","102294","102224","0","0","0","0","0","0","0","0","0","0","-1.38","-10.10","+2.03","259","","","","","","","","","",""
"18:02:32.227","ANA","0","+0.0","+0.0","+31.3","+0.0","+40.7274","+29.9403","+30.9","+96.9","+20.1","102152","102292","102222","0","0","0","0","0","0","0","0","0","0","-3.80","-10.73","+2.44","260","","","","","","","","","",""
"18:02:33.223","ANA","0","+0.0","+0.0","+31.3","+0.0","+40.7273","+29.9403","+30.1","+101.9","+23.2","102147","102289","102218","0","0","0","0","0","0","0","0","0","0","-2.20","-8.69","+2.02","261","","","","","","","","","",""
"18:02:34.217","ANA","0","+0.1","+0.0","+31.3","+0.0","+40.7273","+29.9403","+28.0","+97.2","+22.4","102143","102286","102215","0","0","0","0","0","0","0","0","0","0","-1.80","-6.82","+1.98","262","","","","","","","","","",""
"18:02:35.214","ANA","0","+0.2","+0.0","+31.3","+0.0","+40.7273","+29.9403","+26.0","+94.6","+19.6","102142","102286","102214","0","0","0","0","0","0","0","0","0","0","-1.92","-8.34","+0.43","263","","","","","","","","","",""
"18:02:36.213","ANA","0","+0.2","+0.0","+31.3","+0.0","+40.7273","+29.9403","+17.8","+109.7","+18.4","102144","102286","102215","0","0","0","0","0","0","0","0","0","0","-0.60","-9.50","+0.55","264","","","","","","","","","",""
"18:02:37.209","ANA","0","+0.2","+0.0","+31.3","+0.0","+40.7273","+29.9403","+21.5","+103.7","+21.2","102143","102286","102214","0","0","0","0","0","0","0","0","0","0","-2.45","-9.43","-0.49","265","","","","","","","","","",""
"18:02:38.208","ANA","0","+0.3","+0.0","+31.3","+0.0","+40.7273","+29.9403","+21.8","+106.5","+18.2","102142","102285","102213","0","0","0","0","0","0","0","0","0","0","-2.51","-11.07","+0.57","266","","","","","","","","","",""
"18:02:39.211","ANA","0","+0.3","+0.0","+31.3","+0.0","+40.7273","+29.9403","+30.2","+96.6","+19.8","102143","102286","102214","0","0","0","0","0","0","0","0","0","0","-3.95","-10.81","+1.04","267","","","","","","","","","",""
"18:02:40.207","ANA","0","+0.2","+0.0","+31.3","+0.0","+40.7273","+29.9403","+29.0","+99.4","+18.0","102144","102287","102216","0","0","0","0","0","0","0","0","0","0","-3.30","-9.77","+2.44","268","","","","","","","","","",""
"18:02:41.202","ANA","0","+0.1","+0.0","+31.3","+0.0","+40.7273","+29.9403","+29.5","+97.7","+18.7","102146","102289","102218","0","0","0","0","0","0","0","0","0","0","-2.93","-9.06","+2.49","269","","","","","","","","","",""
"18:02:42.199","ANA","0","+0.0","+0.0","+31.3","+0.0","+40.7272","+29.9403","+32.9","+89.8","+19.8","102147","102289","102218","0","0","0","0","0","0","0","0","0","0","-3.64","-8.39","+1.36","270","","","","","","","","","",""
"18:02:43.198","ANA","0","+0.0","+0.0","+31.3","+0.0","+40.7272","+29.9403","+18.6","+127.3","+17.7","102146","102290","102218","0","0","0","0","0","0","0","0","0","0","-2.22","-7.78","+0.91","271","","","","","","","","","",""
"18:02:44.194","ANA","0","+0.0","+0.0","+31.4","+0.0","+40.7272","+29.9403","+20.7","+118.5","+11.1","102146","102290","102218","0","0","0","0","0","0","0","0","0","0","-2.60","-9.39","+1.38","272","","","","","","","","","",""
"18:02:45.193","ANA","0","+0.0","+0.0","+31.4","+0.0","+40.7272","+29.9403","+24.9","+116.8","+13.0","102148","102289","102219","0","0","0","0","0","0","0","0","0","0","-3.63","-10.01","+2.13","273","","","","","","","","","",""
"18:02:46.200","ANA","0","+0.0","+0.0","+31.4","+0.0","+40.7272","+29.9403","+25.8","+116.0","+15.3","102146","102290","102218","0","0","0","0","0","0","0","0","0","0","-4.96","-12.64","+1.49","274","","","","","","","","","",""
"18:02:47.206","ANA","0","+0.0","+0.0","+31.4","+0.0","+40.7272","+29.9403","+23.6","+118.1","+12.1","102146","102288","102217","0","0","0","0","0","0","0","0","0","0","-0.94","-10.72","+2.13","275","","","","","","","","","",""
"18:02:48.213","ANA","0","+0.1","+0.0","+31.4","+0.0","+40.7272","+29.9402","+30.8","+111.0","+16.5","102146","102288","102217","0","0","0","0","0","0","0","0","0","0","-2.90","-11.06","+2.19","276","","","","","","","","","",""
"18:02:49.215","ANA","0","+0.0","+0.0","+31.5","+0.0","+40.7272","+29.9402","+41.1","+97.2","+19.9","102146","102290","102218","0","0","0","0","0","0","0","0","0","0","-3.51","-9.01","+1.67","277","","","","","","","","","",""
"18:02:50.214","ANA","0","+0.1","+0.0","+31.5","+0.0","+40.7271","+29.9402","+39.1","+105.6","+16.8","102146","102288","102217","0","0","0","0","0","0","0","0","0","0","-1.38","-5.44","+2.03","278","","","","","","","","","",""
"18:02:51.211","ANA","0","+0.0","+0.0","+31.6","+0.0","+40.7271","+29.9402","+41.3","+100.8","+18.5","102148","102288","102218","0","0","0","0","0","0","0","0","0","0","-3.24","-7.26","+1.91","279","","","","","","","","","",""
"18:02:52.204","ANA","0","+0.0","+0.0","+31.7","+0.0","+40.7271","+29.9402","+41.8","+89.3","+19.3","102149","102290","102219","0","0","0","0","0","0","0","0","0","0","-3.44","-8.22","+2.49","280","","","","","","","","","",""
"18:02:53.201","ANA","0","+0.0","+0.0","+31.7","+0.0","+40.7271","+29.9402","+36.3","+95.6","+21.0","102147","102290","102219","0","0","0","0","0","0","0","0","0","0","-5.84","-9.77","+2.11","281","","","","","","","","","",""
"18:02:54.199","ANA","0","+0.0","+0.0","+31.8","+0.0","+40.7271","+29.9402","+37.9","+94.2","+16.1","102147","102291","102219","0","0","0","0","0","0","0","0","0","0","-5.03","-10.50","+2.27","282","","","","","","","","","",""
"18:02:55.194","ANA","0","+0.0","+0.0","+31.8","+0.0","+40.7271","+29.9402","+37.6","+98.8","+21.9","102146","102291","102219","0","0","0","0","0","0","0","0","0","0","-4.80","-9.56","+1.30","283","","","","","","","","","",""
"18:02:56.190","ANA","0","+0.0","+0.0","+31.9","+0.0","+40.7271","+29.9402","+44.3","+97.5","+21.8","102150","102292","102221","0","0","0","0","0","0","0","0","0","0","-3.54","-6.94","+3.26","284","","","","","","","","","",""
"18:02:57.186","ANA","0","+0.0","+0.0","+31.9","+0.0","+40.7271","+29.9402","+44.0","+90.0","+22.2","102152","102294","102223","0","0","0","0","0","0","0","0","0","0","-3.72","-5.32","+2.49","285","","","","","","","","","",""
"18:02:58.182","ANA","0","+0.0","+0.0","+31.9","+0.0","+40.7271","+29.9402","+44.1","+91.9","+24.3","102150","102293","102222","0","0","0","0","0","0","0","0","0","0","-5.73","-8.51","+1.23","286","","","","","","","","","",""
"18:02:59.179","ANA","0","+0.0","+0.0","+31.9","+0.0","+40.7271","+29.9402","+40.4","+98.3","+21.8","102151","102292","102222","0","0","0","0","0","0","0","0","0","0","-4.55","-7.88","+3.82","287","","","","","","","","","",""
"18:03:00.177","ANA","0","+0.0","+0.0","+32.0","+0.0","+40.7270","+29.9402","+42.8","+91.6","+19.0","102151","102291","102221","0","0","0","0","0","0","0","0","0","0","-6.30","-10.32","+3.45","288","","","","","","","","","",""
"18:03:01.171","ANA","0","+0.0","+0.0","+32.0","+0.0","+40.7270","+29.9402","+38.8","+96.3","+15.0","102150","102289","102220","0","0","0","0","0","0","0","0","0","0","-3.03","-9.72","+4.59","289","","","","","","","","","",""
"18:03:02.167","ANA","0","+0.0","+0.0","+32.0","+0.0","+40.7270","+29.9402","+45.1","+91.8","+12.5","102150","102291","102221","0","0","0","0","0","0","0","0","0","0","-4.05","-9.28","+5.73","290","","","","","","","","","",""
"18:03:03.163","ANA","0","+0.0","+0.0","+32.0","+0.0","+40.7270","+29.9402","+47.1","+86.9","+15.8","102150","102292","102221","0","0","0","0","0","0","0","0","0","0","-4.21","-9.43","+4.65","291","","","","","","","","","",""
"18:03:04.159","ANA","0","+0.0","+0.0","+32.1","+0.0","+40.7270","+29.9402","+46.3","+97.9","+15.2","102151","102293","102222","0","0","0","0","0","0","0","0","0","0","-2.31","-6.88","+4.09","292","","","","","","","","","",""
"18:03:05.156","ANA","0","+0.0","+0.0","+32.1","+0.0","+40.7270","+29.9402","+48.4","+86.5","+17.1","102151","102294","102222","0","0","0","0","0","0","0","0","0","0","-3.29","-6.30","+1.96","293","","","","","","","","","",""
"18:03:06.151","ANA","0","+0.0","+0.0","+32.1","+0.0","+40.7270","+29.9402","+52.2","+82.1","+17.2","102152","102295","102223","0","0","0","0","0","0","0","0","0","0","-3.71","-6.21","+4.03","294","","","","","","","","","",""
"18:03:07.148","ANA","0","+0.0","+0.0","+32.1","+0.0","+40.7270","+29.9402","+52.8","+89.6","+18.2","102152","102295","102223","0","0","0","0","0","0","0","0","0","0","-4.28","-6.34","+3.14","295","","","","","","","","","",""
"18:03:08.145","ANA","0","+0.0","+0.0","+32.2","+0.0","+40.7269","+29.9402","+52.5","+89.4","+21.0","102153","102295","102224","0","0","0","0","0","0","0","0","0","0","-4.63","-6.50","+3.31","296","","","","","","","","","",""
"18:03:09.142","ANA","0","+0.0","+0.0","+32.2","+0.0","+40.7269","+29.9402","+45.8","+86.9","+22.1","102154","102294","102224","0","0","0","0","0","0","0","0","0","0","-7.28","-10.13","+2.15","297","","","","","","","","","",""
"18:03:10.137","ANA","0","+0.0","+0.0","+32.2","+0.0","+40.7269","+29.9402","+32.1","+107.4","+2.4","102154","102293","102223","0","0","0","0","0","0","0","0","0","0","-1.57","-8.60","+4.11","298","","","","","","","","","",""
"18:03:11.111","ANA","0","+0.0","+0.0","+32.2","+0.0","+40.7269","+29.9401","+12.7","+95.2","+4.8","102154","102293","102224","0","0","0","0","0","0","0","0","0","0","-0.93","-9.30","+1.23","299","","","","","","","","","",""
"18:03:12.150","ANA","0","+0.0","+0.0","+32.2","+0.0","+40.7269","+29.9401","+35.3","+94.0","+18.0","102153","102293","102223","0","0","0","0","0","0","0","0","0","0","-2.78","-7.23","+1.92","300","","","","","","","","","",""
"18:03:13.149","ANA","0","+0.0","+0.0","+32.3","+0.0","+40.7269","+29.9401","+21.0","+104.0","+13.4","102153","102292","102223","0","0","0","0","0","0","0","0","0","0","-2.09","-7.94","+1.41","301","","","","","","","","","",""
"18:03:14.142","ANA","0","+0.0","+0.0","+32.3","+0.0","+40.7269","+29.9401","+21.2","+98.9","+10.9","102155","102294","102224","0","0","0","0","0","0","0","0","0","0","-1.79","-6.00","+2.93","302","","","","","","","","","",""
"18:03:15.141","ANA","0","+0.0","+0.0","+32.3","+0.0","+40.7269","+29.9401","+19.2","+102.3","+14.6","102155","102294","102224","0","0","0","0","0","0","0","0","0","0","-1.24","-8.09","+0.62","303","","","","","","","","","",""
"18:03:16.137","ANA","0","+0.0","+0.0","+32.3","+0.0","+40.7269","+29.9401","+16.0","+104.2","+11.4","102155","102294","102225","0","0","0","0","0","0","0","0","0","0","-1.26","-8.90","+1.83","304","","","","","","","","","",""
"18:03:17.131","ANA","0","+0.0","+0.0","+32.3","+0.0","+40.7269","+29.9401","+19.8","+104.0","+8.2","102154","102293","102224","0","0","0","0","0","0","0","0","0","0","-0.73","-8.94","+2.59","305","","","","","","","","","",""
"18:03:18.132","ANA","0","+0.0","+0.0","+32.3","+0.0","+40.7269","+29.9401","+19.6","+103.5","+15.6","102154","102293","102224","0","0","0","0","0","0","0","0","0","0","-4.67","-13.05","+2.51","306","","","","","","","","","",""
"18:03:19.139","ANA","0","+0.0","+0.0","+32.4","+0.0","+40.7269","+29.9401","+22.5","+102.8","+16.4","102153","102293","102223","0","0","0","0","0","0","0","0","0","0","-1.13","-10.06","+3.70","307","","","","","","","","","",""
"18:03:20.140","ANA","0","+0.0","+0.0","+32.4","+0.0","+40.7268","+29.9401","+29.9","+87.6","+21.4","102154","102293","102223","0","0","0","0","0","0","0","0","0","0","-2.92","-9.27","+2.55","308","","","","","","","","","",""
"18:03:24.126","ANA","0","+0.0","+0.0","+32.3","+0.0","+40.7268","+29.9401","-23.4","+38.5","+65.0","102150","102291","102220","0","0","0","0","0","0","0","0","0","0","-5.86","-4.46","-8.73","312","","","","","","","","","",""
"18:03:25.122","ANA","0","+0.0","+0.0","+32.2","+0.0","+40.7268","+29.9401","-11.2","+44.8","+66.8","102150","102291","102221","0","0","0","0","0","0","0","0","0","0","-6.51","-5.53","-8.46","313","","","","","","","","","",""
"18:03:26.095","ANA","0","+0.0","+0.0","+32.2","+0.0","+40.7268","+29.9401","+2.5","+77.3","+66.8","102155","102294","102224","0","0","0","0","0","0","0","0","0","0","-5.11","-8.00","-6.94","314","","","","","","","","","",""
"18:03:27.134","ANA","0","+0.0","+0.0","+32.1","+0.0","+40.7268","+29.9401","+12.7","+47.3","+24.8","102160","102299","102229","0","0","0","0","0","0","0","0","0","0","-1.13","-9.39","-0.49","315","","","","","","","","","",""
"18:03:28.108","ANA","0","+0.0","+0.0","+32.1","+0.0","+40.7268","+29.9401","+5.8","+45.1","+13.7","102154","102295","102224","0","0","0","0","0","0","0","0","0","0","+0.07","-7.80","-1.67","316","","","","","","","","","",""
"18:03:29.124","ANA","0","+0.0","+0.0","+32.0","+0.0","+40.7268","+29.9401","+0.4","+44.7","+13.8","102149","102296","102223","0","0","0","0","0","0","0","0","0","0","-0.02","-8.68","-1.13","317","","","","","","","","","",""
"18:03:30.119","ANA","0","+0.0","+0.0","+32.0","+0.0","+40.7267","+29.9400","+1.9","+49.5","+9.2","102147","102297","102222","0","0","0","0","0","0","0","0","0","0","+0.51","-8.90","-0.88","318","","","","","","","","","",""
"18:03:31.159","ANA","0","+0.0","+0.0","+31.9","+0.0","+40.7267","+29.9400","+3.7","+55.0","+15.9","102147","102299","102223","0","0","0","0","0","0","0","0","0","0","-1.74","-10.93","-0.99","319","","","","","","","","","",""
"18:03:32.156","ANA","0","+0.0","+0.0","+31.9","+0.0","+40.7267","+29.9400","-1.0","+57.1","+19.4","102146","102299","102222","0","0","0","0","0","0","0","0","0","0","-1.15","-11.73","-2.43","320","","","","","","","","","",""
"18:03:33.151","ANA","0","+0.0","+0.0","+31.9","+0.0","+40.7267","+29.9400","+4.3","+55.6","+15.6","102148","102302","102225","0","0","0","0","0","0","0","0","0","0","-1.14","-10.64","-1.62","321","","","","","","","","","",""
"18:03:34.125","ANA","0","+0.0","+0.0","+31.9","+0.0","+40.7267","+29.9400","+6.9","+59.9","+12.7","102149","102300","102224","0","0","0","0","0","0","0","0","0","0","+0.06","-8.85","-0.24","322","","","","","","","","","",""
"18:03:35.140","ANA","0","+0.0","+0.0","+31.9","+0.0","+40.7267","+29.9400","+6.7","+62.6","+16.8","102149","102298","102223","0","0","0","0","0","0","0","0","0","0","+0.27","-6.07","-0.33","323","","","","","","","","","",""
"18:03:36.157","ANA","0","+0.0","+0.0","+31.9","+0.0","+40.7266","+29.9400","+5.1","+61.2","+16.1","102145","102297","102221","0","0","0","0","0","0","0","0","0","0","+1.08","-6.46","-0.22","324","","","","","","","","","",""
"18:03:37.173","ANA","0","+0.0","+0.0","+31.9","+0.0","+40.7266","+29.9400","+3.9","+61.7","+18.9","102145","102298","102221","0","0","0","0","0","0","0","0","0","0","-1.04","-7.44","-0.61","325","","","","","","","","","",""
"18:03:38.189","ANA","0","+0.0","+0.0","+31.9","+0.0","+40.7266","+29.9400","+2.4","+62.4","+19.7","102144","102296","102220","0","0","0","0","0","0","0","0","0","0","-1.45","-8.86","-1.40","326","","","","","","","","","",""
"18:03:39.206","ANA","0","+0.0","+0.0","+32.0","+0.0","+40.7266","+29.9400","+1.1","+63.9","+17.6","102146","102294","102220","0","0","0","0","0","0","0","0","0","0","-0.05","-9.06","-1.76","327","","","","","","","","","",""
"18:03:40.244","ANA","0","+0.0","+0.0","+32.0","+0.0","+40.7266","+29.9400","+2.6","+64.2","+18.2","102147","102293","102220","0","0","0","0","0","0","0","0","0","0","-2.68","-12.10","-3.14","328","","","","","","","","","",""
"18:03:41.240","ANA","0","+0.0","+0.0","+32.0","+0.0","+40.7266","+29.9400","+3.4","+63.3","+18.0","102149","102293","102221","0","0","0","0","0","0","0","0","0","0","-2.35","-11.69","-2.52","329","","","","","","","","","",""
"18:03:42.236","ANA","0","+0.0","+0.0","+32.0","+0.0","+40.7266","+29.9400","+2.9","+55.5","+14.7","102152","102294","102223","0","0","0","0","0","0","0","0","0","0","+0.36","-11.22","-2.00","330","","","","","","","","","",""
"18:03:43.232","ANA","0","+0.0","+0.0","+32.0","+0.0","+40.7266","+29.9400","+2.4","+56.4","+19.6","102153","102295","102224","0","0","0","0","0","0","0","0","0","0","-0.31","-10.97","-2.24","331","","","","","","","","","",""
"18:03:44.205","ANA","0","+0.0","+0.0","+32.0","+0.0","+40.7266","+29.9400","+2.1","+56.4","+22.3","102150","102295","102222","0","0","0","0","0","0","0","0","0","0","+0.51","-8.27","-1.01","332","","","","","","","","","",""
"18:03:45.221","ANA","0","+0.0","+0.0","+32.0","+0.0","+40.7265","+29.9400","-0.0","+53.3","+12.7","102151","102293","102222","0","0","0","0","0","0","0","0","0","0","+1.77","-6.94","+0.25","333","","","","","","","","","",""
"18:03:46.238","ANA","0","+0.0","+0.0","+32.0","+0.0","+40.7265","+29.9400","+3.3","+52.9","+14.9","102149","102295","102222","0","0","0","0","0","0","0","0","0","0","-0.43","-7.90","-0.81","334","","","","","","","","","",""
"18:03:47.254","ANA","0","+0.0","+0.0","+32.0","+0.0","+40.7265","+29.9400","+3.3","+52.9","+19.3","102157","102299","102228","0","0","0","0","0","0","0","0","0","0","-1.75","-7.69","-1.38","335","","","","","","","","","",""
"18:03:48.270","ANA","0","+0.0","+0.0","+31.9","+0.0","+40.7265","+29.9400","+3.0","+56.3","+21.5","102156","102298","102227","0","0","0","0","0","0","0","0","0","0","-2.00","-7.69","-2.01","336","","","","","","","","","",""
"18:03:49.286","ANA","0","+0.0","+0.0","+31.9","+0.0","+40.7265","+29.9400","+0.5","+59.5","+17.6","102155","102298","102227","0","0","0","0","0","0","0","0","0","0","-0.50","-9.31","-0.12","337","","","","","","","","","",""
"18:03:50.302","ANA","0","+0.0","+0.0","+31.9","+0.0","+40.7265","+29.9400","+0.7","+57.8","+19.7","102158","102296","102227","0","0","0","0","0","0","0","0","0","0","+0.78","-7.38","-0.51","338","","","","","","","","","",""
"18:03:51.340","ANA","0","+0.0","+0.0","+31.9","+0.0","+40.7265","+29.9400","+4.8","+56.2","+17.7","102157","102298","102227","0","0","0","0","0","0","0","0","0","0","-1.20","-10.06","-0.85","339","","","","","","","","","",""
"18:03:52.337","ANA","0","+0.0","+0.0","+31.9","+0.0","+40.7265","+29.9399","+6.8","+57.6","+23.1","102157","102294","102225","0","0","0","0","0","0","0","0","0","0","-2.15","-11.80","-1.28","340","","","","","","","","","",""
"18:03:53.310","ANA","0","+0.0","+0.0","+32.0","+0.0","+40.7264","+29.9399","+2.6","+58.1","+23.9","102155","102294","102225","0","0","0","0","0","0","0","0","0","0","+0.61","-5.59","-0.83","341","","","","","","","","","",""
"18:03:54.325","ANA","0","+0.0","+0.0","+32.0","+0.0","+40.7264","+29.9399","+2.0","+59.7","+25.7","102156","102293","102225","0","0","0","0","0","0","0","0","0","0","-1.30","-7.67","-1.46","342","","","","","","","","","",""
"18:03:55.341","ANA","0","+0.0","+0.0","+32.0","+0.0","+40.7264","+29.9399","+2.4","+61.5","+23.4","102156","102294","102225","0","0","0","0","0","0","0","0","0","0","-1.15","-8.14","-2.52","343","","","","","","","","","",""
"18:03:56.358","ANA","0","+0.0","+0.0","+32.1","+0.0","+40.7264","+29.9399","+2.1","+72.3","+24.9","102155","102294","102225","0","0","0","0","0","0","0","0","0","0","-0.28","-8.97","-1.66","344","","","","","","","","","",""
"18:03:57.396","ANA","0","+0.0","+0.0","+32.1","+0.0","+40.7264","+29.9399","+1.1","+60.1","+24.6","102154","102291","102222","0","0","0","0","0","0","0","0","0","0","-1.28","-11.31","-3.42","345","","","","","","","","","",""
"18:03:58.391","ANA","0","+0.0","+0.0","+32.1","+0.0","+40.7264","+29.9399","+5.3","+58.4","+23.4","102155","102292","102224","0","0","0","0","0","0","0","0","0","0","-2.52","-12.35","-2.45","346","","","","","","","","","",""
"18:03:59.389","ANA","0","+0.0","+0.0","+32.2","+0.0","+40.7264","+29.9399","+3.5","+61.7","+26.4","102154","102293","102224","0","0","0","0","0","0","0","0","0","0","-1.17","-11.71","-1.26","347","","","","","","","","","",""
"18:04:00.361","ANA","0","+0.0","+0.0","+32.2","+0.0","+40.7264","+29.9399","+3.9","+59.1","+26.4","102154","102292","102223","0","0","0","0","0","0","0","0","0","0","-1.44","-9.93","-0.80","348","","","","","","","","","",""
"18:04:01.379","ANA","0","+0.0","+0.0","+32.3","+0.0","+40.7264","+29.9399","+2.4","+54.8","+27.4","102156","102291","102223","0","0","0","0","0","0","0","0","0","0","-0.11","-7.38","-1.47","349","","","","","","","","","",""
"18:04:02.394","ANA","0","+0.0","+0.0","+32.4","+0.0","+40.7263","+29.9399","+3.6","+55.8","+20.6","102157","102292","102224","0","0","0","0","0","0","0","0","0","0","-0.13","-6.00","-0.81","350","","","","","","","","","",""
"18:04:03.410","ANA","0","+0.0","+0.0","+32.5","+0.0","+40.7263","+29.9399","+5.1","+55.8","+23.2","102157","102293","102225","0","0","0","0","0","0","0","0","0","0","-0.72","-7.50","-1.13","351","","","","","","","","","",""
"18:04:04.425","ANA","0","+0.0","+0.0","+32.5","+0.0","+40.7263","+29.9399","+4.1","+54.7","+22.4","102155","102293","102224","0","0","0","0","0","0","0","0","0","0","-1.04","-7.05","-0.69","352","","","","","","","","","",""
"18:04:05.441","ANA","0","+0.0","+0.0","+32.5","+0.0","+40.7263","+29.9399","+0.9","+55.6","+24.7","102153","102294","102223","0","0","0","0","0","0","0","0","0","0","-1.61","-8.19","-1.91","353","","","","","","","","","",""
"18:04:06.458","ANA","0","+0.0","+0.0","+32.6","+0.0","+40.7263","+29.9399","+3.2","+53.6","+22.4","102153","102288","102221","0","0","0","0","0","0","0","0","0","0","-0.96","-8.85","-1.00","354","","","","","","","","","",""
"18:04:07.496","ANA","0","+0.0","+0.0","+32.6","+0.0","+40.7263","+29.9399","+5.1","+57.5","+19.5","102157","102293","102225","0","0","0","0","0","0","0","0","0","0","-0.96","-11.68","-0.33","355","","","","","","","","","",""
"18:04:08.491","ANA","0","+0.0","+0.0","+32.6","+0.0","+40.7263","+29.9399","+4.7","+63.7","+25.2","102159","102295","102227","0","0","0","0","0","0","0","0","0","0","-2.43","-12.11","-1.08","356","","","","","","","","","",""
"18:04:10.461","ANA","0","+0.0","+0.0","+32.5","+0.0","+40.7263","+29.9399","+4.7","+49.4","+27.7","102154","102296","102225","0","0","0","0","0","0","0","0","0","0","-2.29","-8.14","-1.26","358","","","","","","","","","",""
"18:04:11.476","ANA","0","+0.0","+0.0","+32.5","+0.0","+40.7263","+29.9399","+5.2","+55.5","+29.1","102153","102298","102225","0","0","0","0","0","0","0","0","0","0","-1.40","-7.61","-1.16","359","","","","","","","","","",""
"18:04:12.492","ANA","0","+0.0","+0.0","+32.5","+0.0","+40.7263","+29.9399","+6.9","+53.6","+33.7","102153","102301","102227","0","0","0","0","0","0","0","0","0","0","-2.74","-9.46","-1.35","360","","","","","","","","","",""
"18:04:13.531","ANA","0","+0.0","+0.0","+32.5","+0.0","+40.7263","+29.9399","+6.1","+49.4","+32.6","102153","102300","102226","0","0","0","0","0","0","0","0","0","0","-3.58","-10.81","-1.38","361","","","","","","","","","",""
"18:04:14.504","ANA","0","+0.0","+0.0","+32.5","+0.0","+40.7263","+29.9399","+7.1","+29.5","+28.4","102149","102300","102224","0","0","0","0","0","0","0","0","0","0","-2.58","-8.19","-1.42","362","","","","","","","","","",""
"18:04:15.520","ANA","0","+0.0","+0.0","+32.5","+0.0","+40.7263","+29.9399","+6.7","+50.6","+21.7","102150","102297","102224","0","0","0","0","0","0","0","0","0","0","-0.56","-5.50","-0.25","363","","","","","","","","","",""
"18:04:16.536","ANA","0","+0.0","+0.0","+32.5","+0.0","+40.7263","+29.9399","+1.4","+61.9","+30.3","102152","102299","102226","0","0","0","0","0","0","0","0","0","0","-0.24","-6.07","-1.80","364","","","","","","","","","",""
"18:04:17.552","ANA","0","+0.0","+0.0","+32.5","+0.0","+40.7263","+29.9399","+4.1","+61.5","+34.6","102152","102299","102226","0","0","0","0","0","0","0","0","0","0","-1.39","-6.61","-1.50","365","","","","","","","","","",""
"18:04:18.568","ANA","0","+0.0","+0.0","+32.5","+0.0","+40.7263","+29.9399","+4.9","+56.8","+30.9","102152","102301","102226","0","0","0","0","0","0","0","0","0","0","-0.20","-7.50","-0.90","366","","","","","","","","","",""
"18:04:19.584","ANA","0","+0.0","+0.0","+32.5","+0.0","+40.7263","+29.9399","+4.7","+61.7","+27.9","102153","102301","102227","0","0","0","0","0","0","0","0","0","0","-0.20","-5.88","-0.96","367","","","","","","","","","",""
"18:04:20.600","ANA","0","+0.0","+0.0","+32.4","+0.0","+40.7263","+29.9399","+0.3","+59.8","+33.5","102154","102301","102227","0","0","0","0","0","0","0","0","0","0","-1.29","-6.73","-1.29","368","","","","","","","","","",""
"18:04:21.615","ANA","0","+0.0","+0.0","+32.4","+0.0","+40.7263","+29.9399","+2.5","+62.6","+31.1","102150","102296","102223","0","0","0","0","0","0","0","0","0","0","-2.54","-7.48","-1.89","369","","","","","","","","","",""
"18:04:22.631","ANA","0","+0.0","+0.0","+32.4","+0.0","+40.7263","+29.9399","+4.3","+63.9","+28.4","102152","102298","102225","0","0","0","0","0","0","0","0","0","0","-1.78","-8.06","-0.77","370","","","","","","","","","",""
"18:04:23.647","ANA","0","+0.0","+0.0","+32.3","+0.0","+40.7263","+29.9399","+0.1","+63.9","+26.1","102153","102299","102226","0","0","0","0","0","0","0","0","0","0","-1.23","-7.73","-2.58","371","","","","","","","","","",""
"18:04:24.663","ANA","0","+0.0","+0.0","+32.3","+0.0","+40.7263","+29.9399","+0.4","+60.9","+24.5","102159","102303","102231","0","0","0","0","0","0","0","0","0","0","-0.56","-8.10","-2.52","372","","","","","","","","","",""
"18:04:25.679","ANA","0","+0.0","+0.0","+32.3","+0.0","+40.7263","+29.9399","+1.6","+50.0","+23.8","102157","102301","102229","0","0","0","0","0","0","0","0","0","0","-1.45","-8.92","-0.70","373","","","","","","","","","",""
"18:04:26.696","ANA","0","+0.0","+0.0","+32.2","+0.0","+40.7263","+29.9399","+4.8","+52.3","+22.4","102158","102305","102232","0","0","0","0","0","0","0","0","0","0","-0.33","-9.10","-1.15","374","","","","","","","","","",""
"18:04:27.712","ANA","0","+0.0","+0.0","+32.2","+0.0","+40.7263","+29.9399","+4.4","+55.6","+25.7","102156","102302","102229","0","0","0","0","0","0","0","0","0","0","-1.57","-7.96","-1.01","375","","","","","","","","","",""
"18:04:28.728","ANA","0","+0.0","+0.0","+32.1","+0.0","+40.7263","+29.9399","+2.5","+58.6","+20.4","102152","102300","102226","0","0","0","0","0","0","0","0","0","0","-0.52","-9.35","-1.53","376","","","","","","","","","",""
"18:04:29.744","ANA","0","+0.0","+0.0","+32.1","+0.0","+40.7263","+29.9399","+1.8","+56.4","+21.0","102155","102302","102229","0","0","0","0","0","0","0","0","0","0","-0.87","-7.55","-2.50","377","","","","","","","","","",""
"18:04:32.793","ANA","0","+0.0","+0.0","+32.0","+0.0","+40.7263","+29.9399","-0.4","+57.9","+22.5","102146","102297","102221","0","0","0","0","0","0","0","0","0","0","-0.26","-9.15","-2.82","380","","","","","","","","","",""
"18:04:33.808","ANA","0","+0.0","+0.0","+31.9","+0.0","+40.7263","+29.9399","+4.2","+55.6","+23.1","102148","102294","102221","0","0","0","0","0","0","0","0","0","0","-1.40","-9.63","-2.26","381","","","","","","","","","",""
"18:04:34.824","ANA","0","+0.0","+0.0","+31.9","+0.0","+40.7263","+29.9399","+1.7","+57.3","+21.3","102148","102293","102221","0","0","0","0","0","0","0","0","0","0","+0.14","-9.65","-1.36","382","","","","","","","","","",""
"18:04:35.863","ANA","0","+0.0","+0.0","+31.9","+0.0","+40.7263","+29.9399","+2.6","+56.1","+17.2","102143","102289","102216","0","0","0","0","0","0","0","0","0","0","-0.99","-11.19","-1.65","383","","","","","","","","","",""
"18:04:36.859","ANA","0","+0.0","+0.0","+31.8","+0.0","+40.7263","+29.9399","+3.6","+56.7","+20.6","102146","102293","102220","0","0","0","0","0","0","0","0","0","0","-3.23","-11.38","-3.79","384","","","","","","","","","",""
"18:04:37.855","ANA","0","+0.0","+0.0","+31.8","+0.0","+40.7263","+29.9399","+0.7","+52.0","+21.5","102147","102293","102220","0","0","0","0","0","0","0","0","0","0","+1.90","-10.27","-3.10","385","","","","","","","","","",""
"18:04:38.851","ANA","0","+0.0","+0.0","+31.8","+0.0","+40.7263","+29.9399","+0.9","+55.9","+26.2","102143","102291","102217","0","0","0","0","0","0","0","0","0","0","-2.35","-12.88","-2.46","386","","","","","","","","","",""
"18:04:39.846","ANA","0","+0.0","+0.0","+31.7","+0.0","+40.7263","+29.9399","+2.9","+51.5","+22.8","102147","102292","102220","0","0","0","0","0","0","0","0","0","0","-1.33","-12.27","-1.53","387","","","","","","","","","",""
"18:04:44.884","ANA","0","+0.0","+0.0","+31.8","+0.0","+40.7263","+29.9399","+6.3","+53.3","+22.9","102145","102296","102221","0","0","0","0","0","0","0","0","0","0","-0.65","-7.26","+0.42","392","","","","","","","","","",""
"18:04:45.900","ANA","0","+0.0","+0.0","+31.9","+0.0","+40.7263","+29.9399","+6.4","+46.3","+22.9","102142","102294","102218","0","0","0","0","0","0","0","0","0","0","-1.26","-7.32","-1.38","393","","","","","","","","","",""
"18:04:49.963","ANA","0","+0.0","+0.0","+32.0","+0.0","+40.7263","+29.9399","+2.0","+77.8","+14.0","102150","102292","102221","0","0","0","0","0","0","0","0","0","0","-3.06","-9.43","-2.04","397","","","","","","","","","",""
"18:04:51.004","ANA","0","+7.5","+0.0","+32.0","+0.0","+40.7263","+29.9399","-10.4","+166.7","+35.1","101891","102294","102093","0","0","0","0","0","0","0","0","0","0","-0.95","-9.73","-0.93","398","","","","","","","","","",""
"18:04:52.001","ANA","0","+10.2","+0.0","+32.1","+0.0","+40.7263","+29.9399","-9.6","+151.2","+25.4","102014","102294","102154","0","0","0","0","0","0","0","0","0","0","-0.07","-9.03","-1.00","399","","","","","","","","","",""
"18:04:52.994","ANA","0","+4.7","+0.0","+32.1","+0.0","+40.7263","+29.9399","-2.6","+154.3","+20.0","102099","102295","102197","0","0","0","0","0","0","0","0","0","0","-0.37","-9.72","-0.69","400","","","","","","","","","",""
"18:04:53.994","ANA","0","+1.7","+0.0","+32.1","+0.0","+40.7263","+29.9399","+10.7","+162.9","+13.5","102129","102296","102212","0","0","0","0","0","0","0","0","0","0","-1.03","-10.18","-0.32","401","","","","","","","","","",""
"18:04:54.997","ANA","0","+0.4","+0.0","+32.1","+0.0","+40.7263","+29.9399","+12.6","+130.3","+3.8","102141","102292","102217","0","0","0","0","0","0","0","0","0","0","-1.00","-9.84","+1.21","402","","","","","","","","","",""
"18:04:55.993","ANA","0","+0.0","+0.0","+32.2","+0.0","+40.7263","+29.9399","-15.0","+120.8","+1.8","102147","102292","102220","0","0","0","0","0","0","0","0","0","0","+2.82","-8.60","-0.46","403","","","","","","","","","",""
"18:04:56.988","ANA","0","+0.7","+0.0","+32.1","+0.0","+40.7263","+29.9399","+9.4","+135.4","+13.3","102124","102291","102207","0","0","0","0","0","0","0","0","0","0","-1.46","-9.10","-0.66","404","","","","","","","","","",""
"18:04:57.963","ANA","0","+0.8","+0.0","+32.1","+0.0","+40.7263","+29.9399","-1.9","+129.4","+5.1","102133","102290","102212","0","0","0","0","0","0","0","0","0","0","+1.13","-9.55","-0.38","405","","","","","","","","","",""
"18:04:59.003","ANA","0","+0.4","+0.0","+32.1","+0.0","+40.7263","+29.9399","+11.1","+131.4","+0.0","102139","102294","102217","0","0","0","0","0","0","0","0","0","0","-2.42","-10.46","-0.34","406","","","","","","","","","",""
"18:05:00.000","ANA","0","+1.1","+0.0","+32.1","+0.0","+40.7258","+29.9396","+4.8","+138.6","+23.9","102116","102295","102205","0","0","0","0","0","0","0","0","0","0","-2.39","-10.14","-2.46","407","","","","","","","","","",""
"18:05:00.994","ANA","0","+1.3","+0.0","+32.1","+0.0","+40.7258","+29.9396","-6.8","+134.0","+23.0","102123","102286","102204","0","0","0","0","0","0","0","0","0","0","+1.11","-9.98","-2.06","408","","","","","","","","","",""
"18:05:01.991","ANA","0","+1.2","+0.0","+32.1","+0.0","+40.7258","+29.9396","-8.7","+128.0","+17.1","102130","102283","102207","0","0","0","0","0","0","0","0","0","0","+1.23","-9.60","-1.73","409","","","","","","","","","",""
"18:05:02.987","ANA","0","+0.8","+0.0","+32.1","+0.0","+40.7258","+29.9396","-5.1","+129.0","+16.6","102137","102282","102210","0","0","0","0","0","0","0","0","0","0","+0.60","-8.93","-2.26","410","","","","","","","","","",""
"18:05:03.983","ANA","0","+0.7","+0.0","+32.1","+0.0","+40.7258","+29.9396","-6.7","+130.3","+17.0","102136","102281","102208","0","0","0","0","0","0","0","0","0","0","+0.23","-9.10","-2.28","411","","","","","","","","","",""
"18:05:04.981","ANA","0","+2.5","+0.0","+32.0","+0.0","+40.7258","+29.9396","-12.3","+151.7","+26.7","102022","102281","102151","0","0","0","0","0","0","0","0","0","0","+2.08","-9.30","-2.44","412","","","","","","","","","",""
"18:05:05.976","ANA","0","+6.9","+0.0","+32.0","+0.0","+40.7258","+29.9396","-2.7","-62.8","-26.2","102051","102299","102175","0","0","0","0","0","0","0","0","0","0","-0.62","-12.85","-1.38","413","","","","","","","","","",""
"18:05:06.948","ANA","0","+3.6","+0.0","+32.0","+0.0","+40.7258","+29.9396","-7.1","-4.8","-8.4","102104","102290","102197","0","0","0","0","0","0","0","0","0","0","+2.47","-11.81","-2.94","414","","","","","","","","","",""
"18:05:07.967","ANA","0","+1.6","+0.0","+32.0","+0.0","+40.7258","+29.9396","-7.0","-10.0","-10.8","102132","102284","102208","0","0","0","0","0","0","0","0","0","0","+0.13","-9.75","-1.40","415","","","","","","","","","",""
"18:05:08.978","ANA","0","+0.6","+0.0","+32.0","+0.0","+40.7258","+29.9396","-3.2","-8.8","-9.6","102144","102282","102213","0","0","0","0","0","0","0","0","0","0","+0.95","-9.02","-1.66","416","","","","","","","","","",""
"18:05:09.998","ANA","0","+0.2","+0.0","+32.0","+0.0","+40.7258","+29.9396","-4.2","-9.0","-11.0","102148","102279","102213","0","0","0","0","0","0","0","0","0","0","+0.57","-7.05","-2.00","417","","","","","","","","","",""
"18:05:11.011","ANA","0","+0.1","+0.0","+31.9","+0.0","+40.7258","+29.9396","-3.0","-8.5","-4.6","102149","102282","102216","0","0","0","0","0","0","0","0","0","0","-0.47","-7.79","-1.66","418","","","","","","","","","",""
"18:05:12.028","ANA","0","+0.1","+0.0","+31.8","+0.0","+40.7258","+29.9396","-4.3","-6.1","-6.5","102146","102283","102214","0","0","0","0","0","0","0","0","0","0","-0.70","-6.94","-1.80","419","","","","","","","","","",""
"18:05:13.044","ANA","0","+0.2","+0.0","+31.7","+0.0","+40.7258","+29.9396","+1.3","-7.4","-5.6","102145","102283","102214","0","0","0","0","0","0","0","0","0","0","-0.29","-8.00","-0.12","420","","","","","","","","","",""
"18:05:14.063","ANA","0","+0.2","+0.0","+31.7","+0.0","+40.7257","+29.9396","-2.9","-13.7","-4.2","102147","102283","102215","0","0","0","0","0","0","0","0","0","0","-1.63","-8.17","-0.78","421","","","","","","","","","",""
"18:05:15.078","ANA","0","+0.2","+0.0","+31.7","+0.0","+40.7257","+29.9396","-1.8","-7.0","-3.9","102143","102285","102214","0","0","0","0","0","0","0","0","0","0","-0.98","-9.10","-1.73","422","","","","","","","","","",""
"18:05:16.096","ANA","0","+0.3","+0.0","+31.6","+0.0","+40.7257","+29.9396","-6.7","-11.9","-5.9","102144","102283","102213","0","0","0","0","0","0","0","0","0","0","+0.47","-8.23","-3.20","423","","","","","","","","","",""
"18:05:17.111","ANA","0","+0.3","+0.0","+31.6","+0.0","+40.7257","+29.9396","-2.3","-6.6","+0.0","102144","102284","102214","0","0","0","0","0","0","0","0","0","0","-4.53","-14.68","-0.82","424","","","","","","","","","",""
"18:05:18.129","ANA","0","+0.2","+0.0","+31.7","+0.0","+40.7257","+29.9396","-10.3","-7.2","+1.0","102147","102286","102216","0","0","0","0","0","0","0","0","0","0","-2.43","-8.11","-1.86","425","","","","","","","","","",""
"18:05:19.145","ANA","0","+0.2","+0.0","+31.7","+0.0","+40.7257","+29.9396","-4.8","-10.9","-1.1","102146","102285","102216","0","0","0","0","0","0","0","0","0","0","-0.74","-7.92","-0.58","426","","","","","","","","","",""
"18:05:20.159","ANA","0","+0.1","+0.0","+31.8","+0.0","+40.7257","+29.9396","-4.5","-8.4","-1.0","102147","102285","102216","0","0","0","0","0","0","0","0","0","0","-1.11","-7.67","-0.87","427","","","","","","","","","",""
"18:05:21.176","ANA","0","+0.2","+0.0","+31.8","+0.0","+40.7256","+29.9395","-4.0","-8.7","-3.1","102145","102282","102213","0","0","0","0","0","0","0","0","0","0","-0.90","-8.80","-0.56","428","","","","","","","","","",""
"18:05:22.191","ANA","0","+0.3","+0.0","+31.9","+0.0","+40.7256","+29.9395","-6.0","-6.2","-2.5","102146","102281","102214","0","0","0","0","0","0","0","0","0","0","-0.87","-8.38","-1.96","429","","","","","","","","","",""
"18:05:23.208","ANA","0","+0.3","+0.0","+31.9","+0.0","+40.7256","+29.9395","-4.3","-2.5","-0.2","102146","102279","102213","0","0","0","0","0","0","0","0","0","0","-0.57","-7.42","-1.67","430","","","","","","","","","",""
"18:05:24.224","ANA","0","+0.4","+0.0","+31.9","+0.0","+40.7256","+29.9395","-6.1","-4.4","-5.0","102144","102278","102211","0","0","0","0","0","0","0","0","0","0","+0.55","-8.43","-1.11","431","","","","","","","","","",""
"18:05:25.240","ANA","0","+0.6","+0.0","+31.9","+0.0","+40.7256","+29.9395","-2.6","-7.2","+1.0","102141","102278","102210","0","0","0","0","0","0","0","0","0","0","-1.11","-8.28","-1.36","432","","","","","","","","","",""
"18:05:26.256","ANA","0","+0.5","+0.0","+31.9","+0.0","+40.7256","+29.9395","-3.1","-3.2","-0.2","102143","102281","102212","0","0","0","0","0","0","0","0","0","0","-0.02","-7.61","-1.52","433","","","","","","","","","",""
"18:05:27.272","ANA","0","+0.4","+0.0","+31.9","+0.0","+40.7256","+29.9395","-1.1","-5.6","+1.3","102144","102280","102212","0","0","0","0","0","0","0","0","0","0","-0.79","-8.71","-0.19","434","","","","","","","","","",""
"18:05:28.289","ANA","0","+0.5","+0.0","+31.9","+0.0","+40.7256","+29.9395","-3.2","-1.6","-0.7","102142","102279","102211","0","0","0","0","0","0","0","0","0","0","+0.32","-9.22","-0.74","435","","","","","","","","","",""
"18:05:29.305","ANA","0","+0.6","+0.0","+31.9","+0.0","+40.7256","+29.9395","-2.0","-4.6","+4.7","102142","102280","102211","0","0","0","0","0","0","0","0","0","0","-2.84","-9.18","-0.73","436","","","","","","","","","",""
"18:05:30.324","ANA","0","+0.5","+0.0","+31.9","+0.0","+40.7255","+29.9395","-5.0","-4.2","-1.4","102141","102283","102212","0","0","0","0","0","0","0","0","0","0","+0.77","-11.14","-3.07","437","","","","","","","","","",""
"18:05:31.340","ANA","0","+0.4","+0.0","+31.9","+0.0","+40.7255","+29.9395","-3.4","-3.8","+4.5","102144","102283","102213","0","0","0","0","0","0","0","0","0","0","-1.63","-12.42","-1.30","438","","","","","","","","","",""
"18:05:32.355","ANA","0","+0.4","+0.0","+31.9","+0.0","+40.7255","+29.9395","-5.9","-2.9","+3.1","102143","102285","102214","0","0","0","0","0","0","0","0","0","0","-0.12","-13.94","-2.42","439","","","","","","","","","",""
"18:05:33.372","ANA","0","+0.3","+0.0","+31.9","+0.0","+40.7255","+29.9395","-9.4","-1.1","+9.1","102147","102285","102216","0","0","0","0","0","0","0","0","0","0","-1.16","-13.31","-2.69","440","","","","","","","","","",""
"18:05:34.390","ANA","0","+0.1","+0.0","+31.9","+0.0","+40.7255","+29.9395","-3.1","-0.8","+10.0","102146","102284","102215","0","0","0","0","0","0","0","0","0","0","-2.11","-11.63","-1.83","441","","","","","","","","","",""
"18:05:35.404","ANA","0","+0.2","+0.0","+31.8","+0.0","+40.7255","+29.9395","-3.6","-1.0","+2.5","102144","102287","102215","0","0","0","0","0","0","0","0","0","0","-0.95","-11.32","+0.64","442","","","","","","","","","",""
"18:05:36.419","ANA","0","+0.3","+0.0","+31.8","+0.0","+40.7255","+29.9395","-4.2","-1.8","+5.7","102143","102286","102214","0","0","0","0","0","0","0","0","0","0","-1.42","-12.68","-1.38","443","","","","","","","","","",""
"18:05:37.435","ANA","0","+0.2","+0.0","+31.7","+0.0","+40.7255","+29.9395","-3.7","-3.3","+6.6","102146","102288","102217","0","0","0","0","0","0","0","0","0","0","-2.65","-11.86","+0.27","444","","","","","","","","","",""
"18:05:38.452","ANA","0","+0.0","+0.0","+31.7","+0.0","+40.7255","+29.9395","-2.6","-2.0","+3.0","102148","102289","102219","0","0","0","0","0","0","0","0","0","0","-0.63","-10.81","+0.05","445","","","","","","","","","",""
"18:05:39.469","ANA","0","+0.0","+0.0","+31.7","+0.0","+40.7255","+29.9395","-0.8","-3.4","+6.6","102146","102289","102218","0","0","0","0","0","0","0","0","0","0","-1.35","-11.32","-0.23","446","","","","","","","","","",""
"18:05:40.482","ANA","0","+0.1","+0.0","+31.6","+0.0","+40.7255","+29.9395","+0.5","-9.7","+0.2","102144","102291","102217","0","0","0","0","0","0","0","0","0","0","-0.29","-9.40","+0.00","447","","","","","","","","","",""
"18:05:41.498","ANA","0","+0.1","+0.0","+31.6","+0.0","+40.7255","+29.9395","+0.8","-9.3","+4.8","102145","102289","102217","0","0","0","0","0","0","0","0","0","0","-1.49","-5.90","-0.85","448","","","","","","","","","",""
"18:05:42.515","ANA","0","+0.1","+0.0","+31.6","+0.0","+40.7255","+29.9395","-7.0","-13.0","+8.8","102145","102289","102217","0","0","0","0","0","0","0","0","0","0","-2.32","-7.11","-1.66","449","","","","","","","","","",""
"18:05:45.565","ANA","0","+0.1","+0.0","+31.7","+0.0","+40.7255","+29.9395","-0.7","-13.7","+11.3","102146","102289","102218","0","0","0","0","0","0","0","0","0","0","-2.25","-8.79","+0.14","452","","","","","","","","","",""
"18:05:46.581","ANA","0","+0.0","+0.0","+31.7","+0.0","+40.7255","+29.9395","-1.4","-11.0","+18.1","102146","102290","102218","0","0","0","0","0","0","0","0","0","0","-2.94","-7.55","-0.54","453","","","","","","","","","",""
"18:05:47.599","ANA","0","+0.1","+0.0","+31.7","+0.0","+40.7255","+29.9395","-2.0","+0.1","+16.3","102144","102287","102215","0","0","0","0","0","0","0","0","0","0","-6.03","-12.77","-2.78","454","","","","","","","","","",""
"18:05:48.612","ANA","0","+0.2","+0.0","+31.8","+0.0","+40.7255","+29.9395","-2.8","+0.0","+9.4","102146","102286","102216","0","0","0","0","0","0","0","0","0","0","-2.82","-11.55","-0.97","455","","","","","","","","","",""
"18:05:49.628","ANA","0","+0.1","+0.0","+31.8","+0.0","+40.7255","+29.9395","-1.1","-5.1","+4.5","102146","102289","102217","0","0","0","0","0","0","0","0","0","0","-2.80","-11.71","-0.41","456","","","","","","","","","",""
"18:05:50.644","ANA","0","+0.1","+0.0","+31.8","+0.0","+40.7255","+29.9395","-1.2","-7.4","+6.0","102144","102290","102217","0","0","0","0","0","0","0","0","0","0","-2.33","-13.50","-0.17","457","","","","","","","","","",""
"18:05:51.663","ANA","0","+0.2","+0.0","+31.8","+0.0","+40.7255","+29.9395","+0.8","-11.6","+3.4","102145","102288","102217","0","0","0","0","0","0","0","0","0","0","-0.32","-11.05","-1.46","458","","","","","","","","","",""
"18:05:52.675","ANA","0","+0.2","+0.0","+31.7","+0.0","+40.7255","+29.9395","+2.3","+5.8","+9.4","102144","102287","102216","0","0","0","0","0","0","0","0","0","0","-0.91","-8.89","+0.18","459","","","","","","","","","",""
"18:05:53.690","ANA","0","+0.2","+0.0","+31.8","+0.0","+40.7255","+29.9395","+4.9","-5.8","+2.7","102143","102286","102215","0","0","0","0","0","0","0","0","0","0","-0.31","-7.61","+0.13","460","","","","","","","","","",""
"18:05:54.707","ANA","0","+0.4","+0.0","+31.9","+0.0","+40.7255","+29.9395","+6.6","-2.8","+8.2","102142","102284","102213","0","0","0","0","0","0","0","0","0","0","-2.32","-8.68","-0.09","461","","","","","","","","","",""
"18:05:55.728","ANA","0","+0.4","+0.0","+31.8","+0.0","+40.7255","+29.9395","+9.2","+15.2","+10.7","102141","102286","102214","0","0","0","0","0","0","0","0","0","0","-0.36","-7.48","+0.78","462","","","","","","","","","",""
"18:05:56.766","ANA","0","+0.3","+0.0","+31.7","+0.0","+40.7255","+29.9395","+17.9","+19.6","+20.8","102144","102290","102217","0","0","0","0","0","0","0","0","0","0","-3.93","-7.77","+2.48","463","","","","","","","","","",""
"18:05:57.737","ANA","0","+0.2","+0.0","+31.7","+0.0","+40.7255","+29.9395","-1.8","+6.0","+5.7","102143","102287","102215","0","0","0","0","0","0","0","0","0","0","-2.31","-10.71","-0.80","464","","","","","","","","","",""
"18:05:58.753","ANA","0","+0.3","+0.0","+31.7","+0.0","+40.7255","+29.9395","-1.1","+0.2","+9.2","102142","102286","102214","0","0","0","0","0","0","0","0","0","0","-3.24","-12.15","-1.11","465","","","","","","","","","",""
"18:05:59.770","ANA","0","+0.5","+0.0","+31.7","+0.0","+40.7255","+29.9395","+0.2","-3.8","+5.0","102139","102286","102213","0","0","0","0","0","0","0","0","0","0","-0.56","-10.53","-0.70","466","","","","","","","","","",""
"18:06:00.785","ANA","0","+0.4","+0.0","+31.8","+0.0","+40.7255","+29.9395","+2.0","-5.0","+7.3","102143","102286","102214","0","0","0","0","0","0","0","0","0","0","-1.32","-11.80","-1.00","467","","","","","","","","","",""
"18:06:01.804","ANA","0","+0.3","+0.0","+31.8","+0.0","+40.7255","+29.9395","+4.5","-10.5","+10.6","102144","102287","102215","0","0","0","0","0","0","0","0","0","0","-1.87","-7.55","+0.04","468","","","","","","","","","",""
"18:06:02.817","ANA","0","+0.1","+0.0","+31.8","+0.0","+40.7255","+29.9395","+2.9","-11.6","+9.6","102147","102288","102217","0","0","0","0","0","0","0","0","0","0","-2.00","-9.22","+0.36","469","","","","","","","","","",""
"18:06:03.830","ANA","0","+0.1","+0.0","+31.8","+0.0","+40.7255","+29.9395","+6.1","-5.7","+8.4","102145","102286","102216","0","0","0","0","0","0","0","0","0","0","-1.00","-8.96","+0.03","470","","","","","","","","","",""
"18:06:04.852","ANA","0","+0.2","+0.0","+31.9","+0.0","+40.7255","+29.9395","+4.9","-5.2","+20.8","102144","102287","102215","0","0","0","0","0","0","0","0","0","0","-2.69","-11.39","+0.30","471","","","","","","","","","",""
"18:06:05.868","ANA","0","+0.2","+0.0","+31.9","+0.0","+40.7255","+29.9395","+4.3","-0.7","+14.9","102146","102287","102216","0","0","0","0","0","0","0","0","0","0","-4.19","-12.09","+1.44","472","","","","","","","","","",""
"18:06:06.883","ANA","0","+0.1","+0.0","+31.9","+0.0","+40.7255","+29.9395","+4.1","+3.6","+12.5","102146","102289","102218","0","0","0","0","0","0","0","0","0","0","-1.75","-11.43","+0.98","473","","","","","","","","","",""
"18:06:07.900","ANA","0","+0.1","+0.0","+31.9","+0.0","+40.7255","+29.9395","-2.8","-0.7","+21.7","102144","102291","102217","0","0","0","0","0","0","0","0","0","0","-3.99","-10.01","-0.57","474","","","","","","","","","",""
"18:06:08.914","ANA","0","+0.1","+0.0","+32.0","+0.0","+40.7255","+29.9395","-2.3","-0.7","+17.1","102145","102290","102218","0","0","0","0","0","0","0","0","0","0","-3.17","-7.80","-2.10","475","","","","","","","","","",""
"18:06:09.928","ANA","0","+0.0","+0.0","+32.0","+0.0","+40.7255","+29.9395","+1.1","+0.7","+8.9","102151","102291","102221","0","0","0","0","0","0","0","0","0","0","-0.84","-7.01","+0.22","476","","","","","","","","","",""
"18:06:10.947","ANA","0","+0.0","+0.0","+32.0","+0.0","+40.7255","+29.9395","+1.9","-1.4","+11.1","102150","102290","102220","0","0","0","0","0","0","0","0","0","0","-1.54","-4.86","-0.52","477","","","","","","","","","",""
"18:06:11.960","ANA","0","+0.0","+0.0","+32.0","+0.0","+40.7255","+29.9395","+1.4","-1.1","+8.4","102152","102290","102221","0","0","0","0","0","0","0","0","0","0","-2.74","-7.52","+0.54","478","","","","","","","","","",""
"18:06:12.978","ANA","0","+0.0","+0.0","+32.0","+0.0","+40.7255","+29.9395","+3.0","-6.6","-11.5","102153","102293","102223","0","0","0","0","0","0","0","0","0","0","+0.93","-7.11","+0.15","479","","","","","","","","","",""
"18:06:13.995","ANA","0","+0.0","+0.0","+32.0","+0.0","+40.7255","+29.9395","-7.1","-0.5","-12.3","102154","102289","102221","0","0","0","0","0","0","0","0","0","0","+1.40","-8.94","-2.81","480","","","","","","","","","",""
"18:06:15.035","ANA","0","+0.0","+0.0","+32.0","+0.0","+40.7251","+29.9393","-13.6","-0.4","-15.7","102153","102287","102220","0","0","0","0","0","0","0","0","0","0","+0.65","-10.13","-1.01","481","","","","","","","","","",""
"18:06:16.033","ANA","0","+0.0","+0.0","+32.0","+0.0","+40.7251","+29.9393","+14.0","-132.0","-26.2","102141","102312","102227","0","0","0","0","0","0","0","0","0","0","+0.36","-8.03","-2.97","482","","","","","","","","","",""
"18:06:17.029","ANA","0","+0.0","+0.0","+32.1","+0.0","+40.7251","+29.9393","-22.9","+138.5","+13.8","102139","102297","102218","0","0","0","0","0","0","0","0","0","0","+1.78","-8.60","-2.06","483","","","","","","","","","",""
"18:06:18.025","ANA","0","+0.4","+0.0","+32.2","+0.0","+40.7251","+29.9393","-31.3","+131.0","+19.3","102136","102288","102212","0","0","0","0","0","0","0","0","0","0","+3.29","-8.00","-3.46","484","","","","","","","","","",""
"18:06:19.022","ANA","0","+0.6","+0.0","+32.2","+0.0","+40.7251","+29.9393","-24.4","+129.5","+20.3","102135","102287","102211","0","0","0","0","0","0","0","0","0","0","+1.69","-7.59","-2.83","485","","","","","","","","","",""
"18:06:20.018","ANA","0","+0.6","+0.0","+32.3","+0.0","+40.7251","+29.9393","-16.8","+144.0","+24.8","102138","102287","102212","0","0","0","0","0","0","0","0","0","0","+1.71","-9.18","-3.18","486","","","","","","","","","",""
"18:06:21.014","ANA","0","+0.6","+0.0","+32.3","+0.0","+40.7251","+29.9393","+10.3","-126.5","-37.1","102138","102286","102212","0","0","0","0","0","0","0","0","0","0","+2.17","-9.17","-2.69","487","","","","","","","","","",""
"18:06:21.985","ANA","0","+0.4","+0.0","+32.3","+0.0","+40.7251","+29.9393","-9.8","-37.3","-22.1","102143","102289","102216","0","0","0","0","0","0","0","0","0","0","+1.99","-9.81","-2.96","488","","","","","","","","","",""
"18:06:24.021","ANA","0","+0.0","+0.0","+32.3","+0.0","+40.7251","+29.9393","-15.2","-4.2","-17.1","102150","102288","102219","0","0","0","0","0","0","0","0","0","0","+3.99","-11.92","-5.23","490","","","","","","","","","",""
"18:06:24.992","ANA","0","+0.0","+0.0","+32.2","+0.0","+40.7251","+29.9393","-9.2","+1.4","-17.4","102148","102286","102217","0","0","0","0","0","0","0","0","0","0","+2.90","-6.09","-1.23","491","","","","","","","","","",""
"18:06:26.035","ANA","0","+0.1","+0.0","+32.2","+0.0","+40.7251","+29.9393","-10.5","+12.5","-19.6","102148","102284","102216","0","0","0","0","0","0","0","0","0","0","+1.33","-10.75","-1.54","492","","","","","","","","","",""
"18:06:27.029","ANA","0","+0.1","+0.0","+32.3","+0.0","+40.7250","+29.9393","-11.5","+8.8","-12.3","102148","102284","102216","0","0","0","0","0","0","0","0","0","0","+1.62","-11.57","-3.00","493","","","","","","","","","",""
"18:06:28.003","ANA","0","+0.0","+0.0","+32.3","+0.0","+40.7250","+29.9393","-9.5","+6.5","-13.4","102150","102284","102217","0","0","0","0","0","0","0","0","0","0","+1.80","-11.07","-3.43","494","","","","","","","","","",""
"18:06:29.018","ANA","0","+0.0","+0.0","+32.3","+0.0","+40.7250","+29.9393","-8.0","+6.3","-14.9","102151","102283","102217","0","0","0","0","0","0","0","0","0","0","+2.13","-6.00","-1.77","495","","","","","","","","","",""
"18:06:30.033","ANA","0","+0.0","+0.0","+32.4","+0.0","+40.7250","+29.9393","-7.1","+6.5","-13.8","102149","102284","102216","0","0","0","0","0","0","0","0","0","0","+1.97","-8.55","-1.73","496","","","","","","","","","",""
"18:06:32.065","ANA","0","+0.0","+0.0","+32.5","+0.0","+40.7250","+29.9393","-12.1","+5.7","-5.9","102151","102284","102218","0","0","0","0","0","0","0","0","0","0","+2.56","-9.85","-4.82","498","","","","","","","","","",""
"18:06:33.106","ANA","0","+0.0","+0.0","+32.6","+0.0","+40.7250","+29.9392","-16.1","+13.7","-0.2","102148","102283","102215","0","0","0","0","0","0","0","0","0","0","+0.80","-11.57","-4.53","499","","","","","","","","","",""
"18:06:34.076","ANA","0","+0.0","+0.0","+32.6","+0.0","+40.7250","+29.9392","-12.8","+6.9","-3.6","102150","102283","102216","0","0","0","0","0","0","0","0","0","0","-0.20","-8.90","-2.73","500","","","","","","","","","",""
"18:06:35.092","ANA","0","+0.0","+0.0","+32.7","+0.0","+40.7249","+29.9392","-7.8","-9.9","-3.6","102153","102280","102216","0","0","0","0","0","0","0","0","0","0","-0.95","-7.61","-1.63","501","","","","","","","","","",""
"18:06:36.110","ANA","0","+0.0","+0.0","+32.8","+0.0","+40.7249","+29.9392","-10.1","-8.3","+1.2","102153","102285","102219","0","0","0","0","0","0","0","0","0","0","-0.80","-7.69","-1.41","502","","","","","","","","","",""
"18:06:37.123","ANA","0","+0.0","+0.0","+32.8","+0.0","+40.7249","+29.9392","-6.2","-7.3","-3.2","102155","102285","102220","0","0","0","0","0","0","0","0","0","0","-0.07","-9.09","-1.58","503","","","","","","","","","",""
"18:06:38.139","ANA","0","+0.0","+0.0","+32.9","+0.0","+40.7249","+29.9392","-7.8","-4.2","+1.7","102155","102287","102221","0","0","0","0","0","0","0","0","0","0","-0.66","-8.23","-2.30","504","","","","","","","","","",""
"18:06:39.154","ANA","0","+0.0","+0.0","+33.0","+0.0","+40.7249","+29.9392","-8.3","-7.1","+0.3","102153","102289","102221","0","0","0","0","0","0","0","0","0","0","-1.89","-9.81","-1.27","505","","","","","","","","","",""
"18:06:40.172","ANA","0","+0.0","+0.0","+33.0","+0.0","+40.7249","+29.9392","-8.1","-8.4","+4.0","102154","102289","102221","0","0","0","0","0","0","0","0","0","0","-2.26","-11.56","-2.28","506","","","","","","","","","",""
"18:06:41.188","ANA","0","+0.0","+0.0","+33.1","+0.0","+40.7249","+29.9392","-6.6","-8.3","+0.6","102155","102290","102222","0","0","0","0","0","0","0","0","0","0","-0.84","-10.85","-3.20","507","","","","","","","","","",""
"18:06:42.202","ANA","0","+0.0","+0.0","+33.2","+0.0","+40.7249","+29.9392","-3.4","-7.5","+3.2","102154","102288","102221","0","0","0","0","0","0","0","0","0","0","-0.31","-7.88","-1.62","508","","","","","","","","","",""
"18:06:43.218","ANA","0","+0.0","+0.0","+33.2","+0.0","+40.7249","+29.9392","-6.2","-4.6","+2.6","102153","102289","102221","0","0","0","0","0","0","0","0","0","0","-1.86","-8.03","-1.44","509","","","","","","","","","",""
"18:06:44.234","ANA","0","+0.0","+0.0","+33.3","+0.0","+40.7248","+29.9392","-7.5","-3.3","+0.2","102154","102289","102222","0","0","0","0","0","0","0","0","0","0","-1.26","-9.39","-2.60","510","","","","","","","","","",""
"18:06:45.249","ANA","0","+0.0","+0.0","+33.4","+0.0","+40.7248","+29.9392","-6.5","-6.9","-0.1","102156","102292","102224","0","0","0","0","0","0","0","0","0","0","-0.43","-8.09","-1.67","511","","","","","","","","","",""
"18:06:46.268","ANA","0","+0.0","+0.0","+33.4","+0.0","+40.7248","+29.9392","-6.6","-5.1","+0.8","102156","102291","102224","0","0","0","0","0","0","0","0","0","0","+0.09","-11.34","+0.27","512","","","","","","","","","",""
"18:06:47.285","ANA","0","+0.0","+0.0","+33.5","+0.0","+40.7248","+29.9392","-10.5","-3.7","+5.6","102154","102290","102222","0","0","0","0","0","0","0","0","0","0","-1.26","-11.39","-3.08","513","","","","","","","","","",""
"18:06:48.298","ANA","0","+0.0","+0.0","+33.6","+0.0","+40.7248","+29.9392","-7.8","-6.7","+3.2","102155","102288","102222","0","0","0","0","0","0","0","0","0","0","-1.63","-10.53","-0.96","514","","","","","","","","","",""
"18:06:49.315","ANA","0","+0.0","+0.0","+33.7","+0.0","+40.7248","+29.9392","-6.3","-7.8","-2.5","102156","102290","102223","0","0","0","0","0","0","0","0","0","0","-0.58","-11.02","-1.08","515","","","","","","","","","",""
"18:06:50.329","ANA","0","+0.0","+0.0","+33.7","+0.0","+40.7248","+29.9392","-8.0","-1.3","+0.9","102155","102291","102223","0","0","0","0","0","0","0","0","0","0","-0.12","-6.71","-1.14","516","","","","","","","","","",""
"18:06:54.420","ANA","0","+0.0","+0.0","+33.9","+0.0","+40.7247","+29.9391","-12.0","-11.4","-11.7","102155","102286","102220","0","0","0","0","0","0","0","0","0","0","+1.39","-10.85","-4.61","520","","","","","","","","","",""
"18:06:55.391","ANA","0","+0.0","+0.0","+34.0","+0.0","+40.7247","+29.9391","-7.1","-12.6","-6.3","102154","102286","102220","0","0","0","0","0","0","0","0","0","0","-2.18","-13.60","-2.80","521","","","","","","","","","",""
"18:06:56.406","ANA","0","+0.0","+0.0","+34.1","+0.0","+40.7247","+29.9391","-5.3","-12.6","-3.3","102155","102287","102221","0","0","0","0","0","0","0","0","0","0","-0.31","-11.43","-2.53","522","","","","","","","","","",""
"18:06:57.422","ANA","0","+0.0","+0.0","+34.1","+0.0","+40.7247","+29.9391","-3.2","-11.7","+1.1","102155","102288","102221","0","0","0","0","0","0","0","0","0","0","+0.38","-12.40","-1.13","523","","","","","","","","","",""
"18:06:58.436","ANA","0","+0.0","+0.0","+34.2","+0.0","+40.7247","+29.9391","-0.6","-13.7","-3.9","102153","102287","102220","0","0","0","0","0","0","0","0","0","0","+1.21","-7.34","-0.71","524","","","","","","","","","",""
"18:06:59.452","ANA","0","+0.0","+0.0","+34.3","+0.0","+40.7247","+29.9391","-4.1","-11.8","+2.8","102153","102286","102219","0","0","0","0","0","0","0","0","0","0","-0.49","-5.05","-1.27","525","","","","","","","","","",""
"18:07:09.587","ANA","0","+1.1","+0.0","+33.7","+0.0","+40.7247","+29.9391","-6.1","-7.3","-7.4","102133","102278","102205","0","0","0","0","0","0","0","0","0","0","-0.01","-11.01","-0.36","535","","","","","","","","","",""
"18:07:14.667","ANA","0","+0.2","+0.0","+33.0","+0.0","+40.7247","+29.9391","-3.8","-12.8","+1.4","102142","102287","102214","0","0","0","0","0","0","0","0","0","0","-0.80","-10.38","-0.78","540","","","","","","","","","",""
"18:07:21.757","ANA","0","+0.3","+0.0","+32.6","+0.0","+40.7247","+29.9391","-1.4","-16.2","-15.5","102141","102291","102216","0","0","0","0","0","0","0","0","0","0","+1.61","-7.09","-0.95","547","","","","","","","","","",""
"18:07:30.865","ANA","0","+12.8","+0.0","+32.3","+0.0","+40.7247","+29.9391","+1.8","+138.1","+17.4","101688","102283","101985","0","0","0","0","0","0","0","0","0","0","-0.64","-9.89","-2.36","556","","","","","","","","","",""
"18:07:31.861","ANA","1","+31.1","+11.2","+32.4","+0.0","+40.7247","+29.9391","-7.6","+139.0","+9.9","101525","102287","101906","0","0","0","0","0","0","0","0","0","0","+1.01","-9.81","-0.97","557","","","","","","","","","",""
"18:07:38.868","ANA","3","+1.2","+1.3","+32.4","+0.0","+40.7247","+29.9391","-0.7","-47.7","-18.9","102134","102274","102204","0","0","0","0","0","0","0","0","0","0","+1.13","-8.15","-1.15","564","","","","","","","","","",""
"18:07:39.884","ANA","3","+1.3","+1.7","+32.1","+0.0","+40.7247","+29.9391","-4.8","-48.6","-13.4","102141","102279","102210","0","0","0","0","0","0","0","0","0","0","+0.12","-6.80","-1.38","565","","","","","","","","","",""
"18:07:44.944","ANA","3","+0.1","-0.2","+32.0","+0.0","+40.7247","+29.9391","-2.6","-39.2","-4.9","102146","102285","102216","0","0","0","0","0","0","0","0","0","0","-0.61","-7.17","-0.98","570","","","","","","","","","",""
"18:07:45.962","ANA","3","+0.3","+0.0","+32.0","+0.0","+40.7247","+29.9391","-1.5","-39.8","-5.2","102143","102282","102213","0","0","0","0","0","0","0","0","0","0","-0.60","-10.03","-1.07","571","","","","","","","","","",""
"18:07:46.979","ANA","3","+0.5","+0.1","+32.0","+0.0","+40.7247","+29.9391","-3.6","-37.2","-9.8","102143","102280","102212","0","0","0","0","0","0","0","0","0","0","+0.68","-10.19","-0.51","572","","","","","","","","","",""
"18:07:47.994","ANA","3","+0.6","+0.1","+31.9","+0.0","+40.7247","+29.9391","-2.3","-32.9","-8.4","102140","102283","102211","0","0","0","0","0","0","0","0","0","0","-0.15","-11.47","-0.38","573","","","","","","","","","",""
"18:07:49.008","ANA","3","+0.4","-0.0","+31.8","+0.0","+40.7247","+29.9391","-5.9","-33.7","-3.9","102143","102284","102214","0","0","0","0","0","0","0","0","0","0","-0.92","-9.27","-1.59","574","","","","","","","","","",""
"18:07:50.024","ANA","3","+0.3","-0.1","+31.8","+0.0","+40.7247","+29.9391","-4.4","-34.2","-2.8","102143","102284","102214","0","0","0","0","0","0","0","0","0","0","-0.49","-8.11","-1.14","575","","","","","","","","","",""
"18:07:51.041","ANA","3","+0.2","-0.1","+31.7","+0.0","+40.7247","+29.9391","-5.1","-34.8","-7.3","102148","102284","102216","0","0","0","0","0","0","0","0","0","0","-0.43","-9.73","-1.61","576","","","","","","","","","",""
"18:07:52.058","ANA","3","+0.1","-0.1","+31.7","+0.0","+40.7243","+29.9389","-6.4","-36.5","-9.4","102148","102283","102216","0","0","0","0","0","0","0","0","0","0","-0.70","-10.56","-1.76","577","","","","","","","","","",""
"18:07:53.074","ANA","3","+0.0","-0.0","+31.7","+0.0","+40.7243","+29.9389","-4.1","-38.1","-8.5","102149","102286","102217","0","0","0","0","0","0","0","0","0","0","+0.22","-12.03","-0.85","578","","","","","","","","","",""
"18:07:54.090","ANA","3","-0.0","-0.0","+31.7","+0.0","+40.7242","+29.9389","-4.4","-40.7","-5.1","102150","102285","102217","0","0","0","0","0","0","0","0","0","0","-0.78","-6.63","-1.66","579","","","","","","","","","",""
"18:07:55.107","ANA","3","+0.1","+0.0","+31.7","+0.0","+40.7242","+29.9389","-5.9","-36.7","+0.5","102148","102283","102215","0","0","0","0","0","0","0","0","0","0","-1.66","-10.31","-1.03","580","","","","","","","","","",""
"18:07:56.122","ANA","3","+0.1","+0.0","+31.7","+0.0","+40.7242","+29.9389","-5.5","-36.2","-3.5","102147","102284","102216","0","0","0","0","0","0","0","0","0","0","+0.33","-9.15","-1.55","581","","","","","","","","","",""
"18:07:57.140","ANA","3","+0.0","-0.0","+31.6","+0.0","+40.7242","+29.9389","-3.6","-32.5","+3.0","102150","102286","102218","0","0","0","0","0","0","0","0","0","0","-1.82","-11.27","+0.39","582","","","","","","","","","",""
"18:08:02.221","ANA","3","-0.5","-0.0","+31.6","+0.0","+40.7242","+29.9389","-3.8","-37.7","-5.4","102157","102289","102223","0","0","0","0","0","0","0","0","0","0","-0.34","-11.50","-1.83","587","","","","","","","","","",""
"18:08:03.235","ANA","3","-0.5","+0.0","+31.6","+0.0","+40.7242","+29.9389","-7.2","-40.9","-3.8","102157","102289","102223","0","0","0","0","0","0","0","0","0","0","+0.02","-6.80","-2.58","588","","","","","","","","","",""
"18:08:04.251","ANA","3","-0.4","+0.1","+31.6","+0.0","+40.7241","+29.9389","-4.6","-34.3","-1.2","102156","102290","102223","0","0","0","0","0","0","0","0","0","0","-0.14","-6.19","-1.52","589","","","","","","","","","",""
"18:08:05.267","ANA","3","-0.2","+0.1","+31.6","+0.0","+40.7241","+29.9389","-5.0","-37.0","-2.7","102153","102286","102220","0","0","0","0","0","0","0","0","0","0","-1.49","-9.42","-0.93","590","","","","","","","","","",""
"18:08:06.310","ANA","3","+0.0","+0.2","+31.6","+0.0","+40.7241","+29.9389","+5.7","-111.4","-20.6","102141","102297","102219","0","0","0","0","0","0","0","0","0","0","+1.35","-10.47","-0.08","591","","","","","","","","","",""
"18:08:08.307","ANA","3","+23.2","+17.1","+31.6","+0.0","+40.7241","+29.9389","-10.9","+131.4","+17.3","101542","102271","101907","0","0","0","0","0","0","0","0","0","0","+1.00","-9.73","-2.24","593","","","","","","","","","",""
"18:08:09.311","ANA","3","+29.5","+11.9","+31.7","+0.0","+40.7241","+29.9389","-3.7","+140.3","+16.6","101835","102271","102053","0","0","0","0","0","0","0","0","0","0","+0.35","-9.43","-2.14","594","","","","","","","","","",""
"18:08:10.316","ANA","3","+14.2","-8.3","+31.7","+0.0","+40.7241","+29.9389","-2.6","+130.6","+10.9","102004","102268","102136","0","0","0","0","0","0","0","0","0","0","+0.73","-9.35","-1.62","595","","","","","","","","","",""
"18:08:11.309","ANA","3","+17.8","-2.4","+31.5","+0.0","+40.7241","+29.9389","-4.1","+127.4","+7.7","101610","102272","101941","0","0","0","0","0","0","0","0","0","0","+0.83","-9.72","-0.93","596","","","","","","","","","",""
"18:08:12.308","ANA","3","+37.0","+13.4","+31.5","+0.0","+40.7241","+29.9389","-4.6","+127.0","+8.6","101384","102276","101830","0","0","0","0","0","0","0","0","0","0","+0.83","-9.47","-1.26","597","","","","","","","","","",""
"18:08:13.305","ANA","3","+47.5","+13.8","+31.4","+0.0","+40.7241","+29.9389","-5.8","+131.4","+8.9","101318","102277","101798","0","0","0","0","0","0","0","0","0","0","+0.41","-9.28","-1.53","598","","","","","","","","","",""
"18:08:14.303","ANA","3","+34.5","-5.3","+31.5","+0.0","+40.7241","+29.9389","+13.9","-91.2","-24.8","101769","102314","102042","0","0","0","0","0","0","0","0","0","0","+1.03","-10.55","-0.39","599","","","","","","","","","",""
"18:08:15.307","ANA","3","+11.0","-22.3","+31.5","+0.0","+40.7241","+29.9389","+0.8","-30.7","-3.1","102011","102296","102154","0","0","0","0","0","0","0","0","0","0","-3.38","-12.02","+0.06","600","","","","","","","","","",""
"18:08:16.280","ANA","3","-0.2","-19.1","+31.5","+0.0","+40.7241","+29.9389","-0.6","-40.5","-3.4","102101","102288","102195","0","0","0","0","0","0","0","0","0","0","+0.36","-7.98","-2.01","601","","","","","","","","","",""
"18:08:17.294","ANA","3","-2.0","-8.3","+31.5","+0.0","+40.7241","+29.9389","-0.7","-32.6","-0.9","102135","102286","102210","0","0","0","0","0","0","0","0","0","0","-0.13","-7.80","+0.04","602","","","","","","","","","",""
"18:08:18.310","ANA","3","-0.8","-0.3","+31.4","+0.0","+40.7241","+29.9389","-3.0","-24.9","-1.1","102147","102285","102216","0","0","0","0","0","0","0","0","0","0","-0.58","-9.69","-0.76","603","","","","","","","","","",""
"18:08:19.326","ANA","3","+0.2","+2.7","+31.5","+0.0","+40.7241","+29.9389","-1.3","-27.8","-3.0","102151","102286","102219","0","0","0","0","0","0","0","0","0","0","-0.56","-8.86","-0.06","604","","","","","","","","","",""
"18:08:20.344","ANA","3","+0.6","+2.6","+31.5","+0.0","+40.7241","+29.9389","+0.7","-23.7","-2.4","102151","102286","102219","0","0","0","0","0","0","0","0","0","0","-0.94","-11.35","-0.43","605","","","","","","","","","",""
"18:08:21.361","ANA","3","+0.5","+1.5","+31.5","+0.0","+40.7241","+29.9389","-5.6","-19.7","+1.0","102153","102287","102220","0","0","0","0","0","0","0","0","0","0","-2.27","-12.53","-0.72","606","","","","","","","","","",""
"18:08:22.377","ANA","3","+0.2","+0.6","+31.5","+0.0","+40.7240","+29.9388","-2.5","-16.1","-0.1","102150","102288","102219","0","0","0","0","0","0","0","0","0","0","-0.74","-11.01","+0.41","607","","","","","","","","","",""
"18:08:23.392","ANA","3","-0.0","+0.0","+31.5","+0.0","+40.7240","+29.9388","-1.1","-13.9","+4.2","102153","102287","102220","0","0","0","0","0","0","0","0","0","0","-0.80","-7.00","+0.67","608","","","","","","","","","",""
"18:08:24.410","ANA","3","-0.2","-0.2","+31.6","+0.0","+40.7240","+29.9388","-9.2","-18.5","+0.9","102155","102287","102221","0","0","0","0","0","0","0","0","0","0","-2.26","-10.69","-2.00","609","","","","","","","","","",""
"18:08:25.448","ANA","3","-0.4","-0.2","+31.6","+0.0","+40.7240","+29.9388","-10.2","-36.6","+7.8","102157","102288","102222","0","0","0","0","0","0","0","0","0","0","-4.36","-11.09","-3.18","610","","","","","","","","","",""
"18:08:26.420","ANA","3","-0.4","-0.0","+31.5","+0.0","+40.7240","+29.9388","-5.9","-32.1","+6.9","102154","102289","102221","0","0","0","0","0","0","0","0","0","0","-1.37","-8.18","-1.04","611","","","","","","","","","",""
"18:08:27.436","ANA","3","-0.2","+0.1","+31.5","+0.0","+40.7240","+29.9388","-6.5","-35.3","+7.2","102154","102288","102221","0","0","0","0","0","0","0","0","0","0","-1.70","-6.86","-2.51","612","","","","","","","","","",""
"18:08:28.453","ANA","3","-0.2","+0.0","+31.5","+0.0","+40.7240","+29.9388","-6.4","-30.8","+4.4","102153","102288","102221","0","0","0","0","0","0","0","0","0","0","-1.39","-5.59","-1.23","613","","","","","","","","","",""
"18:08:29.469","ANA","3","-0.1","+0.0","+31.5","+0.0","+40.7240","+29.9388","-6.7","-27.6","+3.7","102153","102286","102220","0","0","0","0","0","0","0","0","0","0","-1.25","-5.92","-1.66","614","","","","","","","","","",""
"18:08:30.485","ANA","3","-0.1","+0.0","+31.5","+0.0","+40.7240","+29.9388","-4.8","-31.9","+2.9","102152","102284","102218","0","0","0","0","0","0","0","0","0","0","-2.15","-9.39","-0.48","615","","","","","","","","","",""
"18:08:31.501","ANA","3","-0.0","+0.1","+31.5","+0.0","+40.7240","+29.9388","-4.0","-32.8","+3.6","102151","102283","102217","0","0","0","0","0","0","0","0","0","0","-1.60","-9.27","-0.66","616","","","","","","","","","",""
"18:08:32.519","ANA","3","-0.0","-0.0","+31.6","+0.0","+40.7240","+29.9388","-2.8","-23.1","+7.5","102154","102285","102220","0","0","0","0","0","0","0","0","0","0","-1.35","-10.68","-0.41","617","","","","","","","","","",""
"18:08:33.536","ANA","3","-0.3","-0.2","+31.6","+0.0","+40.7240","+29.9388","+0.5","-26.2","-9.0","102154","102288","102221","0","0","0","0","0","0","0","0","0","0","+0.05","-10.05","-0.57","618","","","","","","","","","",""
"18:08:34.548","ANA","3","-0.3","-0.0","+31.6","+0.0","+40.7240","+29.9388","-5.4","-3.8","-1.7","102154","102287","102220","0","0","0","0","0","0","0","0","0","0","-0.72","-9.47","-0.98","619","","","","","","","","","",""
"18:08:35.591","ANA","3","-0.1","+0.0","+31.6","+0.0","+40.7240","+29.9388","+19.3","-61.4","-27.4","102152","102284","102218","0","0","0","0","0","0","0","0","0","0","+3.67","-6.59","-0.22","620","","","","","","","","","",""
"18:08:38.579","ANA","3","+0.2","+0.1","+31.8","+0.0","+40.7240","+29.9388","+16.8","-50.6","-17.2","102147","102281","102214","0","0","0","0","0","0","0","0","0","0","+2.07","-9.43","+2.63","623","","","","","","","","","",""
"18:08:39.552","ANA","3","+0.2","-0.0","+31.7","+0.0","+40.7240","+29.9388","+4.0","-34.4","-8.7","102148","102283","102215","0","0","0","0","0","0","0","0","0","0","-0.56","-10.22","+0.28","624","","","","","","","","","",""
"18:08:40.567","ANA","3","+0.2","-0.0","+31.7","+0.0","+40.7240","+29.9388","-11.2","+2.7","+8.1","102146","102283","102215","0","0","0","0","0","0","0","0","0","0","-2.50","-9.19","-2.57","625","","","","","","","","","",""
"18:08:41.584","ANA","3","+0.2","-0.0","+31.8","+0.0","+40.7240","+29.9388","-15.4","+3.3","+16.4","102146","102285","102216","0","0","0","0","0","0","0","0","0","0","-3.21","-8.72","-3.60","626","","","","","","","","","",""
"18:08:42.622","ANA","3","+0.1","-0.0","+31.9","+0.0","+40.7240","+29.9388","-32.8","+13.2","+14.1","102145","102286","102216","0","0","0","0","0","0","0","0","0","0","-1.62","-7.36","-6.28","627","","","","","","","","","",""
"18:08:44.612","ANA","3","+0.0","-0.0","+32.0","+0.0","+40.7240","+29.9388","-19.4","+6.7","-17.5","102149","102284","102216","0","0","0","0","0","0","0","0","0","0","+2.39","-8.38","-4.23","629","","","","","","","","","",""
"18:08:45.627","ANA","3","+0.0","+0.0","+32.0","+0.0","+40.7240","+29.9388","-22.1","+7.7","-12.1","102149","102283","102216","0","0","0","0","0","0","0","0","0","0","+1.87","-8.47","-4.52","630","","","","","","","","","",""
"18:08:46.642","ANA","3","+0.1","+0.0","+32.1","+0.0","+40.7240","+29.9388","-21.6","+4.7","-5.9","102149","102283","102216","0","0","0","0","0","0","0","0","0","0","+0.56","-8.59","-4.51","631","","","","","","","","","",""
"18:08:47.657","ANA","3","+0.1","+0.0","+32.2","+0.0","+40.7240","+29.9388","-14.0","-7.0","+2.1","102147","102281","102214","0","0","0","0","0","0","0","0","0","0","-1.37","-9.15","-3.99","632","","","","","","","","","",""
"18:08:54.766","ANA","3","+0.5","+0.1","+32.4","+0.0","+40.7240","+29.9388","-7.9","+8.0","+1.5","102142","102285","102214","0","0","0","0","0","0","0","0","0","0","+1.02","-8.97","-2.59","639","","","","","","","","","",""
"18:09:03.870","ANA","3","+0.4","-0.0","+32.4","+0.0","+40.7240","+29.9388","+1.8","-3.5","-3.6","102142","102284","102213","0","0","0","0","0","0","0","0","0","0","+0.87","-8.85","-1.08","648","","","","","","","","","",""
"18:09:04.884","ANA","3","+0.1","-0.2","+32.4","+0.0","+40.7240","+29.9388","+2.9","-3.8","-7.9","102148","102287","102218","0","0","0","0","0","0","0","0","0","0","+1.26","-6.21","-0.80","649","","","","","","","","","",""
"18:09:05.900","ANA","3","+0.1","-0.1","+32.3","+0.0","+40.7240","+29.9388","+1.0","-4.6","-6.4","102145","102286","102216","0","0","0","0","0","0","0","0","0","0","+0.99","-9.27","+0.04","650","","","","","","","","","",""
"18:09:06.914","ANA","3","+0.2","+0.0","+32.3","+0.0","+40.7240","+29.9388","+0.5","-2.3","-5.8","102144","102286","102215","0","0","0","0","0","0","0","0","0","0","-0.13","-9.31","-0.89","651","","","","","","","","","",""
"18:09:07.933","ANA","3","+0.2","+0.0","+32.3","+0.0","+40.7240","+29.9388","+1.1","-1.1","-7.1","102144","102287","102215","0","0","0","0","0","0","0","0","0","0","-0.31","-10.98","+0.01","652","","","","","","","","","",""
"18:09:08.949","ANA","3","+0.2","-0.0","+32.4","+0.0","+40.7240","+29.9388","+0.1","+1.7","-5.2","102146","102286","102216","0","0","0","0","0","0","0","0","0","0","+0.26","-11.14","-0.70","653","","","","","","","","","",""
"18:09:09.962","ANA","3","+0.3","+0.0","+32.4","+0.0","+40.7240","+29.9388","+1.3","-1.3","-3.5","102143","102285","102214","0","0","0","0","0","0","0","0","0","0","+0.05","-8.39","-0.08","654","","","","","","","","","",""
"18:09:10.980","ANA","3","+0.4","+0.1","+32.4","+0.0","+40.7240","+29.9388","-1.9","+13.7","-4.4","102143","102284","102214","0","0","0","0","0","0","0","0","0","0","+0.30","-8.81","-0.48","655","","","","","","","","","",""
"18:09:11.999","ANA","3","+0.3","-0.0","+32.4","+0.0","+40.7240","+29.9388","+2.2","+12.4","+0.2","102146","102287","102216","0","0","0","0","0","0","0","0","0","0","-0.77","-11.92","-0.58","656","","","","","","","","","",""
"18:09:13.012","ANA","3","+0.2","-0.1","+32.4","+0.0","+40.7240","+29.9388","+1.0","-0.2","-1.1","102144","102287","102215","0","0","0","0","0","0","0","0","0","0","-0.74","-10.43","-1.47","657","","","","","","","","","",""
"18:09:14.026","ANA","3","+0.2","+0.0","+32.5","+0.0","+40.7240","+29.9388","-4.1","+7.3","+2.0","102143","102286","102215","0","0","0","0","0","0","0","0","0","0","-0.19","-7.48","-1.26","658","","","","","","","","","",""
"18:09:15.042","ANA","3","+0.3","+0.0","+32.4","+0.0","+40.7240","+29.9388","-0.9","+3.8","-2.5","102143","102286","102215","0","0","0","0","0","0","0","0","0","0","+0.19","-6.69","-0.15","659","","","","","","","","","",""
"18:09:16.057","ANA","3","+0.2","-0.0","+32.4","+0.0","+40.7236","+29.9387","-1.7","+6.7","-2.0","102145","102287","102216","0","0","0","0","0","0","0","0","0","0","-0.52","-8.77","-0.17","660","","","","","","","","","",""
"18:09:17.076","ANA","3","+0.0","-0.1","+32.4","+0.0","+40.7236","+29.9387","+0.9","+9.0","-3.9","102148","102290","102219","0","0","0","0","0","0","0","0","0","0","-0.27","-12.22","-0.54","661","","","","","","","","","",""
"18:09:18.093","ANA","3","-0.1","-0.2","+32.4","+0.0","+40.7236","+29.9387","-0.8","+12.3","-1.0","102150","102291","102220","0","0","0","0","0","0","0","0","0","0","-0.46","-11.67","-0.82","662","","","","","","","","","",""
"18:09:19.108","ANA","3","-0.1","-0.1","+32.4","+0.0","+40.7236","+29.9386","+0.4","+14.2","-2.5","102148","102292","102220","0","0","0","0","0","0","0","0","0","0","-0.39","-9.05","-1.36","663","","","","","","","","","",""
"18:09:20.123","ANA","3","-0.1","+0.0","+32.4","+0.0","+40.7236","+29.9386","-3.1","+10.1","-4.0","102149","102292","102220","0","0","0","0","0","0","0","0","0","0","+0.65","-6.84","-0.02","664","","","","","","","","","",""
"18:09:21.137","ANA","3","+0.0","+0.1","+32.5","+0.0","+40.7236","+29.9386","-4.4","+4.8","-3.0","102146","102291","102218","0","0","0","0","0","0","0","0","0","0","-0.79","-7.96","-1.87","665","","","","","","","","","",""
"18:09:22.155","ANA","3","+0.1","+0.2","+32.5","+0.0","+40.7236","+29.9386","-2.4","-0.2","-5.0","102145","102290","102217","0","0","0","0","0","0","0","0","0","0","-2.43","-11.50","-3.00","666","","","","","","","","","",""
"18:09:23.170","ANA","3","+0.0","+0.0","+32.5","+0.0","+40.7236","+29.9386","-5.6","-8.3","-2.7","102148","102292","102220","0","0","0","0","0","0","0","0","0","0","-0.63","-12.15","-0.89","667","","","","","","","","","",""
"18:09:24.187","ANA","3","-0.3","-0.3","+32.5","+0.0","+40.7236","+29.9386","-1.3","-65.9","-4.6","102154","102296","102225","0","0","0","0","0","0","0","0","0","0","+0.71","-9.56","-0.50","668","","","","","","","","","",""
"18:09:27.236","ANA","3","-0.8","-0.0","+32.3","+0.0","+40.7235","+29.9386","-11.0","-41.1","+4.2","102158","102298","102228","0","0","0","0","0","0","0","0","0","0","-2.68","-8.55","-2.80","671","","","","","","","","","",""
"18:09:28.274","ANA","3","-0.5","+0.2","+32.3","+0.0","+40.7235","+29.9386","-14.0","-23.4","+7.0","102153","102296","102225","0","0","0","0","0","0","0","0","0","0","-4.07","-10.14","-2.23","672","","","","","","","","","",""
"18:09:33.309","ANA","3","-0.6","-0.2","+32.1","+0.0","+40.7235","+29.9386","+1.3","-6.9","+8.2","102158","102301","102229","0","0","0","0","0","0","0","0","0","0","-2.11","-10.23","-0.26","677","","","","","","","","","",""
"18:09:34.325","ANA","3","-0.8","-0.3","+32.1","+0.0","+40.7235","+29.9386","-2.6","+5.0","+9.5","102156","102300","102228","0","0","0","0","0","0","0","0","0","0","-3.32","-11.67","-0.99","678","","","","","","","","","",""
"18:09:35.340","ANA","3","-0.6","+0.0","+32.1","+0.0","+40.7235","+29.9386","-2.7","-1.8","+8.8","102152","102297","102224","0","0","0","0","0","0","0","0","0","0","-2.08","-6.90","-0.95","679","","","","","","","","","",""
"18:09:36.357","ANA","3","-0.3","+0.3","+32.1","+0.0","+40.7235","+29.9386","-11.6","-2.2","+6.1","102150","102293","102222","0","0","0","0","0","0","0","0","0","0","-3.71","-9.27","-2.69","680","","","","","","","","","",""
"18:09:37.375","ANA","3","-0.1","+0.3","+32.1","+0.0","+40.7235","+29.9386","-10.7","+2.2","+5.6","102150","102292","102221","0","0","0","0","0","0","0","0","0","0","-2.25","-11.97","-4.76","681","","","","","","","","","",""
"18:09:38.387","ANA","3","-0.1","+0.0","+32.1","+0.0","+40.7235","+29.9386","-8.2","-3.3","+3.9","102151","102293","102222","0","0","0","0","0","0","0","0","0","0","-0.17","-9.81","-1.96","682","","","","","","","","","",""
"18:09:39.403","ANA","3","-0.2","-0.0","+32.1","+0.0","+40.7234","+29.9386","-8.2","-1.2","+5.8","102148","102294","102221","0","0","0","0","0","0","0","0","0","0","+1.10","-6.23","-2.15","683","","","","","","","","","",""
"18:09:40.418","ANA","3","-0.2","-0.0","+32.1","+0.0","+40.7234","+29.9386","-5.2","-4.2","+6.0","102150","102295","102223","0","0","0","0","0","0","0","0","0","0","-1.42","-9.10","-1.04","684","","","","","","","","","",""
"18:09:43.560","ANA","3","-0.4","-0.0","+32.1","+0.0","+40.7234","+29.9386","-7.2","-2.2","+9.2","102151","102300","102226","0","0","0","0","0","0","0","0","0","0","-3.16","-8.77","-1.32","687","","","","","","","","","",""
"18:09:44.487","ANA","3","-0.5","-0.0","+32.1","+0.0","+40.7234","+29.9386","-9.3","-15.5","+7.2","102153","102301","102227","0","0","0","0","0","0","0","0","0","0","-4.15","-11.21","-2.36","688","","","","","","","","","",""
"18:09:51.577","ANA","3","-0.5","+0.0","+32.1","+0.0","+40.7234","+29.9386","-8.4","+2.1","+11.9","102154","102294","102224","0","0","0","0","0","0","0","0","0","0","-2.09","-9.32","-2.11","695","","","","","","","","","",""
"18:09:52.595","ANA","3","-0.3","+0.1","+32.1","+0.0","+40.7234","+29.9386","-10.0","+1.0","+10.3","102153","102292","102223","0","0","0","0","0","0","0","0","0","0","-2.06","-6.69","-1.54","696","","","","","","","","","",""
"18:09:53.609","ANA","3","-0.3","+0.1","+32.2","+0.0","+40.7234","+29.9386","-10.9","-3.8","+5.9","102152","102291","102222","0","0","0","0","0","0","0","0","0","0","-2.09","-7.61","-3.84","697","","","","","","","","","",""
"18:09:54.624","ANA","3","-0.1","+0.1","+32.1","+0.0","+40.7234","+29.9386","-7.1","-8.7","+3.9","102151","102292","102222","0","0","0","0","0","0","0","0","0","0","-0.95","-11.48","-1.97","698","","","","","","","","","",""
"18:09:55.638","ANA","3","-0.2","-0.0","+32.2","+0.0","+40.7234","+29.9386","-7.7","-9.5","+4.6","102152","102293","102222","0","0","0","0","0","0","0","0","0","0","-1.21","-9.42","-1.42","699","","","","","","","","","",""
"18:09:59.664","ANA","3","-0.6","+0.0","+32.1","+0.0","+40.7234","+29.9386","-2.6","-17.7","+9.9","102155","102295","102225","0","0","0","0","0","0","0","0","0","0","-2.84","-9.98","-1.10","703","","","","","","","","","",""
"18:10:00.682","ANA","3","-0.4","+0.2","+32.1","+0.0","+40.7234","+29.9386","-3.5","-15.5","+6.0","102153","102297","102225","0","0","0","0","0","0","0","0","0","0","-1.34","-10.73","-1.72","704","","","","","","","","","",""
"18:10:02.711","ANA","3","-0.3","+0.1","+32.1","+0.0","+40.7234","+29.9386","-4.3","-12.5","+9.7","102151","102295","102223","0","0","0","0","0","0","0","0","0","0","-1.70","-8.38","-1.52","706","","","","","","","","","",""
"18:10:03.728","ANA","3","-0.1","+0.1","+32.1","+0.0","+40.7234","+29.9386","-1.8","-13.0","+7.5","102149","102294","102221","0","0","0","0","0","0","0","0","0","0","-1.23","-7.30","-0.80","707","","","","","","","","","",""
"18:10:04.744","ANA","3","-0.4","-0.1","+32.0","+0.0","+40.7234","+29.9386","-1.1","-10.5","+6.7","102156","102298","102227","0","0","0","0","0","0","0","0","0","0","-2.10","-8.68","+0.26","708","","","","","","","","","",""
"18:10:05.762","ANA","3","-0.8","-0.4","+32.0","+0.0","+40.7234","+29.9386","-2.9","-18.9","+6.3","102159","102300","102230","0","0","0","0","0","0","0","0","0","0","-2.14","-10.56","-1.16","709","","","","","","","","","",""
"18:10:06.773","ANA","3","-1.0","-0.3","+31.9","+0.0","+40.7234","+29.9386","-1.8","-9.8","+7.8","102160","102301","102230","0","0","0","0","0","0","0","0","0","0","-0.52","-7.46","+0.20","710","","","","","","","","","",""
"18:10:07.790","ANA","3","-1.0","-0.0","+31.9","+0.0","+40.7234","+29.9386","-7.9","-6.8","+9.5","102160","102301","102230","0","0","0","0","0","0","0","0","0","0","-3.40","-8.36","-1.54","711","","","","","","","","","",""
"18:10:09.849","ANA","3","-0.2","+0.5","+31.8","+0.0","+40.7234","+29.9386","-10.6","-11.1","+6.2","102146","102294","102220","0","0","0","0","0","0","0","0","0","0","-3.10","-11.89","-3.25","713","","","","","","","","","",""
"18:10:16.916","ANA","3","-0.0","+0.0","+31.7","+0.0","+40.7234","+29.9386","-6.5","-3.6","+4.8","102144","102296","102220","0","0","0","0","0","0","0","0","0","0","+0.82","-10.92","-1.01","720","","","","","","","","","",""
"18:10:21.999","ANA","3","-0.1","-0.0","+31.8","+0.0","+40.7234","+29.9386","+4.9","-12.4","-2.2","102151","102293","102222","0","0","0","0","0","0","0","0","0","0","+0.56","-10.32","+0.71","725","","","","","","","","","",""
"18:10:23.013","ANA","3","-0.2","-0.1","+31.8","+0.0","+40.7234","+29.9386","+0.6","-11.5","+2.1","102149","102294","102221","0","0","0","0","0","0","0","0","0","0","-0.48","-6.92","+0.00","726","","","","","","","","","",""
"18:10:25.046","ANA","3","-0.0","+0.1","+31.9","+0.0","+40.7234","+29.9386","-0.7","-18.3","+0.5","102147","102291","102219","0","0","0","0","0","0","0","0","0","0","-0.20","-10.82","-0.79","728","","","","","","","","","",""
"18:10:26.063","ANA","3","+0.1","+0.2","+32.0","+0.0","+40.7234","+29.9386","-2.0","-19.7","+5.8","102144","102290","102217","0","0","0","0","0","0","0","0","0","0","-1.55","-10.90","-1.64","729","","","","","","","","","",""
"18:10:28.093","ANA","3","+0.1","-0.0","+32.1","+0.0","+40.7234","+29.9386","+4.6","-18.4","+7.4","102148","102288","102218","0","0","0","0","0","0","0","0","0","0","-1.15","-7.92","+1.44","731","","","","","","","","","",""
"18:10:29.133","ANA","3","-0.1","-0.2","+32.1","+0.0","+40.7234","+29.9386","+3.6","-10.7","+11.1","102151","102291","102221","0","0","0","0","0","0","0","0","0","0","-4.57","-11.17","+2.44","732","","","","","","","","","",""
"18:10:32.136","ANA","3","-0.3","-0.0","+32.1","+0.0","+40.7230","+29.9384","-1.0","-21.7","+8.8","102152","102294","102223","0","0","0","0","0","0","0","0","0","0","-2.07","-7.17","+0.38","735","","","","","","","","","",""
"18:10:33.151","ANA","3","-0.2","+0.0","+32.1","+0.0","+40.7230","+29.9384","-3.3","-20.4","+6.1","102149","102293","102221","0","0","0","0","0","0","0","0","0","0","-3.01","-9.82","-1.86","736","","","","","","","","","",""
"18:10:34.169","ANA","3","-0.0","+0.2","+32.1","+0.0","+40.7229","+29.9384","-6.0","-27.4","+6.1","102145","102291","102218","0","0","0","0","0","0","0","0","0","0","-2.10","-12.17","-3.31","737","","","","","","","","","",""
"18:10:35.185","ANA","3","+0.2","+0.2","+32.2","+0.0","+40.7229","+29.9384","-2.5","-26.8","+5.3","102144","102290","102217","0","0","0","0","0","0","0","0","0","0","-1.90","-11.60","-2.15","738","","","","","","","","","",""
"18:10:37.239","ANA","3","+0.1","-0.0","+32.2","+0.0","+40.7229","+29.9384","-10.2","-22.9","+10.7","102146","102292","102219","0","0","0","0","0","0","0","0","0","0","-1.71","-6.78","-2.19","740","","","","","","","","","",""
"18:10:38.209","ANA","3","+0.0","-0.1","+32.2","+0.0","+40.7229","+29.9384","-4.5","-23.6","+8.3","102146","102290","102218","0","0","0","0","0","0","0","0","0","0","-2.82","-9.96","+0.30","741","","","","","","","","","",""
"18:10:40.240","ANA","3","+0.1","+0.0","+32.3","+0.0","+40.7229","+29.9384","+9.5","+3.2","+8.6","102147","102287","102217","0","0","0","0","0","0","0","0","0","0","-1.21","-7.23","+2.98","743","","","","","","","","","",""
"18:10:41.259","ANA","3","+0.1","+0.0","+32.3","+0.0","+40.7229","+29.9384","-6.7","-14.5","+16.5","102146","102287","102217","0","0","0","0","0","0","0","0","0","0","-4.44","-7.05","-0.99","744","","","","","","","","","",""
"18:10:43.296","ANA","3","+0.1","+0.0","+32.4","+0.0","+40.7228","+29.9384","-11.3","-16.1","+14.5","102145","102287","102216","0","0","0","0","0","0","0","0","0","0","-4.92","-11.55","-3.00","746","","","","","","","","","",""
"18:10:44.266","ANA","3","+0.2","+0.0","+32.4","+0.0","+40.7228","+29.9383","-16.4","-23.9","+7.9","102145","102288","102216","0","0","0","0","0","0","0","0","0","0","-0.97","-8.13","-2.88","747","","","","","","","","","",""
"18:10:45.282","ANA","3","+0.1","-0.0","+32.4","+0.0","+40.7228","+29.9383","-28.3","-24.2","+8.8","102146","102292","102219","0","0","0","0","0","0","0","0","0","0","-2.15","-6.26","-3.57","748","","","","","","","","","",""
"18:11:06.605","ANA","3","+0.1","+0.2","+32.8","+0.0","+40.7227","+29.9383","-1.2","-28.8","-32.5","102147","102282","102215","0","0","0","0","0","0","0","0","0","0","+4.88","-9.31","-1.85","769","","","","","","","","","",""
"18:11:16.687","ANA","3","+0.7","+0.1","+33.0","+0.0","+40.7227","+29.9383","-3.5","-30.9","-26.6","102141","102280","102210","0","0","0","0","0","0","0","0","0","0","+2.45","-7.34","-1.76","779","","","","","","","","","",""
"18:11:20.730","ANA","3","+0.5","-0.0","+33.0","+0.0","+40.7227","+29.9383","-11.1","-6.5","-28.3","102142","102280","102211","0","0","0","0","0","0","0","0","0","0","+2.08","-3.26","-1.58","783","","","","","","","","","",""
"18:11:23.776","ANA","3","+0.2","-0.0","+33.1","+0.0","+40.7227","+29.9383","-13.9","-39.6","+4.5","102144","102285","102214","0","0","0","0","0","0","0","0","0","0","-1.58","-7.67","-1.17","786","","","","","","","","","",""
"18:11:38.911","ANA","3","-0.7","+0.1","+33.8","+0.0","+40.7227","+29.9383","-11.7","-31.8","+3.2","102161","102289","102225","0","0","0","0","0","0","0","0","0","0","-1.40","-8.72","-2.07","801","","","","","","","","","",""
"18:11:39.926","ANA","3","-0.7","+0.0","+33.8","+0.0","+40.7227","+29.9383","+6.2","-39.8","-34.4","102162","102289","102226","0","0","0","0","0","0","0","0","0","0","+2.82","-9.28","+0.46","802","","","","","","","","","",""
"18:11:42.972","ANA","3","-0.6","-0.0","+33.8","+0.0","+40.7227","+29.9383","-1.9","-32.6","-36.9","102160","102282","102221","0","0","0","0","0","0","0","0","0","0","+4.61","-7.34","-1.37","805","","","","","","","","","",""
"18:11:43.987","ANA","3","-0.4","+0.1","+33.8","+0.0","+40.7227","+29.9383","+3.5","-45.7","-37.9","102160","102281","102221","0","0","0","0","0","0","0","0","0","0","+4.61","-8.07","-0.90","806","","","","","","","","","",""
"18:11:52.137","ANA","3","-0.5","-0.0","+33.8","+0.0","+40.7222","+29.9380","-10.5","+10.8","-28.6","102160","102283","102222","0","0","0","0","0","0","0","0","0","0","+4.17","-10.65","-3.08","814","","","","","","","","","",""
"18:11:53.129","ANA","3","-0.5","+0.0","+33.9","+0.0","+40.7222","+29.9380","-29.9","+75.0","-27.8","102160","102284","102222","0","0","0","0","0","0","0","0","0","0","+4.84","-7.57","+0.30","815","","","","","","","","","",""
"18:11:55.120","ANA","3","-0.5","+0.0","+33.9","+0.0","+40.7222","+29.9380","-5.8","+25.5","-20.3","102156","102289","102222","0","0","0","0","0","0","0","0","0","0","+0.14","-13.02","-0.05","817","","","","","","","","","",""
"18:11:56.118","ANA","3","-0.5","-0.0","+33.8","+0.0","+40.7222","+29.9380","-10.7","+31.2","-16.0","102158","102290","102224","0","0","0","0","0","0","0","0","0","0","+3.69","-10.43","-1.71","818","","","","","","","","","",""
"18:11:57.110","ANA","3","-0.6","-0.0","+33.8","+0.0","+40.7222","+29.9379","-7.7","+27.1","-20.3","102159","102291","102225","0","0","0","0","0","0","0","0","0","0","+2.75","-11.06","-0.35","819","","","","","","","","","",""
"18:11:58.084","ANA","3","-0.7","-0.1","+33.8","+0.0","+40.7222","+29.9379","-6.3","+17.8","-18.6","102162","102290","102226","0","0","0","0","0","0","0","0","0","0","+2.58","-6.34","-0.58","820","","","","","","","","","",""
"18:11:59.098","ANA","3","-0.8","-0.1","+33.8","+0.0","+40.7221","+29.9379","-8.6","+7.9","-12.7","102161","102291","102226","0","0","0","0","0","0","0","0","0","0","+0.84","-6.17","-1.94","821","","","","","","","","","",""
"18:12:01.129","ANA","3","-0.7","+0.0","+33.8","+0.0","+40.7221","+29.9379","-4.5","+5.3","-19.9","102162","102287","102225","0","0","0","0","0","0","0","0","0","0","+2.94","-8.93","+0.58","823","","","","","","","","","",""
"18:12:02.146","ANA","3","-0.6","+0.1","+33.8","+0.0","+40.7221","+29.9379","-0.7","+1.6","-12.3","102160","102287","102223","0","0","0","0","0","0","0","0","0","0","+1.14","-11.97","-0.17","824","","","","","","","","","",""
"18:12:03.162","ANA","3","-0.5","+0.1","+33.9","+0.0","+40.7221","+29.9379","-9.3","+5.0","-13.7","102161","102287","102224","0","0","0","0","0","0","0","0","0","0","+0.86","-12.48","-3.00","825","","","","","","","","","",""
"18:12:04.177","ANA","3","-0.6","-0.0","+34.0","+0.0","+40.7221","+29.9379","-12.2","+2.3","-8.8","102162","102287","102225","0","0","0","0","0","0","0","0","0","0","+3.07","-10.05","-3.18","826","","","","","","","","","",""
"18:12:05.190","ANA","3","-0.7","-0.1","+34.0","+0.0","+40.7221","+29.9379","-9.0","+7.3","-7.9","102163","102287","102225","0","0","0","0","0","0","0","0","0","0","+1.04","-11.64","-3.08","827","","","","","","","","","",""
"18:12:06.230","ANA","3","-0.7","+0.0","+34.1","+0.0","+40.7221","+29.9379","-14.9","+12.2","-2.3","102162","102285","102224","0","0","0","0","0","0","0","0","0","0","+0.19","-10.39","-1.73","828","","","","","","","","","",""
"18:12:07.200","ANA","3","-0.7","+0.0","+34.2","+0.0","+40.7220","+29.9378","-5.8","-0.3","-3.3","102163","102288","102225","0","0","0","0","0","0","0","0","0","0","+0.63","-7.55","-0.84","829","","","","","","","","","",""
"18:12:11.224","ANA","3","-0.9","+0.0","+34.3","+0.0","+40.7220","+29.9378","-13.7","+3.8","-6.2","102163","102290","102227","0","0","0","0","0","0","0","0","0","0","+0.51","-9.56","-2.71","833","","","","","","","","","",""
"18:12:17.321","ANA","3","-0.8","-0.0","+34.6","+0.0","+40.7220","+29.9377","-13.0","-8.8","-10.4","102160","102295","102227","0","0","0","0","0","0","0","0","0","0","+1.48","-11.39","-3.58","839","","","","","","","","","",""
"18:12:18.290","ANA","3","-0.7","+0.0","+34.7","+0.0","+40.7220","+29.9377","-6.4","-9.5","-4.2","102159","102292","102226","0","0","0","0","0","0","0","0","0","0","+0.01","-8.79","-1.36","840","","","","","","","","","",""
"18:12:19.305","ANA","3","-0.7","+0.0","+34.8","+0.0","+40.7220","+29.9377","-4.5","+1.0","-6.2","102163","102290","102226","0","0","0","0","0","0","0","0","0","0","+0.31","-5.82","-1.20","841","","","","","","","","","",""
"18:12:20.322","ANA","3","-0.9","-0.1","+34.9","+0.0","+40.7220","+29.9377","-10.7","+7.7","-5.3","102166","102290","102228","0","0","0","0","0","0","0","0","0","0","-0.13","-9.23","-1.34","842","","","","","","","","","",""
"18:12:21.364","ANA","3","-1.0","-0.1","+34.9","+0.0","+40.7219","+29.9377","-10.7","+10.7","-6.2","102167","102290","102228","0","0","0","0","0","0","0","0","0","0","-0.72","-11.21","-0.73","843","","","","","","","","","",""
"18:12:22.334","ANA","3","-1.0","-0.0","+34.9","+0.0","+40.7219","+29.9377","-3.9","+9.7","-8.4","102166","102288","102227","0","0","0","0","0","0","0","0","0","0","+1.82","-13.68","+1.35","844","","","","","","","","","",""
"18:12:23.349","ANA","3","-0.9","+0.0","+34.9","+0.0","+40.7219","+29.9377","-8.0","+8.6","-4.0","102164","102287","102225","0","0","0","0","0","0","0","0","0","0","-0.09","-11.59","-0.11","845","","","","","","","","","",""
"18:12:24.363","ANA","3","-0.6","+0.2","+34.9","+0.0","+40.7219","+29.9377","-5.8","+2.3","-7.6","102161","102287","102224","0","0","0","0","0","0","0","0","0","0","+1.23","-9.32","-0.19","846","","","","","","","","","",""
"18:12:25.380","ANA","3","-0.6","+0.1","+34.9","+0.0","+40.7219","+29.9377","-9.4","-0.9","-5.8","102160","102288","102224","0","0","0","0","0","0","0","0","0","0","+0.50","-8.34","-1.07","847","","","","","","","","","",""
"18:12:26.396","ANA","3","-0.6","+0.0","+34.9","+0.0","+40.7219","+29.9377","-11.7","-1.3","-2.7","102162","102289","102226","0","0","0","0","0","0","0","0","0","0","+0.69","-8.63","-0.90","848","","","","","","","","","",""
"18:12:27.412","ANA","3","-0.9","-0.1","+34.9","+0.0","+40.7219","+29.9377","-11.8","-4.6","-6.1","102165","102292","102228","0","0","0","0","0","0","0","0","0","0","+0.37","-7.69","-1.66","849","","","","","","","","","",""
"18:12:28.426","ANA","3","-1.0","-0.2","+34.9","+0.0","+40.7219","+29.9377","-13.6","+0.3","-5.5","102164","102294","102229","0","0","0","0","0","0","0","0","0","0","-0.52","-7.88","-2.61","850","","","","","","","","","",""
"18:12:29.440","ANA","3","-1.1","-0.1","+34.9","+0.0","+40.7219","+29.9376","-7.5","-4.3","-7.4","102165","102294","102230","0","0","0","0","0","0","0","0","0","0","+0.68","-9.97","-0.08","851","","","","","","","","","",""
"18:12:30.461","ANA","3","-1.1","-0.0","+34.9","+0.0","+40.7219","+29.9376","-13.6","-1.5","-7.1","102166","102294","102230","0","0","0","0","0","0","0","0","0","0","+0.37","-11.93","-3.65","852","","","","","","","","","",""
"18:12:32.491","ANA","3","-1.1","-0.0","+35.0","+0.0","+40.7218","+29.9376","-10.6","-9.6","-7.3","102167","102296","102232","0","0","0","0","0","0","0","0","0","0","+0.68","-12.26","-2.79","854","","","","","","","","","",""
"18:12:33.507","ANA","3","-1.2","-0.0","+35.0","+0.0","+40.7218","+29.9376","-12.8","-13.7","-6.3","102168","102296","102232","0","0","0","0","0","0","0","0","0","0","+0.81","-9.06","-1.65","855","","","","","","","","","",""
"18:12:36.551","ANA","3","-1.1","+0.0","+34.9","+0.0","+40.7218","+29.9376","-19.3","+6.0","+0.9","102163","102302","102232","0","0","0","0","0","0","0","0","0","0","+0.48","-7.28","-2.00","858","","","","","","","","","",""
"18:12:37.566","ANA","3","-1.0","+0.1","+34.9","+0.0","+40.7218","+29.9376","-14.4","-0.7","-8.2","102162","102300","102231","0","0","0","0","0","0","0","0","0","0","+0.06","-7.21","-1.48","859","","","","","","","","","",""
"18:12:39.599","ANA","3","-1.1","-0.0","+34.9","+0.0","+40.7218","+29.9376","-12.1","-6.8","-6.6","102164","102297","102231","0","0","0","0","0","0","0","0","0","0","-0.44","-10.61","-2.53","861","","","","","","","","","",""
"18:12:40.639","ANA","3","-1.1","-0.0","+34.9","+0.0","+40.7218","+29.9376","-10.5","-12.9","-6.0","102166","102299","102232","0","0","0","0","0","0","0","0","0","0","-1.01","-13.43","-3.96","862","","","","","","","","","",""
"18:12:41.611","ANA","3","-1.2","-0.0","+34.9","+0.0","+40.7218","+29.9376","-8.1","-14.5","-1.6","102166","102297","102232","0","0","0","0","0","0","0","0","0","0","-0.61","-12.31","-1.67","863","","","","","","","","","",""
"18:12:42.626","ANA","3","-1.2","-0.0","+34.9","+0.0","+40.7218","+29.9376","-14.0","-11.4","-2.0","102166","102299","102232","0","0","0","0","0","0","0","0","0","0","+0.28","-6.65","-1.90","864","","","","","","","","","",""
"18:12:43.642","ANA","3","-1.2","+0.0","+34.9","+0.0","+40.7218","+29.9376","-16.3","-32.4","+1.1","102166","102295","102230","0","0","0","0","0","0","0","0","0","0","-2.04","-9.14","-2.45","865","","","","","","","","","",""
"18:12:44.679","ANA","3","-1.1","+0.0","+35.0","+0.0","+40.7218","+29.9376","-10.9","-70.5","-5.2","102168","102294","102231","0","0","0","0","0","0","0","0","0","0","-0.46","-10.82","-1.00","866","","","","","","","","","",""
"18:12:45.677","ANA","3","-1.1","+0.0","+35.0","+0.0","+40.7218","+29.9376","-5.0","-126.7","-15.6","102164","102294","102229","0","0","0","0","0","0","0","0","0","0","+0.08","-10.17","-2.25","867","","","","","","","","","",""
"18:12:46.671","ANA","3","-1.2","-0.0","+35.2","+0.0","+40.7218","+29.9376","+0.6","-174.1","-15.6","102152","102331","102242","0","0","0","0","0","0","0","0","0","0","+0.87","-8.63","-1.94","868","","","","","","","","","",""
"18:12:47.642","ANA","3","-0.1","+0.8","+35.4","+0.0","+40.7218","+29.9376","-3.3","+152.8","+8.4","102115","102321","102218","0","0","0","0","0","0","0","0","0","0","-0.19","-9.35","-1.64","869","","","","","","","","","",""
"18:12:48.683","ANA","3","+1.8","+1.9","+35.7","+0.0","+40.7218","+29.9376","+0.2","+153.0","+15.2","102096","102314","102205","0","0","0","0","0","0","0","0","0","0","+0.02","-10.17","-1.50","870","","","","","","","","","",""
"18:12:49.676","ANA","3","+2.6","+1.3","+35.8","+0.0","+40.7218","+29.9376","-1.3","+152.3","+19.1","102095","102311","102203","0","0","0","0","0","0","0","0","0","0","-0.09","-8.79","-2.26","871","","","","","","","","","",""
"18:12:50.672","ANA","3","+3.0","+0.6","+36.0","+0.0","+40.7218","+29.9376","-5.7","+145.6","+22.3","102079","102311","102195","0","0","0","0","0","0","0","0","0","0","+0.38","-9.52","-3.54","872","","","","","","","","","",""
"18:12:51.666","ANA","3","+3.6","+0.5","+36.1","+0.0","+40.7218","+29.9376","-0.8","+141.5","+12.6","102069","102309","102189","0","0","0","0","0","0","0","0","0","0","+0.27","-9.69","-1.55","873","","","","","","","","","",""
"18:12:52.640","ANA","3","+2.3","-0.9","+36.2","+0.0","+40.7218","+29.9376","+6.5","+139.5","+3.4","102126","102299","102212","0","0","0","0","0","0","0","0","0","0","-0.35","-9.89","+0.14","874","","","","","","","","","",""
"18:12:53.680","ANA","3","-0.2","-2.6","+36.1","+0.0","+40.7218","+29.9376","+12.9","+114.6","-26.6","102157","102294","102225","0","0","0","0","0","0","0","0","0","0","+1.23","-8.94","+4.30","875","","","","","","","","","",""
"18:12:54.651","ANA","3","-0.1","-0.9","+36.0","+0.0","+40.7218","+29.9376","-4.7","+88.8","-22.1","102120","102293","102206","0","0","0","0","0","0","0","0","0","0","+3.59","-9.23","+1.38","876","","","","","","","","","",""
"18:12:55.667","ANA","3","+1.2","+0.7","+36.0","+0.0","+40.7218","+29.9376","-3.1","+78.0","-22.4","102126","102293","102209","0","0","0","0","0","0","0","0","0","0","+3.78","-9.52","+0.92","877","","","","","","","","","",""
"18:12:56.683","ANA","3","+0.6","+0.0","+35.8","+0.0","+40.7218","+29.9376","+7.2","+68.6","-15.5","102147","102290","102219","0","0","0","0","0","0","0","0","0","0","+1.47","-9.53","+0.52","878","","","","","","","","","",""
"18:12:57.721","ANA","3","-0.2","-0.6","+35.7","+0.0","+40.7218","+29.9376","+10.2","+57.4","-17.3","102155","102289","102222","0","0","0","0","0","0","0","0","0","0","+2.08","-9.96","+1.52","879","","","","","","","","","",""
"18:12:58.716","ANA","3","-0.5","-0.4","+35.5","+0.0","+40.7218","+29.9376","+11.8","+55.4","-19.9","102156","102288","102222","0","0","0","0","0","0","0","0","0","0","+2.29","-9.06","+2.46","880","","","","","","","","","",""
"18:12:59.690","ANA","3","-0.4","-0.0","+35.5","+0.0","+40.7218","+29.9376","+4.1","+61.5","-22.7","102154","102288","102221","0","0","0","0","0","0","0","0","0","0","+3.22","-8.90","+1.36","881","","","","","","","","","",""
"18:13:00.706","ANA","3","-0.2","+0.2","+35.4","+0.0","+40.7218","+29.9376","+7.8","+62.8","-34.6","102153","102286","102220","0","0","0","0","0","0","0","0","0","0","+3.67","-8.32","+2.75","882","","","","","","","","","",""
"18:13:01.744","ANA","3","-0.2","+0.1","+35.3","+0.0","+40.7218","+29.9376","+19.8","+74.9","-40.3","102156","102287","102222","0","0","0","0","0","0","0","0","0","0","+2.94","-7.07","+6.11","883","","","","","","","","","",""
"18:13:02.739","ANA","3","-0.3","+0.0","+35.3","+0.0","+40.7218","+29.9376","+42.7","+56.0","-43.1","102153","102287","102220","0","0","0","0","0","0","0","0","0","0","+2.13","-5.82","+7.90","884","","","","","","","","","",""
"18:13:03.713","ANA","3","-0.2","+0.0","+35.3","+0.0","+40.7218","+29.9376","+60.1","+20.0","-5.5","102154","102288","102221","0","0","0","0","0","0","0","0","0","0","-1.02","-5.94","+7.75","885","","","","","","","","","",""
"18:13:04.727","ANA","3","-0.2","+0.0","+35.3","+0.0","+40.7218","+29.9376","+57.9","+33.7","-8.8","102152","102287","102220","0","0","0","0","0","0","0","0","0","0","-1.38","-6.23","+7.38","886","","","","","","","","","",""
"18:13:05.767","ANA","3","-0.0","+0.1","+35.3","+0.0","+40.7218","+29.9376","+55.6","+41.4","-12.4","102148","102289","102219","0","0","0","0","0","0","0","0","0","0","-1.26","-6.65","+7.25","887","","","","","","","","","",""
"18:13:06.762","ANA","3","+0.1","+0.2","+35.3","+0.0","+40.7218","+29.9376","+56.7","+44.0","-13.9","102144","102291","102218","0","0","0","0","0","0","0","0","0","0","-1.26","-6.00","+7.65","888","","","","","","","","","",""
"18:13:07.759","ANA","3","+1.4","+1.1","+35.3","+0.0","+40.7218","+29.9376","+57.2","+46.5","-16.8","102095","102292","102193","0","0","0","0","0","0","0","0","0","0","-1.09","-6.40","+7.36","889","","","","","","","","","",""
"18:13:08.754","ANA","3","+3.1","+1.7","+35.2","+0.0","+40.7218","+29.9376","+55.7","+50.8","-26.8","102087","102294","102191","0","0","0","0","0","0","0","0","0","0","+0.19","-5.86","+7.92","890","","","","","","","","","",""
"18:13:09.752","ANA","3","+10.1","+6.2","+35.2","+0.0","+40.7218","+29.9376","+55.0","+56.7","-26.1","101864","102294","102079","0","0","0","0","0","0","0","0","0","0","-0.17","-6.59","+7.61","891","","","","","","","","","",""
"18:13:10.747","ANA","3","+18.7","+9.1","+35.2","+0.0","+40.7218","+29.9376","+65.3","+53.6","-30.7","101782","102295","102039","0","0","0","0","0","0","0","0","0","0","-0.17","-4.26","+8.94","892","","","","","","","","","",""
"18:13:11.744","ANA","3","+18.5","+3.2","+35.3","+0.0","+40.7218","+29.9376","+69.5","+37.0","-26.8","101926","102293","102110","0","0","0","0","0","0","0","0","0","0","+0.77","-3.78","+9.57","893","","","","","","","","","",""
"18:13:12.739","ANA","3","+10.4","-6.0","+35.3","+0.0","+40.7218","+29.9376","+69.1","+37.8","-24.8","101980","102294","102137","0","0","0","0","0","0","0","0","0","0","-0.11","-4.11","+8.81","894","","","","","","","","","",""
"18:13:13.733","ANA","3","+4.5","-8.0","+35.3","+0.0","+40.7218","+29.9376","+69.5","+30.6","-19.0","102080","102298","102189","0","0","0","0","0","0","0","0","0","0","-0.48","-4.17","+8.64","895","","","","","","","","","",""
"18:13:15.725","ANA","3","-0.5","-3.1","+35.3","+0.0","+40.7218","+29.9376","+56.8","+66.9","-46.4","102136","102301","102219","0","0","0","0","0","0","0","0","0","0","+0.39","-3.56","+9.27","897","","","","","","","","","",""
"18:13:16.721","ANA","3","-0.9","-0.8","+35.2","+0.0","+40.7218","+29.9376","+51.5","+87.6","-59.5","102162","102303","102233","0","0","0","0","0","0","0","0","0","0","+0.30","-3.55","+9.38","898","","","","","","","","","",""
"18:13:17.717","ANA","3","-1.2","+0.1","+35.2","+0.0","+40.7218","+29.9376","+49.6","+84.1","-61.0","102159","102308","102233","0","0","0","0","0","0","0","0","0","0","+1.27","-3.68","+8.93","899","","","","","","","","","",""
"18:13:18.713","ANA","3","-1.2","+0.6","+35.1","+0.0","+40.7218","+29.9376","+52.9","+87.3","-56.7","102170","102303","102236","0","0","0","0","0","0","0","0","0","0","+0.52","-3.91","+8.94","900","","","","","","","","","",""
"18:13:19.708","ANA","3","-1.5","+0.3","+35.1","+0.0","+40.7218","+29.9376","+55.9","+85.3","-55.1","102177","102297","102237","0","0","0","0","0","0","0","0","0","0","+0.04","-3.50","+8.98","901","","","","","","","","","",""
"18:13:20.704","ANA","3","-1.5","+0.3","+35.0","+0.0","+40.7218","+29.9376","+59.9","+79.0","-52.7","102173","102295","102234","0","0","0","0","0","0","0","0","0","0","+0.21","-3.27","+9.22","902","","","","","","","","","",""
"18:13:21.700","ANA","3","-1.3","+0.4","+35.0","+0.0","+40.7218","+29.9376","+60.1","+80.8","-52.7","102171","102293","102232","0","0","0","0","0","0","0","0","0","0","-0.20","-3.59","+9.31","903","","","","","","","","","",""
"18:13:22.696","ANA","3","-1.3","+0.2","+34.9","+0.0","+40.7218","+29.9376","+57.1","+84.5","-53.6","102172","102292","102232","0","0","0","0","0","0","0","0","0","0","-0.24","-3.65","+8.88","904","","","","","","","","","",""
"18:13:23.693","ANA","3","-0.9","+0.4","+34.8","+0.0","+40.7218","+29.9376","+54.4","+80.5","-50.2","102154","102296","102225","0","0","0","0","0","0","0","0","0","0","-0.26","-4.26","+8.64","905","","","","","","","","","",""
"18:13:24.689","ANA","3","-0.5","+0.4","+34.8","+0.0","+40.7218","+29.9376","+52.6","+83.0","-53.3","102162","102293","102227","0","0","0","0","0","0","0","0","0","0","+0.64","-4.15","+8.82","906","","","","","","","","","",""
"18:13:25.684","ANA","3","-1.0","-0.2","+34.7","+0.0","+40.7218","+29.9376","+46.4","+90.2","-54.0","102169","102294","102231","0","0","0","0","0","0","0","0","0","0","+0.52","-4.65","+8.52","907","","","","","","","","","",""
"18:13:26.681","ANA","3","-1.2","-0.3","+34.5","+0.0","+40.7218","+29.9376","+48.5","+90.3","-53.8","102170","102293","102232","0","0","0","0","0","0","0","0","0","0","+0.58","-4.65","+8.64","908","","","","","","","","","",""
"18:13:27.677","ANA","3","-0.6","+0.3","+34.3","+0.0","+40.7218","+29.9376","+48.2","+86.0","-53.3","102146","102290","102218","0","0","0","0","0","0","0","0","0","0","+0.54","-4.30","+8.47","909","","","","","","","","","",""
"18:13:28.674","ANA","3","-0.1","+0.5","+34.1","+0.0","+40.7218","+29.9376","+47.9","+87.2","-52.1","102157","102290","102223","0","0","0","0","0","0","0","0","0","0","+0.82","-4.65","+8.60","910","","","","","","","","","",""
"18:13:29.671","ANA","3","-0.7","-0.2","+33.9","+0.0","+40.7218","+29.9376","+49.2","+86.8","-50.9","102165","102292","102228","0","0","0","0","0","0","0","0","0","0","+0.12","-4.61","+8.31","911","","","","","","","","","",""
"18:13:30.666","ANA","3","-1.0","-0.4","+33.8","+0.0","+40.7218","+29.9376","+44.6","+92.9","-57.3","102167","102289","102228","0","0","0","0","0","0","0","0","0","0","+1.79","-3.90","+9.14","912","","","","","","","","","",""
"18:13:31.664","ANA","3","-1.2","-0.3","+33.7","+0.0","+40.7218","+29.9376","+36.4","+102.7","-61.1","102169","102290","102229","0","0","0","0","0","0","0","0","0","0","+2.00","-4.30","+8.77","913","","","","","","","","","",""
"18:13:32.659","ANA","3","-1.1","-0.0","+33.7","+0.0","+40.7218","+29.9376","+41.5","+96.4","-58.2","102167","102290","102229","0","0","0","0","0","0","0","0","0","0","+0.95","-4.63","+8.63","914","","","","","","","","","",""
"18:13:33.654","ANA","3","-1.1","+0.0","+33.6","+0.0","+40.7218","+29.9376","+42.5","+98.3","-55.2","102167","102289","102228","0","0","0","0","0","0","0","0","0","0","+0.32","-4.71","+8.67","915","","","","","","","","","",""
"18:13:34.654","ANA","3","-0.9","+0.1","+33.6","+0.0","+40.7218","+29.9376","+40.1","+104.0","-57.5","102166","102288","102227","0","0","0","0","0","0","0","0","0","0","+0.38","-4.84","+8.64","916","","","","","","","","","",""
"18:13:35.650","ANA","3","-1.1","-0.0","+33.5","+0.0","+40.7218","+29.9376","+23.8","+131.3","-64.3","102170","102291","102230","0","0","0","0","0","0","0","0","0","0","+1.95","-7.61","+8.44","917","","","","","","","","","",""
"18:13:36.645","ANA","3","-0.8","+0.1","+33.6","+0.0","+40.7218","+29.9376","+29.6","+150.1","-49.3","102161","102283","102222","0","0","0","0","0","0","0","0","0","0","+0.72","-7.28","+6.57","918","","","","","","","","","",""
"18:13:38.639","ANA","3","-0.7","+0.0","+33.8","+0.0","+40.7218","+29.9376","+24.7","+149.7","-55.2","102162","102291","102226","0","0","0","0","0","0","0","0","0","0","-2.10","-6.00","+6.63","920","","","","","","","","","",""
"18:13:39.634","ANA","3","-1.0","-0.3","+33.9","+0.0","+40.7218","+29.9376","+30.3","+145.2","-63.4","102164","102305","102235","0","0","0","0","0","0","0","0","0","0","+2.06","-6.00","+8.63","921","","","","","","","","","",""
"18:13:41.625","ANA","3","-0.2","+0.7","+33.6","+0.0","+40.7218","+29.9376","+61.0","+48.8","-32.3","102127","102300","102214","0","0","0","0","0","0","0","0","0","0","+0.96","-5.11","+8.64","923","","","","","","","","","",""
"18:13:42.622","ANA","3","+1.3","+1.6","+33.4","+0.0","+40.7218","+29.9376","+69.0","+30.7","-22.1","102125","102296","102211","0","0","0","0","0","0","0","0","0","0","-0.09","-4.19","+8.39","924","","","","","","","","","",""
"18:13:43.618","ANA","3","+1.6","+0.9","+33.2","+0.0","+40.7218","+29.9376","+67.0","+33.7","-23.1","102117","102295","102206","0","0","0","0","0","0","0","0","0","0","+0.37","-4.69","+8.50","925","","","","","","","","","",""
"18:13:44.615","ANA","3","+1.0","-0.2","+33.1","+0.0","+40.7218","+29.9376","+67.1","+28.3","-18.4","102139","102295","102217","0","0","0","0","0","0","0","0","0","0","-0.24","-4.48","+8.84","926","","","","","","","","","",""
"18:13:45.610","ANA","3","+0.5","-0.6","+33.0","+0.0","+40.7218","+29.9376","+66.7","+34.3","-20.6","102127","102296","102211","0","0","0","0","0","0","0","0","0","0","+0.11","-4.75","+9.18","927","","","","","","","","","",""
"18:13:46.608","ANA","3","+0.8","-0.1","+32.9","+0.0","+40.7218","+29.9376","+64.0","+35.5","-23.0","102129","102294","102212","0","0","0","0","0","0","0","0","0","0","+0.56","-5.28","+8.39","928","","","","","","","","","",""
"18:13:47.603","ANA","3","+0.6","-0.2","+32.8","+0.0","+40.7218","+29.9376","+67.0","+30.7","-20.8","102136","102294","102215","0","0","0","0","0","0","0","0","0","0","+0.02","-4.21","+9.02","929","","","","","","","","","",""
"18:13:49.597","ANA","3","-0.2","-0.4","+32.6","+0.0","+40.7217","+29.9375","+66.9","+28.8","-20.1","102150","102294","102222","0","0","0","0","0","0","0","0","0","0","+0.20","-4.42","+8.86","931","","","","","","","","","",""
"18:13:50.594","ANA","3","-0.4","-0.3","+32.6","+0.0","+40.7217","+29.9375","+66.1","+29.5","-19.5","102153","102293","102223","0","0","0","0","0","0","0","0","0","0","+0.23","-4.79","+8.68","932","","","","","","","","","",""
"18:13:51.589","ANA","3","-0.4","-0.0","+32.5","+0.0","+40.7217","+29.9375","+66.2","+30.2","-19.9","102152","102294","102223","0","0","0","0","0","0","0","0","0","0","-0.16","-4.03","+8.44","933","","","","","","","","","",""
"18:13:52.586","ANA","3","-0.3","+0.1","+32.5","+0.0","+40.7217","+29.9375","+65.1","+32.0","-18.6","102148","102297","102223","0","0","0","0","0","0","0","0","0","0","-0.37","-5.01","+8.63","934","","","","","","","","","",""
"18:13:53.585","ANA","3","+0.1","+0.4","+32.5","+0.0","+40.7217","+29.9375","+65.8","+32.8","-17.7","102137","102295","102216","0","0","0","0","0","0","0","0","0","0","-0.65","-4.57","+8.81","935","","","","","","","","","",""
"18:13:54.580","ANA","3","+0.7","+0.7","+32.5","+0.0","+40.7217","+29.9375","+65.3","+33.5","-18.8","102132","102293","102213","0","0","0","0","0","0","0","0","0","0","-0.65","-4.67","+8.69","936","","","","","","","","","",""
"18:13:55.577","ANA","3","+1.1","+0.5","+32.5","+0.0","+40.7217","+29.9375","+66.1","+33.1","-18.8","102124","102292","102208","0","0","0","0","0","0","0","0","0","0","-0.48","-4.75","+8.53","937","","","","","","","","","",""
"18:13:56.574","ANA","3","+1.1","+0.2","+32.5","+0.0","+40.7217","+29.9375","+65.6","+33.3","-19.6","102129","102294","102211","0","0","0","0","0","0","0","0","0","0","-0.33","-4.82","+8.47","938","","","","","","","","","",""
"18:13:57.571","ANA","3","+1.2","+0.1","+32.5","+0.0","+40.7217","+29.9375","+67.1","+32.5","-18.9","102117","102293","102205","0","0","0","0","0","0","0","0","0","0","-0.17","-4.59","+8.75","939","","","","","","","","","",""
"18:13:58.567","ANA","3","+1.2","-0.0","+32.6","+0.0","+40.7217","+29.9375","+66.5","+31.9","-18.3","102129","102295","102212","0","0","0","0","0","0","0","0","0","0","-0.29","-4.75","+8.56","940","","","","","","","","","",""
"18:13:59.564","ANA","3","+0.4","-0.7","+32.6","+0.0","+40.7217","+29.9375","+54.6","+38.7","-29.7","102142","102295","102219","0","0","0","0","0","0","0","0","0","0","+3.04","-4.23","+9.60","941","","","","","","","","","",""
"18:14:00.562","ANA","3","-0.5","-1.1","+32.6","+0.0","+40.7217","+29.9375","+27.2","+116.8","-55.3","102162","102294","102228","0","0","0","0","0","0","0","0","0","0","+1.35","-6.23","+6.61","942","","","","","","","","","",""
"18:14:01.559","ANA","3","-1.5","-1.2","+32.7","+0.0","+40.7217","+29.9375","+13.9","+147.5","-71.8","102165","102318","102241","0","0","0","0","0","0","0","0","0","0","-0.60","-5.86","+9.40","943","","","","","","","","","",""
"18:14:04.551","ANA","3","-1.2","+0.5","+33.1","+0.0","+40.7217","+29.9375","+33.3","+121.9","-67.0","102162","102307","102234","0","0","0","0","0","0","0","0","0","0","+0.00","-2.73","+11.69","946","","","","","","","","","",""
"18:14:06.552","ANA","3","-0.6","+0.5","+33.2","+0.0","+40.7217","+29.9375","+56.4","+108.0","-13.0","102142","102305","102224","0","0","0","0","0","0","0","0","0","0","-5.36","-3.97","+5.30","948","","","","","","","","","",""
"18:14:07.549","ANA","3","+0.7","+1.2","+33.2","+0.0","+40.7217","+29.9375","+51.5","+101.1","-17.9","102125","102300","102212","0","0","0","0","0","0","0","0","0","0","-2.73","-5.86","+7.19","949","","","","","","","","","",""
"18:14:08.545","ANA","3","+1.0","+0.7","+33.2","+0.0","+40.7217","+29.9375","+45.9","+110.3","-17.8","102125","102301","102213","0","0","0","0","0","0","0","0","0","0","-2.55","-4.57","+5.38","950","","","","","","","","","",""
"18:14:09.541","ANA","3","+1.1","+0.2","+33.3","+0.0","+40.7216","+29.9375","+51.7","+103.3","-17.2","102120","102304","102212","0","0","0","0","0","0","0","0","0","0","-4.50","-5.48","+5.38","951","","","","","","","","","",""
"18:14:10.538","ANA","3","+0.8","-0.2","+33.2","+0.0","+40.7216","+29.9375","+41.7","+111.6","-31.3","102133","102306","102219","0","0","0","0","0","0","0","0","0","0","-2.27","-8.92","+7.46","952","","","","","","","","","",""
"18:14:11.534","ANA","3","+0.5","-0.4","+33.1","+0.0","+40.7216","+29.9375","+44.7","+105.9","-21.0","102121","102306","102213","0","0","0","0","0","0","0","0","0","0","-1.44","-7.98","+4.61","953","","","","","","","","","",""
"18:14:13.528","ANA","3","+1.1","-0.0","+33.1","+0.0","+40.7216","+29.9375","+50.0","+103.5","-20.0","102139","102299","102219","0","0","0","0","0","0","0","0","0","0","-2.11","-6.79","+5.21","955","","","","","","","","","",""
"18:14:14.524","ANA","3","+0.2","-0.7","+33.1","+0.0","+40.7216","+29.9374","+46.8","+128.8","-23.5","102137","102301","102219","0","0","0","0","0","0","0","0","0","0","-0.52","-7.13","+5.78","956","","","","","","","","","",""
"18:14:15.520","ANA","3","-1.8","-1.9","+33.2","+0.0","+40.7216","+29.9374","-18.1","-160.3","+38.7","102155","102405","102280","0","0","0","0","0","0","0","0","0","0","-2.74","-6.32","+5.15","957","","","","","","","","","",""
"18:14:16.517","ANA","3","-3.1","-1.7","+33.1","+0.0","+40.7216","+29.9374","-18.5","-168.4","+46.5","102159","102342","102250","0","0","0","0","0","0","0","0","0","0","-2.45","-9.22","+5.00","958","","","","","","","","","",""
"18:14:17.514","ANA","3","-1.9","+0.2","+33.1","+0.0","+40.7216","+29.9374","+15.8","+165.7","-47.2","102163","102311","102237","0","0","0","0","0","0","0","0","0","0","+0.24","-5.05","+7.84","959","","","","","","","","","",""
"18:14:18.486","ANA","3","-1.4","+0.8","+32.9","+0.0","+40.7216","+29.9374","+34.9","-85.6","+4.5","102169","102303","102236","0","0","0","0","0","0","0","0","0","0","+2.32","-9.09","+4.90","960","","","","","","","","","",""
"18:14:19.503","ANA","3","-1.4","+0.4","+32.7","+0.0","+40.7216","+29.9374","+45.0","-39.7","-7.4","102175","102299","102237","0","0","0","0","0","0","0","0","0","0","+2.73","-7.59","+5.96","961","","","","","","","","","",""
"18:14:21.539","ANA","3","-1.9","-0.2","+32.5","+0.0","+40.7216","+29.9374","+37.1","+16.1","-72.0","102179","102304","102241","0","0","0","0","0","0","0","0","0","0","+6.73","-2.42","+6.21","963","","","","","","","","","",""
"18:14:22.537","ANA","3","-2.2","-0.3","+32.4","+0.0","+40.7216","+29.9374","+22.8","+45.5","-67.1","102180","102304","102242","0","0","0","0","0","0","0","0","0","0","+9.02","-5.09","+7.63","964","","","","","","","","","",""
"18:14:24.530","ANA","3","-2.1","+0.0","+32.3","+0.0","+40.7216","+29.9374","+42.1","+10.5","-41.6","102179","102303","102241","0","0","0","0","0","0","0","0","0","0","+4.98","-6.17","+4.30","966","","","","","","","","","",""
"18:14:25.527","ANA","3","-1.8","+0.2","+32.2","+0.0","+40.7216","+29.9374","+60.8","-32.5","-22.9","102177","102298","102237","0","0","0","0","0","0","0","0","0","0","+4.48","-4.86","+7.19","967","","","","","","","","","",""
"18:14:26.523","ANA","3","-1.9","+0.0","+32.1","+0.0","+40.7216","+29.9374","+54.6","-16.5","-26.3","102181","102300","102241","0","0","0","0","0","0","0","0","0","0","+4.40","-5.34","+6.78","968","","","","","","","","","",""
"18:14:27.520","ANA","3","-2.1","-0.0","+32.0","+0.0","+40.7216","+29.9374","+62.9","-21.6","-25.1","102181","102300","102240","0","0","0","0","0","0","0","0","0","0","+4.42","-4.46","+7.61","969","","","","","","","","","",""
"18:14:32.524","ANA","3","-2.3","-0.1","+31.8","+0.0","+40.7216","+29.9374","+71.7","-10.4","-32.6","102184","102305","102245","0","0","0","0","0","0","0","0","0","0","+4.69","-3.40","+8.11","974","","","","","","","","","",""
"18:14:34.535","ANA","3","-2.1","+0.1","+31.6","+0.0","+40.7216","+29.9374","+54.5","+30.6","-32.5","102179","102301","102240","0","0","0","0","0","0","0","0","0","0","+2.23","-2.90","+4.53","976","","","","","","","","","",""
"18:14:35.532","ANA","3","-1.8","+0.3","+31.6","+0.0","+40.7216","+29.9374","+62.2","+36.5","-32.9","102177","102296","102237","0","0","0","0","0","0","0","0","0","0","+2.56","-4.48","+9.68","977","","","","","","","","","",""
"18:14:36.529","ANA","3","-1.6","+0.2","+31.5","+0.0","+40.7216","+29.9374","+59.4","+32.8","-31.6","102176","102293","102235","0","0","0","0","0","0","0","0","0","0","+1.72","-4.61","+8.47","978","","","","","","","","","",""
"18:14:37.526","ANA","3","-1.5","+0.2","+31.5","+0.0","+40.7216","+29.9374","+59.9","+33.6","-32.3","102173","102292","102232","0","0","0","0","0","0","0","0","0","0","+1.69","-4.21","+8.79","979","","","","","","","","","",""
"18:14:38.522","ANA","3","-1.3","+0.1","+31.5","+0.0","+40.7216","+29.9374","+54.9","+35.7","-34.6","102173","102290","102231","0","0","0","0","0","0","0","0","0","0","+1.34","-4.25","+7.84","980","","","","","","","","","",""
"18:14:39.519","ANA","3","-1.3","+0.0","+31.5","+0.0","+40.7216","+29.9374","+54.1","+35.7","-35.6","102173","102291","102232","0","0","0","0","0","0","0","0","0","0","+2.47","-4.90","+8.15","981","","","","","","","","","",""
"18:14:40.517","ANA","3","-1.4","-0.0","+31.4","+0.0","+40.7216","+29.9374","+53.9","+27.0","-29.6","102173","102293","102233","0","0","0","0","0","0","0","0","0","0","+2.84","-5.34","+8.52","982","","","","","","","","","",""
"18:14:41.513","ANA","3","-1.6","-0.2","+31.4","+0.0","+40.7216","+29.9374","+64.3","+31.1","-35.2","102175","102294","102235","0","0","0","0","0","0","0","0","0","0","+2.00","-2.14","+9.72","983","","","","","","","","","",""
"18:14:42.510","ANA","3","-1.7","-0.1","+31.4","+0.0","+40.7216","+29.9374","+60.1","+37.8","-35.6","102175","102294","102235","0","0","0","0","0","0","0","0","0","0","+1.48","-3.52","+8.44","984","","","","","","","","","",""
"18:14:43.521","ANA","3","-1.6","-0.0","+31.3","+0.0","+40.7216","+29.9374","+53.3","+46.9","-32.1","102175","102292","102234","0","0","0","0","0","0","0","0","0","0","+0.96","-5.55","+8.17","985","","","","","","","","","",""
"18:14:44.503","ANA","3","-1.5","+0.0","+31.2","+0.0","+40.7216","+29.9374","+43.4","+55.8","-32.9","102175","102293","102234","0","0","0","0","0","0","0","0","0","0","+1.19","-6.17","+6.94","986","","","","","","","","","",""
"18:14:45.500","ANA","3","-1.6","-0.0","+31.2","+0.0","+40.7216","+29.9374","+54.7","+48.1","-35.7","102174","102295","102235","0","0","0","0","0","0","0","0","0","0","+1.15","-4.96","+8.56","987","","","","","","","","","",""
"18:14:46.497","ANA","3","-1.7","-0.0","+31.1","+0.0","+40.7216","+29.9374","+53.3","+48.3","-35.8","102176","102297","102237","0","0","0","0","0","0","0","0","0","0","+1.57","-5.30","+8.03","988","","","","","","","","","",""
"18:14:47.494","ANA","3","-1.8","-0.1","+31.1","+0.0","+40.7216","+29.9374","+54.1","+47.3","-34.3","102177","102297","102237","0","0","0","0","0","0","0","0","0","0","+1.41","-5.42","+8.68","989","","","","","","","","","",""
"18:14:48.490","ANA","3","-1.9","-0.1","+31.1","+0.0","+40.7216","+29.9374","+55.5","+46.1","-33.4","102179","102297","102238","0","0","0","0","0","0","0","0","0","0","+1.97","-5.05","+8.30","990","","","","","","","","","",""
"18:14:50.484","ANA","3","-1.8","+0.0","+31.0","+0.0","+40.7216","+29.9374","+55.2","+55.6","-36.3","102178","102296","102237","0","0","0","0","0","0","0","0","0","0","+0.15","-5.48","+8.02","992","","","","","","","","","",""
"18:14:51.480","ANA","3","-1.8","+0.0","+31.0","+0.0","+40.7216","+29.9374","+53.0","+53.5","-33.6","102177","102297","102237","0","0","0","0","0","0","0","0","0","0","+0.14","-5.51","+6.90","993","","","","","","","","","",""
"18:14:52.478","ANA","3","-1.7","+0.0","+30.9","+0.0","+40.7216","+29.9374","+55.3","+47.5","-32.4","102176","102297","102237","0","0","0","0","0","0","0","0","0","0","+1.48","-5.92","+6.98","994","","","","","","","","","",""
"18:14:57.461","ANA","3","-1.8","+0.0","+30.8","+0.0","+40.7216","+29.9374","+60.3","+41.9","-26.5","102177","102299","102238","0","0","0","0","0","0","0","0","0","0","+0.18","-4.94","+8.43","999","","","","","","","","","",""
"18:15:01.445","ANA","3","-1.8","-0.0","+30.7","+0.0","+40.7216","+29.9374","+62.9","-9.1","-7.3","102177","102300","102239","0","0","0","0","0","0","0","0","0","0","+1.78","-5.26","+7.88","1003","","","","","","","","","",""
"18:15:02.486","ANA","3","-1.9","-0.0","+30.7","+0.0","+40.7216","+29.9374","+64.6","-20.2","-1.4","102176","102301","102238","0","0","0","0","0","0","0","0","0","0","+1.26","-5.09","+8.31","1004","","","","","","","","","",""
"18:15:03.460","ANA","3","-1.8","+0.0","+30.7","+0.0","+40.7216","+29.9374","+64.8","-9.7","-1.0","102175","102298","102237","0","0","0","0","0","0","0","0","0","0","+0.21","-5.36","+8.52","1005","","","","","","","","","",""
"18:15:04.476","ANA","3","-1.7","+0.0","+30.8","+0.0","+40.7216","+29.9374","+61.4","-0.0","-1.6","102175","102298","102237","0","0","0","0","0","0","0","0","0","0","-0.68","-5.46","+7.71","1006","","","","","","","","","",""
"18:15:05.493","ANA","3","-1.7","+0.0","+30.8","+0.0","+40.7216","+29.9374","+59.6","+4.6","-7.3","102176","102298","102237","0","0","0","0","0","0","0","0","0","0","-0.04","-5.59","+8.14","1007","","","","","","","","","",""
"18:15:06.511","ANA","3","-1.8","-0.0","+30.8","+0.0","+40.7216","+29.9374","+59.1","+4.8","-7.5","102176","102299","102238","0","0","0","0","0","0","0","0","0","0","+0.26","-5.98","+7.67","1008","","","","","","","","","",""
"18:15:07.527","ANA","3","-1.8","-0.0","+30.8","+0.0","+40.7216","+29.9374","+58.3","+5.1","-8.1","102176","102299","102237","0","0","0","0","0","0","0","0","0","0","+0.10","-5.79","+7.90","1009","","","","","","","","","",""
"18:15:08.544","ANA","3","-1.8","-0.0","+30.7","+0.0","+40.7216","+29.9374","+61.0","+3.4","-4.0","102176","102300","102238","0","0","0","0","0","0","0","0","0","0","-0.36","-5.53","+8.02","1010","","","","","","","","","",""
"18:15:09.562","ANA","3","-1.7","+0.0","+30.7","+0.0","+40.7216","+29.9374","+61.3","+3.6","-5.0","102175","102300","102237","0","0","0","0","0","0","0","0","0","0","+0.19","-5.51","+8.21","1011","","","","","","","","","",""
"18:15:10.579","ANA","3","-1.8","-0.0","+30.7","+0.0","+40.7216","+29.9374","+60.8","+2.6","-4.4","102176","102300","102238","0","0","0","0","0","0","0","0","0","0","-0.11","-5.50","+8.05","1012","","","","","","","","","",""
"18:15:11.617","ANA","3","-1.9","-0.1","+30.7","+0.0","+40.7216","+29.9374","+59.5","+10.5","-9.1","102178","102303","102241","0","0","0","0","0","0","0","0","0","0","-0.65","-5.59","+7.67","1013","","","","","","","","","",""
"18:15:12.617","ANA","3","-2.1","-0.1","+30.6","+0.0","+40.7216","+29.9374","+53.9","+42.6","-28.2","102179","102303","102241","0","0","0","0","0","0","0","0","0","0","+1.76","-5.94","+7.90","1014","","","","","","","","","",""
"18:15:13.614","ANA","3","-2.1","-0.0","+30.6","+0.0","+40.7216","+29.9374","+55.6","+42.1","-21.4","102181","102301","102241","0","0","0","0","0","0","0","0","0","0","-0.80","-5.92","+7.59","1015","","","","","","","","","",""
"18:15:14.611","ANA","3","-2.1","-0.0","+30.6","+0.0","+40.7216","+29.9374","+31.6","+27.4","-13.8","102180","102302","102241","0","0","0","0","0","0","0","0","0","0","+0.49","-8.80","+4.19","1016","","","","","","","","","",""
"18:15:15.605","ANA","3","-2.1","-0.0","+30.6","+0.0","+40.7216","+29.9374","+31.7","-4.0","-24.1","102181","102301","102241","0","0","0","0","0","0","0","0","0","0","+3.41","-7.92","+4.19","1017","","","","","","","","","",""
"18:15:16.602","ANA","3","-2.0","+0.1","+30.6","+0.0","+40.7216","+29.9374","+5.4","+10.2","-11.6","102177","102301","102239","0","0","0","0","0","0","0","0","0","0","+1.39","-8.81","-0.28","1018","","","","","","","","","",""
"18:15:17.575","ANA","3","-1.8","+0.2","+30.7","+0.0","+40.7216","+29.9374","+13.8","+7.7","-7.5","102175","102299","102237","0","0","0","0","0","0","0","0","0","0","+0.42","-9.68","+1.36","1019","","","","","","","","","",""
"18:15:31.278","ANA","0","-74.7","+0.0","+30.5","+0.0","+0.0000","+0.0000","+0.3","-0.6","-0.9","102174","102297","102235","0","0","0","0","0","0","0","0","0","0","+7.00","-6.23","-1.23","1","","","","","","","","","",""
"18:15:32.275","ANA","0","-73.8","+0.0","+30.7","+0.0","+0.0000","+0.0000","+8.9","+0.5","+1.2","102174","102293","102234","0","0","0","0","0","0","0","0","0","0","+7.34","-6.19","-0.34","2","","","","","","","","","",""
"18:15:33.275","ANA","0","-73.8","+0.0","+30.7","+0.0","+0.0000","+0.0000","+12.4","-3.9","+3.8","102175","102293","102234","0","0","0","0","0","0","0","0","0","0","+7.34","-6.40","-0.67","3","","","","","","","","","",""
"18:15:34.277","ANA","0","+0.0","+0.0","+30.7","+0.0","+0.0000","+0.0000","+4.3","+5.6","+9.0","102176","102296","102236","0","0","0","0","0","0","0","0","0","0","+5.73","-6.88","-0.48","4","","","","","","","","","",""
"18:15:35.278","ANA","0","+0.0","+0.0","+30.7","+0.0","+0.0000","+0.0000","+7.5","+12.7","+13.5","102177","102298","102237","0","0","0","0","0","0","0","0","0","0","+5.26","-7.96","+2.08","5","","","","","","","","","",""
"18:15:36.284","ANA","0","+0.0","+0.0","+30.7","+0.0","+0.0000","+0.0000","+7.1","+23.1","+20.9","102177","102298","102238","0","0","0","0","0","0","0","0","0","0","+4.63","-7.90","+2.42","6","","","","","","","","","",""
"18:15:37.291","ANA","0","+0.0","+0.0","+30.7","+0.0","+0.0000","+0.0000","+0.8","+23.8","+23.0","102176","102298","102237","0","0","0","0","0","0","0","0","0","0","+5.28","-8.35","+1.39","7","","","","","","","","","",""
"18:15:38.299","ANA","0","+0.0","+0.0","+30.7","+0.0","+0.0000","+0.0000","+4.0","+22.9","+28.9","102177","102297","102237","0","0","0","0","0","0","0","0","0","0","+3.60","-8.97","+1.32","8","","","","","","","","","",""
"18:15:39.306","ANA","0","+0.0","+0.0","+30.6","+0.0","+0.0000","+0.0000","-0.7","+11.8","+29.3","102176","102297","102236","0","0","0","0","0","0","0","0","0","0","+3.85","-9.06","-0.35","9","","","","","","","","","",""
"18:15:40.335","ANA","0","+0.0","+0.0","+30.6","+0.0","+0.0000","+0.0000","+4.1","+1.7","+31.5","102173","102299","102236","0","0","0","0","0","0","0","0","0","0","+4.42","-10.11","-0.27","10","","","","","","","","","",""
"18:15:41.319","ANA","0","+0.1","+0.0","+30.5","+0.0","+0.0000","+0.0000","+8.6","-3.0","+31.8","102172","102299","102235","0","0","0","0","0","0","0","0","0","0","+3.85","-9.19","-0.81","11","","","","","","","","","",""
"18:15:43.359","ANA","0","+0.0","+0.0","+30.5","+0.0","+0.0000","+0.0000","+15.7","+10.5","+24.7","102172","102298","102235","0","0","0","0","0","0","0","0","0","0","+4.38","-8.61","+1.55","13","","","","","","","","","",""
"18:15:45.392","ANA","0","+0.0","+0.0","+30.4","+0.0","+0.0000","+0.0000","+10.4","+49.4","+36.3","102174","102299","102237","0","0","0","0","0","0","0","0","0","0","+0.89","-8.47","+4.98","15","","","","","","","","","",""
